Report Refresh Date,Site Id,Site URL,Owner Display Name,Is Deleted,Last Activity Date,Site Sensitivity Label Id,External Sharing,Unmanaged Device Policy,Geo Location,File Count,Active File Count,Page View Count,Visited Page Count,Anonymous Link Count,Company Link Count,Secure Link For Guest Count,Secure Link For Member Count,Storage Used (Byte),Storage Allocated (Byte),Root Web Template,Owner Principal Name,Report Period
2026-08-10,019adc9b-031d-4edc-b62f-512ed4671947,,mihal-display-name-24 Owners,False,,,True,None,APC,0,0,0,0,0,0,0,0,1425072,27487790694400,Group,mihal-alias24@7rkd12.onmicrosoft.com,30
2026-08-10,01ec276c-6707-4e7d-bfe9-958051ab28fd,,prj_Ada Team Site-184 Owners,False,,,True,None,APC,0,0,0,0,0,0,0,0,1424909,27487790694400,Group,prj_adateamsite-184@7rkd12.onmicrosoft.com,30
2026-08-10,03870489-6e3a-42a8-ada8-9f8327fb792f,,BonnieTeam1 Owners,False,2026-04-28,,True,None,APC,5,0,0,0,0,0,0,0,1734180,1099511627776,Group,BonnieTeam1@7rkd12.onmicrosoft.com,30
2026-08-10,04cba2d6-9147-4f89-bc38-cabe31900391,,teamsite2 Owners,False,2025-12-18,,True,None,APC,2,0,0,0,0,0,0,0,1961582,1073741824,Group,teamsite2@7rkd12.onmicrosoft.com,30
2026-08-10,05a9c1a2-7c00-46bb-9a25-6eb6473e5f11,,prj_Ada Group Site-177 Owners,False,,,True,None,APC,0,0,0,0,0,0,0,0,1424909,27487790694400,Group,prj_adagroupsite-177@7rkd12.onmicrosoft.com,30
2026-08-10,07cc016b-61c2-4a0d-a97e-066a6a6b9026,,prj_Ada Group Site-170 Owners,False,2026-07-29,,True,None,APC,0,0,1,1,0,0,0,0,1425601,27487790694400,Group,prj_adagroupsite-170@7rkd12.onmicrosoft.com,30
2026-08-10,08bdaa2f-a3a2-4fca-a803-9df74115c567,,prj_Team Site-731012 Owners,False,,,True,None,APC,0,0,0,0,0,0,0,0,1425038,27487790694400,Group,prj_teamsite-731012@7rkd12.onmicrosoft.com,30
2026-08-10,0af98201-c1a6-4a72-a5a9-6c92149e4c82,,Project3 Owners,False,2026-08-09,,False,None,APC,21,4,6,3,0,0,0,0,185811950,10737418240,Group,Project3@7rkd12.onmicrosoft.com,30
2026-08-10,0cbeef42-c1fa-4968-be9e-8035ec096b88,,prj_Ada Team Site-225 Owners,False,,,True,None,APC,0,0,0,0,0,0,0,0,1425565,27487790694400,Group,prj_adateamsite-225@7rkd12.onmicrosoft.com,30
2026-08-10,0cd33ee2-58e4-47a9-8fcc-2782b932c715,,prj_Ada Team Site-081 Owners,False,,,True,None,APC,0,0,0,0,0,0,0,0,1424958,27487790694400,Group,prj_adateamsite-081@7rkd12.onmicrosoft.com,30
2026-08-10,0d4fac57-b478-4a74-8daa-c2f3b23188ab,,prj_Team Site-731036 Owners,False,,,True,None,APC,0,0,0,0,0,0,0,0,1413330,27487790694400,Group,prj_teamsite-731036@7rkd12.onmicrosoft.com,30
2026-08-10,0e1e5196-310e-40ce-ad1b-5e379cea044d,,Leila Test Site1 Owners,False,2025-03-28,,True,None,APC,5,0,0,0,0,0,0,0,1688674,27487790694400,Group,LeilaTestSite1@7rkd12.onmicrosoft.com,30
2026-08-10,10e8740b-c21d-4ee6-817c-f68212c5f495,,teams76 Owners,False,2026-07-07,,True,None,APC,3,0,0,0,0,0,0,0,1723945,27487790694400,Group,teams76@7rkd12.onmicrosoft.com,30
2026-08-10,12c58897-0bb1-4d56-932f-56709839a502,,prj_Team Site-731033 Owners,False,,,True,None,APC,0,0,0,0,0,0,0,0,1413526,27487790694400,Group,prj_teamsite-731033@7rkd12.onmicrosoft.com,30
2026-08-10,13b33074-70ef-4543-86e4-db6f5f678e9d,,prj_Group Site-731058 Owners,False,,,True,None,APC,0,0,0,0,0,0,0,0,1425081,27487790694400,Group,prj_groupsite-731058@7rkd12.onmicrosoft.com,30
2026-08-10,1471b00b-70fd-4f40-9fe4-abb1b83a745a,,prj_Ada Team Site-159 Owners,False,,,True,None,APC,0,0,0,0,0,0,0,0,1424921,27487790694400,Group,prj_adateamsite-159@7rkd12.onmicrosoft.com,30
2026-08-10,14c15ed4-b114-45e2-bbe8-662b2a3ffdf1,,prj_Ada Team Site-119 Owners,False,,,True,None,APC,0,0,0,0,0,0,0,0,1425473,27487790694400,Group,prj_adateamsite-119@7rkd12.onmicrosoft.com,30
2026-08-10,14ca8779-9264-4442-ba5c-5b0655f2ed27,,prj_Team Site-731009 Owners,False,,,True,None,APC,0,0,0,0,0,0,0,0,1412978,27487790694400,Group,prj_teamsite-731009@7rkd12.onmicrosoft.com,30
2026-08-10,15341ae3-71d9-48e5-9012-096c99ab6f16,,prj_Ada Team Site-102 Owners,False,,,True,None,APC,0,0,0,0,0,0,0,0,1424958,27487790694400,Group,prj_adateamsite-102@7rkd12.onmicrosoft.com,30
2026-08-10,15600f21-89c7-4c3a-8c27-d01789a3fc35,,prj_Ada Team Site-172 Owners,False,,,True,None,APC,0,0,0,0,0,0,0,0,1425436,27487790694400,Group,prj_adateamsite-172@7rkd12.onmicrosoft.com,30
2026-08-10,15c66314-b81c-4677-80b3-03909a56eb7a,,NO ACCESS LEAH Owners,False,2026-04-30,,True,None,APC,2,0,0,0,0,0,0,0,1554749,27487790694400,Group,NOACCESSLEAH@7rkd12.onmicrosoft.com,30
2026-08-10,16eb97fa-f19b-4471-b79e-29b109e9db0e,,prj_Ada Group Site-011 Owners,False,,,True,None,APC,0,0,0,0,0,0,0,0,1424930,27487790694400,Group,prj_adagroupsite-011@7rkd12.onmicrosoft.com,30
2026-08-10,17453e72-e104-450c-9848-6f50e1a157a2,,prj_MihalGroupsite-001 Owners,False,,,True,None,APC,0,0,0,0,0,0,0,0,1412954,27487790694400,Group,prj_mihalgroupsite-001@7rkd12.onmicrosoft.com,30
2026-08-10,1804b871-ab98-47bc-8ffa-82809763cbab,,prj_Team Site-731026 Owners,False,,,True,None,APC,0,0,0,0,0,0,0,0,1413452,27487790694400,Group,prj_teamsite-731026@7rkd12.onmicrosoft.com,30
2026-08-10,1840cb45-38e5-4ba1-a95d-1eedd6299169,,prj_Ada Group Site-008 Owners,False,,,True,None,APC,0,0,0,0,0,0,0,0,1424986,27487790694400,Group,prj_adagroupsite-008@7rkd12.onmicrosoft.com,30
2026-08-10,185b3823-8ad1-4e5e-8a0e-347c1dc19593,,prj_Ada Team Site-109 Owners,False,,,True,None,APC,0,0,0,0,0,0,0,0,1425596,27487790694400,Group,prj_adateamsite-109@7rkd12.onmicrosoft.com,30
2026-08-10,1ccdba44-d7fd-491b-aa48-b49c99139c31,,RAC Team Owners,False,2026-05-01,,True,None,APC,5,0,0,0,0,0,0,0,1717576,27487790694400,Group,RACteam@7rkd12.onmicrosoft.com,30
2026-08-10,1cd83ea6-8587-4487-a21b-2d16393537bd,,prj_Ada Team Site-084 Owners,False,,,True,None,APC,0,0,0,0,0,0,0,0,1424921,27487790694400,Group,prj_adateamsite-084@7rkd12.onmicrosoft.com,30
2026-08-10,1d4da73b-1cff-45f5-9f0a-c805ce2bac8c,,prj_Team Site-731087 Owners,False,,,True,None,APC,0,0,0,0,0,0,0,0,1412899,27487790694400,Group,prj_teamsite-731087@7rkd12.onmicrosoft.com,30
2026-08-10,1e396a6b-944c-46d8-a66a-659143d564f7,,prj_Team Site-731001 Owners,False,2026-08-09,,True,None,APC,1,2,2,2,0,0,0,0,1578192,27487790694400,Group,prj_teamsite-731001@7rkd12.onmicrosoft.com,30
2026-08-10,1e49e41f-f960-45d8-ad9a-bd39442ec9cb,,prj_Ada Team Site-190 Owners,False,,,True,None,APC,0,0,0,0,0,0,0,0,1425556,27487790694400,Group,prj_adateamsite-190@7rkd12.onmicrosoft.com,30
2026-08-10,1f407e70-b22f-4eb5-8934-9209a5f50ea6,,prj_Ada Team Site-239 Owners,False,,,True,None,APC,0,0,0,0,0,0,0,0,1424874,27487790694400,Group,prj_adateamsite-239@7rkd12.onmicrosoft.com,30
2026-08-10,203a993f-5d30-424f-b10c-916250b95e8f,,prj_Ada Group Site-006 Owners,False,,,True,None,APC,0,0,0,0,0,0,0,0,1424984,27487790694400,Group,prj_adagroupsite-006@7rkd12.onmicrosoft.com,30
2026-08-10,21309286-192f-4d54-bc43-1185ab2d2ae1,,prj_Ada Team Site-177 Owners,False,,,True,None,APC,0,0,0,0,0,0,0,0,1424996,27487790694400,Group,prj_adateamsite-177@7rkd12.onmicrosoft.com,30
2026-08-10,23fd00a0-16bc-4c12-bfe8-8e5908a98aa5,,prj_Ada Group-002 Owners,False,,,True,None,APC,0,0,0,0,0,0,0,0,1424830,27487790694400,Group,prj_adagroup-002@7rkd12.onmicrosoft.com,30
2026-08-10,260fa760-59d5-4b78-9b84-09bbcbf52c7b,,prj_Ada Group Site-014 Owners,False,,,True,None,APC,0,0,0,0,0,0,0,0,1425220,27487790694400,Group,prj_adagroupsite-014@7rkd12.onmicrosoft.com,30
2026-08-10,266cceaa-94e9-4460-a4f3-bd1fdbaf4198,,prj_Group Site-731094 Owners,False,,,True,None,APC,0,0,0,0,0,0,0,0,1425719,27487790694400,Group,prj_groupsite-731094@7rkd12.onmicrosoft.com,30
2026-08-10,2690830e-dcbb-410d-98a0-29c9472faf8a,,prj_Ada Team Site-058 Owners,False,,,True,None,APC,0,0,0,0,0,0,0,0,1424990,27487790694400,Group,prj_adateamsite-058@7rkd12.onmicrosoft.com,30
2026-08-10,2838ab8c-f260-46f4-bdc0-be1a4b8132d9,,prj_Ada Team Site-214 Owners,False,,,True,None,APC,0,0,0,0,0,0,0,0,1425065,27487790694400,Group,prj_adateamsite-214@7rkd12.onmicrosoft.com,30
2026-08-10,2a04d1e3-5e13-40d1-8b06-f5b87faed851,,prj_Ada Group Site-172 Owners,False,,,True,None,APC,0,0,0,0,0,0,0,0,1425582,27487790694400,Group,prj_adagroupsite-172@7rkd12.onmicrosoft.com,30
2026-08-10,2ad8fc60-4606-478f-a733-31e19e472145,,prj_Ada Team Site-091 Owners,False,,,True,None,APC,0,0,0,0,0,0,0,0,1424866,27487790694400,Group,prj_adateamsite-091@7rkd12.onmicrosoft.com,30
2026-08-10,2bdcab07-3ad1-44b6-9378-83eb4d59f628,,prj_Ada Team Site-213 Owners,False,,,True,None,APC,0,0,0,0,0,0,0,0,1425493,27487790694400,Group,prj_adateamsite-213@7rkd12.onmicrosoft.com,30
2026-08-10,2cf6f359-180c-45af-b9ee-ae26f3baa4ee,,prj_Group Site-731035 Owners,False,,,True,None,APC,0,0,0,0,0,0,0,0,1425176,27487790694400,Group,prj_groupsite-731035@7rkd12.onmicrosoft.com,30
2026-08-10,2e40fb64-1af0-4ec2-bc10-e5e3aba720c1,,prj_Ada Team Site-052 Owners,False,,,True,None,APC,0,0,0,0,0,0,0,0,1425571,27487790694400,Group,prj_adateamsite-052@7rkd12.onmicrosoft.com,30
2026-08-10,2f8bd30b-5002-48ce-bd1e-f7f163e9bd7a,,Sample Team Site Owners,False,,,True,None,APC,0,0,0,0,0,0,0,0,1525708,27487790694400,Group,SampleTeamSite@7rkd12.onmicrosoft.com,30
2026-08-10,2ffff189-8b1f-4c2b-8924-407a54a5494c,,prj_Ada Team Site-108 Owners,False,,,True,None,APC,0,0,0,0,0,0,0,0,1425563,27487790694400,Group,prj_adateamsite-108@7rkd12.onmicrosoft.com,30
2026-08-10,30c23964-09ce-40fa-8e6a-7193adaacf2c,,prj_Ada Group Site-012 Owners,False,,,True,None,APC,0,0,0,0,0,0,0,0,1425549,27487790694400,Group,prj_adagroupsite-012@7rkd12.onmicrosoft.com,30
2026-08-10,3132bffd-67f8-4181-bd90-74881a84ae4f,,displayname2 Owners,False,,,True,None,APC,0,0,0,0,0,0,0,0,1425315,27487790694400,Group,alias2@7rkd12.onmicrosoft.com,30
2026-08-10,33ccaf60-0066-4ba7-80bf-460f463e1a4c,,prj_teams-test Owners,False,2026-07-08,,False,None,APC,1,0,0,0,0,0,0,0,1847603,27487790694400,Group,prj_teams-test@7rkd12.onmicrosoft.com,30
2026-08-10,37073c5b-6dec-4191-a665-9453d78a1486,,prj_Group Site-731078 Owners,False,,,True,None,APC,0,0,0,0,0,0,0,0,1425029,27487790694400,Group,prj_groupsite-731078@7rkd12.onmicrosoft.com,30
2026-08-10,37299395-cc99-4639-986f-54c9a82f06a5,,prj_Ada Group Site-174 Owners,False,,,True,None,APC,0,0,0,0,0,0,0,0,1425666,27487790694400,Group,prj_adagroupsite-174@7rkd12.onmicrosoft.com,30
2026-08-10,37bd770e-56d8-4d26-b973-18eb54d755df,,prj_Ada Team Site-083 Owners,False,,,True,None,APC,0,0,0,0,0,0,0,0,1424968,27487790694400,Group,prj_adateamsite-083@7rkd12.onmicrosoft.com,30
2026-08-10,3aa7d0a0-a930-4ef5-8978-d37e0ca4b12a,,prj_Team Site-731065 Owners,False,,,True,None,APC,0,0,0,0,0,0,0,0,1413388,27487790694400,Group,prj_teamsite-731065@7rkd12.onmicrosoft.com,30
2026-08-10,3ac68481-d3cb-40fe-b38d-82cd2fe7a233,,prj_Ada Team Site-098 Owners,False,,,True,None,APC,0,0,0,0,0,0,0,0,1425614,27487790694400,Group,prj_adateamsite-098@7rkd12.onmicrosoft.com,30
2026-08-10,3b9c932f-f295-4b6d-8164-8c605c9cffca,,prj_Ada Team Site-146 Owners,False,,,True,None,APC,0,0,0,0,0,0,0,0,1425333,27487790694400,Group,prj_adateamsite-146@7rkd12.onmicrosoft.com,30
2026-08-10,3cd9c55c-ecb6-44ec-9d1e-790523063caf,,CSD Template Owners,False,2025-12-18,,True,None,APC,4,0,0,0,0,0,0,0,2003594,2147483648000,Group,CSDTemplate@7rkd12.onmicrosoft.com,30
2026-08-10,3dea30b5-0d19-46a8-bab5-cfdf9b2be85b,,prj_Ada Team Site-204 Owners,False,,,True,None,APC,0,0,0,0,0,0,0,0,1424949,27487790694400,Group,prj_adateamsite-204@7rkd12.onmicrosoft.com,30
2026-08-10,3e008876-3b82-420f-aab4-80db012776e3,,prj_Group Site-731077 Owners,False,,,True,None,APC,0,0,0,0,0,0,0,0,1425660,27487790694400,Group,prj_groupsite-731077@7rkd12.onmicrosoft.com,30
2026-08-10,3e1a75b8-2558-4d46-9053-2c810727a1c3,,prj_Ada Team Site-113 Owners,False,,,True,None,APC,0,0,0,0,0,0,0,0,1425500,27487790694400,Group,prj_adateamsite-113@7rkd12.onmicrosoft.com,30
2026-08-10,3ee5180d-f6cc-427b-b1bd-b02aad3db1d0,,prj_Group Site-731090 Owners,False,,,True,None,APC,0,0,0,0,0,0,0,0,1425636,27487790694400,Group,prj_groupsite-731090@7rkd12.onmicrosoft.com,30
2026-08-10,3fea63dc-03ea-4b8e-88d5-ce0c608044e0,,prj_Group Site-731010 Owners,False,,,True,None,APC,0,0,0,0,0,0,0,0,1425542,27487790694400,Group,prj_groupsite-731010@7rkd12.onmicrosoft.com,30
2026-08-10,4116b695-ccfc-49f0-a470-019e77513684,,prj_Ada Team Site-202 Owners,False,,,True,None,APC,0,0,0,0,0,0,0,0,1424907,27487790694400,Group,prj_adateamsite-202@7rkd12.onmicrosoft.com,30
2026-08-10,411b2d0c-65ac-4c77-be33-1782463a62ec,,prj_Ada Team Site-118 Owners,False,,,True,None,APC,0,0,0,0,0,0,0,0,1425607,27487790694400,Group,prj_adateamsite-118@7rkd12.onmicrosoft.com,30
2026-08-10,411da6fc-1535-461f-9660-7689667d7285,,BonnieTeam2 Owners,False,2026-04-24,,True,None,APC,8,0,0,0,0,0,0,0,1838779,1099511627776,Group,BonnieTeam2@7rkd12.onmicrosoft.com,30
2026-08-10,425d3dc6-7404-484a-9cfa-486f111f9ec3,,prj_Ada Team Site-250 Owners,False,,,True,None,APC,0,0,0,0,0,0,0,0,1424949,27487790694400,Group,prj_adateamsite-250@7rkd12.onmicrosoft.com,30
2026-08-10,427229a6-2e99-4fb5-8ad6-c4eff989ec47,,prj_Team Site-731005 Owners,False,,,True,None,APC,0,0,0,0,0,0,0,0,1413556,27487790694400,Group,prj_teamsite-731005@7rkd12.onmicrosoft.com,30
2026-08-10,42be54ec-3940-41dd-bd9b-7e83222aa3cc,,prj_Group Site-731100 Owners,False,,,True,None,APC,0,0,0,0,0,0,0,0,1425108,27487790694400,Group,prj_groupsite-731100@7rkd12.onmicrosoft.com,30
2026-08-10,436559a8-6572-452e-8a01-7299fedd8309,,prj_Ada Team Site-100 Owners,False,,,True,None,APC,0,0,0,0,0,0,0,0,1425397,27487790694400,Group,prj_adateamsite-100@7rkd12.onmicrosoft.com,30
2026-08-10,43bcaa02-eb31-4e7c-aa1f-7284733260ad,,prj_Ada Team Site-114 Owners,False,,,True,None,APC,0,0,0,0,0,0,0,0,1425602,27487790694400,Group,prj_adateamsite-114@7rkd12.onmicrosoft.com,30
2026-08-10,447b1f1f-1638-420b-aec9-5dc978d713c8,,prj_Ada Team Site-062 Owners,False,,,True,None,APC,0,0,0,0,0,0,0,0,1424917,27487790694400,Group,prj_adateamsite-062@7rkd12.onmicrosoft.com,30
2026-08-10,447c39be-66f5-4d63-82a8-b5632de5da11,,prj_Ada Team Site-135 Owners,False,,,True,None,APC,0,0,0,0,0,0,0,0,1425132,27487790694400,Group,prj_adateamsite-135@7rkd12.onmicrosoft.com,30
2026-08-10,44868e27-e94e-4883-89ad-83b02a42608c,,prj_Ada Team Site-180 Owners,False,,,True,None,APC,0,0,0,0,0,0,0,0,1425535,27487790694400,Group,prj_adateamsite-180@7rkd12.onmicrosoft.com,30
2026-08-10,4815cad7-d1c4-4ac1-88b7-960115442103,,Project 1 Owners,False,2024-12-24,,True,None,APC,314,0,0,0,0,0,0,0,3247922,27487790694400,Group,Project1@7rkd12.onmicrosoft.com,30
2026-08-10,48590610-64b6-4032-bfd2-dde853fd22bc,,prj_Team Site-731024 Owners,False,,,True,None,APC,0,0,0,0,0,0,0,0,1412971,27487790694400,Group,prj_teamsite-731024@7rkd12.onmicrosoft.com,30
2026-08-10,4a1ceb90-6002-43fb-9000-b9f8282c91d0,,prj_Ada Team Site-174 Owners,False,,,True,None,APC,0,0,0,0,0,0,0,0,1424888,27487790694400,Group,prj_adateamsite-174@7rkd12.onmicrosoft.com,30
2026-08-10,4cb417c6-46ed-48f8-a0ee-f8fde5fec93d,,Test07081136 Owners,False,2026-07-08,,True,None,APC,1,0,0,0,0,0,0,0,1794676,27487790694400,Group,Test07081136@7rkd12.onmicrosoft.com,30
2026-08-10,50f16441-bc7d-443c-afa0-863cef78a97d,,prj_Ada Team Site-207 Owners,False,,,True,None,APC,0,0,0,0,0,0,0,0,1425532,27487790694400,Group,prj_adateamsite-207@7rkd12.onmicrosoft.com,30
2026-08-10,515bcf25-93b2-437b-92a7-bb7551c604ef,,prj_Ada Team Site-143 Owners,False,,,True,None,APC,0,0,0,0,0,0,0,0,1425383,27487790694400,Group,prj_adateamsite-143@7rkd12.onmicrosoft.com,30
2026-08-10,51b4bade-4c40-4cb4-91a6-b5025ab3395a,,prj_Team Site-731080 Owners,False,,,True,None,APC,0,0,0,0,0,0,0,0,1413515,27487790694400,Group,prj_teamsite-731080@7rkd12.onmicrosoft.com,30
2026-08-10,51e281a5-474d-4def-bce7-cf53d1bf214e,,prj_Group Site-731049 Owners,False,,,True,None,APC,0,0,0,0,0,0,0,0,1425796,27487790694400,Group,prj_groupsite-731049@7rkd12.onmicrosoft.com,30
2026-08-10,51fd88c9-2291-4d8e-85c5-a27568353986,,prj_Ada2spaces Owners,False,,,True,None,APC,0,0,0,0,0,0,0,0,1425366,27487790694400,Group,prj_Ada2spaces@7rkd12.onmicrosoft.com,30
2026-08-10,523f592e-6274-4202-a054-5d79432ccc14,,displayname070 Owners,False,,,True,None,APC,0,0,0,0,0,0,0,0,1425160,27487790694400,Group,alias070@7rkd12.onmicrosoft.com,30
2026-08-10,527d3a78-7520-43ab-be8e-a74acf83af08,,prj_Ada Team Site-094 Owners,False,,,True,None,APC,0,0,0,0,0,0,0,0,1425106,27487790694400,Group,prj_adateamsite-094@7rkd12.onmicrosoft.com,30
2026-08-10,55c14b25-a3ed-4557-b39c-fe4fd9ee5276,,prj_Group Site-731087 Owners,False,,,True,None,APC,0,0,0,0,0,0,0,0,1425064,27487790694400,Group,prj_groupsite-731087@7rkd12.onmicrosoft.com,30
2026-08-10,56ffef9f-085a-40a4-a977-e037e6bafcee,,prj_Team Site-731013 Owners,False,,,True,None,APC,0,0,0,0,0,0,0,0,1412875,27487790694400,Group,prj_teamsite-731013@7rkd12.onmicrosoft.com,30
2026-08-10,5a872d94-9a97-4a6d-808f-26bb8b0d4341,,MSFT Owners,False,,,True,None,APC,2,0,0,0,0,0,0,0,1532051,27487790694400,Group,MSFT@7rkd12.onmicrosoft.com,30
2026-08-10,5b02a4ac-4da6-4e6f-900a-6bbed0e035c3,,prj_Ada Team Site-117 Owners,False,,,True,None,APC,0,0,0,0,0,0,0,0,1425451,27487790694400,Group,prj_adateamsite-117@7rkd12.onmicrosoft.com,30
2026-08-10,5b950a50-9068-4050-b5fe-eab28187adc3,,prj_Group Site-731046 Owners,False,,,True,None,APC,0,0,0,0,0,0,0,0,1425047,27487790694400,Group,prj_groupsite-731046@7rkd12.onmicrosoft.com,30
2026-08-10,5bed3991-f185-4fdd-bd05-3718786dbb16,,prj_Ada Group Site-182 Owners,False,,,True,None,APC,0,0,0,0,0,0,0,0,1425216,27487790694400,Group,prj_adagroupsite-182@7rkd12.onmicrosoft.com,30
2026-08-10,5db0fe10-022b-4ade-ab59-7db060ee8d4d,,prj_Ada Team Site-097 Owners,False,,,True,None,APC,0,0,0,0,0,0,0,0,1425009,27487790694400,Group,prj_adateamsite-097@7rkd12.onmicrosoft.com,30
2026-08-10,5e62bd03-732f-4eac-a234-f1f15b7c63cc,,Retail Owners,False,2026-06-29,,True,None,APC,4,0,0,0,0,0,0,0,1723790,27487790694400,Group,Retail@7rkd12.onmicrosoft.com,30
2026-08-10,5fb32fe0-6007-490e-8ed1-3ec0668c2af4,,LeahTest Owners,False,2026-07-21,,True,None,APC,27,1,6,5,0,0,0,0,6179457,27487790694400,Group,LeahTest8116@7rkd12.onmicrosoft.com,30
2026-08-10,60479fc9-51bf-4151-8ae7-0cf80cf5e524,,Admin ADB,False,2025-04-08,,True,None,APC,10,0,0,0,0,0,0,0,2588761,27487790694400,Group,Admin@7rkd12.onmicrosoft.com,30
2026-08-10,604b15b3-4d05-4f61-a083-ee4617a57f20,,prj_Ada Team Site-038 Owners,False,,,True,None,APC,0,0,0,0,0,0,0,0,1425059,27487790694400,Group,prj_adateamsite-038@7rkd12.onmicrosoft.com,30
2026-08-10,60769d3a-b723-4cb2-b1da-51352a83d2fa,,ADB Test Owners,False,2026-07-08,,True,None,APC,57,0,0,0,0,0,0,0,48622035,27487790694400,Group,ADBTest@7rkd12.onmicrosoft.com,30
2026-08-10,609fdc5a-de30-4230-ba44-376a986d8fa4,,displayname2 Owners,False,,,True,None,APC,0,0,0,0,0,0,0,0,1646409,42949672960,Group,displayname2@7rkd12.onmicrosoft.com,30
2026-08-10,613105f9-2015-41aa-92f7-94dd04770ad5,,prj_Group Site-731019 Owners,False,,,True,None,APC,0,0,0,0,0,0,0,0,1413530,27487790694400,Group,prj_groupsite-731019@7rkd12.onmicrosoft.com,30
2026-08-10,64eb032f-0b77-4de3-aa82-3e61760eec8d,,prj_Ada Team Site-194 Owners,False,,,True,None,APC,0,0,0,0,0,0,0,0,1425389,27487790694400,Group,prj_adateamsite-194@7rkd12.onmicrosoft.com,30
2026-08-10,6547c7d2-991c-413f-8e1f-45752892b6d5,,HR Owners,False,2025-11-12,,True,None,APC,3,0,0,0,0,0,0,0,1621884,27487790694400,Group,HR@7rkd12.onmicrosoft.com,30
2026-08-10,6700cc60-a435-46a1-9328-305cf9702e30,,Digital Initiative Public Relations Owners,False,2024-09-20,,True,None,APC,2,0,0,0,0,0,0,0,1531470,27487790694400,Group,DigitalInitiativePublicRelations@7rkd12.onmicrosoft.com,30
2026-08-10,67e3e2c7-1581-4982-9c34-acdb8d1862a0,,prj_Ada Team Site-211 Owners,False,,,True,None,APC,0,0,0,0,0,0,0,0,1425024,27487790694400,Group,prj_adateamsite-211@7rkd12.onmicrosoft.com,30
2026-08-10,68549208-1201-4f10-a02b-19240fac22a0,,prj_Ada Team Site-107 Owners,False,,,True,None,APC,0,0,0,0,0,0,0,0,1425022,27487790694400,Group,prj_adateamsite-107@7rkd12.onmicrosoft.com,30
2026-08-10,692d3896-8073-4cfe-8317-1d4265099e20,,prj_Team Site-731091 Owners,False,,,True,None,APC,0,0,0,0,0,0,0,0,1412860,27487790694400,Group,prj_teamsite-731091@7rkd12.onmicrosoft.com,30
2026-08-10,69d4ce54-60d1-43c5-be14-9d0f8a478cdb,,prj_Ada Team Site-220 Owners,False,,,True,None,APC,0,0,0,0,0,0,0,0,1425563,27487790694400,Group,prj_adateamsite-220@7rkd12.onmicrosoft.com,30
2026-08-10,69e48d21-2d64-41cf-83bc-b888c177559f,,prj_Team Site-731038 Owners,False,,,True,None,APC,0,0,0,0,0,0,0,0,1412887,27487790694400,Group,prj_teamsite-731038@7rkd12.onmicrosoft.com,30
2026-08-10,6ab3f6a7-4c68-496b-96d8-91f5006d9e5b,,testa Owners,False,2026-04-24,,True,None,APC,5,0,0,0,0,0,0,0,2269818,27487790694400,Group,testa@7rkd12.onmicrosoft.com,30
2026-08-10,6b3a0c98-3bbd-4a10-8a0d-7516775e7d3f,,prj_Ada Team Site-216 Owners,False,,,True,None,APC,0,0,0,0,0,0,0,0,1425641,27487790694400,Group,prj_adateamsite-216@7rkd12.onmicrosoft.com,30
2026-08-10,6cdd5e98-19a9-4bd0-b4cd-4a55ef0584b3,,adagroup-004-displayname Owners,False,,,True,None,APC,0,0,0,0,0,0,0,0,1425089,27487790694400,Group,adagroup-004@7rkd12.onmicrosoft.com,30
2026-08-10,6d4c7d00-0cb0-4c6c-9d8b-bb0b88d551ad,,Lea-Teamsite Owners,False,2025-09-04,,True,None,APC,1,0,0,0,0,0,0,0,1543724,27487790694400,Group,Lea-Teamsite@7rkd12.onmicrosoft.com,30
2026-08-10,6dfdc1a5-83df-4c3e-9d8c-1b72a2d39f8a,,prj_Ada Team Site-228 Owners,False,,,True,None,APC,0,0,0,0,0,0,0,0,1425220,27487790694400,Group,prj_adateamsite-228@7rkd12.onmicrosoft.com,30
2026-08-10,6ffb7c31-dc37-4c86-9de0-2c9753c3a5e2,,prj_Group Site-731027 Owners,False,,,True,None,APC,0,0,0,0,0,0,0,0,1413084,27487790694400,Group,prj_groupsite-731027@7rkd12.onmicrosoft.com,30
2026-08-10,703ee579-29c0-4cea-b870-e94601f5b562,,prj_Team Site-731053 Owners,False,,,True,None,APC,0,0,0,0,0,0,0,0,1413534,27487790694400,Group,prj_teamsite-731053@7rkd12.onmicrosoft.com,30
2026-08-10,707776e2-91cd-4867-ad09-6bb052eaf409,,prj_Ada Team Site-234 Owners,False,,,True,None,APC,0,0,0,0,0,0,0,0,1424948,27487790694400,Group,prj_adateamsite-234@7rkd12.onmicrosoft.com,30
2026-08-10,71602d34-743f-4701-8b5f-23b7fb5cf4bf,,groups-test Owners,False,2026-07-08,,True,None,APC,1,0,0,0,0,0,0,0,1855351,27487790694400,Group,groups-test@7rkd12.onmicrosoft.com,30
2026-08-10,71ac76d2-410a-4e8b-9aa1-4ab022fe29cb,,prj_Group Site-731079 Owners,False,,,True,None,APC,0,0,0,0,0,0,0,0,1425109,27487790694400,Group,prj_groupsite-731079@7rkd12.onmicrosoft.com,30
2026-08-10,7366505c-d9be-4afc-a7d6-922723d21234,,prj_Ada Team Site-042 Owners,False,,,True,None,APC,0,0,0,0,0,0,0,0,1425028,27487790694400,Group,prj_adateamsite-042@7rkd12.onmicrosoft.com,30
2026-08-10,73e29032-192b-4c63-a7f1-e867305d8fb3,,prj_Group Site-731005 Owners,False,,,True,None,APC,0,0,0,0,0,0,0,0,1425706,27487790694400,Group,prj_groupsite-731005@7rkd12.onmicrosoft.com,30
2026-08-10,74d19a43-294c-42ba-a2a6-f3ba4e9c941e,,U.S. Sales Owners,False,2024-12-03,,True,None,APC,2,0,0,0,0,0,0,0,1534152,27487790694400,Group,U.S.Sales@7rkd12.onmicrosoft.com,30
2026-08-10,756801a5-ffd2-48d3-9834-4d8bc20987a6,,prj_Ada Team Site-142 Owners,False,,,True,None,APC,0,0,0,0,0,0,0,0,1425440,27487790694400,Group,prj_adateamsite-142@7rkd12.onmicrosoft.com,30
2026-08-10,7667be50-d95f-4761-81c6-002ce20ee9d1,,prj_Ada Team Site-123 Owners,False,,,True,None,APC,0,0,0,0,0,0,0,0,1424990,27487790694400,Group,prj_adateamsite-123@7rkd12.onmicrosoft.com,30
2026-08-10,7667c21d-f42b-4383-9318-229dd8e0f1e6,,teamsite1 Owners,False,2025-12-18,,True,None,APC,3,0,0,0,0,0,0,0,2242440,27487790694400,Group,teamsite1@7rkd12.onmicrosoft.com,30
2026-08-10,7906de46-d6da-468a-b479-216ec22a4a1a,,prj_Ada Team Site-209 Owners,False,,,True,None,APC,0,0,0,0,0,0,0,0,1425544,27487790694400,Group,prj_adateamsite-209@7rkd12.onmicrosoft.com,30
2026-08-10,79da7ea6-cc09-4acd-b6a7-7ee05da723be,,prj_Ada Team Site-227 Owners,False,,,True,None,APC,0,0,0,0,0,0,0,0,1425592,27487790694400,Group,prj_adateamsite-227@7rkd12.onmicrosoft.com,30
2026-08-10,7b1c447e-5ceb-4173-bdba-440d9c8327b8,,prj_Ada Team Site-161 Owners,False,,,True,None,APC,0,0,0,0,0,0,0,0,1424953,27487790694400,Group,prj_adateamsite-161@7rkd12.onmicrosoft.com,30
2026-08-10,7ea57d37-1c5c-44d1-8928-08e1c41fe8e4,,Mark8ProjectTeamadvanced Owners,False,2026-07-27,,True,None,APC,111,3,0,0,0,0,0,0,409694057,27487790694400,Group,Mark8ProjectTeamadvanced@7rkd12.onmicrosoft.com,30
2026-08-10,80016793-addb-4bd8-832c-7200d3e3e315,,m365 group Owners,False,,,True,None,APC,1,0,0,0,0,0,0,0,1616475,27487790694400,Group,m365group@7rkd12.onmicrosoft.com,30
2026-08-10,8205ad88-652b-4a19-a527-e5b3d799fb94,,prj_Ada Group Site-176 Owners,False,,,True,None,APC,0,0,0,0,0,0,0,0,1424936,27487790694400,Group,prj_adagroupsite-176@7rkd12.onmicrosoft.com,30
2026-08-10,8366bc58-bcbc-4020-bc22-2b35c517cf99,,prj_Ada Team Site-061 Owners,False,,,True,None,APC,0,0,0,0,0,0,0,0,1424940,27487790694400,Group,prj_adateamsite-061@7rkd12.onmicrosoft.com,30
2026-08-10,867d6f32-a544-4bc7-a9b8-9dfa21b96d4d,,prj_Ada Team Site-189 Owners,False,,,True,None,APC,0,0,0,0,0,0,0,0,1425006,27487790694400,Group,prj_adateamsite-189@7rkd12.onmicrosoft.com,30
2026-08-10,87a21029-8ca1-437d-b9fc-f46588f1a479,,prj_Ada Team Site-120 Owners,False,,,True,None,APC,0,0,0,0,0,0,0,0,1425556,27487790694400,Group,prj_adateamsite-120@7rkd12.onmicrosoft.com,30
2026-08-10,8b037d32-0828-4a4c-b8e1-173ed1c43330,,prj_Ada Group Site-005 Owners,False,,,True,None,APC,0,0,0,0,0,0,0,0,1425198,27487790694400,Group,prj_adagroupsite-005@7rkd12.onmicrosoft.com,30
2026-08-10,8c5a4053-10d3-49a6-a544-4a547b5d4477,,prj_Ada Team Site-162 Owners,False,,,True,None,APC,0,0,0,0,0,0,0,0,1425574,27487790694400,Group,prj_adateamsite-162@7rkd12.onmicrosoft.com,30
2026-08-10,8f27398d-6a2f-42b1-addb-eae2dc97a6fe,,Leilatest Owners,False,,,True,None,APC,1,0,0,0,0,0,0,0,1527727,27487790694400,Group,LeilaTestGroup@7rkd12.onmicrosoft.com,30
2026-08-10,91a35fa7-9396-4995-be54-f443abe8302b,,prj_Ada Team Site-137 Owners,False,,,True,None,APC,0,0,0,0,0,0,0,0,1424962,27487790694400,Group,prj_adateamsite-137@7rkd12.onmicrosoft.com,30
2026-08-10,93dbb1e6-558d-4f9b-a2ac-c99a1d3f66cb,,prj_Ada Team Site-047 Owners,False,,,True,None,APC,0,0,0,0,0,0,0,0,1425069,27487790694400,Group,prj_adateamsite-047@7rkd12.onmicrosoft.com,30
2026-08-10,955abff9-f175-4481-84bc-f3fe97c91e8a,,prj_Group Site-731081 Owners,False,,,True,None,APC,0,0,0,0,0,0,0,0,1424956,27487790694400,Group,prj_groupsite-731081@7rkd12.onmicrosoft.com,30
2026-08-10,95f47041-7c12-4eb5-9df1-a5afeb758fc6,,prj_Group Site-731062 Owners,False,,,True,None,APC,0,0,0,0,0,0,0,0,1425772,27487790694400,Group,prj_groupsite-731062@7rkd12.onmicrosoft.com,30
2026-08-10,960c3844-cc39-4c08-8615-762b727a86ed,,community01 Owners,False,2026-05-08,,True,None,APC,1,0,0,0,0,0,0,0,1524613,27487790694400,Group,community01@7rkd12.onmicrosoft.com,30
2026-08-10,9890825a-b75c-4f02-9dd7-a183e7d76144,,prj_Group Site-731051 Owners,False,,,True,None,APC,0,0,0,0,0,0,0,0,1424983,27487790694400,Group,prj_groupsite-731051@7rkd12.onmicrosoft.com,30
2026-08-10,98c69fba-3554-4f5e-99f1-9d8d87b934a7,,prj_Ada Team Site-182 Owners,False,,,True,None,APC,0,0,0,0,0,0,0,0,1425571,27487790694400,Group,prj_adateamsite-182@7rkd12.onmicrosoft.com,30
2026-08-10,9a9d1a05-2798-4ca4-8150-67bcf09bbd29,,displayname072 Owners,False,,,True,None,APC,0,0,0,0,0,0,0,0,1424713,27487790694400,Group,alias072@7rkd12.onmicrosoft.com,30
2026-08-10,9aab10bd-b5ac-407f-85a5-380f280ea15a,,Template2 Owners,False,2024-11-27,,True,None,APC,2,0,0,0,0,0,0,0,1547258,27487790694400,Group,Template2@7rkd12.onmicrosoft.com,30
2026-08-10,9b07d74d-3c7a-415b-883f-ce213546aea7,,prj_Team Site-731001 Owners,False,,,True,None,APC,0,0,0,0,0,0,0,0,1412933,27487790694400,Group,prj_teamsite-731001@7rkd12.onmicrosoft.com,30
2026-08-10,9b617acd-bd5a-43a8-b26a-b6a06b9419c6,,TEST123 Owners,False,,,True,None,APC,0,0,0,0,0,0,0,0,1467138,27487790694400,Group,TEST123@7rkd12.onmicrosoft.com,30
2026-08-10,9c46cd35-5217-4f2d-b9e6-8fa266c0c7cc,,prj_Ada Group Site-001 Owners,False,,,True,None,APC,0,0,0,0,0,0,0,0,1424960,27487790694400,Group,prj_adagroupsite-001@7rkd12.onmicrosoft.com,30
2026-08-10,9dbf797c-b977-43d6-bdf5-dde435403fe6,,prj_Team Site-731052 Owners,False,,,True,None,APC,0,0,0,0,0,0,0,0,1412865,27487790694400,Group,prj_teamsite-731052@7rkd12.onmicrosoft.com,30
2026-08-10,a225645c-354b-40a4-b780-88b7087c82bf,,prj_Team Site-731070 Owners,False,,,True,None,APC,0,0,0,0,0,0,0,0,1412885,27487790694400,Group,prj_teamsite-731070@7rkd12.onmicrosoft.com,30
2026-08-10,a3eedfe2-e8da-4b86-9746-7dcf66875bfa,,prj_Ada Team Site-150 Owners,False,,,True,None,APC,0,0,0,0,0,0,0,0,1425548,27487790694400,Group,prj_adateamsite-150@7rkd12.onmicrosoft.com,30
2026-08-10,a4ce45aa-0e7a-4f5f-bab7-27ae6f66780e,,prj_Group Site-731024 Owners,False,,,True,None,APC,0,0,0,0,0,0,0,0,1425537,27487790694400,Group,prj_groupsite-731024@7rkd12.onmicrosoft.com,30
2026-08-10,a5cf70fb-7954-4b3c-b6f9-48e3fe21cca8,,prj_Ada Group Site-178 Owners,True,,,True,None,APC,0,0,0,0,0,0,0,0,1413396,27487790694400,Group,prj_adagroupsite-178@7rkd12.onmicrosoft.com,30
2026-08-10,a62c1a50-1d86-4fcb-b99d-74da11025680,,prj_Ada Team Site-133 Owners,False,,,True,None,APC,0,0,0,0,0,0,0,0,1424932,27487790694400,Group,prj_adateamsite-133@7rkd12.onmicrosoft.com,30
2026-08-10,a7589247-efeb-4ae2-b6bc-148e5ae10e21,,prj_Ada Team Site-206 Owners,False,,,True,None,APC,0,0,0,0,0,0,0,0,1424993,27487790694400,Group,prj_adateamsite-206@7rkd12.onmicrosoft.com,30
2026-08-10,a876f170-4f28-4e0b-8971-326d5f216ee8,,Sales and Marketing Owners,False,,,True,None,APC,2,0,0,0,0,0,0,0,1539286,27487790694400,Group,SalesandMarketing@7rkd12.onmicrosoft.com,30
2026-08-10,a8ccda43-97d6-44d4-96f2-12f1c209be7a,,Demo Group Owners,False,2026-05-27,,True,None,APC,6,0,0,0,0,0,0,0,1829561,1099511627776,Group,DemoGroup@7rkd12.onmicrosoft.com,30
2026-08-10,a94e4187-8abc-45e4-951f-f319c46dec4e,,prj_Ada Team Site-085 Owners,False,,,True,None,APC,0,0,0,0,0,0,0,0,1424935,27487790694400,Group,prj_adateamsite-085@7rkd12.onmicrosoft.com,30
2026-08-10,a9f91625-5b7e-4bea-ae28-77133d8d7533,,prj_MihalGroupsite-005 Owners,False,,,True,None,APC,0,0,0,0,0,0,0,0,1413683,27487790694400,Group,prj_mihalgroupsite-005@7rkd12.onmicrosoft.com,30
2026-08-10,ac11ce03-f643-44d5-b581-07a24b09ce50,,prj_Ada Group Site-173 Owners,False,,,True,None,APC,0,0,0,0,0,0,0,0,1425594,27487790694400,Group,prj_adagroupsite-173@7rkd12.onmicrosoft.com,30
2026-08-10,ad3bef49-57bf-46e3-83e4-d6e4d72e79be,,prj_Ada Group Site-003 Owners,False,,,True,None,APC,0,0,0,0,0,0,0,0,1425046,27487790694400,Group,prj_adagroupsite-003@7rkd12.onmicrosoft.com,30
2026-08-10,b00169f7-4a61-4ab0-9192-973fbc054e6d,,DTEST1 Owners,False,2026-05-27,,False,None,APC,28,0,0,0,0,0,0,0,1989822,27487790694400,Group,DTEST1@7rkd12.onmicrosoft.com,30
2026-08-10,b0836f50-eb77-495c-9042-3aeede21899a,,prj_Ada Group Site-036 Owners,False,,,True,None,APC,0,0,0,0,0,0,0,0,1425521,27487790694400,Group,prj_adagroupsite-036@7rkd12.onmicrosoft.com,30
2026-08-10,b0f8c62f-dde7-40fe-a573-35affbc895d9,,Event Retention Demo Owners,False,2025-01-08,,True,None,APC,3,0,0,0,0,0,0,0,1886390,27487790694400,Group,EventRetentionDemo@7rkd12.onmicrosoft.com,30
2026-08-10,b19b0714-c51c-4184-a40a-34ba68430f9b,,prj_Group Site-731036 Owners,False,,,True,None,APC,0,0,0,0,0,0,0,0,1425762,27487790694400,Group,prj_groupsite-731036@7rkd12.onmicrosoft.com,30
2026-08-10,b3054f69-f850-4f1f-9857-02f6b4fc691a,,prj_MihalGroupsite-006 Owners,False,2026-08-06,,True,None,APC,1,2,1,1,0,0,0,0,1550538,27487790694400,Group,prj_mihalgroupsite-006@7rkd12.onmicrosoft.com,30
2026-08-10,b53192d1-f3d1-44ae-a252-228d06aba0ed,,prj_Ada Team Site-200 Owners,False,,,True,None,APC,0,0,0,0,0,0,0,0,1425411,27487790694400,Group,prj_adateamsite-200@7rkd12.onmicrosoft.com,30
2026-08-10,b5866c95-9e3c-4a75-aaa0-198f5f62ee5c,,prj_Team Site-731012 Owners,False,,,True,None,APC,0,0,0,0,0,0,0,0,1413502,27487790694400,Group,prj_teamsite-731012@7rkd12.onmicrosoft.com,30
2026-08-10,b6b9c104-b2ac-41b1-852d-a0a882fa8317,,prj_Ada Group Site-033 Owners,False,,,True,None,APC,0,0,0,0,0,0,0,0,1425585,27487790694400,Group,prj_adagroupsite-033@7rkd12.onmicrosoft.com,30
2026-08-10,b8d1bca0-089d-42d2-9ea5-fcd42eb13e05,,prj_Group Site-731031 Owners,False,,,True,None,APC,0,0,0,0,0,0,0,0,1425099,27487790694400,Group,prj_groupsite-731031@7rkd12.onmicrosoft.com,30
2026-08-10,b951e843-0d25-4963-a6d1-48691b0c1afb,,"prj_Ada - `~!@#$%^&*_+[2]{3}|\;'4':""5""<6>?,./ Owners",False,,,True,None,APC,0,0,0,0,0,0,0,0,1425807,42949672960,Group,1111@7rkd12.onmicrosoft.com,30
2026-08-10,b9aaa828-112f-44a5-a833-9231b4839beb,,prj_Team Site-731090 Owners,False,,,True,None,APC,0,0,0,0,0,0,0,0,1412864,27487790694400,Group,prj_teamsite-731090@7rkd12.onmicrosoft.com,30
2026-08-10,ba296776-28a7-42bc-abe9-d83454c3a912,,SensitivityLabelTest Owners,False,2025-07-15,,True,None,APC,25,0,0,0,0,0,0,0,2963196,27487790694400,Group,SensitivityLabelTest@7rkd12.onmicrosoft.com,30
2026-08-10,baa47b0b-dfe0-44ca-b921-ef5d0476d119,,prj_Team Site-731023 Owners,False,,,True,None,APC,0,0,0,0,0,0,0,0,1413508,27487790694400,Group,prj_teamsite-731023@7rkd12.onmicrosoft.com,30
2026-08-10,bbb28b18-c55c-4b90-b631-8c227bad9830,,project group site Owners,False,2026-05-22,,True,None,APC,2,0,0,0,0,0,0,0,1517193,20401094656,Group,projectgroupsite@7rkd12.onmicrosoft.com,30
2026-08-10,bc686cb7-a017-48d2-af38-f9c0e7de33c1,,prj_Ada Team Site-244 Owners,False,,,True,None,APC,0,0,0,0,0,0,0,0,1425573,27487790694400,Group,prj_adateamsite-244@7rkd12.onmicrosoft.com,30
2026-08-10,be904c10-2336-4111-aa98-83ded719e8b7,,prj_Team Site-731061 Owners,False,,,True,None,APC,0,0,0,0,0,0,0,0,1413123,27487790694400,Group,prj_teamsite-731061@7rkd12.onmicrosoft.com,30
2026-08-10,bff9b030-4ca9-4884-8a18-8c8634526439,,prj_Team Site-731085 Owners,False,,,True,None,APC,0,0,0,0,0,0,0,0,1413139,27487790694400,Group,prj_teamsite-731085@7rkd12.onmicrosoft.com,30
2026-08-10,c037e90d-cf76-45bb-9696-7482c35ce50d,,prj_Ada Team Site-090 Owners,False,,,True,None,APC,0,0,0,0,0,0,0,0,1425074,27487790694400,Group,prj_adateamsite-090@7rkd12.onmicrosoft.com,30
2026-08-10,c194f14a-0058-47f7-a3ab-77a7c69030aa,,prj_Ada Team Site-095 Owners,False,,,True,None,APC,0,0,0,0,0,0,0,0,1425495,27487790694400,Group,prj_adateamsite-095@7rkd12.onmicrosoft.com,30
2026-08-10,c22a7677-e474-4a3e-a8b3-4f161b8e746c,,prj_Ada Team Site-181 Owners,False,,,True,None,APC,0,0,0,0,0,0,0,0,1425530,27487790694400,Group,prj_adateamsite-181@7rkd12.onmicrosoft.com,30
2026-08-10,c279fe7d-48bb-484a-af99-1c562bdd4169,,prj_Ada Team Site-124 Owners,False,,,True,None,APC,0,0,0,0,0,0,0,0,1425535,27487790694400,Group,prj_adateamsite-124@7rkd12.onmicrosoft.com,30
2026-08-10,c4b846b2-22a6-43a0-993e-4fae1b37834e,,prj_Group Site-731014 Owners,False,,,True,None,APC,0,0,0,0,0,0,0,0,1425110,27487790694400,Group,prj_groupsite-731014@7rkd12.onmicrosoft.com,30
2026-08-10,c561d0ae-4450-4517-bc34-d3b8e5d08897,,ADB-Project Template Owners,False,2026-03-06,,True,None,APC,6,0,0,0,0,0,0,0,2820123,27487790694400,Group,ADB-ProjectTemplate@7rkd12.onmicrosoft.com,30
2026-08-10,c7f26371-ac7b-43d4-b949-34a336469edb,,prj_teams-1 Owners,False,2026-07-29,,False,None,APC,1,2,1,1,0,0,0,0,1905997,27487790694400,Group,prj_teams-1@7rkd12.onmicrosoft.com,30
2026-08-10,c827b17f-bfd2-4515-ae43-97a2df6b51bf,,prj_Group Site-731095 Owners,False,,,True,None,APC,0,0,0,0,0,0,0,0,1425710,27487790694400,Group,prj_groupsite-731095@7rkd12.onmicrosoft.com,30
2026-08-10,c8d22e6f-a04b-4ff6-b888-f2afd22b3af7,,prj_Ada Team Site-096 Owners,False,,,True,None,APC,0,0,0,0,0,0,0,0,1425020,27487790694400,Group,prj_adateamsite-096@7rkd12.onmicrosoft.com,30
2026-08-10,ca6a37ac-ecef-49e9-851c-1698629c8564,,test0708 Owners,False,2026-07-09,,False,None,APC,2,0,0,0,0,0,0,0,2103596,27487790694400,Group,test0708@7rkd12.onmicrosoft.com,30
2026-08-10,cacd7800-1a7b-4444-8f58-55c927017e52,,prj_Ada Team Site-153 Owners,False,,,True,None,APC,0,0,0,0,0,0,0,0,1424940,27487790694400,Group,prj_adateamsite-153@7rkd12.onmicrosoft.com,30
2026-08-10,cb59cd6a-2a7e-484e-9222-6274587df504,,prj_Ada Team Site-158 Owners,False,,,True,None,APC,0,0,0,0,0,0,0,0,1424898,27487790694400,Group,prj_adateamsite-158@7rkd12.onmicrosoft.com,30
2026-08-10,cd321f28-5b6c-4dbd-a8ce-acc1d95cc114,,prj_temp-004 Owners,False,2026-07-07,,False,None,APC,3,0,0,0,0,0,0,0,1784845,27487790694400,Group,prj_temp-004@7rkd12.onmicrosoft.com,30
2026-08-10,cd73c952-0fca-408e-b26d-e89425ba7c9e,,Project2 Owners,True,2026-04-20,,True,None,APC,341,0,0,0,0,0,0,0,78178418414,214748364800,Group,Project2@7rkd12.onmicrosoft.com,30
2026-08-10,cf030057-124a-46f7-bb05-e7b610758490,,prj_Ada Team Site-242 Owners,False,,,True,None,APC,0,0,0,0,0,0,0,0,1425000,27487790694400,Group,prj_adateamsite-242@7rkd12.onmicrosoft.com,30
2026-08-10,cf99c152-73f8-4351-933f-2f63cc9c73b1,,mihal-display-name-28 Owners,False,,,True,None,APC,0,0,0,0,0,0,0,0,1425002,27487790694400,Group,mihal-alias28@7rkd12.onmicrosoft.com,30
2026-08-10,d0211610-eeb8-4870-ab1e-72a55e40dc5d,,displayname071 Owners,False,,,True,None,APC,0,0,0,0,0,0,0,0,1425161,27487790694400,Group,alias071@7rkd12.onmicrosoft.com,30
2026-08-10,d07ce7be-f5c0-41b4-8b42-718d871fffee,,prj_Ada Team Site-080 Owners,False,,,True,None,APC,0,0,0,0,0,0,0,0,1425562,27487790694400,Group,prj_adateamsite-080@7rkd12.onmicrosoft.com,30
2026-08-10,d092da59-b945-4c40-9706-771649499a1f,,prj_Ada Team Site-051 Owners,False,,,True,None,APC,0,0,0,0,0,0,0,0,1424959,27487790694400,Group,prj_adateamsite-051@7rkd12.onmicrosoft.com,30
2026-08-10,d101327d-b201-4c6d-99f1-06af269fec2e,,displayname170 Owners,False,,,True,None,APC,0,0,0,0,0,0,0,0,1424810,27487790694400,Group,alias170@7rkd12.onmicrosoft.com,30
2026-08-10,d3547f1f-9e0f-4a80-9db3-17a0455844b6,,Mark 8 Project Team Owners,False,2026-07-23,,True,None,APC,48,1,0,0,0,0,0,0,46875941,27487790694400,Group,Mark8ProjectTeam@7rkd12.onmicrosoft.com,30
2026-08-10,d4fb7a21-19ed-4eb4-a8c5-e41f77815196,,prj_Ada Team Site-129 Owners,False,,,True,None,APC,0,0,0,0,0,0,0,0,1424887,27487790694400,Group,prj_adateamsite-129@7rkd12.onmicrosoft.com,30
2026-08-10,d5b2cb6f-3e73-4dd8-ac31-c991b16e76bc,,prj_Ada Team Site-198 Owners,False,,,True,None,APC,0,0,0,0,0,0,0,0,1425592,27487790694400,Group,prj_adateamsite-198@7rkd12.onmicrosoft.com,30
2026-08-10,d5e9ee60-af67-4ca9-86a0-a9e47d9176ab,,prj_Team Site-731084 Owners,False,,,True,None,APC,0,0,0,0,0,0,0,0,1413494,27487790694400,Group,prj_teamsite-731084@7rkd12.onmicrosoft.com,30
2026-08-10,d5eb23a9-e00b-4d0b-8089-36372723d2e1,,prj_Group Site-731003 Owners,False,,,True,None,APC,0,0,0,0,0,0,0,0,1425050,27487790694400,Group,prj_groupsite-731003@7rkd12.onmicrosoft.com,30
2026-08-10,d6701e84-b738-406f-8f9b-8db4bd772b5f,,prj_Ada Team Site-064 Owners,False,,,True,None,APC,0,0,0,0,0,0,0,0,1424950,27487790694400,Group,prj_adateamsite-064@7rkd12.onmicrosoft.com,30
2026-08-10,d67a8c03-5395-4294-9889-334a555c59ee,,mihal-migrate-tenant Owners,False,2026-01-16,,True,None,APC,11,0,0,0,0,0,0,0,5083371,2748779069440,Group,mihal-migrate-tenant@7rkd12.onmicrosoft.com,30
2026-08-10,d99f517c-1fb6-42b2-8723-5dca753b8b9c,,ADB DRM Test Accounts Owners,False,2025-12-18,,True,None,APC,3,0,0,0,0,0,0,0,1629918,27487790694400,Group,adbtestaccounts@7rkd12.onmicrosoft.com,30
2026-08-10,da6be4bb-eb25-4bd6-bb0b-9e80af7b2bc8,,prj_Group Site-731030 Owners,False,,,True,None,APC,0,0,0,0,0,0,0,0,1425682,27487790694400,Group,prj_groupsite-731030@7rkd12.onmicrosoft.com,30
2026-08-10,dbabe470-886a-49cf-b8fe-bd11a363c0bd,,System account test Owners,False,2025-03-25,,True,None,APC,2,0,0,0,0,0,0,0,1555393,27487790694400,Group,Systemaccounttest@7rkd12.onmicrosoft.com,30
2026-08-10,dbd305a5-3a8f-4ca0-87da-a78d0514c3f8,,prj_Ada Team Site-057 Owners,False,,,True,None,APC,0,0,0,0,0,0,0,0,1425554,27487790694400,Group,prj_adateamsite-057@7rkd12.onmicrosoft.com,30
2026-08-10,dfac6435-8dae-4ccc-b775-418dbf081f1d,,prj_Ada Team Site-079 Owners,False,,,True,None,APC,0,0,0,0,0,0,0,0,1425614,27487790694400,Group,prj_adateamsite-079@7rkd12.onmicrosoft.com,30
2026-08-10,e097a670-a374-420f-9a97-866f787aecba,,Testsite Owners,False,2025-07-17,,True,None,APC,81,0,0,0,0,0,0,0,69853278,27487790694400,Group,Testsite@7rkd12.onmicrosoft.com,30
2026-08-10,e2700157-bf60-4fe9-bc08-892f66eaffad,,prj_Ada Team Site-111 Owners,False,,,True,None,APC,0,0,0,0,0,0,0,0,1425532,27487790694400,Group,prj_adateamsite-111@7rkd12.onmicrosoft.com,30
2026-08-10,e6673e2e-9c21-475e-91fc-1406dcd39a51,,prj_Team Site-731033 Owners,False,,,True,None,APC,0,0,0,0,0,0,0,0,1425037,27487790694400,Group,prj_teamsite-731033@7rkd12.onmicrosoft.com,30
2026-08-10,e7ff355d-e726-4ddd-82e1-484ae82c67ff,,prj_Ada Team Site-217 Owners,False,,,True,None,APC,0,0,0,0,0,0,0,0,1424964,27487790694400,Group,prj_adateamsite-217@7rkd12.onmicrosoft.com,30
2026-08-10,e92fbdf6-5c55-49b2-8b58-9e03e9efaa6f,,demo624 Owners,False,2026-05-27,,True,None,APC,15,0,0,0,0,0,0,0,5793310,27487790694400,Group,demo624@7rkd12.onmicrosoft.com,30
2026-08-10,e939caab-e18b-4399-a7ce-216cec2d4b7b,,prj_Team Site-731058 Owners,False,,,True,None,APC,0,0,0,0,0,0,0,0,1412874,27487790694400,Group,prj_teamsite-731058@7rkd12.onmicrosoft.com,30
2026-08-10,ea416d75-432b-4b62-8589-e4fbea680fb7,,prj_Ada Group Site-056 Owners,False,,,True,None,APC,0,0,0,0,0,0,0,0,1424937,27487790694400,Group,prj_adagroupsite-056@7rkd12.onmicrosoft.com,30
2026-08-10,ec514b29-07e8-46a0-8fe6-8baa61151a72,,Template Site Owners,False,2024-11-26,,True,None,APC,2,0,0,0,0,0,0,0,1548749,27487790694400,Group,TemplateSite@7rkd12.onmicrosoft.com,30
2026-08-10,ed4a3d31-39af-497a-829e-21b647b95972,,Mark8ProjectTeamclassic Owners,False,2026-05-01,,True,None,APC,107,0,0,0,0,0,0,0,407164065,27487790694400,Group,Mark8ProjectTeamclassic@7rkd12.onmicrosoft.com,30
2026-08-10,ee04f872-e225-4d45-a5fb-4abdfd6b256a,,prj_Ada Team Site-176 Owners,False,,,True,None,APC,0,0,0,0,0,0,0,0,1425031,27487790694400,Group,prj_adateamsite-176@7rkd12.onmicrosoft.com,30
2026-08-10,ee38fdd2-0595-48a1-88cd-efcb248ff986,,prj_Team Site-731021 Owners,False,,,True,None,APC,0,0,0,0,0,0,0,0,1413533,27487790694400,Group,prj_teamsite-731021@7rkd12.onmicrosoft.com,30
2026-08-10,eeed4572-be85-4923-a4b4-4c380e973e1a,,prj_Ada Team Site-233 Owners,False,,,True,None,APC,0,0,0,0,0,0,0,0,1424856,27487790694400,Group,prj_adateamsite-233@7rkd12.onmicrosoft.com,30
2026-08-10,efb8acd9-53d6-47af-a47b-359005975cac,,prj_Group Site-731018 Owners,False,,,True,None,APC,0,0,0,0,0,0,0,0,1425031,27487790694400,Group,prj_groupsite-731018@7rkd12.onmicrosoft.com,30
2026-08-10,effb4988-1d5c-494d-9dec-ce3a88b29874,,prj_Team Site-731054 Owners,False,,,True,None,APC,0,0,0,0,0,0,0,0,1413338,27487790694400,Group,prj_teamsite-731054@7rkd12.onmicrosoft.com,30
2026-08-10,f0c4af05-a321-4984-9b3a-5a0e5ad1b21f,,prj_Team Site-731041 Owners,False,,,True,None,APC,0,0,0,0,0,0,0,0,1412848,27487790694400,Group,prj_teamsite-731041@7rkd12.onmicrosoft.com,30
2026-08-10,f0c981af-1f11-4d83-9182-a60495311697,,mihal-display-name-17 Owners,False,,,True,None,APC,0,0,0,0,0,0,0,0,1424916,27487790694400,Group,mihal-alias17@7rkd12.onmicrosoft.com,30
2026-08-10,f106beae-f1b7-4953-bc53-585f31ea05db,,prj_Ada Team Site-231 Owners,False,,,True,None,APC,0,0,0,0,0,0,0,0,1424906,27487790694400,Group,prj_adateamsite-231@7rkd12.onmicrosoft.com,30
2026-08-10,f22fa890-14bb-48fc-ad28-f0ee2436c07c,,prj_Ada Team Site-192 Owners,False,,,True,None,APC,0,0,0,0,0,0,0,0,1425601,27487790694400,Group,prj_adateamsite-192@7rkd12.onmicrosoft.com,30
2026-08-10,f36e964c-d2dd-4677-9ff4-5d5083031888,,prj_Group Site-731001 Owners,False,,,True,None,APC,0,0,0,0,0,0,0,0,1412843,27487790694400,Group,prj_groupsite-731001@7rkd12.onmicrosoft.com,30
2026-08-10,f42644e3-8efe-4104-b769-15fded36526d,,"prj_Ada - `~!@#$%^&*_+[2]{3}|\;'4':""5""<6>?,./ Owners",False,,,True,None,APC,0,0,0,0,0,0,0,0,1425690,27487790694400,Group,prj_ada-'._@7rkd12.onmicrosoft.com,30
2026-08-10,f4fbc1a6-706e-404e-a318-e79dcb518880,,prj_Group Site-731059 Owners,False,,,True,None,APC,0,0,0,0,0,0,0,0,1425014,27487790694400,Group,prj_groupsite-731059@7rkd12.onmicrosoft.com,30
2026-08-10,f78b949c-7572-418c-baca-eb56a2701afc,,prj_Group Site-731017 Owners,False,,,True,None,APC,0,0,0,0,0,0,0,0,1425300,27487790694400,Group,prj_groupsite-731017@7rkd12.onmicrosoft.com,30
2026-08-10,f8507768-0660-4bfb-922a-21292e1cdef9,,adal1 Owners,False,2025-08-26,,True,None,APC,7,0,0,0,0,0,0,0,1884198,10737418240,Group,adal1@7rkd12.onmicrosoft.com,30
2026-08-10,f8d9e497-1b40-4f46-bfff-d6a912b7c6ab,,prj_Ada Team Site-122 Owners,False,,,True,None,APC,0,0,0,0,0,0,0,0,1424945,27487790694400,Group,prj_adateamsite-122@7rkd12.onmicrosoft.com,30
2026-08-10,f8e7f033-7cd2-49ed-9c8e-6d0b46c44c3d,,prj_Team Site-731005 Owners,False,,,True,None,APC,0,0,0,0,0,0,0,0,1425729,27487790694400,Group,prj_teamsite-731005@7rkd12.onmicrosoft.com,30
2026-08-10,f9949e02-f30e-42ed-810c-1fcb7d0e2671,,prj_Ada Team Site-218 Owners,False,,,True,None,APC,0,0,0,0,0,0,0,0,1424900,27487790694400,Group,prj_adateamsite-218@7rkd12.onmicrosoft.com,30
2026-08-10,f9e19ea6-32c6-403d-878c-27f3f8e695ce,,prj_Group Site-731055 Owners,False,,,True,None,APC,0,0,0,0,0,0,0,0,1425363,27487790694400,Group,prj_groupsite-731055@7rkd12.onmicrosoft.com,30
2026-08-10,fa730971-b0f8-4a6c-bd84-7f84e1748c8b,,RetentionLabelTest Owners,False,2026-04-23,,True,None,APC,12,0,0,0,0,0,0,0,2013316,27487790694400,Group,RetentionLabelTest@7rkd12.onmicrosoft.com,30
2026-08-10,fa80da7d-766c-48b6-8ee3-5380e72e0007,,prj_Ada Team Site-093 Owners,False,,,True,None,APC,0,0,0,0,0,0,0,0,1425579,27487790694400,Group,prj_adateamsite-093@7rkd12.onmicrosoft.com,30
2026-08-10,fad1abc7-41bf-43fe-9a09-e4918c7f9e34,,prj_Ada Team Site-163 Owners,False,,,True,None,APC,0,0,0,0,0,0,0,0,1425030,27487790694400,Group,prj_adateamsite-163@7rkd12.onmicrosoft.com,30
2026-08-10,fb60d037-c706-472c-b265-13a4043e50d2,,SalesAndMarketingfly Owners,False,,,True,None,APC,41,0,0,0,0,0,0,0,22910456,27487790694400,Group,SalesAndMarketingfly@7rkd12.onmicrosoft.com,30
2026-08-10,fd4d47d3-86db-4b42-b774-2683f4756763,,teams77 Owners,False,2026-07-07,,True,None,APC,3,0,0,0,0,0,0,0,1741812,27487790694400,Group,teams77@7rkd12.onmicrosoft.com,30
2026-08-10,fe184767-5460-4773-a16d-6ef1d7932f4d,,prj_Ada Team Site-066 Owners,False,,,True,None,APC,0,0,0,0,0,0,0,0,1425482,27487790694400,Group,prj_adateamsite-066@7rkd12.onmicrosoft.com,30
2026-08-10,ffc4eb4c-f3b9-4cf6-b91b-2600c69a5b44,,ADB Test site Owners,False,2025-08-28,,True,None,APC,27,0,0,0,0,0,0,0,4573796,27487790694400,Group,ADBTestsite@7rkd12.onmicrosoft.com,30
2026-08-10,0a97c14e-ac72-4873-b4d5-59b9ffb94581,,Admin ADB,False,2025-12-15,,True,None,APC,73,0,0,0,0,0,0,0,21346196,42949672960,Site Page Publishing,Admin@7rkd12.onmicrosoft.com,30
2026-08-10,0f1dbac4-683e-40f9-a821-b65510ef7754,,Ryan Test,False,2026-06-15,,True,None,APC,11,0,0,0,0,0,0,0,2739554,42949672960,Site Page Publishing,RyanTest@7rkd12.onmicrosoft.com,30
2026-08-10,0fc4e75b-ee22-4062-ba3b-446597634d80,,Alex Wilber,False,2026-06-11,,True,None,APC,32,0,0,0,0,0,0,0,8090549,42949672960,Document Center,AlexW@7rkd12.onmicrosoft.com,30
2026-08-10,130dc019-52f1-4cbd-94d5-107115196d99,,Leah Test,False,2024-12-20,,True,None,APC,9,0,0,0,0,0,0,0,2695629,42949672960,Site Page Publishing,LeahTest@7rkd12.onmicrosoft.com,30
2026-08-10,14c8b97f-9169-4c33-a4cd-a9a8ed7ce076,,Admin ADB,False,,,False,None,APC,1,0,0,0,0,0,0,0,1659070,42949672960,Site Page Publishing,Admin@7rkd12.onmicrosoft.com,30
2026-08-10,1899eb00-c56e-434c-9306-d21c6143966d,,System Account,False,,,False,None,APC,0,0,0,0,0,0,0,0,11548,27487790694400,,,30
2026-08-10,18da3199-2dc8-4c87-934f-1536078bc9b6,,Alex Wilber,False,2026-06-11,,True,None,APC,18,0,0,0,0,0,0,0,5364881,42949672960,Document Center,AlexW@7rkd12.onmicrosoft.com,30
2026-08-10,1cf664ea-f7e9-442b-a164-784833dd09e5,,System Account,False,,,False,None,APC,0,0,0,0,0,0,0,0,11549,27487790694400,,,30
2026-08-10,208c4977-236d-426b-a697-cb400fe93711,,Admin ADB,False,2025-05-27,,True,None,APC,465,0,0,0,0,0,0,0,313779197,42949672960,Site Page Publishing,Admin@7rkd12.onmicrosoft.com,30
2026-08-10,287aed40-6189-41f0-9321-4bae4c64a7ed,,Leila Test,False,2026-04-30,,False,None,APC,2,0,0,0,0,0,0,0,1811994,42949672960,Site Page Publishing,LeilaTest@7rkd12.onmicrosoft.com,30
2026-08-10,3fbaaa19-b443-4c4f-8fd8-f57b814d3176,,Admin ADB,False,2026-04-13,,True,None,APC,0,0,0,0,0,0,0,0,762934,27487790694400,Team Channel,Admin@7rkd12.onmicrosoft.com,30
2026-08-10,458a63f2-87cd-47f0-8b3b-ef1720324644,,Migration,False,,,True,None,APC,8,0,0,0,0,0,0,0,876807,27487790694400,Team Channel,Migration@7rkd12.onmicrosoft.com,30
2026-08-10,4ff006b0-454e-4a5d-8053-5ba481fc3c91,,Migration,False,,,True,None,APC,3,0,0,0,0,0,0,0,786352,27487790694400,Team Channel,Migration@7rkd12.onmicrosoft.com,30
2026-08-10,51d28577-6d32-4aa6-91e4-ed3b072abef5,,Bonnie Test,False,2026-04-28,,True,None,APC,2,0,0,0,0,0,0,0,836886,1099511627776,Team Channel,BonnieTest@7rkd12.onmicrosoft.com,30
2026-08-10,5216059b-440c-4e1d-a3ad-9e72a6d114e4,,Alex Wilber,False,2024-09-10,,True,None,APC,6,0,0,0,0,0,0,0,1984964,42949672960,Site Page Publishing,AlexW@7rkd12.onmicrosoft.com,30
2026-08-10,55969081-3dc6-4d20-b60d-a26f3637e018,,System Account,False,,,False,None,APC,0,0,0,0,0,0,0,0,11549,27487790694400,,,30
2026-08-10,595a7f37-c0df-444f-8771-04a97bd4398f,,Admin ADB,False,,,False,None,APC,1,0,0,0,0,0,0,0,1658974,42949672960,Site Page Publishing,Admin@7rkd12.onmicrosoft.com,30
2026-08-10,5e1e58d0-10e5-4b16-a087-3e15b561c67d,,Global Administrator,False,,,False,None,APC,5,0,0,0,0,0,0,0,4170664,27487790694400,Compliance Policy Center,,30
2026-08-10,5fddd02f-0529-458c-9dca-fc856373a1dd,,Admin ADB,False,2026-06-11,,True,None,APC,18,0,0,0,0,0,0,0,5915346,42949672960,Document Center,Admin@7rkd12.onmicrosoft.com,30
2026-08-10,6055e988-3155-4f5a-b291-64914499cb9c,,Admin ADB,False,2025-11-12,,True,None,APC,17,0,0,0,0,0,0,0,3606612,42949672960,Site Page Publishing,Admin@7rkd12.onmicrosoft.com,30
2026-08-10,6253f9d6-04c0-4ba2-8dee-f3f8a7d73c0e,,Admin ADB,False,2025-11-13,,False,None,APC,55,0,0,0,0,0,0,0,13895386,42949672960,Site Page Publishing,Admin@7rkd12.onmicrosoft.com,30
2026-08-10,6a0b972e-b666-4847-9611-0e22343f1bac,,Global Administrator,False,,,True,None,APC,0,0,0,0,0,0,0,0,1846224,42949672960,Basic Search Center,,30
2026-08-10,73829721-2a12-49c5-a728-37a4e077ae79,,Global Administrator,False,2026-08-10,,True,None,APC,28,24,18,10,0,0,0,0,4937060,42949672960,App Catalog Site,,30
2026-08-10,868273b3-c8a4-46bd-af95-ac768ac53147,,Global Administrator,False,2026-08-10,,False,None,APC,3,3,17,4,0,0,0,0,79104565,27487790694400,Tenant Admin Site,,30
2026-08-10,89b916b1-f373-488d-aba6-198bf582a49d,,Admin ADB,False,2025-11-24,,True,None,APC,24,0,0,0,0,0,0,0,2717483,42949672960,Site Page Publishing,Admin@7rkd12.onmicrosoft.com,30
2026-08-10,8d49f03b-575a-4f57-9622-3e3b854f0bc4,,NT Service\sptimerv4,False,,,False,None,APC,11,0,0,0,0,0,0,0,1087919,27487790694400,SharePoint Online Tenant Fundamental Site,,30
2026-08-10,8eca0cd1-6e94-4309-830c-3124888e62b5,,Admin ADB,False,2026-07-01,,True,None,APC,370,0,0,0,0,0,0,0,304658955,42949672960,Document Center,Admin@7rkd12.onmicrosoft.com,30
2026-08-10,8fa5b5c5-3f92-46ef-b5ea-512a92a37d12,,Bonnie Test,False,2026-04-28,,True,None,APC,2,0,0,0,0,0,0,0,928893,1099511627776,Team Channel,BonnieTest@7rkd12.onmicrosoft.com,30
2026-08-10,99a285c0-001f-4503-b8f8-e568f3f05552,,Admin ADB,False,2026-06-11,,True,None,APC,35,0,0,0,0,0,0,0,8916100,42949672960,Document Center,Admin@7rkd12.onmicrosoft.com,30
2026-08-10,a3200fe5-508d-429a-9461-a4fa4274019b,,Admin ADB,False,2026-07-23,,True,None,APC,30,4,6,3,0,0,0,0,21165207,42949672960,Document Center,Admin@7rkd12.onmicrosoft.com,30
2026-08-10,b1a3d1c1-4e19-4179-8425-addb5f610547,,Migration,False,,,True,None,APC,3,0,0,0,0,0,0,0,799909,27487790694400,Team Channel,Migration@7rkd12.onmicrosoft.com,30
2026-08-10,b2602c7d-a018-4262-8c45-053feea1002f,,Global Administrator,False,2026-08-10,,True,None,APC,17,2,35,9,0,0,0,0,4815469,42949672960,Site Page Publishing,,30
2026-08-10,b424fdc0-3b08-462d-af45-aa0d8d9de50e,,Bonnie Test,False,2026-06-29,,True,None,APC,90,0,0,0,0,0,0,0,55071258,42949672960,Site Page Publishing,BonnieTest@7rkd12.onmicrosoft.com,30
2026-08-10,c59f4e19-5419-4cf4-90fc-c0793436462e,,Admin ADB,False,2026-06-15,,True,None,APC,37,0,0,0,0,0,0,0,4906931,27487790694400,Team Channel,Admin@7rkd12.onmicrosoft.com,30
2026-08-10,d20443b2-81c9-4330-936d-2e20b8df2f44,,System Account,False,,,False,None,APC,0,0,0,0,0,0,0,0,11550,27487790694400,,,30
2026-08-10,d3967649-bc01-4815-93dc-d6d814324869,,Admin ADB,False,2026-01-30,,False,None,APC,27,0,0,0,0,0,0,0,6411428,42949672960,Site Page Publishing,Admin@7rkd12.onmicrosoft.com,30
2026-08-10,dfee2f26-5154-413d-98ad-d0df2d9edfb6,,Alex Wilber,False,2024-11-17,,True,None,APC,6,0,0,0,0,0,0,0,1984487,42949672960,Site Page Publishing,AlexW@7rkd12.onmicrosoft.com,30
2026-08-10,e46fe816-611e-41ad-af13-4a6fa5279adc,,Global Administrator,False,2026-06-24,,True,None,APC,222,0,0,0,0,0,0,0,2938329,27487790694400,My Site Host,,30
2026-08-10,e4894dac-99a3-4488-93d9-955b11cd9c9d,,Admin ADB,False,2025-11-13,,False,None,APC,25,0,0,0,0,0,0,0,8185994,42949672960,Site Page Publishing,Admin@7rkd12.onmicrosoft.com,30
2026-08-10,e5ce0016-2c31-473b-8771-957e4f5af3a1,,System Account,False,,,False,None,APC,0,0,0,0,0,0,0,0,11548,27487790694400,,,30
2026-08-10,e6e10096-2577-4afb-bf22-aff9f0cb03bc,,Admin ADB,False,2026-04-16,,True,None,APC,58,0,0,0,0,0,0,0,64267954,42949672960,Site Page Publishing,Admin@7rkd12.onmicrosoft.com,30
2026-08-10,e7ac1fd3-81d6-474d-9f5b-d3680a0535a1,,Ryan Test,False,2024-12-18,,True,None,APC,7,0,0,0,0,0,0,0,1897226,42949672960,Site Page Publishing,RyanTest@7rkd12.onmicrosoft.com,30
2026-08-10,ec6f5bc3-a1e3-4f2a-9544-b04eb627306f,,Alex Test,False,2025-07-01,,True,None,APC,13,0,0,0,0,0,0,0,2217050,42949672960,Site Page Publishing,AlexTest@7rkd12.onmicrosoft.com,30
2026-08-10,f001f1ef-771e-4c44-b969-e023bec96acc,,System Account,False,,,False,None,APC,0,0,0,0,0,0,0,0,11550,27487790694400,,,30
2026-08-10,f0c1d17d-db81-4c92-b22a-1ee71c159fc6,,Ryan Test,False,2024-12-18,,True,None,APC,6,0,0,0,0,0,0,0,1709823,42949672960,Site Page Publishing,RyanTest@7rkd12.onmicrosoft.com,30
2026-08-10,f37120b1-e321-4027-899e-67344fb28654,,Admin ADB,False,2025-11-12,,True,None,APC,43,0,0,0,0,0,0,0,3430504,42949672960,Site Page Publishing,Admin@7rkd12.onmicrosoft.com,30
2026-08-10,f71d9209-ed19-4123-a80f-1133ea7915e8,,System Account,False,,,False,None,APC,0,0,0,0,0,0,0,0,11549,27487790694400,,,30
2026-08-10,001206dc-d9c5-4eef-9415-1cbe9f09f043,,Admin ADB,False,,,True,None,APC,30,0,0,0,0,0,0,0,4923964,42949672960,Team Site,Admin@7rkd12.onmicrosoft.com,30
2026-08-10,00ad1174-543d-45dd-91d9-1145ca89d01e,,Bonnie Test,False,,,True,None,APC,30,0,0,0,0,0,0,0,4924566,42949672960,Team Site,BonnieTest@7rkd12.onmicrosoft.com,30
2026-08-10,00ad160a-e92c-426b-b184-f45056fa16fe,,adagroup-001-displayname Owners,True,,,True,None,APC,30,0,0,0,0,0,0,0,4873343,27487790694400,Team Site,adagroup-001@7rkd12.onmicrosoft.com,30
2026-08-10,00e10ff7-c6e5-4f08-a39d-9965b31363cd,,prj_Group Site-731025 Owners,False,,,True,None,APC,30,0,0,0,0,0,0,0,4943177,42949672960,Team Site,prj_groupsite-731025@7rkd12.onmicrosoft.com,30
2026-08-10,010b6655-334b-42de-bccd-0d9e29ef4968,,Bonnie Test,False,,,True,None,APC,30,0,0,0,0,0,0,0,4946739,42949672960,Team Site,BonnieTest@7rkd12.onmicrosoft.com,30
2026-08-10,010c6fe2-b95f-4485-bde7-b4027d8d95ca,,Admin ADB,False,2026-07-29,,True,None,APC,30,4,1,1,0,0,0,0,4924333,42949672960,Team Site,Admin@7rkd12.onmicrosoft.com,30
2026-08-10,011da6bd-aaaf-4633-b8db-ab0c752fb2a3,,Admin ADB,True,,,False,None,APC,0,0,0,0,0,0,0,0,1465958,27487790694400,Team Site,Admin@7rkd12.onmicrosoft.com,30
2026-08-10,01265978-c11a-4464-8ca7-bd2129068db0,,Admin ADB,True,,,False,None,APC,0,0,0,0,0,0,0,0,1465946,27487790694400,Team Site,Admin@7rkd12.onmicrosoft.com,30
2026-08-10,015f3334-80c4-4c67-8448-fcb10cc92cb3,,Admin ADB,True,,,False,None,APC,0,0,0,0,0,0,0,0,1465905,27487790694400,Team Site,Admin@7rkd12.onmicrosoft.com,30
2026-08-10,018664a1-855a-486a-98dd-325b84b86b2d,,Admin ADB,False,,,False,None,APC,0,0,0,0,0,0,0,0,1484415,42949672960,Team Site,Admin@7rkd12.onmicrosoft.com,30
2026-08-10,019e8b55-856f-4bf7-98dc-dee2669cf4f3,,Admin ADB,False,,,False,None,APC,0,0,0,0,0,0,0,0,1487015,42949672960,Team Site,Admin@7rkd12.onmicrosoft.com,30
2026-08-10,01af01a4-50b3-47fb-acba-0f5e632800bf,,Admin ADB,False,,,False,None,APC,0,0,0,0,0,0,0,0,1484818,42949672960,Team Site,Admin@7rkd12.onmicrosoft.com,30
2026-08-10,01b8204f-c6d6-44e8-b57d-4091fc135a7d,,Admin ADB,True,,,False,None,APC,0,0,0,0,0,0,0,0,1465345,27487790694400,Team Site,Admin@7rkd12.onmicrosoft.com,30
2026-08-10,01f5da83-a212-436f-a082-6ba382f08f47,,Admin ADB,True,,,True,None,APC,28,0,0,0,0,0,0,0,4883060,27487790694400,Team Site,Admin@7rkd12.onmicrosoft.com,30
2026-08-10,0204ece5-b2e1-426a-bed0-a2371a09731c,,prj_MihalTeamsite 192 Owners,False,,,True,None,APC,30,0,0,0,0,0,0,0,4926879,42949672960,Team Site,prj_mihalteamsite-192@7rkd12.onmicrosoft.com,30
2026-08-10,0241a6a1-a82e-4432-abc6-c26d7ce3b586,,Bonnie Test,False,2026-08-06,,True,None,APC,30,4,1,1,0,0,0,0,4941397,42949672960,Team Site,BonnieTest@7rkd12.onmicrosoft.com,30
2026-08-10,0242e65a-b6fb-4ea4-96cb-ae14eb4e87fe,,Admin ADB,False,2026-08-07,,False,None,APC,0,2,1,1,0,0,0,0,1486565,42949672960,Team Site,Admin@7rkd12.onmicrosoft.com,30
2026-08-10,0255b0b1-1b73-47ef-a9a9-4657b34628ce,,Admin ADB,False,,,False,None,APC,0,0,0,0,0,0,0,0,1486870,42949672960,Team Site,Admin@7rkd12.onmicrosoft.com,30
2026-08-10,0265ef8e-1d96-4c35-a734-79dd4c6f1a76,,Leila Test,False,2026-06-10,,True,None,APC,7,0,0,0,0,0,0,0,2967138,42949672960,Team Site,LeilaTest@7rkd12.onmicrosoft.com,30
2026-08-10,028684b2-6a8a-45f7-ae02-c0ff135bead2,,Admin ADB,False,,,False,None,APC,29,0,0,0,0,0,0,0,4654969,42949672960,Team Site,Admin@7rkd12.onmicrosoft.com,30
2026-08-10,02bd981a-5e7c-4552-968a-a2a9e71408d0,,prj_Group Site-731096 Owners,False,,,True,None,APC,30,0,0,0,0,0,0,0,4942765,42949672960,Team Site,prj_groupsite-731096@7rkd12.onmicrosoft.com,30
2026-08-10,030af023-9373-47d7-b11c-144a7c072e98,,prj_Ada Team Site-212 Owners,True,,,True,None,APC,30,0,0,0,0,0,0,0,4907823,27487790694400,Team Site,prj_adateamsite-212@7rkd12.onmicrosoft.com,30
2026-08-10,030e8c4f-b8ee-4c7b-92d1-b6eba98a6b7f,,Admin ADB,False,,,True,None,APC,30,0,0,0,0,0,0,0,4924027,42949672960,Team Site,Admin@7rkd12.onmicrosoft.com,30
2026-08-10,0310cf8f-76c4-4f00-a075-ae7b8f411b87,,prj_Team Site-731077 Owners,False,,,True,None,APC,30,0,0,0,0,0,0,0,4943669,42949672960,Team Site,prj_teamsite-731077@7rkd12.onmicrosoft.com,30
2026-08-10,03242d84-5117-4472-8bcb-74b280544dbd,,Admin ADB,True,,,False,None,APC,0,0,0,0,0,0,0,0,1466524,27487790694400,Team Site,Admin@7rkd12.onmicrosoft.com,30
2026-08-10,032ba114-0bde-44cf-974e-e9bd0a0df36f,,mihal-display-name-6 Owners,False,,,True,None,APC,1,0,0,0,0,0,0,0,1491821,42949672960,Team Site,mihal-alias6@7rkd12.onmicrosoft.com,30
2026-08-10,03334d89-cbff-417e-a5a3-14fe85942595,,Admin ADB,False,,,False,None,APC,0,0,0,0,0,0,0,0,1486239,42949672960,Team Site,Admin@7rkd12.onmicrosoft.com,30
2026-08-10,03449c0b-6910-4682-a14b-f103827b09c7,,Admin ADB,False,,,False,None,APC,0,0,0,0,0,0,0,0,1486855,42949672960,Team Site,Admin@7rkd12.onmicrosoft.com,30
2026-08-10,03530fd7-898e-4a96-8ce8-1035b42184e1,,prj_Group Site-731061 Owners,False,,,True,None,APC,30,0,0,0,0,0,0,0,4943212,42949672960,Team Site,prj_groupsite-731061@7rkd12.onmicrosoft.com,30
2026-08-10,0360fd87-42ff-425b-a4e7-3975ac9c5920,,Admin ADB,True,,,False,None,APC,0,0,0,0,0,0,0,0,1755364,107374182400,Team Site,Admin@7rkd12.onmicrosoft.com,30
2026-08-10,038ec509-7fd8-454b-93cf-cb7aec3cc186,,Admin ADB,False,2026-06-11,,True,None,APC,22,0,0,0,0,0,0,0,4400788,42949672960,Team Site,Admin@7rkd12.onmicrosoft.com,30
2026-08-10,03c1c948-9f78-48a3-b697-a6091d143a68,,Admin ADB,False,,,True,None,APC,30,0,0,0,0,0,0,0,4945483,42949672960,Team Site,Admin@7rkd12.onmicrosoft.com,30
2026-08-10,03d408e6-8cfc-41f9-9b11-db39b93394cf,,Admin ADB,False,,,False,None,APC,0,0,0,0,0,0,0,0,1486957,42949672960,Team Site,Admin@7rkd12.onmicrosoft.com,30
2026-08-10,03f0e146-9a84-4b58-829a-f66d4edbdf93,,Admin ADB,True,,,True,None,APC,30,0,0,0,0,0,0,0,4921795,42949672960,Team Site,Admin@7rkd12.onmicrosoft.com,30
2026-08-10,0401bccf-92ac-4936-bf18-c21601eb5c50,,Admin ADB,True,,,False,None,APC,0,0,0,0,0,0,0,0,1465517,27487790694400,Team Site,Admin@7rkd12.onmicrosoft.com,30
2026-08-10,040874aa-6a76-45c6-beed-44a1e0c60a08,,Bonnie Test,False,,,True,None,APC,30,0,0,0,0,0,0,0,4939332,42949672960,Team Site,BonnieTest@7rkd12.onmicrosoft.com,30
2026-08-10,041efa6f-3ab7-4596-a8e7-789ca62f241b,,Admin ADB,True,,,False,None,APC,0,0,0,0,0,0,0,0,1465333,27487790694400,Team Site,Admin@7rkd12.onmicrosoft.com,30
2026-08-10,04275060-8fc1-4e71-8af7-3814a68e64ae,,Bonnie Test,False,,,True,None,APC,30,0,0,0,0,0,0,0,4941494,42949672960,Team Site,BonnieTest@7rkd12.onmicrosoft.com,30
2026-08-10,04549510-b231-4be1-9682-e5a306d54191,,Admin ADB,False,,,False,None,APC,0,0,0,0,0,0,0,0,1485654,42949672960,Team Site,Admin@7rkd12.onmicrosoft.com,30
2026-08-10,0461a58e-f971-45f2-b0a1-e6024508c34b,,Admin ADB,False,,,False,None,APC,0,0,0,0,0,0,0,0,1486252,42949672960,Team Site,Admin@7rkd12.onmicrosoft.com,30
2026-08-10,0488e241-0ec0-4025-9743-a47b7b6897aa,,Admin ADB,False,,,False,None,APC,0,0,0,0,0,0,0,0,1486356,42949672960,Team Site,Admin@7rkd12.onmicrosoft.com,30
2026-08-10,048983d6-6321-44c1-a2d7-8a6e0ee0d898,,Admin ADB,True,,,False,None,APC,0,0,0,0,0,0,0,0,1465391,27487790694400,Team Site,Admin@7rkd12.onmicrosoft.com,30
2026-08-10,04c7e436-3b21-478a-8369-05820dfb0dc8,,prj_Team Site-731082 Owners,False,,,True,None,APC,30,0,0,0,0,0,0,0,4943897,42949672960,Team Site,prj_teamsite-731082@7rkd12.onmicrosoft.com,30
2026-08-10,04eaa4d2-fa8b-4b43-8fce-cae6928cab71,,Admin ADB,False,,,False,None,APC,0,0,0,0,0,0,0,0,1485920,42949672960,Team Site,Admin@7rkd12.onmicrosoft.com,30
2026-08-10,04f74645-b3d3-4952-a9fa-8aea08f9b36f,,Admin ADB,True,,,False,None,APC,0,0,0,0,0,0,0,0,1466002,27487790694400,Team Site,Admin@7rkd12.onmicrosoft.com,30
2026-08-10,050f302d-1621-4d59-918d-b4238119cee0,,Admin ADB,True,,,False,None,APC,0,0,0,0,0,0,0,0,1465996,27487790694400,Team Site,Admin@7rkd12.onmicrosoft.com,30
2026-08-10,05468ebc-d1fc-47bd-90be-20c459fe7063,,Admin ADB,False,,,True,None,APC,30,0,0,0,0,0,0,0,4940100,42949672960,Team Site,Admin@7rkd12.onmicrosoft.com,30
2026-08-10,0568d015-b80d-4d1e-8d70-29920e6c854d,,Admin ADB,False,,,False,None,APC,0,0,0,0,0,0,0,0,1486887,42949672960,Team Site,Admin@7rkd12.onmicrosoft.com,30
2026-08-10,056d5504-a6e0-49bf-adb2-a60a75ac24ca,,Admin ADB,True,,,True,None,APC,30,0,0,0,0,0,0,0,4921638,42949672960,Team Site,Admin@7rkd12.onmicrosoft.com,30
2026-08-10,05af9274-6e82-469e-bd51-6a1456a7f078,,Admin ADB,True,,,False,None,APC,0,0,0,0,0,0,0,0,1465496,27487790694400,Team Site,Admin@7rkd12.onmicrosoft.com,30
2026-08-10,05fa4f39-15a6-4e58-97b7-83602a0ffcba,,Leila Test,False,2026-06-10,,True,None,APC,11,0,0,0,0,0,0,0,2823000,42949672960,Team Site,LeilaTest@7rkd12.onmicrosoft.com,30
2026-08-10,05fba437-6230-4d7f-9c1b-2f050097119d,,Admin ADB,True,,,False,None,APC,0,0,0,0,0,0,0,0,1466001,27487790694400,Team Site,Admin@7rkd12.onmicrosoft.com,30
2026-08-10,0653434b-5c51-4403-9a50-f7db12789f34,,mihal-display-name-18 Owners,False,,,True,None,APC,1,0,0,0,0,0,0,0,1492397,42949672960,Team Site,mihal-alias18@7rkd12.onmicrosoft.com,30
2026-08-10,065a12f5-d6b9-4876-8f7d-ddad50627b7e,,Admin ADB,True,,,False,None,APC,0,0,0,0,0,0,0,0,1465882,27487790694400,Team Site,Admin@7rkd12.onmicrosoft.com,30
2026-08-10,065fbadf-5dfc-4198-a1de-a38fdee271c1,,Admin ADB,False,,,False,None,APC,0,0,0,0,0,0,0,0,1485915,42949672960,Team Site,Admin@7rkd12.onmicrosoft.com,30
2026-08-10,06924c68-1497-49c8-a7e2-770a8f4c34c2,,prj_MihalTeamsite 225 Owners,False,,,True,None,APC,30,0,0,0,0,0,0,0,4941500,42949672960,Team Site,prj_mihalteamsite-225@7rkd12.onmicrosoft.com,30
2026-08-10,0696a361-9fad-4425-ba0c-dab1fe80c1e2,,Admin ADB,True,,,False,None,APC,0,0,0,0,0,0,0,0,1465879,27487790694400,Team Site,Admin@7rkd12.onmicrosoft.com,30
2026-08-10,06a6a3e6-6dae-4ca6-9b37-3a412c45e7cf,,Admin ADB,False,,,False,None,APC,0,0,0,0,0,0,0,0,1486782,42949672960,Team Site,Admin@7rkd12.onmicrosoft.com,30
2026-08-10,06d1b6fe-5b51-4d0c-b820-d022ab5a38d7,,Bonnie Test,False,,,True,None,APC,30,0,0,0,0,0,0,0,4941122,42949672960,Team Site,BonnieTest@7rkd12.onmicrosoft.com,30
2026-08-10,06de05ed-c7fa-4d6d-876e-10a75c49a069,,Bonnie Test,False,,,True,None,APC,30,0,0,0,0,0,0,0,4923075,42949672960,Team Site,BonnieTest@7rkd12.onmicrosoft.com,30
2026-08-10,06f1d5be-cb14-4e1f-9516-f61de08f719b,,Admin ADB,False,,,False,None,APC,0,0,0,0,0,0,0,0,1485999,42949672960,Team Site,Admin@7rkd12.onmicrosoft.com,30
2026-08-10,06f5ac19-8917-462c-b293-91600e575c6b,,Leila Test,False,2026-06-11,,False,None,APC,99,0,0,0,0,0,0,0,9625090460,42949672960,Team Site,LeilaTest@7rkd12.onmicrosoft.com,30
2026-08-10,06f77a43-e2de-4537-af44-38b7cdb7e153,,prj_Group Site-731075 Owners,False,,,True,None,APC,30,0,0,0,0,0,0,0,4964692,42949672960,Team Site,prj_groupsite-731075@7rkd12.onmicrosoft.com,30
2026-08-10,06fb8f59-369f-4289-84b6-8c55597f1587,,Admin ADB,True,,,False,None,APC,0,0,0,0,0,0,0,0,1465274,27487790694400,Team Site,Admin@7rkd12.onmicrosoft.com,30
2026-08-10,06feacd3-8407-486a-b19f-33259d946cb9,,Admin ADB,True,,,False,None,APC,0,0,0,0,0,0,0,0,1465921,27487790694400,Team Site,Admin@7rkd12.onmicrosoft.com,30
2026-08-10,07154415-7985-40d8-9697-0da69c539a2c,,prj_Group Site-731088 Owners,False,,,True,None,APC,30,0,0,0,0,0,0,0,4942948,42949672960,Team Site,prj_groupsite-731088@7rkd12.onmicrosoft.com,30
2026-08-10,071eb3aa-f2f4-462c-8e57-5df82028176f,,Admin ADB,True,,,False,None,APC,0,0,0,0,0,0,0,0,1465457,27487790694400,Team Site,Admin@7rkd12.onmicrosoft.com,30
2026-08-10,072e63ae-580a-43a0-ba89-b3e10d6017b2,,Admin ADB,False,,,True,None,APC,30,0,0,0,0,0,0,0,4939077,42949672960,Team Site,Admin@7rkd12.onmicrosoft.com,30
2026-08-10,073aa523-2db3-4dd1-a509-f6eb5be77d2e,,Admin ADB,True,,,False,None,APC,0,0,0,0,0,0,0,0,1465450,27487790694400,Team Site,Admin@7rkd12.onmicrosoft.com,30
2026-08-10,07619df7-6654-4451-8043-6f0a01f9b811,,prj_Ada Group Site-171 Owners,False,2026-07-30,,True,None,APC,30,4,3,2,0,0,0,0,4942985,42949672960,Team Site,prj_adagroupsite-171@7rkd12.onmicrosoft.com,30
2026-08-10,076a0986-b45f-4117-a527-aad0c613f121,,Admin ADB,False,,,False,None,APC,0,0,0,0,0,0,0,0,1486769,42949672960,Team Site,Admin@7rkd12.onmicrosoft.com,30
2026-08-10,0776ae5f-8eb1-4835-b43c-fa7edb6f97d7,,Admin ADB,True,,,True,None,APC,30,0,0,0,0,0,0,0,4894686,27487790694400,Team Site,Admin@7rkd12.onmicrosoft.com,30
2026-08-10,0781079d-6998-46d8-874a-d931082e3ffe,,Admin ADB,False,,,False,None,APC,0,0,0,0,0,0,0,0,1484932,42949672960,Team Site,Admin@7rkd12.onmicrosoft.com,30
2026-08-10,07ce6bf4-765a-457b-9f48-10ae921a6a51,,mihal-display-name-4 Owners,False,,,True,None,APC,1,0,0,0,0,0,0,0,1492375,42949672960,Team Site,mihal-alias4@7rkd12.onmicrosoft.com,30
2026-08-10,07d9488d-7549-4803-ae1d-424ffb8ec098,,Admin ADB,False,2026-07-29,,True,None,APC,30,4,1,1,0,0,0,0,4922604,42949672960,Team Site,Admin@7rkd12.onmicrosoft.com,30
2026-08-10,07f182ce-7a86-4015-878d-88c62d46d886,,Admin ADB,False,,,False,None,APC,0,0,0,0,0,0,0,0,1487023,42949672960,Team Site,Admin@7rkd12.onmicrosoft.com,30
2026-08-10,08020e8e-2109-451a-818f-5c3fc22c8f15,,prj_Team Site-731025 Owners,False,,,True,None,APC,30,0,0,0,0,0,0,0,4965111,42949672960,Team Site,prj_teamsite-731025@7rkd12.onmicrosoft.com,30
2026-08-10,0804b5b9-fa7f-472b-ba41-b41c97cbc0dd,,Admin ADB,True,,,False,None,APC,0,0,0,0,0,0,0,0,1465451,27487790694400,Team Site,Admin@7rkd12.onmicrosoft.com,30
2026-08-10,0876da4b-e74a-4a09-895a-b1f0dfb521b0,,doris530listexperience Owners,False,2026-06-11,,True,None,APC,10,0,0,0,0,0,0,0,2188863,42949672960,Team Site,doris530listexperience@7rkd12.onmicrosoft.com,30
2026-08-10,08909757-2662-4348-898d-4b04245d49c8,,Bonnie Test,False,,,True,None,APC,30,0,0,0,0,0,0,0,4924816,42949672960,Team Site,BonnieTest@7rkd12.onmicrosoft.com,30
2026-08-10,08a1ac58-addc-4fb4-b8d4-52b794000c9b,,Admin ADB,False,,,True,None,APC,30,0,0,0,0,0,0,0,4905145,42949672960,Team Site,Admin@7rkd12.onmicrosoft.com,30
2026-08-10,08a5f250-b564-4cf7-8263-16533cd30210,,Admin ADB,True,,,False,None,APC,0,0,0,0,0,0,0,0,1466007,27487790694400,Team Site,Admin@7rkd12.onmicrosoft.com,30
2026-08-10,08f9eac2-f7eb-4f2c-9e47-5506ad22ffef,,Leila Test,False,2026-06-11,,True,None,APC,5,0,0,0,0,0,0,0,1339983,42949672960,Team Site,LeilaTest@7rkd12.onmicrosoft.com,30
2026-08-10,093740ce-0dcd-4bc7-803c-7e9858179dbd,,Admin ADB,False,,,False,None,APC,0,0,0,0,0,0,0,0,1486600,42949672960,Team Site,Admin@7rkd12.onmicrosoft.com,30
2026-08-10,093adc38-d9b1-41af-935d-1d2961c35b8e,,Admin ADB,False,2026-05-05,,True,None,APC,12,0,0,0,0,0,0,0,3110114,42949672960,Team Site,Admin@7rkd12.onmicrosoft.com,30
2026-08-10,094d65d7-bd44-406c-8770-c0cde9d0ee00,,Admin ADB,False,2026-05-21,,True,None,APC,124,0,0,0,0,0,0,0,36332495,42949672960,Team Site,Admin@7rkd12.onmicrosoft.com,30
2026-08-10,0958a7c6-8f94-45f1-b566-be026743597f,,Admin ADB,False,,,False,None,APC,0,0,0,0,0,0,0,0,1486520,42949672960,Team Site,Admin@7rkd12.onmicrosoft.com,30
2026-08-10,096347ff-dda5-46ad-8325-1271659825c1,,Leila Test,False,2026-06-10,,True,None,APC,14,0,0,0,0,0,0,0,2036327,1099511627776,Team Site,LeilaTest@7rkd12.onmicrosoft.com,30
2026-08-10,099733fc-a252-49fc-8b76-0528f92caf3d,,Leila Test,False,2026-06-10,,True,None,APC,11,0,0,0,0,0,0,0,2623026,1099511627776,Team Site,LeilaTest@7rkd12.onmicrosoft.com,30
2026-08-10,099fd257-e3b7-4dcf-acf5-779dae501272,,Admin ADB,True,,,False,None,APC,0,0,0,0,0,0,0,0,1465805,27487790694400,Team Site,Admin@7rkd12.onmicrosoft.com,30
2026-08-10,09b8dfc8-bc8c-4298-aae6-6fb3c2e9f5e1,,prj_Team Site-731047 Owners,False,,,True,None,APC,30,0,0,0,0,0,0,0,4957781,42949672960,Team Site,prj_teamsite-731047@7rkd12.onmicrosoft.com,30
2026-08-10,09e9e51f-44b5-4304-b9fe-f0d32a2f44aa,,Admin ADB,False,,,False,None,APC,0,0,0,0,0,0,0,0,1486235,42949672960,Team Site,Admin@7rkd12.onmicrosoft.com,30
2026-08-10,09eeda80-8c4b-44e1-b210-26baa84df4a3,,Bonnie Test,False,,,True,None,APC,30,0,0,0,0,0,0,0,4941420,42949672960,Team Site,BonnieTest@7rkd12.onmicrosoft.com,30
2026-08-10,0a0a6ea9-3bc9-4bf8-b2b9-8dbb047b8ee2,,Admin ADB,False,,,False,None,APC,0,0,0,0,0,0,0,0,1485419,42949672960,Team Site,Admin@7rkd12.onmicrosoft.com,30
2026-08-10,0a0ee868-d971-476f-99b9-dca0f4a5ffcd,,Admin ADB,False,,,False,None,APC,0,0,0,0,0,0,0,0,1486377,42949672960,Team Site,Admin@7rkd12.onmicrosoft.com,30
2026-08-10,0a147ab6-34d2-481d-a881-c4edb639bb33,,Admin ADB,False,,,False,None,APC,0,0,0,0,0,0,0,0,1486747,42949672960,Team Site,Admin@7rkd12.onmicrosoft.com,30
2026-08-10,0a22cb49-0ef1-4638-a059-341bc8c128f9,,prj_Ada Team Site-237 Owners,True,,,True,None,APC,30,0,0,0,0,0,0,0,4940540,27487790694400,Team Site,prj_adateamsite-237@7rkd12.onmicrosoft.com,30
2026-08-10,0a7620e6-9e31-41d9-9aea-b32238e74678,,Admin ADB,True,,,True,None,APC,43,0,0,0,0,0,0,0,24662292,42949672960,Team Site,Admin@7rkd12.onmicrosoft.com,30
2026-08-10,0a988036-5e70-4baf-8254-3cd9d2cd2677,,Admin ADB,True,,,False,None,APC,0,0,0,0,0,0,0,0,1465866,27487790694400,Team Site,Admin@7rkd12.onmicrosoft.com,30
2026-08-10,0acf2b0b-146b-418b-b1be-b4b8d51add8c,,Bonnie Test,False,,,True,None,APC,30,0,0,0,0,0,0,0,4925084,42949672960,Team Site,BonnieTest@7rkd12.onmicrosoft.com,30
2026-08-10,0b505063-53fd-448b-9696-03cbfd551495,,Admin ADB,True,,,False,None,APC,0,0,0,0,0,0,0,0,1465317,27487790694400,Team Site,Admin@7rkd12.onmicrosoft.com,30
2026-08-10,0b9ade0b-5e26-4c90-9ee1-0602ad0e6910,,Admin ADB,False,,,False,None,APC,0,0,0,0,0,0,0,0,1486458,42949672960,Team Site,Admin@7rkd12.onmicrosoft.com,30
2026-08-10,0bab784d-4ad5-4707-985a-03f55753a1fa,,Bonnie Test,False,,,False,None,APC,0,0,0,0,0,0,0,0,1713786,42949672960,Team Site,BonnieTest@7rkd12.onmicrosoft.com,30
2026-08-10,0bc8eb87-92eb-4847-a515-850ee5dec6a8,,Leila Test,False,2026-06-10,,True,None,APC,5,0,0,0,0,0,0,0,2292488,42949672960,Team Site,LeilaTest@7rkd12.onmicrosoft.com,30
2026-08-10,0bd49696-3e16-41d1-a4dc-f3eaf795665e,,Admin ADB,False,,,False,None,APC,0,0,0,0,0,0,0,0,1486957,42949672960,Team Site,Admin@7rkd12.onmicrosoft.com,30
2026-08-10,0bde023d-1113-4fa0-beae-e599d973b402,,grp_csd_sample Owners,False,2026-04-21,,True,None,APC,15,0,0,0,0,0,0,0,13184343,42949672960,Team Site,grp_csd_sample@7rkd12.onmicrosoft.com,30
2026-08-10,0bfce9d0-6c1b-4b5f-9908-b6431d44f028,,Bonnie Test,False,,,True,None,APC,20,0,0,0,0,0,0,0,4454413,42949672960,Team Site,BonnieTest@7rkd12.onmicrosoft.com,30
2026-08-10,0bffcc73-0828-4c28-b5f7-09e193b16aa0,,mihal-display-name-16 Owners,False,,,True,None,APC,1,0,0,0,0,0,0,0,1492340,42949672960,Team Site,mihal-alias16@7rkd12.onmicrosoft.com,30
2026-08-10,0c2652ac-10f9-42e2-a28d-13c78419dab9,,Admin ADB,True,,,False,None,APC,0,0,0,0,0,0,0,0,1465999,27487790694400,Team Site,Admin@7rkd12.onmicrosoft.com,30
2026-08-10,0c27f4d8-f62f-4f27-9e6a-0b68ebf4cfe4,,Admin ADB,True,,,False,None,APC,0,0,0,0,0,0,0,0,1465412,27487790694400,Team Site,Admin@7rkd12.onmicrosoft.com,30
2026-08-10,0c7352cc-ae15-488b-991c-9825e793e939,,Leila Test,False,2025-09-25,,True,None,APC,12,0,0,0,0,0,0,0,2274043,42949672960,Team Site,LeilaTest@7rkd12.onmicrosoft.com,30
2026-08-10,0caf7027-4be7-48df-b067-cc6876d2b16b,,Admin ADB,True,,,False,None,APC,0,0,0,0,0,0,0,0,1465619,27487790694400,Team Site,Admin@7rkd12.onmicrosoft.com,30
2026-08-10,0d1e90fd-499f-4c36-99ef-09ba1368b889,,Leila Test,False,2026-06-10,,True,None,APC,1,0,0,0,0,0,0,0,2136684,42949672960,Team Site,LeilaTest@7rkd12.onmicrosoft.com,30
2026-08-10,0d3412bf-53cf-437d-b4f9-8db761b73942,,Admin ADB,False,,,False,None,APC,0,0,0,0,0,0,0,0,1486330,42949672960,Team Site,Admin@7rkd12.onmicrosoft.com,30
2026-08-10,0d56edaa-f492-4784-912c-67e13186cb6e,,prj_Team Site-731016 Owners,False,,,True,None,APC,30,0,0,0,0,0,0,0,4965003,42949672960,Team Site,prj_teamsite-731016@7rkd12.onmicrosoft.com,30
2026-08-10,0d8380d4-7b08-4898-9d05-69b513a407fd,,Admin ADB,False,,,False,None,APC,0,0,0,0,0,0,0,0,1485909,42949672960,Team Site,Admin@7rkd12.onmicrosoft.com,30
2026-08-10,0d8d50b0-e7fc-42e6-96fe-051273bf6a6c,,Admin ADB,True,,,False,None,APC,0,0,0,0,0,0,0,0,1465262,27487790694400,Team Site,Admin@7rkd12.onmicrosoft.com,30
2026-08-10,0d9438d5-2a0c-47ab-ab63-aa00a4fb72a9,,Admin ADB,False,,,False,None,APC,0,0,0,0,0,0,0,0,1486367,42949672960,Team Site,Admin@7rkd12.onmicrosoft.com,30
2026-08-10,0ddba779-00ca-43ad-820b-d8097993bf87,,prj_MihalTeamsite 188 Owners,False,,,True,None,APC,30,0,0,0,0,0,0,0,4941610,42949672960,Team Site,prj_mihalteamsite-188@7rkd12.onmicrosoft.com,30
2026-08-10,0de8297d-437a-44e6-ab64-82a0dad4f5ca,,Admin ADB,False,,,False,None,APC,0,0,0,0,0,0,0,0,1486944,42949672960,Team Site,Admin@7rkd12.onmicrosoft.com,30
2026-08-10,0e0f3668-fdf3-454e-b5bf-da0dfd1cd384,,Admin ADB,False,,,False,None,APC,0,0,0,0,0,0,0,0,1486496,42949672960,Team Site,Admin@7rkd12.onmicrosoft.com,30
2026-08-10,0e366282-2391-47b1-b395-88bf8280fc04,,Admin ADB,False,2025-11-24,,True,None,APC,23,0,0,0,0,0,0,0,3492731,42949672960,Team Site,Admin@7rkd12.onmicrosoft.com,30
2026-08-10,0e58035d-d40b-4447-befb-76ac7f153922,,prj_Team Site-731035 Owners,False,,,True,None,APC,30,0,0,0,0,0,0,0,4943155,42949672960,Team Site,prj_teamsite-731035@7rkd12.onmicrosoft.com,30
2026-08-10,0e757075-5981-4b61-a891-5b3cc5010a17,,Admin ADB,False,,,False,None,APC,0,0,0,0,0,0,0,0,1485777,42949672960,Team Site,Admin@7rkd12.onmicrosoft.com,30
2026-08-10,0ea129c6-312c-4bb1-8814-af766f0d0383,,Admin ADB,False,,,False,None,APC,0,0,0,0,0,0,0,0,1486297,42949672960,Team Site,Admin@7rkd12.onmicrosoft.com,30
2026-08-10,0ee7d0d5-3be0-49d8-86cc-40b23ded5806,,Admin ADB,False,,,False,None,APC,0,0,0,0,0,0,0,0,1486452,42949672960,Team Site,Admin@7rkd12.onmicrosoft.com,30
2026-08-10,0eec4b2e-a611-453f-ace3-b3a56a562536,,Bonnie Test,False,2026-08-04,,True,None,APC,30,4,1,1,0,0,0,0,4939864,42949672960,Team Site,BonnieTest@7rkd12.onmicrosoft.com,30
2026-08-10,0f026f27-5811-4129-b824-1daae0757427,,Admin ADB,False,,,False,None,APC,0,0,0,0,0,0,0,0,1486384,42949672960,Team Site,Admin@7rkd12.onmicrosoft.com,30
2026-08-10,0f102a3e-435c-486f-9f93-6b1cc058dcb9,,prj_MihalTeamsite 193 Owners,False,,,True,None,APC,30,0,0,0,0,0,0,0,4941320,42949672960,Team Site,prj_mihalteamsite-193@7rkd12.onmicrosoft.com,30
2026-08-10,0f6174a1-3f20-4a95-ba01-acb88d54ef40,,Admin ADB,False,,,True,None,APC,30,0,0,0,0,0,0,0,4923997,42949672960,Team Site,Admin@7rkd12.onmicrosoft.com,30
2026-08-10,0f81bab4-9ef2-4584-b664-9ce52aedab72,,prj_mihalteamsite-182 Owners,False,,,True,None,APC,30,0,0,0,0,0,0,0,4941484,42949672960,Team Site,prj_mihalteamsite-182@7rkd12.onmicrosoft.com,30
2026-08-10,0f93d2f1-3d11-4664-88ea-1b798fb7796a,,prj_Team Site-731038 Owners,False,,,True,None,APC,30,0,0,0,0,0,0,0,4943322,42949672960,Team Site,prj_teamsite-731038@7rkd12.onmicrosoft.com,30
2026-08-10,0fbc68f9-df35-4615-8e2b-81fc0d36fc45,,Admin ADB,False,,,True,None,APC,30,0,0,0,0,0,0,0,4907200,42949672960,Team Site,Admin@7rkd12.onmicrosoft.com,30
2026-08-10,0fcddb10-02b1-4aaf-809f-bcd1ba5d48da,,Leila Test,False,2026-06-10,,False,None,APC,11,0,0,0,0,0,0,0,2212569,1099511627776,Team Site,LeilaTest@7rkd12.onmicrosoft.com,30
2026-08-10,0fd654dd-e479-4a60-a66d-0fa4ebdca1eb,,Admin ADB,True,,,False,None,APC,0,0,0,0,0,0,0,0,1465376,27487790694400,Team Site,Admin@7rkd12.onmicrosoft.com,30
2026-08-10,0ff17973-c641-417f-8dd9-9248eff8b269,,Admin ADB,True,,,False,None,APC,0,0,0,0,0,0,0,0,1465960,27487790694400,Team Site,Admin@7rkd12.onmicrosoft.com,30
2026-08-10,0ffd51e9-81ef-4626-a8b0-925a0a72cbc2,,Bonnie Test,False,,,True,None,APC,30,0,0,0,0,0,0,0,4955485,42949672960,Team Site,BonnieTest@7rkd12.onmicrosoft.com,30
2026-08-10,100123d4-8d97-4b14-b3c2-8bc8efe20d47,,Admin ADB,True,,,False,None,APC,0,0,0,0,0,0,0,0,1465491,27487790694400,Team Site,Admin@7rkd12.onmicrosoft.com,30
2026-08-10,1020cf9b-eb1e-43a8-8425-bdf1fbe4b5c2,,Bonnie Test,False,,,True,None,APC,30,0,0,0,0,0,0,0,4940730,42949672960,Team Site,BonnieTest@7rkd12.onmicrosoft.com,30
2026-08-10,1025da73-3b7f-4cc2-9c24-64c2c83916d7,,Bonnie Test,False,,,True,None,APC,30,0,0,0,0,0,0,0,4940948,42949672960,Team Site,BonnieTest@7rkd12.onmicrosoft.com,30
2026-08-10,102d3e9c-fcb9-466e-bf88-cc918413ddc3,,Admin ADB,False,,,True,None,APC,30,0,0,0,0,0,0,0,4905194,42949672960,Team Site,Admin@7rkd12.onmicrosoft.com,30
2026-08-10,104208ad-1d86-4cdb-9915-5f13339dd4cc,,Bonnie Test,False,,,True,None,APC,30,0,0,0,0,0,0,0,4962175,42949672960,Team Site,BonnieTest@7rkd12.onmicrosoft.com,30
2026-08-10,1048e379-6dda-493e-b6c3-38ca0032f1f6,,Admin ADB,False,,,False,None,APC,0,0,0,0,0,0,0,0,1486789,42949672960,Team Site,Admin@7rkd12.onmicrosoft.com,30
2026-08-10,1057f6a0-61ea-481b-ad1f-9d3acd079a57,,Bonnie Test,False,,,True,None,APC,30,0,0,0,0,0,0,0,4922816,42949672960,Team Site,BonnieTest@7rkd12.onmicrosoft.com,30
2026-08-10,10729c1e-0f2c-43c7-b988-fdac9cde8056,,prj_Ada Team Site-099 Owners,True,,,True,None,APC,30,0,0,0,0,0,0,0,4905561,27487790694400,Team Site,prj_adateamsite-099@7rkd12.onmicrosoft.com,30
2026-08-10,10757f47-2290-48cb-8f91-bc80d8280bbf,,Admin ADB,False,,,False,None,APC,0,0,0,0,0,0,0,0,1485681,42949672960,Team Site,Admin@7rkd12.onmicrosoft.com,30
2026-08-10,107f5684-b741-4053-9aef-ad8160b6c50a,,Admin ADB,True,,,False,None,APC,0,0,0,0,0,0,0,0,1465385,27487790694400,Team Site,Admin@7rkd12.onmicrosoft.com,30
2026-08-10,109a957a-4ba6-499b-a146-9c23bb909a73,,Admin ADB,False,2026-05-08,,True,None,APC,14,0,0,0,0,0,0,0,3662918,42949672960,Team Site,Admin@7rkd12.onmicrosoft.com,30
2026-08-10,112c933c-ea60-4a9c-8ca6-1413215e1a79,,Admin ADB,False,,,False,None,APC,0,0,0,0,0,0,0,0,1486435,42949672960,Team Site,Admin@7rkd12.onmicrosoft.com,30
2026-08-10,114207a6-abc2-4075-ba46-422270979ca6,,Admin ADB,False,,,False,None,APC,0,0,0,0,0,0,0,0,1486344,42949672960,Team Site,Admin@7rkd12.onmicrosoft.com,30
2026-08-10,1155d2a5-1a50-401c-a20c-63d968824f8a,,Admin ADB,True,,,False,None,APC,0,0,0,0,0,0,0,0,1465396,27487790694400,Team Site,Admin@7rkd12.onmicrosoft.com,30
2026-08-10,1170a44b-7108-4615-a045-8fafd5179b10,,Admin ADB,True,,,False,None,APC,0,0,0,0,0,0,0,0,1465846,27487790694400,Team Site,Admin@7rkd12.onmicrosoft.com,30
2026-08-10,1176e2e2-a567-4860-8905-3b8488348881,,Admin ADB,True,,,False,None,APC,0,0,0,0,0,0,0,0,1465349,27487790694400,Team Site,Admin@7rkd12.onmicrosoft.com,30
2026-08-10,11c863a4-d8cd-4af9-b395-fdaed9449980,,Admin ADB,False,,,False,None,APC,0,0,0,0,0,0,0,0,1486480,42949672960,Team Site,Admin@7rkd12.onmicrosoft.com,30
2026-08-10,12046b26-622a-4e6b-8294-45e495d013b3,,Admin ADB,False,,,True,None,APC,57,0,0,0,0,0,0,0,11905690,42949672960,Team Site,Admin@7rkd12.onmicrosoft.com,30
2026-08-10,12147d7e-11a9-4669-9088-3240fe5490d4,,Admin ADB,False,,,False,None,APC,0,0,0,0,0,0,0,0,1486594,42949672960,Team Site,Admin@7rkd12.onmicrosoft.com,30
2026-08-10,12823411-7973-4765-a0d8-378464a21d09,,Admin ADB,False,,,True,None,APC,30,0,0,0,0,0,0,0,4939599,42949672960,Team Site,Admin@7rkd12.onmicrosoft.com,30
2026-08-10,128a10c7-5119-43c2-8286-413a6e124144,,Adele Vance,False,2026-06-12,,True,None,APC,106,0,0,0,0,0,0,0,23470913,42949672960,Team Site,AdeleV@7rkd12.onmicrosoft.com,30
2026-08-10,128b09d6-2eb3-445d-9d67-e57400cf0aa0,,Admin ADB,False,,,True,None,APC,30,0,0,0,0,0,0,0,4904022,42949672960,Team Site,Admin@7rkd12.onmicrosoft.com,30
2026-08-10,12a96b93-f7d3-466c-b5cc-aa1c678082b4,,Admin ADB,True,,,False,None,APC,0,0,0,0,0,0,0,0,1465404,27487790694400,Team Site,Admin@7rkd12.onmicrosoft.com,30
2026-08-10,12f4c388-c2f6-40c0-a40b-e4f248dc10d9,,prj_MihalTeamsite 218 Owners,False,,,True,None,APC,30,0,0,0,0,0,0,0,4924753,42949672960,Team Site,prj_mihalteamsite-218@7rkd12.onmicrosoft.com,30
2026-08-10,12fa9197-7b4e-40f4-83b6-f8f3b46535fd,,prj_MihalTeamsite 208 Owners,False,,,True,None,APC,30,0,0,0,0,0,0,0,4941121,42949672960,Team Site,prj_mihalteamsite-208@7rkd12.onmicrosoft.com,30
2026-08-10,1336d66d-df6e-465c-9015-bbc8200714f9,,Admin ADB,False,,,False,None,APC,0,0,0,0,0,0,0,0,1486506,42949672960,Team Site,Admin@7rkd12.onmicrosoft.com,30
2026-08-10,13507b60-7b76-4c84-9a3d-8ca7989a4ee6,,Admin ADB,False,,,False,None,APC,0,0,0,0,0,0,0,0,1486191,42949672960,Team Site,Admin@7rkd12.onmicrosoft.com,30
2026-08-10,138a48a9-bb4b-484c-a6e4-5967e8079230,,prj_Group Site-731097 Owners,False,,,True,None,APC,30,0,0,0,0,0,0,0,4958323,42949672960,Team Site,prj_groupsite-731097@7rkd12.onmicrosoft.com,30
2026-08-10,139cfa5b-cbf2-4c49-89b3-8efa4f3616f1,,Admin ADB,True,,,False,None,APC,0,0,0,0,0,0,0,0,1465849,27487790694400,Team Site,Admin@7rkd12.onmicrosoft.com,30
2026-08-10,13b30c81-c20c-4d91-986b-55327f030de7,,Admin ADB,False,,,False,None,APC,0,0,0,0,0,0,0,0,1486268,42949672960,Team Site,Admin@7rkd12.onmicrosoft.com,30
2026-08-10,13c012c8-5140-4ba9-a1fa-dc973ecf19d1,,Admin ADB,False,,,False,None,APC,0,0,0,0,0,0,0,0,1485879,42949672960,Team Site,Admin@7rkd12.onmicrosoft.com,30
2026-08-10,13c533ba-93f6-471c-af0e-df7db57b44a6,,Admin ADB,False,,,False,None,APC,0,0,0,0,0,0,0,0,1486318,42949672960,Team Site,Admin@7rkd12.onmicrosoft.com,30
2026-08-10,13da6530-6c7b-4ecd-8df0-efbf8946b8b5,,Mihal,False,,,False,None,APC,0,0,0,0,0,0,0,0,1484705,42949672960,Team Site,Mihal@7rkd12.onmicrosoft.com,30
2026-08-10,13e13572-bcb7-4fc5-abb4-9d3ea48eec2d,,prj_MihalTeamsite 210 Owners,False,,,True,None,APC,30,0,0,0,0,0,0,0,4941314,42949672960,Team Site,prj_mihalteamsite-210@7rkd12.onmicrosoft.com,30
2026-08-10,1411a34c-3e0e-4445-9ab6-19b86627c1bd,,Admin ADB,True,,,False,None,APC,0,0,0,0,0,0,0,0,1465456,27487790694400,Team Site,Admin@7rkd12.onmicrosoft.com,30
2026-08-10,141cddab-bcda-4443-982b-c2f3fe486fb0,,Admin ADB,False,,,False,None,APC,0,0,0,0,0,0,0,0,1486337,42949672960,Team Site,Admin@7rkd12.onmicrosoft.com,30
2026-08-10,141fde66-e30b-4ff4-9f15-b336cf07ad12,,Admin ADB,False,,,False,None,APC,0,0,0,0,0,0,0,0,1486913,42949672960,Team Site,Admin@7rkd12.onmicrosoft.com,30
2026-08-10,1431ff58-31c6-4422-a3ae-fb86437c6c31,,Admin ADB,False,,,True,None,APC,30,0,0,0,0,0,0,0,4922613,42949672960,Team Site,Admin@7rkd12.onmicrosoft.com,30
2026-08-10,14554413-63ad-4b51-8a25-b881f6aad3cf,,prj_Group Site-731064 Owners,False,2026-08-04,,True,None,APC,30,4,4,4,0,0,0,0,4884797,42949672960,Team Site,prj_groupsite-731064@7rkd12.onmicrosoft.com,30
2026-08-10,14646270-548c-4061-9d46-e9442680d0b9,,Admin ADB,True,,,False,None,APC,0,0,0,0,0,0,0,0,1465341,27487790694400,Team Site,Admin@7rkd12.onmicrosoft.com,30
2026-08-10,1480cd44-edfa-430a-8c73-50a8dca99791,,Admin ADB,True,,,False,None,APC,0,0,0,0,0,0,0,0,1754872,107374182400,Team Site,Admin@7rkd12.onmicrosoft.com,30
2026-08-10,148c4164-b00c-494e-8b8d-5f47c2fcda72,,Admin ADB,False,,,False,None,APC,0,0,0,0,0,0,0,0,1486041,42949672960,Team Site,Admin@7rkd12.onmicrosoft.com,30
2026-08-10,14b6a3f7-38e1-424d-a65d-acf64073b3c3,,Bonnie Test,False,,,True,None,APC,30,0,0,0,0,0,0,0,4939213,42949672960,Team Site,BonnieTest@7rkd12.onmicrosoft.com,30
2026-08-10,14d9f0fa-8ecc-44e4-ad29-e9848c7924ca,,Admin ADB,False,,,False,None,APC,0,0,0,0,0,0,0,0,1484193,42949672960,Team Site,Admin@7rkd12.onmicrosoft.com,30
2026-08-10,150187aa-e955-4223-80d5-0395e25ac11d,,testteams01 Owners,False,2025-12-18,,True,None,APC,12,0,0,0,0,0,0,0,2888250,42949672960,Team Site,testteams01@7rkd12.onmicrosoft.com,30
2026-08-10,15216bac-437c-4755-bfe4-2cce4cfe81a8,,Admin ADB,False,,,False,None,APC,0,0,0,0,0,0,0,0,1486875,42949672960,Team Site,Admin@7rkd12.onmicrosoft.com,30
2026-08-10,15325158-f2c5-4fe4-8884-9a0118bcb1b3,,Bonnie Test,False,,,True,None,APC,30,0,0,0,0,0,0,0,4939567,42949672960,Team Site,BonnieTest@7rkd12.onmicrosoft.com,30
2026-08-10,1549e455-71ce-4e6e-8146-0ad225f0e105,,Admin ADB,True,,,False,None,APC,0,0,0,0,0,0,0,0,1466030,27487790694400,Team Site,Admin@7rkd12.onmicrosoft.com,30
2026-08-10,155927df-8dc1-45dd-8588-12fcf4604664,,Admin ADB,True,,,False,None,APC,0,0,0,0,0,0,0,0,1465503,27487790694400,Team Site,Admin@7rkd12.onmicrosoft.com,30
2026-08-10,1588040f-c29a-49b5-bd70-6b2943031a1e,,Admin ADB,True,,,False,None,APC,0,0,0,0,0,0,0,0,1465955,27487790694400,Team Site,Admin@7rkd12.onmicrosoft.com,30
2026-08-10,159f851c-184d-49b8-8961-61d0d50dc9c8,,prj_Team Site-731080 Owners,False,,,True,None,APC,30,0,0,0,0,0,0,0,4942895,42949672960,Team Site,prj_teamsite-731080@7rkd12.onmicrosoft.com,30
2026-08-10,15a42030-426d-4327-b89b-a3e5fe38e08e,,prj_Team Site-731060 Owners,False,,,True,None,APC,30,0,0,0,0,0,0,0,4943007,42949672960,Team Site,prj_teamsite-731060@7rkd12.onmicrosoft.com,30
2026-08-10,15bbe8e1-de0f-487f-9f36-85d7e1df5cb0,,Admin ADB,True,,,False,None,APC,0,0,0,0,0,0,0,0,1465409,27487790694400,Team Site,Admin@7rkd12.onmicrosoft.com,30
2026-08-10,15bcca6b-f199-4e15-9f45-7e81c04321a7,,Admin ADB,False,,,False,None,APC,0,0,0,0,0,0,0,0,1486392,42949672960,Team Site,Admin@7rkd12.onmicrosoft.com,30
2026-08-10,15c55216-eec7-4e38-a081-1ef51fe202ff,,Admin ADB,False,,,False,None,APC,0,0,0,0,0,0,0,0,1486724,42949672960,Team Site,Admin@7rkd12.onmicrosoft.com,30
2026-08-10,16164d87-0fea-4200-9e62-b62758940f41,,Admin ADB,False,,,True,None,APC,30,0,0,0,0,0,0,0,4924592,42949672960,Team Site,Admin@7rkd12.onmicrosoft.com,30
2026-08-10,16235133-4f81-4f05-8cec-35b3208ce235,,Leila Test,False,2026-06-10,,True,None,APC,10,0,0,0,0,0,0,0,9532255,42949672960,Team Site,LeilaTest@7rkd12.onmicrosoft.com,30
2026-08-10,16338dd7-9c01-472d-8ac6-4b45a0b93ec1,,Admin ADB,True,,,False,None,APC,0,0,0,0,0,0,0,0,1465911,27487790694400,Team Site,Admin@7rkd12.onmicrosoft.com,30
2026-08-10,1636d209-0dac-4dbf-ba97-4638cb9c61f3,,Admin ADB,True,,,False,None,APC,0,0,0,0,0,0,0,0,1467003,27487790694400,Team Site,Admin@7rkd12.onmicrosoft.com,30
2026-08-10,165abe60-66fd-40e9-ad7d-8bd6b1f93207,,Admin ADB,False,,,False,None,APC,0,0,0,0,0,0,0,0,1485608,42949672960,Team Site,Admin@7rkd12.onmicrosoft.com,30
2026-08-10,1693bc45-4fae-40b5-8d1b-563905c57e47,,prj_MihalGroupsite-002 Owners,False,,,True,None,APC,30,0,0,0,0,0,0,0,4941626,42949672960,Team Site,prj_mihalgroupsite-002@7rkd12.onmicrosoft.com,30
2026-08-10,169b61c7-5b56-4059-9d1e-700c2162aeda,,Admin ADB,False,,,False,None,APC,0,0,0,0,0,0,0,0,1486239,42949672960,Team Site,Admin@7rkd12.onmicrosoft.com,30
2026-08-10,16b7c15a-c172-4759-9f76-8c267e6d70d8,,Leila Test,False,2026-08-10,,True,None,APC,20,7,13,5,0,0,0,0,39840234,42949672960,Team Site,LeilaTest@7rkd12.onmicrosoft.com,30
2026-08-10,16bebcbb-2bb9-4360-85b7-fa923458ad94,,Bonnie Test,False,,,True,None,APC,30,0,0,0,0,0,0,0,4940044,42949672960,Team Site,BonnieTest@7rkd12.onmicrosoft.com,30
2026-08-10,16c00fc7-f89f-47cd-9a2a-7040acfb70e0,,Admin ADB,False,,,False,None,APC,0,0,0,0,0,0,0,0,1486894,42949672960,Team Site,Admin@7rkd12.onmicrosoft.com,30
2026-08-10,16cc3c26-9f2b-4e8e-94c1-1a95a436b924,,Admin ADB,False,,,False,None,APC,0,0,0,0,0,0,0,0,1485704,42949672960,Team Site,Admin@7rkd12.onmicrosoft.com,30
2026-08-10,16f99096-90c5-41d7-a1e2-5dc287600da5,,Mihal,False,,,False,None,APC,0,0,0,0,0,0,0,0,1484244,42949672960,Team Site,Mihal@7rkd12.onmicrosoft.com,30
2026-08-10,16fc4b64-7e9d-4f13-a4e9-6a1c2fbde3de,,prj_MihalTeamsite 206 Owners,False,,,True,None,APC,30,0,0,0,0,0,0,0,4941903,42949672960,Team Site,prj_mihalteamsite-206@7rkd12.onmicrosoft.com,30
2026-08-10,174bde68-4f3b-4867-9675-34b5c242eda7,,Bonnie Test,False,,,True,None,APC,30,0,0,0,0,0,0,0,4922540,42949672960,Team Site,BonnieTest@7rkd12.onmicrosoft.com,30
2026-08-10,175cbc0b-939c-44b3-a438-522d98604cad,,prj_MihalTeamsite 203 Owners,False,,,True,None,APC,30,0,0,0,0,0,0,0,4906590,42949672960,Team Site,prj_mihalteamsite-203@7rkd12.onmicrosoft.com,30
2026-08-10,17e10e43-4c76-4ed2-bc40-ca8144219c01,,TestLink Owners,False,2026-06-11,,True,None,APC,7,0,0,0,0,0,0,0,1728546,42949672960,Team Site,TestLink@7rkd12.onmicrosoft.com,30
2026-08-10,17e698e6-0c53-4fe3-aedd-1a3901006e2c,,Admin ADB,False,,,False,None,APC,0,0,0,0,0,0,0,0,1484323,42949672960,Team Site,Admin@7rkd12.onmicrosoft.com,30
2026-08-10,18006796-25ac-4af0-9ebe-0ebec6d01d70,,displayname069 Owners,True,,,True,None,APC,30,0,0,0,0,0,0,0,4866718,27487790694400,Team Site,alias069@7rkd12.onmicrosoft.com,30
2026-08-10,183eaa74-d6c4-461a-ab0c-a91e15d396f1,,Admin ADB,False,2026-08-07,,True,None,APC,27,4,1,1,0,0,0,0,4431481,42949672960,Team Site,Admin@7rkd12.onmicrosoft.com,30
2026-08-10,1861db92-d7ed-4acf-bbe8-fd960d484541,,Bonnie Test,False,,,True,None,APC,30,0,0,0,0,0,0,0,4923151,42949672960,Team Site,BonnieTest@7rkd12.onmicrosoft.com,30
2026-08-10,1862c785-6bcf-498c-8612-cf6a3394fe77,,Admin ADB,False,2026-07-29,,True,None,APC,30,4,1,1,0,0,0,0,4937174,42949672960,Team Site,Admin@7rkd12.onmicrosoft.com,30
2026-08-10,188239b0-d814-4544-905c-b7d3f2178db0,,Admin ADB,False,,,True,None,APC,30,0,0,0,0,0,0,0,4937682,42949672960,Team Site,Admin@7rkd12.onmicrosoft.com,30
2026-08-10,188b38c8-eac1-4fc1-b21c-4630b60ad084,,Admin ADB,False,,,False,None,APC,0,0,0,0,0,0,0,0,1486967,42949672960,Team Site,Admin@7rkd12.onmicrosoft.com,30
2026-08-10,189eb60f-fc23-4486-bf01-a72b33cc13f2,,Bonnie Test,False,2025-12-18,,False,None,APC,0,0,0,0,0,0,0,0,1923983,42949672960,Team Site,BonnieTest@7rkd12.onmicrosoft.com,30
2026-08-10,18cd98e4-6290-476c-bc5d-96fb1157aabf,,Admin ADB,True,,,True,None,APC,30,0,0,0,0,0,0,0,4899054,27487790694400,Team Site,Admin@7rkd12.onmicrosoft.com,30
2026-08-10,18dc8149-9207-4db7-aee5-b24d35087d83,,prj_Group Site-731074 Owners,False,,,True,None,APC,30,0,0,0,0,0,0,0,4943371,42949672960,Team Site,prj_groupsite-731074@7rkd12.onmicrosoft.com,30
2026-08-10,18fe4778-502a-41f9-99e0-f478a5bf22ad,,Bonnie Test,False,,,True,None,APC,30,0,0,0,0,0,0,0,4937801,42949672960,Team Site,BonnieTest@7rkd12.onmicrosoft.com,30
2026-08-10,194cab77-3a34-42f7-a329-0464a8e56903,,Admin ADB,False,,,False,None,APC,0,0,0,0,0,0,0,0,1486364,42949672960,Team Site,Admin@7rkd12.onmicrosoft.com,30
2026-08-10,19a59963-acbf-4f77-bd21-a328ae8b2fcb,,Admin ADB,False,,,False,None,APC,0,0,0,0,0,0,0,0,1485688,42949672960,Team Site,Admin@7rkd12.onmicrosoft.com,30
2026-08-10,19dbf5ae-f4f8-4483-bf9e-ea09ffc85a99,,Admin ADB,False,,,False,None,APC,0,0,0,0,0,0,0,0,1485537,42949672960,Team Site,Admin@7rkd12.onmicrosoft.com,30
2026-08-10,19ecf585-4615-475b-b877-db387a3148b9,,Admin ADB,False,,,False,None,APC,0,0,0,0,0,0,0,0,1485916,42949672960,Team Site,Admin@7rkd12.onmicrosoft.com,30
2026-08-10,1a03b841-d319-4bf2-9b9f-9507b61aa52e,,Admin ADB,True,,,False,None,APC,0,0,0,0,0,0,0,0,1465417,27487790694400,Team Site,Admin@7rkd12.onmicrosoft.com,30
2026-08-10,1a1eeb60-1aae-4ef6-9c3d-2cca12c21415,,Admin ADB,False,,,False,None,APC,0,0,0,0,0,0,0,0,1486381,42949672960,Team Site,Admin@7rkd12.onmicrosoft.com,30
2026-08-10,1a2aedad-496f-4c98-afd2-cb2b0cf3e83f,,Admin ADB,False,,,False,None,APC,0,0,0,0,0,0,0,0,1486460,42949672960,Team Site,Admin@7rkd12.onmicrosoft.com,30
2026-08-10,1a527a37-2571-4dfc-b773-85c96e83bb3e,,Admin ADB,False,,,False,None,APC,0,0,0,0,0,0,0,0,1486421,42949672960,Team Site,Admin@7rkd12.onmicrosoft.com,30
2026-08-10,1a5b8a6a-8244-4ab2-9349-d6076bc8d10b,,SharePoint App,False,2026-03-31,,False,None,APC,2,0,0,0,0,0,0,0,2715019,42949672960,Team Site,,30
2026-08-10,1a6e9dd3-403f-4829-8dd6-6b34b46f35b1,,Admin ADB,False,,,False,None,APC,0,0,0,0,0,0,0,0,1486296,42949672960,Team Site,Admin@7rkd12.onmicrosoft.com,30
2026-08-10,1a74c8d0-d2bf-426d-8b19-500621913e17,,Admin ADB,False,,,False,None,APC,0,0,0,0,0,0,0,0,1486288,42949672960,Team Site,Admin@7rkd12.onmicrosoft.com,30
2026-08-10,1a9e9019-0dde-43bb-a6d6-528810e35fd1,,Admin ADB,True,,,False,None,APC,0,0,0,0,0,0,0,0,1465314,27487790694400,Team Site,Admin@7rkd12.onmicrosoft.com,30
2026-08-10,1ac114c7-2607-4319-a031-eff448646c57,,Admin ADB,True,,,False,None,APC,0,0,0,0,0,0,0,0,1486297,27487790694400,Team Site,Admin@7rkd12.onmicrosoft.com,30
2026-08-10,1b30ea72-0f12-455a-bea6-f879e41e3623,,prj_Group Site-731045 Owners,False,,,True,None,APC,30,0,0,0,0,0,0,0,4941121,42949672960,Team Site,prj_groupsite-731045@7rkd12.onmicrosoft.com,30
2026-08-10,1b3d5390-e3b5-457d-ab65-a840a05608a2,,Admin ADB,False,,,False,None,APC,0,0,0,0,0,0,0,0,1486525,42949672960,Team Site,Admin@7rkd12.onmicrosoft.com,30
2026-08-10,1b4f627e-2461-4a73-8b40-1ce198d80932,,Admin ADB,False,,,False,None,APC,0,0,0,0,0,0,0,0,1486243,42949672960,Team Site,Admin@7rkd12.onmicrosoft.com,30
2026-08-10,1b97b0fe-1480-46d9-82da-3e8b710384d3,,Bonnie Test,False,,,True,None,APC,30,0,0,0,0,0,0,0,4921119,42949672960,Team Site,BonnieTest@7rkd12.onmicrosoft.com,30
2026-08-10,1ba05a5d-189b-4ba0-8043-909478c123f8,,Admin ADB,False,,,False,None,APC,0,0,0,0,0,0,0,0,1485875,42949672960,Team Site,Admin@7rkd12.onmicrosoft.com,30
2026-08-10,1ba2b69c-9784-42a2-93ce-b1feddd5fa40,,Admin ADB,True,,,False,None,APC,0,0,0,0,0,0,0,0,1465336,27487790694400,Team Site,Admin@7rkd12.onmicrosoft.com,30
2026-08-10,1bbb2369-cd35-4e48-b4a1-add6d6523893,,prj_Team Site-731034 Owners,False,,,True,None,APC,30,0,0,0,0,0,0,0,4941002,42949672960,Team Site,prj_teamsite-731034@7rkd12.onmicrosoft.com,30
2026-08-10,1bf24ce8-a559-49c6-8f6c-2b7b0101c17d,,Leila Test,False,2026-06-10,,True,None,APC,103,0,0,0,0,0,0,0,2886755280,42949672960,Team Site,LeilaTest@7rkd12.onmicrosoft.com,30
2026-08-10,1bfc3bc2-5b32-4916-a975-115321593414,,Admin ADB,True,,,False,None,APC,0,0,0,0,0,0,0,0,1465817,27487790694400,Team Site,Admin@7rkd12.onmicrosoft.com,30
2026-08-10,1c120267-349b-470f-8350-048a04191c0d,,Admin ADB,True,,,False,None,APC,0,0,0,0,0,0,0,0,1465297,27487790694400,Team Site,Admin@7rkd12.onmicrosoft.com,30
2026-08-10,1c3a042e-c1aa-4237-8dae-d9411b67a9ec,,Admin ADB,False,,,False,None,APC,0,0,0,0,0,0,0,0,1486924,42949672960,Team Site,Admin@7rkd12.onmicrosoft.com,30
2026-08-10,1c55e3c2-d92a-4773-9a47-f788df876dcc,,Alex Wilber,False,2024-11-18,,True,None,APC,5,0,0,0,0,0,0,0,2127176,42949672960,Team Site,AlexW@7rkd12.onmicrosoft.com,30
2026-08-10,1c98419b-d2ee-4be7-9d5b-ffeefd178f90,,Admin ADB,True,,,False,None,APC,0,0,0,0,0,0,0,0,1485678,27487790694400,Team Site,Admin@7rkd12.onmicrosoft.com,30
2026-08-10,1ca321bb-92ed-4bba-a372-b7fe1c9975bb,,Bonnie Test,False,,,True,None,APC,30,0,0,0,0,0,0,0,4946405,42949672960,Team Site,BonnieTest@7rkd12.onmicrosoft.com,30
2026-08-10,1cb17775-bd23-41fa-8ee5-440f334b6ad5,,Admin ADB,True,,,False,None,APC,0,0,0,0,0,0,0,0,1466032,27487790694400,Team Site,Admin@7rkd12.onmicrosoft.com,30
2026-08-10,1ccfddb3-0adb-49d3-8efc-1b131b9489a2,,Admin ADB,False,,,False,None,APC,0,0,0,0,0,0,0,0,1486267,42949672960,Team Site,Admin@7rkd12.onmicrosoft.com,30
2026-08-10,1cd724d6-ba08-454e-942d-ec6c0006ae20,,Admin ADB,False,,,False,None,APC,0,0,0,0,0,0,0,0,1485939,42949672960,Team Site,Admin@7rkd12.onmicrosoft.com,30
2026-08-10,1ceb80db-ff3e-40a3-bb9b-d91080e421d4,,Bonnie Test,False,2026-08-04,,True,None,APC,30,4,1,1,0,0,0,0,4938076,42949672960,Team Site,BonnieTest@7rkd12.onmicrosoft.com,30
2026-08-10,1d1ddd0f-51a4-4327-b39e-c31ad8419b72,,Admin ADB,False,,,False,None,APC,0,0,0,0,0,0,0,0,1486826,42949672960,Team Site,Admin@7rkd12.onmicrosoft.com,30
2026-08-10,1d2c6aad-2a60-493c-8d00-8e189b035a69,,Admin ADB,True,,,True,None,APC,26,0,0,0,0,0,0,0,4878886,27487790694400,Team Site,Admin@7rkd12.onmicrosoft.com,30
2026-08-10,1d63eefb-598f-4600-860f-297ec02a5c80,,Admin ADB,False,,,False,None,APC,0,0,0,0,0,0,0,0,1486901,42949672960,Team Site,Admin@7rkd12.onmicrosoft.com,30
2026-08-10,1d7c0a65-e651-47b3-bd2a-5f65a46aab4c,,Admin ADB,False,,,False,None,APC,0,0,0,0,0,0,0,0,1486809,42949672960,Team Site,Admin@7rkd12.onmicrosoft.com,30
2026-08-10,1d91af82-9b17-433d-a545-0ac18dce5a95,,Admin ADB,True,,,False,None,APC,0,0,0,0,0,0,0,0,1465475,27487790694400,Team Site,Admin@7rkd12.onmicrosoft.com,30
2026-08-10,1da69132-bacd-4bd3-a183-1d8dd13f597f,,mihal-display-name-27 Owners,False,,,True,None,APC,1,0,0,0,0,0,0,0,1492377,42949672960,Team Site,mihal-alias27@7rkd12.onmicrosoft.com,30
2026-08-10,1db6a9a3-fbcc-4a95-a96e-b7e5b4e3b270,,mihal-display-name-7 Owners,False,,,True,None,APC,1,0,0,0,0,0,0,0,1491781,42949672960,Team Site,mihal-alias7@7rkd12.onmicrosoft.com,30
2026-08-10,1ddeb0fa-7538-4221-a9a7-dd3a48fea1b4,,Admin ADB,False,,,False,None,APC,0,0,0,0,0,0,0,0,1486024,42949672960,Team Site,Admin@7rkd12.onmicrosoft.com,30
2026-08-10,1dea5851-8ea1-49fc-a3f5-426c86abdcdd,,prj_Ada Team Site-040 Owners,False,,,True,None,APC,30,0,0,0,0,0,0,0,4942656,42949672960,Team Site,prj_adateamsite-040@7rkd12.onmicrosoft.com,30
2026-08-10,1e0bf1cd-175d-4358-b6bb-2f7d8e48f3e4,,Admin ADB,False,,,False,None,APC,0,0,0,0,0,0,0,0,1486274,42949672960,Team Site,Admin@7rkd12.onmicrosoft.com,30
2026-08-10,1e315641-c479-4504-9b9d-ab03a156f131,,Admin ADB,False,,,False,None,APC,0,0,0,0,0,0,0,0,1486388,42949672960,Team Site,Admin@7rkd12.onmicrosoft.com,30
2026-08-10,1e31ecf1-fbaf-48d5-a005-9b355ba87092,,Bonnie Test,False,2026-07-23,,False,None,APC,28,1,1,1,0,0,0,0,4645163,42949672960,Team Site,BonnieTest@7rkd12.onmicrosoft.com,30
2026-08-10,1e3882ed-c7d8-4e9f-8013-7cb07fbaf504,,Admin ADB,True,,,False,None,APC,0,0,0,0,0,0,0,0,1485705,27487790694400,Team Site,Admin@7rkd12.onmicrosoft.com,30
2026-08-10,1e53d8ac-4edc-46ae-99c9-fb9db644dac9,,Bonnie Test,False,,,True,None,APC,30,0,0,0,0,0,0,0,4924805,42949672960,Team Site,BonnieTest@7rkd12.onmicrosoft.com,30
2026-08-10,1e7f43ef-1cb4-4487-9b7d-5c4d14cb246d,,Admin ADB,False,2026-06-11,,False,None,APC,6,0,0,0,0,0,0,0,1829518,42949672960,Team Site,Admin@7rkd12.onmicrosoft.com,30
2026-08-10,1eaf8774-2b3e-45af-aaad-3c8f8654e16d,,Admin ADB,False,,,False,None,APC,0,0,0,0,0,0,0,0,1486370,42949672960,Team Site,Admin@7rkd12.onmicrosoft.com,30
2026-08-10,1eb27e25-7cf8-4e52-925d-feb08beca5d5,,Bonnie Test,False,,,True,None,APC,30,0,0,0,0,0,0,0,4939277,42949672960,Team Site,BonnieTest@7rkd12.onmicrosoft.com,30
2026-08-10,1ec3b3ff-2f56-40d8-8cc6-143b06e0ea09,,prj_Team Site-731039 Owners,False,2026-08-10,,True,None,APC,30,4,1,1,0,0,0,0,4939476,42949672960,Team Site,prj_teamsite-731039@7rkd12.onmicrosoft.com,30
2026-08-10,1f16176a-ce34-461e-b9a3-8b3ff2a44803,,Admin ADB,True,,,False,None,APC,0,0,0,0,0,0,0,0,1485718,27487790694400,Team Site,Admin@7rkd12.onmicrosoft.com,30
2026-08-10,1f1ef48a-974d-4586-9f97-1e507e4354eb,,Leila Test,False,2026-06-10,,True,None,APC,20,0,0,0,0,0,0,0,3417322,1099511627776,Team Site,LeilaTest@7rkd12.onmicrosoft.com,30
2026-08-10,1f47ec72-6629-4b41-8405-49ad8ccb0c12,,Admin ADB,True,,,False,None,APC,0,0,0,0,0,0,0,0,1465513,27487790694400,Team Site,Admin@7rkd12.onmicrosoft.com,30
2026-08-10,1f5a39ea-f648-453c-893d-03eeaf32157b,,Mihal,False,,,False,None,APC,0,0,0,0,0,0,0,0,1484729,42949672960,Team Site,Mihal@7rkd12.onmicrosoft.com,30
2026-08-10,1f759a9f-9e6d-46f1-8663-8e02ef388a26,,prj_Ada Team Site-048 Owners,True,,,True,None,APC,30,0,0,0,0,0,0,0,4925778,27487790694400,Team Site,prj_adateamsite-048@7rkd12.onmicrosoft.com,30
2026-08-10,1f900f5d-81bb-4a0b-a073-7972527de74a,,Admin ADB,True,,,False,None,APC,0,0,0,0,0,0,0,0,1465393,27487790694400,Team Site,Admin@7rkd12.onmicrosoft.com,30
2026-08-10,1fee7e1b-b499-4f76-b524-c39274e2d657,,Admin ADB,False,,,False,None,APC,0,0,0,0,0,0,0,0,1484909,42949672960,Team Site,Admin@7rkd12.onmicrosoft.com,30
2026-08-10,2005cef6-18b1-4161-83f4-cbbf13028ed4,,Admin ADB,True,,,False,None,APC,0,0,0,0,0,0,0,0,1486278,27487790694400,Team Site,Admin@7rkd12.onmicrosoft.com,30
2026-08-10,200ba461-4bbd-4c47-bae6-65f2c90443be,,Admin ADB,False,,,True,None,APC,30,0,0,0,0,0,0,0,4955091,42949672960,Team Site,Admin@7rkd12.onmicrosoft.com,30
2026-08-10,201817f6-f6f2-49bc-885e-f6452635e025,,Mihal,False,,,False,None,APC,0,0,0,0,0,0,0,0,1484313,42949672960,Team Site,Mihal@7rkd12.onmicrosoft.com,30
2026-08-10,20265026-4e05-43f9-8ed8-540521e2e41a,,prj_MihalTeamsite 224 Owners,False,,,True,None,APC,30,0,0,0,0,0,0,0,4941578,42949672960,Team Site,prj_mihalteamsite-224@7rkd12.onmicrosoft.com,30
2026-08-10,202e4f94-b78b-4b36-98ef-b7b1b60b38a2,,Admin ADB,False,,,False,None,APC,0,0,0,0,0,0,0,0,1486330,42949672960,Team Site,Admin@7rkd12.onmicrosoft.com,30
2026-08-10,203b46e7-52c2-4969-a5fc-2a61ebdcfcfe,,Alex Wilber,False,,,True,None,APC,29,0,0,0,0,0,0,0,4578895,42949672960,Team Site,AlexW@7rkd12.onmicrosoft.com,30
2026-08-10,2053cf93-e267-45e7-bd1d-6f32b016ca4c,,Mihal,False,,,False,None,APC,0,0,0,0,0,0,0,0,1484324,42949672960,Team Site,Mihal@7rkd12.onmicrosoft.com,30
2026-08-10,20bf8c1e-4507-440a-896f-169ccac3a318,,prj_Ada Team Site-201 Owners,True,,,True,None,APC,30,0,0,0,0,0,0,0,4907588,27487790694400,Team Site,prj_adateamsite-201@7rkd12.onmicrosoft.com,30
2026-08-10,20c76628-394c-4545-bd28-82beefb1227d,,prj_temp-001 Owners,False,2026-07-08,,True,None,APC,28,0,0,0,0,0,0,0,7268123,42949672960,Team Site,prj_temp-001@7rkd12.onmicrosoft.com,30
2026-08-10,20dc149e-d1b8-460f-991e-60042be50dd2,,Admin ADB,True,,,False,None,APC,0,0,0,0,0,0,0,0,1465989,27487790694400,Team Site,Admin@7rkd12.onmicrosoft.com,30
2026-08-10,2108e4f3-9cc6-4200-9fe0-8a9dc58c6c3d,,Admin ADB,False,,,False,None,APC,0,0,0,0,0,0,0,0,1486403,42949672960,Team Site,Admin@7rkd12.onmicrosoft.com,30
2026-08-10,211fd553-f159-430a-b6fe-b9a4f78c4282,,Admin ADB,False,,,False,None,APC,0,0,0,0,0,0,0,0,1486252,42949672960,Team Site,Admin@7rkd12.onmicrosoft.com,30
2026-08-10,214a8c4d-ca3c-40be-ace1-014ade66f940,,prj_Ada Team Site-106 Owners,True,,,True,None,APC,30,0,0,0,0,0,0,0,4907771,27487790694400,Team Site,prj_adateamsite-106@7rkd12.onmicrosoft.com,30
2026-08-10,217474ec-0e98-4141-98dd-ecac822bcf29,,Admin ADB,False,,,False,None,APC,0,0,0,0,0,0,0,0,1486458,42949672960,Team Site,Admin@7rkd12.onmicrosoft.com,30
2026-08-10,2181bb69-0c62-4d73-8234-a44e95dfe1dd,,Admin ADB,False,,,False,None,APC,0,0,0,0,0,0,0,0,1486518,42949672960,Team Site,Admin@7rkd12.onmicrosoft.com,30
2026-08-10,21893160-06ac-4607-a7d2-9f2d73082f15,,ITAdmin1,False,2026-06-11,,True,None,APC,18,0,0,0,0,0,0,0,2615338,42949672960,Team Site,ITAdmin1@7rkd12.onmicrosoft.com,30
2026-08-10,21958993-b1f5-48f1-91fa-c4464549c947,,Admin ADB,True,,,False,None,APC,0,0,0,0,0,0,0,0,1465366,27487790694400,Team Site,Admin@7rkd12.onmicrosoft.com,30
2026-08-10,21cce325-872b-4337-ad50-145dfb37db3e,,Admin ADB,True,,,False,None,APC,0,0,0,0,0,0,0,0,1465432,27487790694400,Team Site,Admin@7rkd12.onmicrosoft.com,30
2026-08-10,21f073a0-5a88-4925-a3e4-6367a5a717d0,,Admin ADB,True,,,False,None,APC,0,0,0,0,0,0,0,0,1465881,27487790694400,Team Site,Admin@7rkd12.onmicrosoft.com,30
2026-08-10,21f6ad93-e5ea-4686-8f90-f5b16356ebf1,,Admin ADB,False,,,False,None,APC,0,0,0,0,0,0,0,0,1486629,42949672960,Team Site,Admin@7rkd12.onmicrosoft.com,30
2026-08-10,220e1df1-a3b0-43ef-827f-499d1c7450a2,,Admin ADB,True,2026-07-24,,True,None,APC,37,6,4,3,0,0,0,0,9595559,42949672960,Team Site,Admin@7rkd12.onmicrosoft.com,30
2026-08-10,2210f50b-966b-498d-9794-0933575261e6,,mihal-display-name-3 Owners,False,,,True,None,APC,1,0,0,0,0,0,0,0,1491921,42949672960,Team Site,mihal-alias3@7rkd12.onmicrosoft.com,30
2026-08-10,221e1bfc-5500-4025-98a7-61c6d0a9be8f,,Admin ADB,False,,,False,None,APC,0,0,0,0,0,0,0,0,1485553,42949672960,Team Site,Admin@7rkd12.onmicrosoft.com,30
2026-08-10,223e7a77-545c-49d1-bdd2-831776257dd8,,Bonnie Test,False,,,True,None,APC,30,0,0,0,0,0,0,0,4955948,42949672960,Team Site,BonnieTest@7rkd12.onmicrosoft.com,30
2026-08-10,229e19c0-1993-4220-8b6d-f2ad0bcd43bb,,Admin ADB,True,,,False,None,APC,0,0,0,0,0,0,0,0,1465371,27487790694400,Team Site,Admin@7rkd12.onmicrosoft.com,30
2026-08-10,22a53e14-f29e-437c-926d-ea2ee00f2599,,Admin ADB,True,,,False,None,APC,0,0,0,0,0,0,0,0,1465981,27487790694400,Team Site,Admin@7rkd12.onmicrosoft.com,30
2026-08-10,22bc6975-8466-459a-850b-0f78951e57f2,,Admin ADB,True,,,False,None,APC,0,0,0,0,0,0,0,0,1465351,27487790694400,Team Site,Admin@7rkd12.onmicrosoft.com,30
2026-08-10,22cbadc1-bd1f-4d78-ad21-826fcf0a3c4b,,prj_Team Site-731078 Owners,False,,,True,None,APC,20,0,0,0,0,0,0,0,4473226,42949672960,Team Site,prj_teamsite-731078@7rkd12.onmicrosoft.com,30
2026-08-10,23550ce9-c8ad-4279-8c74-913da5b05f51,,Admin ADB,False,,,False,None,APC,0,0,0,0,0,0,0,0,1485936,42949672960,Team Site,Admin@7rkd12.onmicrosoft.com,30
2026-08-10,23709781-4149-45db-afc4-41634bdb9a10,,Admin ADB,True,,,False,None,APC,0,0,0,0,0,0,0,0,1465470,27487790694400,Team Site,Admin@7rkd12.onmicrosoft.com,30
2026-08-10,2378ac1c-9771-4e81-98db-01f9e23c2cbf,,prj_MihalTeamsite 223 Owners,False,,,True,None,APC,30,0,0,0,0,0,0,0,4941558,42949672960,Team Site,prj_mihalteamsite-223@7rkd12.onmicrosoft.com,30
2026-08-10,23948f2f-8dd2-4a0f-866a-2554b6f1a144,,Admin ADB,False,2026-06-12,,True,None,APC,46,0,0,0,0,0,0,0,5805539,42949672960,Team Site,Admin@7rkd12.onmicrosoft.com,30
2026-08-10,23a00d4f-3867-4d1a-9dda-87ebec4f31c0,,prj_Group Site-731076 Owners,False,,,True,None,APC,30,0,0,0,0,0,0,0,4943493,42949672960,Team Site,prj_groupsite-731076@7rkd12.onmicrosoft.com,30
2026-08-10,23dd5311-e59f-435a-a070-8550ebcbd51b,,prj_Team Site-731075 Owners,False,,,True,None,APC,30,0,0,0,0,0,0,0,4943439,42949672960,Team Site,prj_teamsite-731075@7rkd12.onmicrosoft.com,30
2026-08-10,23ee2fd7-2f0e-444d-81bc-4ca70b898fa9,,prj_Ada Team Site-166 Owners,True,,,True,None,APC,30,0,0,0,0,0,0,0,4929160,27487790694400,Team Site,prj_adateamsite-166@7rkd12.onmicrosoft.com,30
2026-08-10,240f1b52-4051-4a82-8f6f-fbf6fa5e2576,,Leila Test,False,2026-06-10,,True,None,APC,4,0,0,0,0,0,0,0,2299156,42949672960,Team Site,LeilaTest@7rkd12.onmicrosoft.com,30
2026-08-10,2435dc93-ca48-4f86-a3d0-564a74596e9d,,Bonnie Test,False,,,True,None,APC,30,0,0,0,0,0,0,0,4953313,42949672960,Team Site,BonnieTest@7rkd12.onmicrosoft.com,30
2026-08-10,243bc267-d460-4c8a-a33d-12fd6fa6da36,,Admin ADB,True,,,False,None,APC,0,0,0,0,0,0,0,0,1465398,27487790694400,Team Site,Admin@7rkd12.onmicrosoft.com,30
2026-08-10,245f24b1-928d-4ef0-8f37-791ada4ea36d,,Admin ADB,False,,,True,None,APC,30,0,0,0,0,0,0,0,4905024,42949672960,Team Site,Admin@7rkd12.onmicrosoft.com,30
2026-08-10,246da6a1-5720-4cd3-940b-cd4c5d3ee5f0,,Admin ADB,True,,,False,None,APC,0,0,0,0,0,0,0,0,1486830,27487790694400,Team Site,Admin@7rkd12.onmicrosoft.com,30
2026-08-10,24753975-2e1f-41e1-8565-4577d3337b80,,prj_MihalTeamsite 212 Owners,False,,,True,None,APC,30,0,0,0,0,0,0,0,4926349,42949672960,Team Site,prj_mihalteamsite-212@7rkd12.onmicrosoft.com,30
2026-08-10,24974bfc-8350-432f-8443-00d9f1d92d49,,Admin ADB,True,,,False,None,APC,0,0,0,0,0,0,0,0,1465797,27487790694400,Team Site,Admin@7rkd12.onmicrosoft.com,30
2026-08-10,24a2d879-9c76-4640-88f8-24512bd1a6df,,Admin ADB,False,,,False,None,APC,0,0,0,0,0,0,0,0,1485956,42949672960,Team Site,Admin@7rkd12.onmicrosoft.com,30
2026-08-10,24a67211-1e79-4c96-9cd9-fdb450ac31dd,,Admin ADB,True,,,False,None,APC,0,0,0,0,0,0,0,0,1485659,27487790694400,Team Site,Admin@7rkd12.onmicrosoft.com,30
2026-08-10,24b4a12e-facc-4426-b4b0-61390f171fff,,Admin ADB,False,,,False,None,APC,0,0,0,0,0,0,0,0,1484315,42949672960,Team Site,Admin@7rkd12.onmicrosoft.com,30
2026-08-10,24c2fa6a-adcf-43d7-a058-1b3e9158f16b,,prj_Team Site-731054 Owners,False,,,True,None,APC,30,0,0,0,0,0,0,0,4943206,42949672960,Team Site,prj_teamsite-731054@7rkd12.onmicrosoft.com,30
2026-08-10,24d3703f-bf56-4c8d-aee9-a484a8c66667,,prj_MihalGroupsite-019 Owners,False,,,True,None,APC,1,0,0,0,0,0,0,0,1490149,42949672960,Team Site,prj_mihalgroupsite-019@7rkd12.onmicrosoft.com,30
2026-08-10,24dc2608-daac-4f29-9853-c85feda51f43,,Admin ADB,False,,,False,None,APC,0,0,0,0,0,0,0,0,1484617,42949672960,Team Site,Admin@7rkd12.onmicrosoft.com,30
2026-08-10,2503ee9b-fee5-47cd-95e0-68bba0b48065,,Admin ADB,False,,,False,None,APC,0,0,0,0,0,0,0,0,1485970,42949672960,Team Site,Admin@7rkd12.onmicrosoft.com,30
2026-08-10,2516097b-7470-4664-b4f9-aa525fdb6f24,,Admin ADB,False,,,False,None,APC,0,0,0,0,0,0,0,0,1486329,42949672960,Team Site,Admin@7rkd12.onmicrosoft.com,30
2026-08-10,2546642d-f163-4f06-9750-eaa5e60ccbd0,,Admin ADB,False,,,False,None,APC,0,0,0,0,0,0,0,0,1485945,42949672960,Team Site,Admin@7rkd12.onmicrosoft.com,30
2026-08-10,2547cca1-dbbb-4cb0-ba43-a37a0fee1905,,Admin ADB,False,,,True,None,APC,30,0,0,0,0,0,0,0,4925157,42949672960,Team Site,Admin@7rkd12.onmicrosoft.com,30
2026-08-10,258067e1-da97-43ce-8b01-dabf7b7678fe,,Alex Wilber,False,2024-11-17,,True,None,APC,3,0,0,0,0,0,0,0,2204454,42949672960,Team Site,AlexW@7rkd12.onmicrosoft.com,30
2026-08-10,258a20b9-8793-4af5-a6a0-7fde8b4cd8f4,,Admin ADB,False,,,False,None,APC,0,0,0,0,0,0,0,0,1486874,42949672960,Team Site,Admin@7rkd12.onmicrosoft.com,30
2026-08-10,259ab0e5-5106-404c-a43f-b3e17ebdfa5c,,Admin ADB,False,,,False,None,APC,0,0,0,0,0,0,0,0,1486320,42949672960,Team Site,Admin@7rkd12.onmicrosoft.com,30
2026-08-10,259af778-ac9c-4eb4-b732-5afc16c14fd8,,Admin ADB,True,,,True,None,APC,43,0,0,0,0,0,0,0,26110818,42949672960,Team Site,Admin@7rkd12.onmicrosoft.com,30
2026-08-10,259c20c3-5339-4edd-a1ab-f440eff1cef0,,Admin ADB,False,,,False,None,APC,0,0,0,0,0,0,0,0,1486736,42949672960,Team Site,Admin@7rkd12.onmicrosoft.com,30
2026-08-10,25a9dce7-ad51-438c-8a58-dfedbb089236,,Bonnie Test,False,,,True,None,APC,30,0,0,0,0,0,0,0,4940927,42949672960,Team Site,BonnieTest@7rkd12.onmicrosoft.com,30
2026-08-10,25ad5578-e51b-4ff6-8630-e9e27e7e9a90,,prj_Ada Team Site-221 Owners,True,,,True,None,APC,30,0,0,0,0,0,0,0,4940149,27487790694400,Team Site,prj_adateamsite-221@7rkd12.onmicrosoft.com,30
2026-08-10,25d7e031-ee08-4540-8721-99696c1d1065,,Admin ADB,False,,,False,None,APC,0,0,0,0,0,0,0,0,1485870,42949672960,Team Site,Admin@7rkd12.onmicrosoft.com,30
2026-08-10,25ea3260-0a04-487b-8a3c-9e0e576ba224,,Admin ADB,False,,,False,None,APC,0,0,0,0,0,0,0,0,1486830,42949672960,Team Site,Admin@7rkd12.onmicrosoft.com,30
2026-08-10,25f7f83a-cdb0-458e-95e5-fcf5f33fdfb2,,Admin ADB,False,,,False,None,APC,0,0,0,0,0,0,0,0,1486955,42949672960,Team Site,Admin@7rkd12.onmicrosoft.com,30
2026-08-10,25f972ca-50a8-4080-8a6c-ab7626bd05e5,,prj_Team Site-731052 Owners,False,,,True,None,APC,30,0,0,0,0,0,0,0,4940939,42949672960,Team Site,prj_teamsite-731052@7rkd12.onmicrosoft.com,30
2026-08-10,260562b9-c55b-4cd1-8b13-b8b21d82d521,,Bonnie Test,False,2026-08-10,,True,None,APC,20,5,5,3,0,0,0,0,4469732,42949672960,Team Site,BonnieTest@7rkd12.onmicrosoft.com,30
2026-08-10,260e59e5-833d-4b1d-8abf-6848838c5fd0,,Admin ADB,False,,,False,None,APC,0,0,0,0,0,0,0,0,1486221,42949672960,Team Site,Admin@7rkd12.onmicrosoft.com,30
2026-08-10,261254ab-5456-4056-8478-993a79f94787,,Admin ADB,True,,,False,None,APC,0,0,0,0,0,0,0,0,1485608,27487790694400,Team Site,Admin@7rkd12.onmicrosoft.com,30
2026-08-10,2639534c-5fbe-456f-bb60-e37a558014a4,,Admin ADB,False,,,True,None,APC,30,0,0,0,0,0,0,0,4939892,42949672960,Team Site,Admin@7rkd12.onmicrosoft.com,30
2026-08-10,2667ca12-40b7-4f30-b518-4ba3ecd3e324,,Admin ADB,False,,,True,None,APC,30,0,0,0,0,0,0,0,4925598,42949672960,Team Site,Admin@7rkd12.onmicrosoft.com,30
2026-08-10,266a7aee-df8a-48a9-955a-4b1664733973,,Bonnie Test,False,,,True,None,APC,30,0,0,0,0,0,0,0,4944770,42949672960,Team Site,BonnieTest@7rkd12.onmicrosoft.com,30
2026-08-10,268f54e2-bd94-493c-b6b1-707c94abffc0,,Admin ADB,True,,,False,None,APC,0,0,0,0,0,0,0,0,1485736,27487790694400,Team Site,Admin@7rkd12.onmicrosoft.com,30
2026-08-10,26c1b50f-7acb-40da-8db1-197246bf8cbf,,Admin ADB,True,,,False,None,APC,0,0,0,0,0,0,0,0,1485551,27487790694400,Team Site,Admin@7rkd12.onmicrosoft.com,30
2026-08-10,26dc1d5c-18dd-48d8-9291-12daa2f36bad,,prj_Group Site-731054 Owners,False,,,True,None,APC,30,0,0,0,0,0,0,0,4958247,42949672960,Team Site,prj_groupsite-731054@7rkd12.onmicrosoft.com,30
2026-08-10,27177449-0ed0-4258-a963-5863144c1f93,,Leah Test,False,2026-05-14,,False,None,APC,3,0,0,0,0,0,0,0,2578161,42949672960,Team Site,LeahTest@7rkd12.onmicrosoft.com,30
2026-08-10,272352b2-4020-4b88-9b13-955162b7ec5b,,Admin ADB,True,,,True,None,APC,30,0,0,0,0,0,0,0,4943100,42949672960,Team Site,Admin@7rkd12.onmicrosoft.com,30
2026-08-10,273f47d0-c8f9-4a26-957b-56f48c004096,,Admin ADB,False,,,True,None,APC,30,0,0,0,0,0,0,0,4937657,42949672960,Team Site,Admin@7rkd12.onmicrosoft.com,30
2026-08-10,278963fe-67cf-464f-bc14-a66641dc726d,,Admin ADB,False,,,False,None,APC,0,0,0,0,0,0,0,0,1486908,42949672960,Team Site,Admin@7rkd12.onmicrosoft.com,30
2026-08-10,27adfb35-ece9-4a81-9bdc-b423acefe17b,,Bonnie Test,False,2025-05-12,,True,None,APC,1,0,0,0,0,0,0,0,1856778,42949672960,Team Site,BonnieTest@7rkd12.onmicrosoft.com,30
2026-08-10,27b888e1-0c8e-4037-a947-30510c03344e,,Mihal,False,,,False,None,APC,0,0,0,0,0,0,0,0,1484388,42949672960,Team Site,Mihal@7rkd12.onmicrosoft.com,30
2026-08-10,27c37bed-dbed-4863-b050-885ebbafd8c3,,Admin ADB,True,,,False,None,APC,0,0,0,0,0,0,0,0,1485737,27487790694400,Team Site,Admin@7rkd12.onmicrosoft.com,30
2026-08-10,27c65198-4ce1-47d5-a26e-1f527af76106,,Admin ADB,False,,,False,None,APC,0,0,0,0,0,0,0,0,1486028,42949672960,Team Site,Admin@7rkd12.onmicrosoft.com,30
2026-08-10,2800ba71-f16f-4b33-b1e7-8bb0d70f8234,,Admin ADB,True,,,False,None,APC,0,0,0,0,0,0,0,0,1465326,27487790694400,Team Site,Admin@7rkd12.onmicrosoft.com,30
2026-08-10,280148ec-463e-4ab6-9d38-7df2d8ceab22,,Bonnie Test,False,,,False,None,APC,0,0,0,0,0,0,0,0,1926861,42949672960,Team Site,BonnieTest@7rkd12.onmicrosoft.com,30
2026-08-10,280850cd-fd1a-4ae8-89c0-cc6f8adb2dee,,Admin ADB,True,,,False,None,APC,0,0,0,0,0,0,0,0,1485729,27487790694400,Team Site,Admin@7rkd12.onmicrosoft.com,30
2026-08-10,2827d87c-468b-43de-8862-5116a45c6c4f,,prj_Group Site-731032 Owners,False,,,True,None,APC,30,0,0,0,0,0,0,0,4989687,42949672960,Team Site,prj_groupsite-731032@7rkd12.onmicrosoft.com,30
2026-08-10,28290cfc-85bc-45ea-9070-b11f8a428ac5,,prj_MihalTeamsite 219 Owners,False,,,True,None,APC,30,0,0,0,0,0,0,0,4926964,42949672960,Team Site,prj_mihalteamsite-219@7rkd12.onmicrosoft.com,30
2026-08-10,283273d7-be4a-44b9-a49e-5be8f552116a,,Admin ADB,True,,,False,None,APC,0,0,0,0,0,0,0,0,1465930,27487790694400,Team Site,Admin@7rkd12.onmicrosoft.com,30
2026-08-10,2839ce97-44ed-4fc6-8f14-3e91b338f36b,,Admin ADB,False,,,False,None,APC,0,0,0,0,0,0,0,0,1486983,42949672960,Team Site,Admin@7rkd12.onmicrosoft.com,30
2026-08-10,284c6d56-42f4-46bb-b2c5-a8c44190604e,,Admin ADB,False,,,False,None,APC,0,0,0,0,0,0,0,0,1485904,42949672960,Team Site,Admin@7rkd12.onmicrosoft.com,30
2026-08-10,2858e1c6-7821-4d57-a824-01e7ea94e69b,,prj_Team Site-731014 Owners,False,,,True,None,APC,30,0,0,0,0,0,0,0,4943055,42949672960,Team Site,prj_teamsite-731014@7rkd12.onmicrosoft.com,30
2026-08-10,28691120-0d12-489f-b76e-bae0a277a24b,,Admin ADB,True,,,False,None,APC,0,0,0,0,0,0,0,0,1465334,27487790694400,Team Site,Admin@7rkd12.onmicrosoft.com,30
2026-08-10,28ac95f7-54ef-42cd-96c4-8b61b3c11352,,Admin ADB,False,,,False,None,APC,0,0,0,0,0,0,0,0,1486906,42949672960,Team Site,Admin@7rkd12.onmicrosoft.com,30
2026-08-10,28c75860-decd-4781-abb2-b5c5ed3f7244,,Admin ADB,False,2026-08-10,,True,None,APC,60,15,0,0,0,0,0,0,106749949,42949672960,Team Site,Admin@7rkd12.onmicrosoft.com,30
2026-08-10,28dd1a07-4cab-4f9c-8897-44ab68058b7e,,Leila Test,False,2026-06-10,,True,None,APC,34,0,0,0,0,0,0,0,38416145,42949672960,Team Site,LeilaTest@7rkd12.onmicrosoft.com,30
2026-08-10,2907ad59-1e85-4207-be6c-ee5690f46dab,,Bonnie Test,False,,,True,None,APC,30,0,0,0,0,0,0,0,4940955,42949672960,Team Site,BonnieTest@7rkd12.onmicrosoft.com,30
2026-08-10,29155fed-1c4f-4f74-b232-d0eb83d80e81,,Admin ADB,True,,,False,None,APC,0,0,0,0,0,0,0,0,1465901,27487790694400,Team Site,Admin@7rkd12.onmicrosoft.com,30
2026-08-10,291fbfc7-edea-4e63-8782-cff28c70eb50,,Admin ADB,False,,,False,None,APC,0,0,0,0,0,0,0,0,1486492,42949672960,Team Site,Admin@7rkd12.onmicrosoft.com,30
2026-08-10,292f30b0-5774-46e7-b398-7adb2ea122e2,,Admin ADB,False,,,False,None,APC,0,0,0,0,0,0,0,0,1486541,42949672960,Team Site,Admin@7rkd12.onmicrosoft.com,30
2026-08-10,293a881f-a557-4991-a9a4-5deb1aba8750,,prj_Ada Team Site-149 Owners,False,,,True,None,APC,30,0,0,0,0,0,0,0,4942135,42949672960,Team Site,prj_adateamsite-149@7rkd12.onmicrosoft.com,30
2026-08-10,2945197b-f35b-4a6a-9092-a8f87eb2dec5,,Bonnie Test,False,,,True,None,APC,30,0,0,0,0,0,0,0,4947223,42949672960,Team Site,BonnieTest@7rkd12.onmicrosoft.com,30
2026-08-10,29796beb-72bd-458e-877e-daea2aa86d77,,Admin ADB,False,,,True,None,APC,30,0,0,0,0,0,0,0,4925433,42949672960,Team Site,Admin@7rkd12.onmicrosoft.com,30
2026-08-10,2981d34b-e008-4192-a5de-8002a5626329,,Admin ADB,True,,,False,None,APC,0,0,0,0,0,0,0,0,1465538,27487790694400,Team Site,Admin@7rkd12.onmicrosoft.com,30
2026-08-10,2993bab4-cc46-4a00-8bfc-a7f28ce3776e,,Admin ADB,True,,,False,None,APC,0,0,0,0,0,0,0,0,1465390,27487790694400,Team Site,Admin@7rkd12.onmicrosoft.com,30
2026-08-10,29ae7176-9891-43e1-bf5c-9fcae048cd50,,Admin ADB,False,,,False,None,APC,0,0,0,0,0,0,0,0,1486423,42949672960,Team Site,Admin@7rkd12.onmicrosoft.com,30
2026-08-10,29e59fc4-a034-4eb1-b2d6-f3e628f89284,,Admin ADB,False,,,False,None,APC,0,0,0,0,0,0,0,0,1486903,42949672960,Team Site,Admin@7rkd12.onmicrosoft.com,30
2026-08-10,29ead548-2855-443e-bbaf-cad8f02c8531,,mihal-display-name-13 Owners,False,,,True,None,APC,1,0,0,0,0,0,0,0,1491717,42949672960,Team Site,mihal-alias13@7rkd12.onmicrosoft.com,30
2026-08-10,29f0f6ff-7489-4029-a483-820fe7ff103b,,prj_Group Site-731026 Owners,False,,,True,None,APC,30,0,0,0,0,0,0,0,4957997,42949672960,Team Site,prj_groupsite-731026@7rkd12.onmicrosoft.com,30
2026-08-10,29f17b06-b8db-4549-b9b7-7a5ae76b738f,,Admin ADB,True,,,False,None,APC,0,0,0,0,0,0,0,0,1753092,107374182400,Team Site,Admin@7rkd12.onmicrosoft.com,30
2026-08-10,2a1aade8-b03d-4ca7-bd1a-75796882bf79,,Admin ADB,True,,,False,None,APC,0,0,0,0,0,0,0,0,1485694,27487790694400,Team Site,Admin@7rkd12.onmicrosoft.com,30
2026-08-10,2a7db9c7-236a-49ba-9c72-4cb00179559d,,Admin ADB,False,,,False,None,APC,0,0,0,0,0,0,0,0,1486506,42949672960,Team Site,Admin@7rkd12.onmicrosoft.com,30
2026-08-10,2a9fbea8-33b3-4b15-b48f-79c14628fc16,,Leila Test,False,2026-06-11,,True,None,APC,16,0,0,0,0,0,0,0,3004113,42949672960,Team Site,LeilaTest@7rkd12.onmicrosoft.com,30
2026-08-10,2aa3d201-292f-4801-8c21-e75b3a8cb0f8,,Bonnie Test,False,,,True,None,APC,30,0,0,0,0,0,0,0,4922651,42949672960,Team Site,BonnieTest@7rkd12.onmicrosoft.com,30
2026-08-10,2aa94e2f-4595-4c40-86a0-340cba073a31,,Admin ADB,True,,,False,None,APC,0,0,0,0,0,0,0,0,1466023,27487790694400,Team Site,Admin@7rkd12.onmicrosoft.com,30
2026-08-10,2abc9c41-4456-484d-851b-2ffe5001995b,,Admin ADB,True,,,False,None,APC,0,0,0,0,0,0,0,0,1465445,27487790694400,Team Site,Admin@7rkd12.onmicrosoft.com,30
2026-08-10,2acefc4b-3661-4342-951e-c1d5a6d695bc,,Bonnie Test,False,,,True,None,APC,30,0,0,0,0,0,0,0,4924665,42949672960,Team Site,BonnieTest@7rkd12.onmicrosoft.com,30
2026-08-10,2ad54aa7-5a6d-405d-82d1-2663f77b07b3,,Admin ADB,False,,,False,None,APC,0,0,0,0,0,0,0,0,1486539,42949672960,Team Site,Admin@7rkd12.onmicrosoft.com,30
2026-08-10,2ad6933a-32fd-4b79-a7db-f186f79d746a,,Admin ADB,True,,,False,None,APC,0,0,0,0,0,0,0,0,1486311,27487790694400,Team Site,Admin@7rkd12.onmicrosoft.com,30
2026-08-10,2adb3346-465d-4b3e-a78f-56c8b77643ad,,Admin ADB,False,,,False,None,APC,0,0,0,0,0,0,0,0,1486306,42949672960,Team Site,Admin@7rkd12.onmicrosoft.com,30
2026-08-10,2ae36071-d85a-4517-9674-685ede33d1d8,,Mihal,False,,,False,None,APC,0,0,0,0,0,0,0,0,1484398,42949672960,Team Site,Mihal@7rkd12.onmicrosoft.com,30
2026-08-10,2b262f2e-d56f-46b0-a59c-9ed088af7aa1,,Admin ADB,False,,,False,None,APC,0,0,0,0,0,0,0,0,1486507,42949672960,Team Site,Admin@7rkd12.onmicrosoft.com,30
2026-08-10,2b37b612-2ce8-4ebb-a941-3685b2047b89,,Admin ADB,True,,,True,None,APC,30,0,0,0,0,0,0,0,4922028,42949672960,Team Site,Admin@7rkd12.onmicrosoft.com,30
2026-08-10,2b70b204-113b-44ca-83bc-128c4641ac4b,,Bonnie Test,False,,,True,None,APC,30,0,0,0,0,0,0,0,4940110,42949672960,Team Site,BonnieTest@7rkd12.onmicrosoft.com,30
2026-08-10,2b8b5407-5db6-41ed-8840-3a5378f2f1af,,mihal-display-name-30 Owners,False,,,True,None,APC,1,0,0,0,0,0,0,0,1492360,42949672960,Team Site,mihal-alias30@7rkd12.onmicrosoft.com,30
2026-08-10,2bcd188a-55eb-4640-85ce-b3fc6ec76d62,,Admin ADB,False,,,False,None,APC,0,0,0,0,0,0,0,0,1485845,42949672960,Team Site,Admin@7rkd12.onmicrosoft.com,30
2026-08-10,2bd9b356-f545-4f65-babc-eff4b6e6c4fe,,Admin ADB,True,,,False,None,APC,0,0,0,0,0,0,0,0,1486127,27487790694400,Team Site,Admin@7rkd12.onmicrosoft.com,30
2026-08-10,2be0a9a3-9bae-4285-a64e-213aad4e13df,,Admin ADB,False,,,False,None,APC,0,0,0,0,0,0,0,0,1486468,42949672960,Team Site,Admin@7rkd12.onmicrosoft.com,30
2026-08-10,2c0013d5-6c89-4b2a-a700-79e86c5c97e2,,Admin ADB,False,,,False,None,APC,0,0,0,0,0,0,0,0,1486285,42949672960,Team Site,Admin@7rkd12.onmicrosoft.com,30
2026-08-10,2c132093-f421-4a42-9cdf-25bd1595d643,,Admin,False,2026-04-30,,True,None,APC,38,0,0,0,0,0,0,0,4943729,1099511627776,Team Site,Admin@7rkd12.onmicrosoft.com,30
2026-08-10,2c22325f-e927-4bf9-b453-fbca81746e3f,,Admin ADB,False,,,False,None,APC,0,0,0,0,0,0,0,0,1486405,42949672960,Team Site,Admin@7rkd12.onmicrosoft.com,30
2026-08-10,2c302c93-6ab9-4c5b-bf79-aab8a6784fa2,,Admin ADB,False,,,True,None,APC,30,0,0,0,0,0,0,0,4958602,42949672960,Team Site,Admin@7rkd12.onmicrosoft.com,30
2026-08-10,2c482369-f20a-428e-b0aa-29a64877490d,,displayname073 Owners,True,,,True,None,APC,30,0,0,0,0,0,0,0,4866678,27487790694400,Team Site,alias073@7rkd12.onmicrosoft.com,30
2026-08-10,2c4b99b8-7922-455b-ac09-835342a1640e,,Admin ADB,False,,,False,None,APC,0,0,0,0,0,0,0,0,1486896,42949672960,Team Site,Admin@7rkd12.onmicrosoft.com,30
2026-08-10,2c7b16d9-d329-423a-b01f-cdf236a7b0d0,,Admin ADB,False,,,True,None,APC,30,0,0,0,0,0,0,0,4939312,42949672960,Team Site,Admin@7rkd12.onmicrosoft.com,30
2026-08-10,2c7d10a9-9c94-4759-81f8-73d92491edac,,Admin ADB,True,,,True,None,APC,30,0,0,0,0,0,0,0,4942681,42949672960,Team Site,Admin@7rkd12.onmicrosoft.com,30
2026-08-10,2c931beb-3f9f-4826-afda-c5d5b4a16bde,,Admin ADB,False,,,False,None,APC,0,0,0,0,0,0,0,0,1486252,42949672960,Team Site,Admin@7rkd12.onmicrosoft.com,30
2026-08-10,2ca87750-44c1-4873-9014-1fcce993806b,,Admin ADB,False,2026-07-29,,True,None,APC,30,4,1,1,0,0,0,0,4924324,42949672960,Team Site,Admin@7rkd12.onmicrosoft.com,30
2026-08-10,2cef7975-2051-4899-875d-ae042b87d1ec,,Bonnie Test,False,,,True,None,APC,30,0,0,0,0,0,0,0,4961710,42949672960,Team Site,BonnieTest@7rkd12.onmicrosoft.com,30
2026-08-10,2cf8e390-c096-4bd6-8070-25f808d39627,,Admin ADB,False,,,False,None,APC,0,0,0,0,0,0,0,0,1486336,42949672960,Team Site,Admin@7rkd12.onmicrosoft.com,30
2026-08-10,2d066e93-cf6e-48f7-a3c6-2a6039ae4c1e,,prj_Ada Team Site-141 Owners,True,,,True,None,APC,30,0,0,0,0,0,0,0,4907584,27487790694400,Team Site,prj_adateamsite-141@7rkd12.onmicrosoft.com,30
2026-08-10,2d0996a0-5845-45e8-97b8-b7331bc2a430,,Admin ADB,False,,,False,None,APC,0,0,0,0,0,0,0,0,1486176,42949672960,Team Site,Admin@7rkd12.onmicrosoft.com,30
2026-08-10,2d484035-ae90-4284-9b2d-797fa12bd036,,Admin ADB,True,,,False,None,APC,0,0,0,0,0,0,0,0,1465333,27487790694400,Team Site,Admin@7rkd12.onmicrosoft.com,30
2026-08-10,2d869b05-b0d0-475f-81a6-ecfc3e9025b7,,Bonnie Test,False,,,True,None,APC,30,0,0,0,0,0,0,0,4957422,42949672960,Team Site,BonnieTest@7rkd12.onmicrosoft.com,30
2026-08-10,2d8cdd22-edca-4d38-9b82-83fefdbbe427,,Admin ADB,False,,,False,None,APC,0,0,0,0,0,0,0,0,1484297,42949672960,Team Site,Admin@7rkd12.onmicrosoft.com,30
2026-08-10,2d9520ed-d809-4756-ab73-efb11b4318e2,,Admin ADB,True,,,False,None,APC,0,0,0,0,0,0,0,0,1465462,27487790694400,Team Site,Admin@7rkd12.onmicrosoft.com,30
2026-08-10,2da119fb-44ca-4071-8a1f-44b69f7afad2,,Bonnie Test,False,,,True,None,APC,30,0,0,0,0,0,0,0,4939538,42949672960,Team Site,BonnieTest@7rkd12.onmicrosoft.com,30
2026-08-10,2e02fe37-a83e-4edd-a011-2ffc4e7341f9,,Admin ADB,False,2026-07-29,,True,None,APC,30,4,1,1,0,0,0,0,4923968,42949672960,Team Site,Admin@7rkd12.onmicrosoft.com,30
2026-08-10,2e14d18e-7ed0-4c87-a05f-61b80a53d39d,,prj_Ada Team Site-134 Owners,True,,,True,None,APC,30,0,0,0,0,0,0,0,4907662,27487790694400,Team Site,prj_adateamsite-134@7rkd12.onmicrosoft.com,30
2026-08-10,2e1f0286-7e8c-4786-bff7-fdc53c3172b2,,Admin ADB,False,,,False,None,APC,0,0,0,0,0,0,0,0,1486371,42949672960,Team Site,Admin@7rkd12.onmicrosoft.com,30
2026-08-10,2e2147c8-a175-472c-865e-730168d45e8a,,Admin ADB,False,2025-07-07,,True,None,APC,14,0,0,0,0,0,0,0,2561313,42949672960,Team Site,Admin@7rkd12.onmicrosoft.com,30
2026-08-10,2e2479f6-9c22-46b4-9165-c2e1243de3e6,,Admin ADB,True,,,False,None,APC,0,0,0,0,0,0,0,0,1465417,27487790694400,Team Site,Admin@7rkd12.onmicrosoft.com,30
2026-08-10,2e430b1c-a8ed-46cf-b60a-a5962e45cd52,,Admin ADB,False,,,False,None,APC,0,0,0,0,0,0,0,0,1486965,42949672960,Team Site,Admin@7rkd12.onmicrosoft.com,30
2026-08-10,2e5284cd-41f8-4ea3-8e40-8b2a022cbff2,,Leila Test,False,2026-06-10,,True,None,APC,19,0,0,0,0,0,0,0,3911166,1099511627776,Team Site,LeilaTest@7rkd12.onmicrosoft.com,30
2026-08-10,2e686402-f4ef-4de5-9718-8006d7ab314e,,Admin ADB,False,,,False,None,APC,0,0,0,0,0,0,0,0,1486301,42949672960,Team Site,Admin@7rkd12.onmicrosoft.com,30
2026-08-10,2eb18b3a-b8f4-4643-b913-40651da37c1c,,Admin ADB,False,,,False,None,APC,0,0,0,0,0,0,0,0,1486918,42949672960,Team Site,Admin@7rkd12.onmicrosoft.com,30
2026-08-10,2ebc4a38-f9c0-49bc-96dd-36ea456c4086,,SharePoint App,False,,,True,None,APC,2,0,0,0,0,0,0,0,2284105,42949672960,Team Site,,30
2026-08-10,2ed6d83d-85ac-452d-b702-efbe8f4ba38b,,Admin ADB,False,,,True,None,APC,30,0,0,0,0,0,0,0,4921740,42949672960,Team Site,Admin@7rkd12.onmicrosoft.com,30
2026-08-10,2efcdf12-edf5-466d-8d96-feba72033cbb,,Bonnie Test,False,,,True,None,APC,30,0,0,0,0,0,0,0,4940037,42949672960,Team Site,BonnieTest@7rkd12.onmicrosoft.com,30
2026-08-10,2f4a7346-0685-4aa7-ad02-e8d182c00931,,Bonnie Test,False,,,True,None,APC,30,0,0,0,0,0,0,0,4940342,42949672960,Team Site,BonnieTest@7rkd12.onmicrosoft.com,30
2026-08-10,2f9fb3af-d1de-4349-af81-a58d12440662,,Admin ADB,False,,,False,None,APC,0,0,0,0,0,0,0,0,1485923,42949672960,Team Site,Admin@7rkd12.onmicrosoft.com,30
2026-08-10,2fb9f1b0-64b5-4c5f-97d6-37bba10aa9d5,,Admin ADB,True,,,False,None,APC,0,0,0,0,0,0,0,0,1465326,27487790694400,Team Site,Admin@7rkd12.onmicrosoft.com,30
2026-08-10,2fbac986-c145-4431-aee1-a0c1750bcf37,,Admin ADB,True,,,False,None,APC,0,0,0,0,0,0,0,0,1465994,27487790694400,Team Site,Admin@7rkd12.onmicrosoft.com,30
2026-08-10,2fc1c00c-d6d5-4ead-bce7-02e44aa0ccab,,Bonnie Test,False,,,True,None,APC,30,0,0,0,0,0,0,0,4925587,42949672960,Team Site,BonnieTest@7rkd12.onmicrosoft.com,30
2026-08-10,2fc3397b-d658-4fd0-b7c5-96e140e534f5,,Admin ADB,False,,,False,None,APC,0,0,0,0,0,0,0,0,1485928,42949672960,Team Site,Admin@7rkd12.onmicrosoft.com,30
2026-08-10,2fcf09cb-5e85-4aba-abd3-d0521efefe5d,,Admin ADB,False,,,False,None,APC,0,0,0,0,0,0,0,0,1484191,42949672960,Team Site,Admin@7rkd12.onmicrosoft.com,30
2026-08-10,302ccae1-c7d2-44fb-a252-56ce7bee44a1,,Admin ADB,False,,,False,None,APC,0,0,0,0,0,0,0,0,1486847,42949672960,Team Site,Admin@7rkd12.onmicrosoft.com,30
2026-08-10,305fa958-da6e-4d1e-b9c1-e063e4205ceb,,Admin ADB,False,,,True,None,APC,30,0,0,0,0,0,0,0,4924032,42949672960,Team Site,Admin@7rkd12.onmicrosoft.com,30
2026-08-10,30742354-eecc-4a91-8fd1-881935642912,,Admin ADB,False,,,True,None,APC,30,0,0,0,0,0,0,0,4924048,42949672960,Team Site,Admin@7rkd12.onmicrosoft.com,30
2026-08-10,307e3cc3-8c0e-49ba-99b2-2d910060a8b8,,Bonnie Test,False,,,True,None,APC,30,0,0,0,0,0,0,0,4935187,42949672960,Team Site,BonnieTest@7rkd12.onmicrosoft.com,30
2026-08-10,3086a404-8d7a-4e7d-b145-13da98a33ef2,,prj_Team Site-731070 Owners,False,,,True,None,APC,30,0,0,0,0,0,0,0,4940831,42949672960,Team Site,prj_teamsite-731070@7rkd12.onmicrosoft.com,30
2026-08-10,30da0366-f5c0-49f6-86b2-13ef990c8b13,,Admin ADB,False,,,False,None,APC,0,0,0,0,0,0,0,0,1486959,42949672960,Team Site,Admin@7rkd12.onmicrosoft.com,30
2026-08-10,30e72a09-f0aa-4667-b611-810ee334bf81,,Bonnie Test,False,,,True,None,APC,30,0,0,0,0,0,0,0,4940206,42949672960,Team Site,BonnieTest@7rkd12.onmicrosoft.com,30
2026-08-10,30f5d318-81ca-4d4f-b309-f62085c84502,,Admin ADB,False,,,False,None,APC,0,0,0,0,0,0,0,0,1486056,42949672960,Team Site,Admin@7rkd12.onmicrosoft.com,30
2026-08-10,31510e38-6fae-4970-9003-d9256d26f7ad,,Leila Test,False,2026-06-11,,False,None,APC,1,0,0,0,0,0,0,0,2429270,42949672960,Team Site,LeilaTest@7rkd12.onmicrosoft.com,30
2026-08-10,315f84a6-2697-4a91-968a-220595e95667,,Bonnie Test,False,,,True,None,APC,30,0,0,0,0,0,0,0,4923949,42949672960,Team Site,BonnieTest@7rkd12.onmicrosoft.com,30
2026-08-10,316418ad-e6c8-4b03-bbed-64227ed83a88,,prj_Team Site-731055 Owners,False,,,True,None,APC,30,0,0,0,0,0,0,0,4943673,42949672960,Team Site,prj_teamsite-731055@7rkd12.onmicrosoft.com,30
2026-08-10,316ee246-d3df-4b9a-8bc0-67de7c73309a,,Admin ADB,True,,,False,None,APC,0,0,0,0,0,0,0,0,1485850,27487790694400,Team Site,Admin@7rkd12.onmicrosoft.com,30
2026-08-10,319d76bb-18b0-4ba7-ad78-175ad0ac54fd,,Admin ADB,True,,,False,None,APC,0,0,0,0,0,0,0,0,1465455,27487790694400,Team Site,Admin@7rkd12.onmicrosoft.com,30
2026-08-10,31bc99be-999d-4988-a13a-e441dc8a4e2d,,Admin ADB,False,,,False,None,APC,0,0,0,0,0,0,0,0,1485860,42949672960,Team Site,Admin@7rkd12.onmicrosoft.com,30
2026-08-10,31d05e51-98d7-4200-9fe8-0eb891afba76,,Mihal,False,,,False,None,APC,0,0,0,0,0,0,0,0,1484789,42949672960,Team Site,Mihal@7rkd12.onmicrosoft.com,30
2026-08-10,320a3fb1-5e29-4e58-8487-34ac4c598b68,,Admin ADB,False,,,False,None,APC,0,0,0,0,0,0,0,0,1486428,42949672960,Team Site,Admin@7rkd12.onmicrosoft.com,30
2026-08-10,3229c1e6-eaac-40e6-a99f-234a2a5c11dc,,Admin ADB,True,,,True,None,APC,30,0,0,0,0,0,0,0,4942933,42949672960,Team Site,Admin@7rkd12.onmicrosoft.com,30
2026-08-10,32808d55-583d-4033-a4aa-113a3afa6faf,,prj_MihalGroupsite-012 Owners,False,,,True,None,APC,30,0,0,0,0,0,0,0,4941395,42949672960,Team Site,prj_mihalgroupsite-012@7rkd12.onmicrosoft.com,30
2026-08-10,32a44946-9f44-4f8c-8338-32d77d7bc697,,Admin ADB,False,,,True,None,APC,30,0,0,0,0,0,0,0,4925019,42949672960,Team Site,Admin@7rkd12.onmicrosoft.com,30
2026-08-10,32cd6845-ebf7-43b6-8904-eae02e8fd025,,Admin ADB,True,,,True,None,APC,43,0,0,0,0,0,0,0,23894005,42949672960,Team Site,Admin@7rkd12.onmicrosoft.com,30
2026-08-10,32fedb9b-8bd0-4400-9cfc-1fee07523c97,,Admin ADB,False,,,False,None,APC,0,0,0,0,0,0,0,0,1486404,42949672960,Team Site,Admin@7rkd12.onmicrosoft.com,30
2026-08-10,3360439a-bb81-4cc1-9c63-30db9e5b504d,,prj_Team Site-731010 Owners,False,,,True,None,APC,30,0,0,0,0,0,0,0,4943512,42949672960,Team Site,prj_teamsite-731010@7rkd12.onmicrosoft.com,30
2026-08-10,337d0be4-49fe-46ef-9ed9-18b22c841378,,Admin ADB,False,,,True,None,APC,30,0,0,0,0,0,0,0,4940118,42949672960,Team Site,Admin@7rkd12.onmicrosoft.com,30
2026-08-10,33a57928-44ee-47e3-a412-2cc7c8b4de1c,,Admin ADB,True,,,False,None,APC,0,0,0,0,0,0,0,0,1465883,27487790694400,Team Site,Admin@7rkd12.onmicrosoft.com,30
2026-08-10,33f364f6-cc19-424b-b854-ddc715e59060,,Bonnie Test,False,2026-08-06,,True,None,APC,30,0,1,1,0,0,0,0,4921421,42949672960,Team Site,BonnieTest@7rkd12.onmicrosoft.com,30
2026-08-10,33f6bd4c-9ffa-4e17-bc9c-a8e07a5d4c5e,,Admin ADB,False,,,False,None,APC,0,0,0,0,0,0,0,0,1485209,42949672960,Team Site,Admin@7rkd12.onmicrosoft.com,30
2026-08-10,34039964-0bd1-4944-84b1-0bd29c6dbb88,,prj_Ada Team Site-112 Owners,True,,,True,None,APC,30,0,0,0,0,0,0,0,4907702,27487790694400,Team Site,prj_adateamsite-112@7rkd12.onmicrosoft.com,30
2026-08-10,34242e82-be61-4b09-9fa7-316865d98d7a,,Bonnie Test,False,,,True,None,APC,30,0,0,0,0,0,0,0,4925418,42949672960,Team Site,BonnieTest@7rkd12.onmicrosoft.com,30
2026-08-10,3461b4e1-d1ff-4cbf-b49b-b3e680e01e6a,,Admin ADB,False,,,True,None,APC,30,0,0,0,0,0,0,0,4923669,42949672960,Team Site,Admin@7rkd12.onmicrosoft.com,30
2026-08-10,347073c2-fa04-4b2b-8ea5-8fa59aed41a5,,Admin ADB,False,,,False,None,APC,0,0,0,0,0,0,0,0,1486067,42949672960,Team Site,Admin@7rkd12.onmicrosoft.com,30
2026-08-10,3470a7b7-580c-46b1-ae36-dfd3a44543f7,,prj_MihalTeamsite 217 Owners,False,,,True,None,APC,1,0,0,0,0,0,0,0,1492700,42949672960,Team Site,prj_mihalteamsite-217@7rkd12.onmicrosoft.com,30
2026-08-10,3489a12a-4e13-4e5a-bd5c-782ad8f6b1e4,,Bonnie Test,False,,,True,None,APC,30,0,0,0,0,0,0,0,4923770,42949672960,Team Site,BonnieTest@7rkd12.onmicrosoft.com,30
2026-08-10,349d0d28-62aa-4717-88b2-659530592707,,Admin ADB,False,,,False,None,APC,29,0,0,0,0,0,0,0,4660463,42949672960,Team Site,Admin@7rkd12.onmicrosoft.com,30
2026-08-10,34b0c39e-753e-440b-be6a-714627675e00,,Admin ADB,False,2026-07-29,,True,None,APC,30,4,1,1,0,0,0,0,4924297,42949672960,Team Site,Admin@7rkd12.onmicrosoft.com,30
2026-08-10,34eb7ec1-1a8d-419d-aa10-8a89efa0b873,,Bonnie Test,False,,,True,None,APC,30,0,0,0,0,0,0,0,4940534,42949672960,Team Site,BonnieTest@7rkd12.onmicrosoft.com,30
2026-08-10,35042464-b171-46f4-b3f3-d4cb079b3e05,,Admin ADB,False,,,False,None,APC,0,0,0,0,0,0,0,0,1485539,42949672960,Team Site,Admin@7rkd12.onmicrosoft.com,30
2026-08-10,35052ad5-fc61-4623-8af4-05c5c9c73156,,Admin ADB,False,,,True,None,APC,30,0,0,0,0,0,0,0,4924068,42949672960,Team Site,Admin@7rkd12.onmicrosoft.com,30
2026-08-10,35086074-6ba5-4ee1-9b9a-11c37378278a,,prj_Group Site-731071 Owners,False,,,True,None,APC,30,0,0,0,0,0,0,0,4943627,42949672960,Team Site,prj_groupsite-731071@7rkd12.onmicrosoft.com,30
2026-08-10,350a60e6-2521-4b0a-954f-2b7092ec220a,,Admin ADB,False,,,False,None,APC,0,0,0,0,0,0,0,0,1486983,42949672960,Team Site,Admin@7rkd12.onmicrosoft.com,30
2026-08-10,35372df0-b6a0-4724-801a-6d2e0a524c98,,Admin ADB,True,,,False,None,APC,0,0,0,0,0,0,0,0,1485721,27487790694400,Team Site,Admin@7rkd12.onmicrosoft.com,30
2026-08-10,35413ff7-ea3c-439a-b767-307a8e9687f9,,Admin ADB,True,,,False,None,APC,0,0,0,0,0,0,0,0,1486274,27487790694400,Team Site,Admin@7rkd12.onmicrosoft.com,30
2026-08-10,3575add1-a7dc-45a3-8a4e-6e92c11bcd95,,Admin ADB,False,,,False,None,APC,0,0,0,0,0,0,0,0,1486284,42949672960,Team Site,Admin@7rkd12.onmicrosoft.com,30
2026-08-10,357c24f7-ab58-4fcf-8244-1a3dcd3a4f07,,Admin ADB,True,,,False,None,APC,0,0,0,0,0,0,0,0,1486229,27487790694400,Team Site,Admin@7rkd12.onmicrosoft.com,30
2026-08-10,3589b32c-5c0a-4a97-b9ef-14ee6b3706b9,,Bonnie Test,False,,,True,None,APC,30,0,0,0,0,0,0,0,4939999,42949672960,Team Site,BonnieTest@7rkd12.onmicrosoft.com,30
2026-08-10,35975a8c-df7b-4bd3-89c7-5b0ced3202d1,,Admin ADB,True,,,False,None,APC,0,0,0,0,0,0,0,0,1465477,27487790694400,Team Site,Admin@7rkd12.onmicrosoft.com,30
2026-08-10,35ac8ab2-0e78-44e2-989f-d3296d13726e,,Admin ADB,False,,,False,None,APC,0,0,0,0,0,0,0,0,1485937,42949672960,Team Site,Admin@7rkd12.onmicrosoft.com,30
2026-08-10,35bcaab8-1163-4ef8-a504-0ce2f38371f5,,Admin ADB,False,,,False,None,APC,0,0,0,0,0,0,0,0,1486984,42949672960,Team Site,Admin@7rkd12.onmicrosoft.com,30
2026-08-10,360d43ce-ba11-49e0-a880-444f4e494123,,Bonnie Test,False,,,True,None,APC,30,0,0,0,0,0,0,0,4924480,42949672960,Team Site,BonnieTest@7rkd12.onmicrosoft.com,30
2026-08-10,3610960c-e8f8-4962-bb03-2cbe28f2a669,,Admin ADB,False,,,False,None,APC,0,0,0,0,0,0,0,0,1484285,42949672960,Team Site,Admin@7rkd12.onmicrosoft.com,30
2026-08-10,3629a032-0e5c-4d8e-991e-57f02c971a26,,Admin ADB,False,,,False,None,APC,0,0,0,0,0,0,0,0,1486999,42949672960,Team Site,Admin@7rkd12.onmicrosoft.com,30
2026-08-10,36580fda-524f-48c8-a7a7-0b2b88602766,,displayname171 Owners,True,2026-07-27,,True,None,APC,30,1,1,1,0,0,0,0,4850034,27487790694400,Team Site,alias171@7rkd12.onmicrosoft.com,30
2026-08-10,3666b4eb-e7da-4649-a872-f2ae2a374c93,,Bonnie Test,False,,,True,None,APC,20,0,0,0,0,0,0,0,4488425,42949672960,Team Site,BonnieTest@7rkd12.onmicrosoft.com,30
2026-08-10,367f6931-377c-470f-b3c3-a372935f68ae,,Admin ADB,False,,,True,None,APC,30,0,0,0,0,0,0,0,4906590,42949672960,Team Site,Admin@7rkd12.onmicrosoft.com,30
2026-08-10,36974a3a-4cc6-4ef5-9335-706aee871478,,Bonnie Test,False,,,True,None,APC,30,0,0,0,0,0,0,0,4924052,42949672960,Team Site,BonnieTest@7rkd12.onmicrosoft.com,30
2026-08-10,36c17443-41c7-468f-8b69-72c839127f17,,Admin ADB,False,,,False,None,APC,0,0,0,0,0,0,0,0,1485892,42949672960,Team Site,Admin@7rkd12.onmicrosoft.com,30
2026-08-10,36d67bd6-bcdc-4e54-9e32-6e4efcf3633f,,Bonnie Test,False,,,True,None,APC,30,0,0,0,0,0,0,0,4924858,42949672960,Team Site,BonnieTest@7rkd12.onmicrosoft.com,30
2026-08-10,36f17cab-2200-46e9-afba-e445ed99724c,,prj_Group Site-731041 Owners,False,,,True,None,APC,30,0,0,0,0,0,0,0,4886802,42949672960,Team Site,prj_groupsite-731041@7rkd12.onmicrosoft.com,30
2026-08-10,37064f0b-b8de-461b-bda2-0ff93c09206d,,Bonnie Test,False,,,True,None,APC,30,0,0,0,0,0,0,0,4923975,42949672960,Team Site,BonnieTest@7rkd12.onmicrosoft.com,30
2026-08-10,370c926f-2c1e-40c0-a8ce-e0754537a6bf,,Admin ADB,False,,,True,None,APC,30,0,0,0,0,0,0,0,4924099,42949672960,Team Site,Admin@7rkd12.onmicrosoft.com,30
2026-08-10,37149934-22c5-4cf6-a1ad-a6fc7c31fe6f,,Admin ADB,False,,,False,None,APC,0,0,0,0,0,0,0,0,1485882,42949672960,Team Site,Admin@7rkd12.onmicrosoft.com,30
2026-08-10,372b1cfc-0607-464e-8fc8-ddd93594dbbf,,Admin ADB,True,,,False,None,APC,0,0,0,0,0,0,0,0,1486098,27487790694400,Team Site,Admin@7rkd12.onmicrosoft.com,30
2026-08-10,37431f5e-e5e9-4579-96e9-e3d990e2bd44,,Bonnie Test,False,,,True,None,APC,30,0,0,0,0,0,0,0,4924397,42949672960,Team Site,BonnieTest@7rkd12.onmicrosoft.com,30
2026-08-10,37459cee-4380-45a1-ae57-5d8dbe0f4a73,,prj_Team Site-731042 Owners,False,,,True,None,APC,30,0,0,0,0,0,0,0,4940961,42949672960,Team Site,prj_teamsite-731042@7rkd12.onmicrosoft.com,30
2026-08-10,375b2f47-21d5-4134-99ae-e7f4119066d3,,Alex Wilber,False,2024-11-18,,True,None,APC,0,0,0,0,0,0,0,0,1723901,42949672960,Team Site,AlexW@7rkd12.onmicrosoft.com,30
2026-08-10,37658eca-5bbf-4bc4-b05f-901a43bfc809,,Admin ADB,True,,,False,None,APC,0,0,0,0,0,0,0,0,1465507,27487790694400,Team Site,Admin@7rkd12.onmicrosoft.com,30
2026-08-10,376e3a31-0e25-4793-b49e-fac232f25e1e,,Leila Test,False,2026-06-11,,True,None,APC,3,0,0,0,0,0,0,0,2467823,42949672960,Team Site,LeilaTest@7rkd12.onmicrosoft.com,30
2026-08-10,37891b91-c6e2-4dff-be84-4b2ba0b1a8d2,,Admin ADB,False,,,True,None,APC,30,0,0,0,0,0,0,0,4924069,42949672960,Team Site,Admin@7rkd12.onmicrosoft.com,30
2026-08-10,378e3c3f-09de-482f-b4df-bc301da73194,,prj_Team Site-731008 Owners,False,,,True,None,APC,30,0,0,0,0,0,0,0,4943585,42949672960,Team Site,prj_teamsite-731008@7rkd12.onmicrosoft.com,30
2026-08-10,37c1b9a1-02a4-4495-a636-a9643ab96231,,Admin ADB,False,,,True,None,APC,30,0,0,0,0,0,0,0,4939805,42949672960,Team Site,Admin@7rkd12.onmicrosoft.com,30
2026-08-10,37e644a5-3813-41cb-92ba-aed8d9a6ffda,,Admin ADB,False,,,False,None,APC,0,0,0,0,0,0,0,0,1485989,42949672960,Team Site,Admin@7rkd12.onmicrosoft.com,30
2026-08-10,37e72e0a-2cf9-4305-b37c-6b8afd9e6ba2,,Admin ADB,False,,,False,None,APC,0,0,0,0,0,0,0,0,1485984,42949672960,Team Site,Admin@7rkd12.onmicrosoft.com,30
2026-08-10,380fdf8a-6414-4d92-a38b-cb0a2b4fa92f,,prj_MihalTeamsite 186 Owners,False,,,True,None,APC,30,0,0,0,0,0,0,0,4941018,42949672960,Team Site,prj_mihalteamsite-186@7rkd12.onmicrosoft.com,30
2026-08-10,383b294d-1590-4769-9a81-739cd3e742d8,,Leila Test,False,2026-06-10,,True,None,APC,14,0,0,0,0,0,0,0,2449688,1099511627776,Team Site,LeilaTest@7rkd12.onmicrosoft.com,30
2026-08-10,384c645c-7a13-4975-b246-083baafc5dcf,,Admin ADB,False,2025-09-05,,True,None,APC,3,0,0,0,0,0,0,0,2608280,42949672960,Team Site,Admin@7rkd12.onmicrosoft.com,30
2026-08-10,384cafb4-7112-4423-9a31-d8611dd8935a,,prj_Team Site-731021 Owners,False,,,True,None,APC,30,0,0,0,0,0,0,0,4943248,42949672960,Team Site,prj_teamsite-731021@7rkd12.onmicrosoft.com,30
2026-08-10,384f21e7-b567-4e07-b74c-bb1205bf0914,,Mihal,False,,,False,None,APC,0,0,0,0,0,0,0,0,1484224,42949672960,Team Site,Mihal@7rkd12.onmicrosoft.com,30
2026-08-10,38646ddf-e1b7-4d44-88a7-15ae281c6ed3,,Leila Test,False,2026-06-11,,True,None,APC,30,0,0,0,0,0,0,0,10657414,42949672960,Team Site,LeilaTest@7rkd12.onmicrosoft.com,30
2026-08-10,38721702-5861-449a-92f0-0642dab92cdf,,Bonnie Test,False,,,True,None,APC,30,0,0,0,0,0,0,0,4940808,42949672960,Team Site,BonnieTest@7rkd12.onmicrosoft.com,30
2026-08-10,387cae09-734b-425d-94a8-7be2586a0096,,Admin ADB,False,,,True,None,APC,30,0,0,0,0,0,0,0,4938525,42949672960,Team Site,Admin@7rkd12.onmicrosoft.com,30
2026-08-10,388e172f-9bad-4f6e-8cb5-b548e7339818,,Admin ADB,False,2026-08-04,,True,None,APC,30,0,2,1,0,0,0,0,4924185,42949672960,Team Site,Admin@7rkd12.onmicrosoft.com,30
2026-08-10,38945070-2740-458d-add9-d0adb526e60b,,Admin ADB,True,,,False,None,APC,0,0,0,0,0,0,0,0,1465440,27487790694400,Team Site,Admin@7rkd12.onmicrosoft.com,30
2026-08-10,38b17e0b-9f68-4248-ae76-d81a380e41f7,,Admin ADB,False,,,False,None,APC,0,0,0,0,0,0,0,0,1486403,42949672960,Team Site,Admin@7rkd12.onmicrosoft.com,30
2026-08-10,38b66db5-c524-4d38-945f-64b093e89905,,Admin ADB,False,,,False,None,APC,0,0,0,0,0,0,0,0,1487000,42949672960,Team Site,Admin@7rkd12.onmicrosoft.com,30
2026-08-10,39063c95-84d2-4692-902b-aff31d08c030,,Admin ADB,True,,,False,None,APC,0,0,0,0,0,0,0,0,1465379,27487790694400,Team Site,Admin@7rkd12.onmicrosoft.com,30
2026-08-10,390681d4-c809-497b-9a03-a44b3b938c96,,Alex Wilber,False,,,True,None,APC,4,0,0,0,0,0,0,0,1660917,42949672960,Team Site,AlexW@7rkd12.onmicrosoft.com,30
2026-08-10,3908d30a-b820-4686-a5ef-911505757ddd,,Leila Test,False,2026-06-10,,True,None,APC,11,0,0,0,0,0,0,0,2825361,42949672960,Team Site,LeilaTest@7rkd12.onmicrosoft.com,30
2026-08-10,39120ad4-9c51-46f8-bb04-d2c2b749f4c9,,prj_Group Site-731093 Owners,False,,,True,None,APC,30,0,0,0,0,0,0,0,4940475,42949672960,Team Site,prj_groupsite-731093@7rkd12.onmicrosoft.com,30
2026-08-10,391e5b8e-8e43-4de9-94e9-85e6998418bc,,Admin ADB,False,,,True,None,APC,30,0,0,0,0,0,0,0,4906368,42949672960,Team Site,Admin@7rkd12.onmicrosoft.com,30
2026-08-10,392016ee-7024-48f7-b376-da1920d1b2c7,,Admin ADB,False,,,True,None,APC,30,0,0,0,0,0,0,0,4924622,42949672960,Team Site,Admin@7rkd12.onmicrosoft.com,30
2026-08-10,39317ea2-4020-4002-bf07-c434436ad458,,Admin ADB,False,2026-07-29,,True,None,APC,30,4,1,1,0,0,0,0,4924755,42949672960,Team Site,Admin@7rkd12.onmicrosoft.com,30
2026-08-10,3966ded7-15fc-4978-bb7e-48c82a1a4037,,Bonnie Test,False,,,True,None,APC,30,0,0,0,0,0,0,0,4924244,42949672960,Team Site,BonnieTest@7rkd12.onmicrosoft.com,30
2026-08-10,3981c3fa-5e6a-4359-b3f4-615da762e43b,,Bonnie Test,False,,,True,None,APC,30,0,0,0,0,0,0,0,4940838,42949672960,Team Site,BonnieTest@7rkd12.onmicrosoft.com,30
2026-08-10,3993f1b7-5fef-40e7-8feb-8eacffb736bf,,Admin ADB,False,,,False,None,APC,0,0,0,0,0,0,0,0,1486207,42949672960,Team Site,Admin@7rkd12.onmicrosoft.com,30
2026-08-10,39b0056a-fff7-4e4c-b035-42f4e388aee8,,Admin ADB,False,,,True,None,APC,30,0,0,0,0,0,0,0,4925397,42949672960,Team Site,Admin@7rkd12.onmicrosoft.com,30
2026-08-10,39ef0df0-2df5-43c6-8ab7-144b8cfead23,,prj_Group Site-731012 Owners,False,,,True,None,APC,30,0,0,0,0,0,0,0,4943205,42949672960,Team Site,prj_groupsite-731012@7rkd12.onmicrosoft.com,30
2026-08-10,3a16f3ca-3628-42a2-896c-b426b87524c2,,Admin ADB,False,,,False,None,APC,0,0,0,0,0,0,0,0,1485843,42949672960,Team Site,Admin@7rkd12.onmicrosoft.com,30
2026-08-10,3a4a6d6e-5db7-4a73-a4d6-efd6ac560a00,,Admin ADB,False,,,True,None,APC,30,0,0,0,0,0,0,0,4905576,42949672960,Team Site,Admin@7rkd12.onmicrosoft.com,30
2026-08-10,3a6b2c58-46ae-42e2-a7d0-bc933ee502e2,,Admin ADB,True,,,False,None,APC,0,0,0,0,0,0,0,0,1466041,27487790694400,Team Site,Admin@7rkd12.onmicrosoft.com,30
2026-08-10,3a9178d1-1bcd-47c4-a72b-30956cd4399a,,Admin ADB,False,,,True,None,APC,30,0,0,0,0,0,0,0,4922347,42949672960,Team Site,Admin@7rkd12.onmicrosoft.com,30
2026-08-10,3a9a175b-f7c2-4593-a09d-fc23d6664c94,,Admin ADB,True,,,False,None,APC,0,0,0,0,0,0,0,0,1465866,27487790694400,Team Site,Admin@7rkd12.onmicrosoft.com,30
2026-08-10,3ad1fda2-7542-4590-9181-9f80373f1ffe,,prj_Ada Team Site-240 Owners,True,,,True,None,APC,30,0,0,0,0,0,0,0,4940967,27487790694400,Team Site,prj_adateamsite-240@7rkd12.onmicrosoft.com,30
2026-08-10,3add96e5-e2f7-49e7-a332-d026e780ca69,,Admin ADB,False,,,False,None,APC,0,0,0,0,0,0,0,0,1486551,42949672960,Team Site,Admin@7rkd12.onmicrosoft.com,30
2026-08-10,3ae55555-03c3-4acb-81ca-e07876ef0b08,,Admin ADB,True,,,False,None,APC,0,0,0,0,0,0,0,0,1465420,27487790694400,Team Site,Admin@7rkd12.onmicrosoft.com,30
2026-08-10,3ae5eaf8-51fc-4ce3-b96e-f1e2389c637f,,Admin ADB,False,,,False,None,APC,0,0,0,0,0,0,0,0,1486644,42949672960,Team Site,Admin@7rkd12.onmicrosoft.com,30
2026-08-10,3ae74520-269d-4424-9df4-1d23c3e97e90,,prj_Group Site-731070 Owners,False,,,True,None,APC,30,0,0,0,0,0,0,0,4940852,42949672960,Team Site,prj_groupsite-731070@7rkd12.onmicrosoft.com,30
2026-08-10,3b0b9649-3956-43f2-b0cd-d27ea34ae5b3,,prj_Ada Group Site-055 Owners,False,2026-07-29,,True,None,APC,30,4,1,1,0,0,0,0,4884224,42949672960,Team Site,prj_adagroupsite-055@7rkd12.onmicrosoft.com,30
2026-08-10,3b255d1d-ce8e-4383-b112-57d23d177329,,prj_Ada Team Site-070 Owners,True,2026-07-29,,True,None,APC,30,4,1,1,0,0,0,0,4925861,27487790694400,Team Site,prj_adateamsite-070@7rkd12.onmicrosoft.com,30
2026-08-10,3b4f4b1e-1301-4548-a5dc-0b47f3d0354c,,Admin ADB,False,,,True,None,APC,30,0,0,0,0,0,0,0,4924130,42949672960,Team Site,Admin@7rkd12.onmicrosoft.com,30
2026-08-10,3b5a707b-4aaa-4088-8207-bd116d670f9e,,Admin ADB,True,,,False,None,APC,0,0,0,0,0,0,0,0,1466040,27487790694400,Team Site,Admin@7rkd12.onmicrosoft.com,30
2026-08-10,3b77574e-79bf-4efd-a74b-58a0e0d455c6,,Alex Wilber,False,2024-11-18,,True,None,APC,5,0,0,0,0,0,0,0,2734876,42949672960,Team Site,AlexW@7rkd12.onmicrosoft.com,30
2026-08-10,3b83e1c7-396d-48d1-9c8e-33bfb9523aec,,Admin ADB,True,,,False,None,APC,0,0,0,0,0,0,0,0,1465490,27487790694400,Team Site,Admin@7rkd12.onmicrosoft.com,30
2026-08-10,3baafea0-ccee-498b-8fb1-f6719f8fec19,,Admin ADB,True,,,False,None,APC,0,0,0,0,0,0,0,0,1465808,27487790694400,Team Site,Admin@7rkd12.onmicrosoft.com,30
2026-08-10,3c2b4d7a-8705-484f-a9e4-920cc7592227,,Admin ADB,True,,,False,None,APC,0,0,0,0,0,0,0,0,1465718,27487790694400,Team Site,Admin@7rkd12.onmicrosoft.com,30
2026-08-10,3c31a47c-3431-407f-8814-6831e846132d,,Bonnie Test,False,,,True,None,APC,30,0,0,0,0,0,0,0,4939771,42949672960,Team Site,BonnieTest@7rkd12.onmicrosoft.com,30
2026-08-10,3c378a79-23d3-442b-8d56-43fe12bd9445,,prj_MihalTeamsite 234 Owners,False,,,True,None,APC,30,0,0,0,0,0,0,0,4941109,42949672960,Team Site,prj_mihalteamsite-234@7rkd12.onmicrosoft.com,30
2026-08-10,3c423f8b-3676-472c-8bf0-072e25620af1,,prj_Ada Team Site-087 Owners,True,,,True,None,APC,30,0,0,0,0,0,0,0,4940220,27487790694400,Team Site,prj_adateamsite-087@7rkd12.onmicrosoft.com,30
2026-08-10,3c7df44c-b392-4587-a141-3852ebde56dd,,Mihal,False,,,False,None,APC,0,0,0,0,0,0,0,0,1484839,42949672960,Team Site,Mihal@7rkd12.onmicrosoft.com,30
2026-08-10,3c9272f7-da48-47be-8f41-4e2ed94c7614,,prj_Ada Team Site-053 Owners,True,,,True,None,APC,30,0,0,0,0,0,0,0,4946712,27487790694400,Team Site,prj_adateamsite-053@7rkd12.onmicrosoft.com,30
2026-08-10,3cc5bf8d-6120-4b40-80be-3ac87432120b,,Admin ADB,True,,,True,None,APC,43,0,0,0,0,0,0,0,24929633,42949672960,Team Site,Admin@7rkd12.onmicrosoft.com,30
2026-08-10,3cccc8f6-230d-422f-bda8-55cebb19171c,,Admin ADB,False,,,True,None,APC,30,0,0,0,0,0,0,0,4923989,42949672960,Team Site,Admin@7rkd12.onmicrosoft.com,30
2026-08-10,3cdb0dc1-ce61-4766-b24b-83e1726cad90,,Admin ADB,True,,,False,None,APC,0,0,0,0,0,0,0,0,1465386,27487790694400,Team Site,Admin@7rkd12.onmicrosoft.com,30
2026-08-10,3ceacb32-e188-4bb4-8ff6-15b26ce614fd,,Admin ADB,True,,,False,None,APC,0,0,0,0,0,0,0,0,1465985,27487790694400,Team Site,Admin@7rkd12.onmicrosoft.com,30
2026-08-10,3cfa50f0-d79f-4726-88d0-695a8e3d1b5c,,Admin ADB,True,,,False,None,APC,0,0,0,0,0,0,0,0,1486136,27487790694400,Team Site,Admin@7rkd12.onmicrosoft.com,30
2026-08-10,3d33689d-4787-4723-81ef-954ad552b239,,Admin ADB,False,,,False,None,APC,0,0,0,0,0,0,0,0,1484197,42949672960,Team Site,Admin@7rkd12.onmicrosoft.com,30
2026-08-10,3d37e8f0-84e4-4718-8f95-f49d14c2a4fe,,prj_MihalTeamsite 199 Owners,False,,,True,None,APC,30,0,0,0,0,0,0,0,4924838,42949672960,Team Site,prj_mihalteamsite-199@7rkd12.onmicrosoft.com,30
2026-08-10,3d843d13-dd25-4e9d-8ec0-372fe8df5f11,,displayname167 Owners,False,,,True,None,APC,30,0,0,0,0,0,0,0,4866267,42949672960,Team Site,alias167@7rkd12.onmicrosoft.com,30
2026-08-10,3d89d9f7-03a2-45f8-b625-bba7619b5261,,Admin ADB,True,,,False,None,APC,0,0,0,0,0,0,0,0,1465372,27487790694400,Team Site,Admin@7rkd12.onmicrosoft.com,30
2026-08-10,3d9ea12b-a1f7-46ff-8480-30d8022a3707,,Admin ADB,False,,,True,None,APC,30,0,0,0,0,0,0,0,4940348,42949672960,Team Site,Admin@7rkd12.onmicrosoft.com,30
2026-08-10,3dc1a3c5-b143-4680-9448-6381c1830f4b,,Bonnie Test,False,,,True,None,APC,30,0,0,0,0,0,0,0,4925399,42949672960,Team Site,BonnieTest@7rkd12.onmicrosoft.com,30
2026-08-10,3dcc678f-8a03-4240-8e79-1c558659059c,,Admin ADB,True,,,False,None,APC,0,0,0,0,0,0,0,0,1466074,27487790694400,Team Site,Admin@7rkd12.onmicrosoft.com,30
2026-08-10,3e0d60d6-fc5d-4ce5-8062-0f0fbdc13cc0,,Admin ADB,False,,,True,None,APC,28,0,0,0,0,0,0,0,4891219,42949672960,Team Site,Admin@7rkd12.onmicrosoft.com,30
2026-08-10,3e1de124-0a96-4f98-99b6-3a5c2229a351,,Admin ADB,True,,,False,None,APC,0,0,0,0,0,0,0,0,1466034,27487790694400,Team Site,Admin@7rkd12.onmicrosoft.com,30
2026-08-10,3e283d25-bbfd-4df5-bdeb-fd210b9bc34f,,prj_Team Site-731053 Owners,False,,,True,None,APC,30,0,0,0,0,0,0,0,4943613,42949672960,Team Site,prj_teamsite-731053@7rkd12.onmicrosoft.com,30
2026-08-10,3e2b2662-cf57-4fd3-88de-a1ec5c4397b7,,Admin ADB,True,,,False,None,APC,0,0,0,0,0,0,0,0,1465476,27487790694400,Team Site,Admin@7rkd12.onmicrosoft.com,30
2026-08-10,3e67792e-47c3-423a-a04c-72aa71cafaa3,,Admin ADB,True,,,False,None,APC,0,0,0,0,0,0,0,0,1486375,27487790694400,Team Site,Admin@7rkd12.onmicrosoft.com,30
2026-08-10,3e934a72-7d0b-4fc5-9101-d860fc27085d,,Admin ADB,False,,,False,None,APC,0,0,0,0,0,0,0,0,1486416,42949672960,Team Site,Admin@7rkd12.onmicrosoft.com,30
2026-08-10,3ea1af55-adbd-45c8-ac30-9b0d99d462d5,,Admin ADB,True,,,False,None,APC,0,0,0,0,0,0,0,0,1485632,27487790694400,Team Site,Admin@7rkd12.onmicrosoft.com,30
2026-08-10,3edba3a0-a1fa-413f-bb6f-06ce8abc76d8,,prj_MihalTeamsite 204 Owners,False,,,True,None,APC,30,0,0,0,0,0,0,0,4926336,42949672960,Team Site,prj_mihalteamsite-204@7rkd12.onmicrosoft.com,30
2026-08-10,3efd029a-5973-4295-92bd-c0b635ad6575,,Admin ADB,True,,,True,None,APC,30,0,0,0,0,0,0,0,4895156,27487790694400,Team Site,Admin@7rkd12.onmicrosoft.com,30
2026-08-10,3f49fbb1-165c-4b66-9b06-c6d349d882ee,,Bonnie Test,False,,,True,None,APC,30,0,0,0,0,0,0,0,4924768,42949672960,Team Site,BonnieTest@7rkd12.onmicrosoft.com,30
2026-08-10,3f5ce2d6-7593-485b-a60e-d683c6de53e6,,Bonnie Test,False,,,True,None,APC,30,0,0,0,0,0,0,0,4937568,42949672960,Team Site,BonnieTest@7rkd12.onmicrosoft.com,30
2026-08-10,3f6ff0db-0549-4bd3-b11b-903c2c4370cf,,Admin ADB,False,,,False,None,APC,0,0,0,0,0,0,0,0,1485831,42949672960,Team Site,Admin@7rkd12.onmicrosoft.com,30
2026-08-10,3f9a0c89-9e1f-4477-a799-a7ca7d96ca42,,Admin ADB,True,,,False,None,APC,0,0,0,0,0,0,0,0,1485735,27487790694400,Team Site,Admin@7rkd12.onmicrosoft.com,30
2026-08-10,3fd2cbe6-20f0-4ba1-95bf-7dd2f6623440,,Admin ADB,False,,,False,None,APC,0,0,0,0,0,0,0,0,1486278,42949672960,Team Site,Admin@7rkd12.onmicrosoft.com,30
2026-08-10,4053457c-95f4-4b19-b7a8-3a45e2251326,,displayname6 Owners,False,2026-08-07,,True,None,APC,30,4,1,1,0,0,0,0,4878863,42949672960,Team Site,alias6@7rkd12.onmicrosoft.com,30
2026-08-10,405b4cf8-8153-4303-8764-f4a341f276c8,,Bonnie Test,False,,,True,None,APC,30,0,0,0,0,0,0,0,4947086,42949672960,Team Site,BonnieTest@7rkd12.onmicrosoft.com,30
2026-08-10,4069d4cc-200f-4252-9e5b-57e352dccf77,,mihal-display-name-5 Owners,False,,,True,None,APC,1,0,0,0,0,0,0,0,1491716,42949672960,Team Site,mihal-alias5@7rkd12.onmicrosoft.com,30
2026-08-10,40f4d00b-bc95-44cd-b748-06ffa2a1e7ee,,prj_Team Site-731096 Owners,False,2026-08-03,,True,None,APC,20,4,2,2,0,0,0,0,4473337,42949672960,Team Site,prj_teamsite-731096@7rkd12.onmicrosoft.com,30
2026-08-10,4123aaf0-7c68-409b-b9a7-bbec338fd92b,,Alex Wilber,False,2026-06-11,,True,None,APC,22,0,0,0,0,0,0,0,2636106,42949672960,Team Site,AlexW@7rkd12.onmicrosoft.com,30
2026-08-10,4123b975-8894-46a5-8768-0e7e59edc390,,Bonnie Test,False,,,True,None,APC,30,0,0,0,0,0,0,0,4924495,42949672960,Team Site,BonnieTest@7rkd12.onmicrosoft.com,30
2026-08-10,412eac75-04b8-4b10-abb9-140cadd77bc7,,Admin ADB,False,2026-07-09,,False,None,APC,23,0,0,0,0,0,0,0,3401081,42949672960,Team Site,Admin@7rkd12.onmicrosoft.com,30
2026-08-10,4141f22b-79e4-495c-89b9-a12670edfebb,,Admin ADB,False,,,False,None,APC,0,0,0,0,0,0,0,0,1486396,42949672960,Team Site,Admin@7rkd12.onmicrosoft.com,30
2026-08-10,414bd9e3-7f1e-43bf-8e41-65d7b9b94df0,,Leila Test,False,2026-08-10,,True,None,APC,2548,44,41,12,0,0,0,0,18757643656,42949672960,Team Site,LeilaTest@7rkd12.onmicrosoft.com,30
2026-08-10,4157733b-12cd-4b82-a8d2-460315fa60e1,,Admin ADB,False,,,False,None,APC,0,0,0,0,0,0,0,0,1486879,42949672960,Team Site,Admin@7rkd12.onmicrosoft.com,30
2026-08-10,416c9868-6766-4714-ad60-5b6cd49436d7,,Bonnie Test,False,,,True,None,APC,30,0,0,0,0,0,0,0,4924430,42949672960,Team Site,BonnieTest@7rkd12.onmicrosoft.com,30
2026-08-10,41abf5d7-5a28-4c4c-8af2-42ab5fb7c317,,Admin ADB,True,,,False,None,APC,0,0,0,0,0,0,0,0,1466067,27487790694400,Team Site,Admin@7rkd12.onmicrosoft.com,30
2026-08-10,420fcd10-20ab-4137-9328-bb3a4635c326,,prj_Ada Team Site-215 Owners,True,,,True,None,APC,30,0,0,0,0,0,0,0,4905349,27487790694400,Team Site,prj_adateamsite-215@7rkd12.onmicrosoft.com,30
2026-08-10,425ed8ea-8dd2-42e8-b358-828faa484b6d,,prj_Ada Team Site-136 Owners,False,,,True,None,APC,30,0,0,0,0,0,0,0,4942717,42949672960,Team Site,prj_adateamsite-136@7rkd12.onmicrosoft.com,30
2026-08-10,429f9992-975c-4e36-ad37-d287a6355e20,,Mihal,False,,,False,None,APC,0,0,0,0,0,0,0,0,1484323,42949672960,Team Site,Mihal@7rkd12.onmicrosoft.com,30
2026-08-10,42db6bbe-4ba2-42a5-bbca-97536e9a7442,,Admin ADB,True,,,False,None,APC,0,0,0,0,0,0,0,0,1486218,27487790694400,Team Site,Admin@7rkd12.onmicrosoft.com,30
2026-08-10,42fb59af-66b3-4cc8-98a9-036361ec28a3,,prj_Team Site-731090 Owners,False,,,True,None,APC,30,0,0,0,0,0,0,0,4941130,42949672960,Team Site,prj_teamsite-731090@7rkd12.onmicrosoft.com,30
2026-08-10,434ccccb-7cee-49dd-8db6-8082aa01bebc,,mihal-display-name-15 Owners,False,,,True,None,APC,1,0,0,0,0,0,0,0,1491826,42949672960,Team Site,mihal-alias15@7rkd12.onmicrosoft.com,30
2026-08-10,435796b6-c2a4-435d-85ee-b6a9598b9bd7,,Admin ADB,True,,,False,None,APC,0,0,0,0,0,0,0,0,1465910,27487790694400,Team Site,Admin@7rkd12.onmicrosoft.com,30
2026-08-10,43580ae3-884d-4855-906e-3a5e685e5096,,Mihal,False,,,False,None,APC,0,0,0,0,0,0,0,0,1484230,42949672960,Team Site,Mihal@7rkd12.onmicrosoft.com,30
2026-08-10,43757c3c-c5f2-47a0-8a61-cd8b9f8952e0,,Leila Test,False,2026-06-10,,True,None,APC,16,0,0,0,0,0,0,0,2068710,1099511627776,Team Site,LeilaTest@7rkd12.onmicrosoft.com,30
2026-08-10,43789844-3f51-4406-8d8d-7ef06798b951,,prj_Team Site-731044 Owners,False,,,True,None,APC,30,0,0,0,0,0,0,0,4886952,42949672960,Team Site,prj_teamsite-731044@7rkd12.onmicrosoft.com,30
2026-08-10,439fc091-ef91-4d6d-8682-02e28f89fad6,,Admin ADB,True,,,False,None,APC,0,0,0,0,0,0,0,0,1465322,27487790694400,Team Site,Admin@7rkd12.onmicrosoft.com,30
2026-08-10,43bd3df0-8ab9-491b-b819-244685225643,,Admin ADB,True,,,True,None,APC,30,0,0,0,0,0,0,0,4906047,27487790694400,Team Site,Admin@7rkd12.onmicrosoft.com,30
2026-08-10,43ef6e98-c92d-4ed1-9d31-5b3738453489,,prj_Team Site-731031 Owners,False,,,True,None,APC,30,0,0,0,0,0,0,0,4942712,42949672960,Team Site,prj_teamsite-731031@7rkd12.onmicrosoft.com,30
2026-08-10,440aefa8-bbe2-4ab9-9be4-9b2b364c6f14,,prj_MihalGroupsite-013 Owners,False,,,True,None,APC,1,0,0,0,0,0,0,0,1490730,42949672960,Team Site,prj_mihalgroupsite-013@7rkd12.onmicrosoft.com,30
2026-08-10,44137621-e36b-4a99-849e-4135864fb47b,,prj_Group Site-731050 Owners,False,,,True,None,APC,30,0,0,0,0,0,0,0,4941085,42949672960,Team Site,prj_groupsite-731050@7rkd12.onmicrosoft.com,30
2026-08-10,445738cb-1f00-44a2-81bb-6c6e13a4e404,,Admin ADB,False,,,False,None,APC,0,0,0,0,0,0,0,0,1485386,42949672960,Team Site,Admin@7rkd12.onmicrosoft.com,30
2026-08-10,446d429b-de6f-4772-b915-9ad8218d84c8,,Admin ADB,True,,,False,None,APC,0,0,0,0,0,0,0,0,1465989,27487790694400,Team Site,Admin@7rkd12.onmicrosoft.com,30
2026-08-10,4471a9fe-2953-4b54-aaa0-e56a866f7479,,prj_Team Site-731097 Owners,False,,,True,None,APC,30,0,0,0,0,0,0,0,4941106,42949672960,Team Site,prj_teamsite-731097@7rkd12.onmicrosoft.com,30
2026-08-10,447e5bec-ea2e-4ec8-8c7d-cd2fecc729bf,,Leila Test,False,2026-06-11,,False,None,APC,5,0,0,0,0,0,0,0,1823518,42949672960,Team Site,LeilaTest@7rkd12.onmicrosoft.com,30
2026-08-10,44871e0b-b084-42b9-9b45-52da13b4e3f1,,Admin ADB,False,,,False,None,APC,0,0,0,0,0,0,0,0,1486924,42949672960,Team Site,Admin@7rkd12.onmicrosoft.com,30
2026-08-10,44a0f7bc-5d2d-40c0-b95d-6dd88fca9e9d,,Admin ADB,False,,,True,None,APC,30,0,0,0,0,0,0,0,4906971,42949672960,Team Site,Admin@7rkd12.onmicrosoft.com,30
2026-08-10,44a80114-382b-4b8f-9ad9-1f7cb8f18b09,,Admin ADB,True,,,False,None,APC,0,0,0,0,0,0,0,0,1486241,27487790694400,Team Site,Admin@7rkd12.onmicrosoft.com,30
2026-08-10,44b8f1a2-22fb-45cb-bc2a-82853bd44357,,Admin ADB,False,,,False,None,APC,0,0,0,0,0,0,0,0,1484421,42949672960,Team Site,Admin@7rkd12.onmicrosoft.com,30
2026-08-10,44c67ba4-7280-4c6d-b2f7-2c5ae4ee1914,,Leila Test,False,2026-06-11,,True,None,APC,265,0,0,0,0,0,0,0,105610476,42949672960,Team Site,LeilaTest@7rkd12.onmicrosoft.com,30
2026-08-10,44ebb45d-6b2b-4a4d-ba71-75f4c66c2e6b,,Bonnie Test,False,,,True,None,APC,30,0,0,0,0,0,0,0,4939194,42949672960,Team Site,BonnieTest@7rkd12.onmicrosoft.com,30
2026-08-10,44f83cbe-1735-4687-8c30-372ab442258a,,Admin ADB,True,,,False,None,APC,0,0,0,0,0,0,0,0,1465916,27487790694400,Team Site,Admin@7rkd12.onmicrosoft.com,30
2026-08-10,450d7d9c-80e3-4dbe-9f93-555b366e16e0,,Admin ADB,True,,,False,None,APC,0,0,0,0,0,0,0,0,1465584,27487790694400,Team Site,Admin@7rkd12.onmicrosoft.com,30
2026-08-10,45484e69-2b19-4ca3-858a-56a68d2e2329,,Bonnie Test,False,,,True,None,APC,30,0,0,0,0,0,0,0,4941225,42949672960,Team Site,BonnieTest@7rkd12.onmicrosoft.com,30
2026-08-10,455faa2f-f0a4-4303-8ec9-b0a179a40bfc,,mihal-display-name-8 Owners,False,,,True,None,APC,1,0,0,0,0,0,0,0,1492159,42949672960,Team Site,mihal-alias8@7rkd12.onmicrosoft.com,30
2026-08-10,4581ce52-8966-463c-b2fa-2605da554533,,prj_Team Site-731083 Owners,False,,,True,None,APC,30,0,0,0,0,0,0,0,4943766,42949672960,Team Site,prj_teamsite-731083@7rkd12.onmicrosoft.com,30
2026-08-10,45a8650d-69f2-41c1-8a0b-d52dec8a38ab,,Bonnie Test,False,,,True,None,APC,30,0,0,0,0,0,0,0,4924266,42949672960,Team Site,BonnieTest@7rkd12.onmicrosoft.com,30
2026-08-10,45c6a29e-e842-4876-95c5-b96cb384c818,,Admin ADB,True,,,False,None,APC,0,0,0,0,0,0,0,0,1466055,27487790694400,Team Site,Admin@7rkd12.onmicrosoft.com,30
2026-08-10,45fafaef-447d-4f31-ab4f-34b2517b242c,,prj_Ada Team Site-222 Owners,False,,,True,None,APC,30,0,0,0,0,0,0,0,4942782,42949672960,Team Site,prj_adateamsite-222@7rkd12.onmicrosoft.com,30
2026-08-10,46071afb-bb7e-44f1-9976-43ae826c2252,,Bonnie Test,False,,,True,None,APC,30,0,0,0,0,0,0,0,4939433,42949672960,Team Site,BonnieTest@7rkd12.onmicrosoft.com,30
2026-08-10,46199914-6a8f-4075-af41-c3c62a75d186,,Admin ADB,True,,,False,None,APC,0,0,0,0,0,0,0,0,1465356,27487790694400,Team Site,Admin@7rkd12.onmicrosoft.com,30
2026-08-10,46259152-f911-4ec9-886e-46644542a96e,,displayname068 Owners,False,2026-07-31,,True,None,APC,30,3,2,1,0,0,0,0,4864262,42949672960,Team Site,alias068@7rkd12.onmicrosoft.com,30
2026-08-10,465502ca-5da5-41d6-8d0f-5d14d96594e6,,Admin ADB,True,,,False,None,APC,0,0,0,0,0,0,0,0,1485679,27487790694400,Team Site,Admin@7rkd12.onmicrosoft.com,30
2026-08-10,469afdc5-836d-411e-a96a-4ff0c195b96a,,Admin ADB,False,2026-07-30,,True,None,APC,30,4,2,1,0,0,0,0,4939174,42949672960,Team Site,Admin@7rkd12.onmicrosoft.com,30
2026-08-10,469c293d-84cb-4178-bafb-1f5906eac9cb,,Admin ADB,True,,,False,None,APC,0,0,0,0,0,0,0,0,1486180,27487790694400,Team Site,Admin@7rkd12.onmicrosoft.com,30
2026-08-10,46d3b75a-4cc0-48d3-8606-df47e2eb39f3,,Bonnie Test,False,,,True,None,APC,20,0,0,0,0,0,0,0,4470590,42949672960,Team Site,BonnieTest@7rkd12.onmicrosoft.com,30
2026-08-10,4730701e-560d-479b-913f-14d10118d4d8,,Admin ADB,True,,,True,None,APC,30,0,0,0,0,0,0,0,4921958,42949672960,Team Site,Admin@7rkd12.onmicrosoft.com,30
2026-08-10,47435a66-c3e5-49b7-966d-ca83be430589,,Leila Test,True,2026-02-13,,True,None,APC,6,0,0,0,0,0,0,0,5114598,27487790694400,Team Site,LeilaTest@7rkd12.onmicrosoft.com,30
2026-08-10,4745cd1d-7805-42b9-98a9-b2083957d0dc,,Leila Test,False,2026-06-10,,True,None,APC,13,0,0,0,0,0,0,0,3580279,1099511627776,Team Site,LeilaTest@7rkd12.onmicrosoft.com,30
2026-08-10,4767cf2a-2318-4292-bef0-71af3fdaea05,,Leila Test,False,2026-06-10,,True,None,APC,9,0,0,0,0,0,0,0,2148085,1099511627776,Team Site,LeilaTest@7rkd12.onmicrosoft.com,30
2026-08-10,477bdf83-0c59-486b-8ebd-33a901b0a23d,,Admin ADB,True,,,False,None,APC,0,0,0,0,0,0,0,0,1465956,27487790694400,Team Site,Admin@7rkd12.onmicrosoft.com,30
2026-08-10,47985c12-51d8-418c-8e4b-585f244cc13c,,prj_Ada Team Site-115 Owners,True,,,True,None,APC,30,0,0,0,0,0,0,0,4928695,27487790694400,Team Site,prj_adateamsite-115@7rkd12.onmicrosoft.com,30
2026-08-10,47bdd862-ba28-4cab-83e7-3b659204f51c,,Admin ADB,True,,,False,None,APC,0,0,0,0,0,0,0,0,1465508,27487790694400,Team Site,Admin@7rkd12.onmicrosoft.com,30
2026-08-10,47ddc009-80d6-4926-a696-350c35180ee3,,prj_Team Site-731018 Owners,False,,,True,None,APC,30,0,0,0,0,0,0,0,4943556,42949672960,Team Site,prj_teamsite-731018@7rkd12.onmicrosoft.com,30
2026-08-10,47e80bce-8b57-4215-86e2-db1e06bea94b,,Admin ADB,True,,,True,None,APC,27,0,0,0,0,0,0,0,3440117,27487790694400,Team Site,Admin@7rkd12.onmicrosoft.com,30
2026-08-10,48058867-7a16-493a-942f-142e138d8bc4,,prj_Ada Team Site-197 Owners,True,,,True,None,APC,30,0,0,0,0,0,0,0,4940137,27487790694400,Team Site,prj_adateamsite-197@7rkd12.onmicrosoft.com,30
2026-08-10,481ef341-3870-4a40-adc0-d1bec40c04f8,,Admin ADB,False,2026-08-10,,True,None,APC,30,3,1,1,0,0,0,0,4939661,42949672960,Team Site,Admin@7rkd12.onmicrosoft.com,30
2026-08-10,485c71b5-1bb3-4c95-8f9b-47d5ce8efc69,,Bonnie Test,False,2026-08-10,,True,None,APC,30,4,3,1,0,0,0,0,4908286,42949672960,Team Site,BonnieTest@7rkd12.onmicrosoft.com,30
2026-08-10,4875a78b-0a72-47da-a2e2-6ca7157fe977,,Admin ADB,True,,,False,None,APC,0,0,0,0,0,0,0,0,1486313,27487790694400,Team Site,Admin@7rkd12.onmicrosoft.com,30
2026-08-10,4882cfbc-ff12-4805-a4c4-2310fd8e1e83,,prj_Ada Group Site-179 Owners,False,2026-07-29,,True,None,APC,30,4,1,1,0,0,0,0,4940666,42949672960,Team Site,prj_adagroupsite-179@7rkd12.onmicrosoft.com,30
2026-08-10,48a533b6-d27a-434b-aa7f-12be813f5402,,Admin ADB,False,,,False,None,APC,0,0,0,0,0,0,0,0,1486756,42949672960,Team Site,Admin@7rkd12.onmicrosoft.com,30
2026-08-10,48b42d70-dbd0-4e90-b36a-55991731ef9c,,Bonnie Test,False,,,True,None,APC,30,0,0,0,0,0,0,0,4924556,42949672960,Team Site,BonnieTest@7rkd12.onmicrosoft.com,30
2026-08-10,48df07a6-db2e-42bd-aa18-f0bbd52a0b0f,,Admin ADB,True,,,False,None,APC,0,0,0,0,0,0,0,0,1465363,27487790694400,Team Site,Admin@7rkd12.onmicrosoft.com,30
2026-08-10,48e774d4-1a8c-462a-80e1-61b316708143,,Admin ADB,False,,,True,None,APC,30,0,0,0,0,0,0,0,4921917,42949672960,Team Site,Admin@7rkd12.onmicrosoft.com,30
2026-08-10,491cd39c-9903-4917-b51b-a6e6c8f96f8d,,Leila Test,False,2026-06-11,,False,None,APC,5,0,0,0,0,0,0,0,1336480,42949672960,Team Site,LeilaTest@7rkd12.onmicrosoft.com,30
2026-08-10,491fd6fc-a579-4eae-b094-43437338d1e4,,Admin ADB,False,,,False,None,APC,0,0,0,0,0,0,0,0,1485832,42949672960,Team Site,Admin@7rkd12.onmicrosoft.com,30
2026-08-10,492dce8d-8f83-45e4-8faa-702ef2613c78,,Admin ADB,True,,,False,None,APC,0,0,0,0,0,0,0,0,1465472,27487790694400,Team Site,Admin@7rkd12.onmicrosoft.com,30
2026-08-10,497048ff-cbd9-49f0-8c25-00faf79200eb,,Bonnie Test,False,,,True,None,APC,30,0,0,0,0,0,0,0,4940416,42949672960,Team Site,BonnieTest@7rkd12.onmicrosoft.com,30
2026-08-10,49805dde-fbbb-4142-a37c-85c8d05b68fb,,Admin ADB,True,,,False,None,APC,0,0,0,0,0,0,0,0,1466093,27487790694400,Team Site,Admin@7rkd12.onmicrosoft.com,30
2026-08-10,49a5632f-0bf7-4760-ad2d-51467e31475f,,prj_Group Site-731021 Owners,False,,,True,None,APC,30,0,0,0,0,0,0,0,4941663,42949672960,Team Site,prj_groupsite-731021@7rkd12.onmicrosoft.com,30
2026-08-10,4a1a8bec-e361-49e6-a83e-2338db481094,,Admin ADB,True,,,False,None,APC,0,0,0,0,0,0,0,0,1465369,27487790694400,Team Site,Admin@7rkd12.onmicrosoft.com,30
2026-08-10,4a293c6e-3b2d-4243-9040-737fdfd53745,,Leila Test,False,2026-06-10,,True,None,APC,2,0,0,0,0,0,0,0,2146923,1099511627776,Team Site,LeilaTest@7rkd12.onmicrosoft.com,30
2026-08-10,4a3604e1-7449-481e-b029-267553ce8d6c,,Admin ADB,True,,,False,None,APC,0,0,0,0,0,0,0,0,1465936,27487790694400,Team Site,Admin@7rkd12.onmicrosoft.com,30
2026-08-10,4a3a4ef8-d88d-44d5-85c3-ba5614243241,,prj_MihalGroupsite-018 Owners,False,,,True,None,APC,1,0,0,0,0,0,0,0,1490677,42949672960,Team Site,prj_mihalgroupsite-018@7rkd12.onmicrosoft.com,30
2026-08-10,4a829f71-9376-4f01-bd96-7e3a1927e5a5,,Mihal,False,,,False,None,APC,0,0,0,0,0,0,0,0,1484686,42949672960,Team Site,Mihal@7rkd12.onmicrosoft.com,30
2026-08-10,4a90d9da-691c-4bf8-9609-83eeb3c6f41b,,Admin ADB,False,,,False,None,APC,0,0,0,0,0,0,0,0,1486536,42949672960,Team Site,Admin@7rkd12.onmicrosoft.com,30
2026-08-10,4aaa3804-f926-4945-a9c0-40e97a8422f7,,Admin ADB,True,,,False,None,APC,0,0,0,0,0,0,0,0,1465364,27487790694400,Team Site,Admin@7rkd12.onmicrosoft.com,30
2026-08-10,4aca9717-51e7-4714-b576-bec1ac9bd2ba,,prj_Team Site-731061 Owners,False,,,True,None,APC,30,0,0,0,0,0,0,0,4940442,42949672960,Team Site,prj_teamsite-731061@7rkd12.onmicrosoft.com,30
2026-08-10,4ae744f8-483d-4b35-93e3-0ae327d2e87a,,Leila Test,False,2026-06-11,,True,None,APC,12,0,0,0,0,0,0,0,4307351,42949672960,Team Site,LeilaTest@7rkd12.onmicrosoft.com,30
2026-08-10,4af04e4d-57fb-44f8-b558-9d086a3e0e66,,Admin ADB,False,,,False,None,APC,0,0,0,0,0,0,0,0,1486276,42949672960,Team Site,Admin@7rkd12.onmicrosoft.com,30
2026-08-10,4af28f15-57b4-4954-8d89-aeeed9c31f05,,Admin ADB,False,,,False,None,APC,0,0,0,0,0,0,0,0,1486985,42949672960,Team Site,Admin@7rkd12.onmicrosoft.com,30
2026-08-10,4b2dda94-47e3-46a2-9da1-ce08d3a15b04,,Admin ADB,False,,,False,None,APC,0,0,0,0,0,0,0,0,1486968,42949672960,Team Site,Admin@7rkd12.onmicrosoft.com,30
2026-08-10,4b350cee-447f-42fb-b50d-b984cf94d055,,Bonnie Test,False,,,True,None,APC,30,0,0,0,0,0,0,0,4922482,42949672960,Team Site,BonnieTest@7rkd12.onmicrosoft.com,30
2026-08-10,4b40b4ff-b71c-4953-9d90-9fe5d77b71c3,,Admin ADB,False,,,False,None,APC,0,0,0,0,0,0,0,0,1486767,42949672960,Team Site,Admin@7rkd12.onmicrosoft.com,30
2026-08-10,4b45c214-0bfb-4813-aec1-b56589401e60,,Admin ADB,False,,,True,None,APC,30,0,0,0,0,0,0,0,4938517,42949672960,Team Site,Admin@7rkd12.onmicrosoft.com,30
2026-08-10,4b788226-ac34-4ef9-8c4d-5cf5fc3850f7,,Admin ADB,True,,,False,None,APC,0,0,0,0,0,0,0,0,1465295,27487790694400,Team Site,Admin@7rkd12.onmicrosoft.com,30
2026-08-10,4b7ddf13-e7b8-4a4d-8748-3cf294daad37,,Bonnie Test,False,,,True,None,APC,30,0,0,0,0,0,0,0,4922270,42949672960,Team Site,BonnieTest@7rkd12.onmicrosoft.com,30
2026-08-10,4baa65f8-5faf-4adc-9a57-c65a96f07c87,,Admin ADB,False,,,True,None,APC,29,0,0,0,0,0,0,0,4673509,42949672960,Team Site,Admin@7rkd12.onmicrosoft.com,30
2026-08-10,4bbea824-acd4-412d-aef2-122938ad5dce,,Admin ADB,False,,,True,None,APC,30,0,0,0,0,0,0,0,4904606,42949672960,Team Site,Admin@7rkd12.onmicrosoft.com,30
2026-08-10,4bc5cf09-ced5-44a9-a0b3-c49854373fc4,,Admin ADB,False,,,False,None,APC,0,0,0,0,0,0,0,0,1486921,42949672960,Team Site,Admin@7rkd12.onmicrosoft.com,30
2026-08-10,4be78d71-0e44-4775-8e77-5bbf57febdd6,,Admin ADB,False,,,False,None,APC,0,0,0,0,0,0,0,0,1485565,42949672960,Team Site,Admin@7rkd12.onmicrosoft.com,30
2026-08-10,4c027b83-572e-4b73-bb33-6da22420c8a7,,Admin ADB,True,,,True,None,APC,29,0,0,0,0,0,0,0,4630810,27487790694400,Team Site,Admin@7rkd12.onmicrosoft.com,30
2026-08-10,4c041696-6751-4641-9555-a6db41e029f3,,Admin ADB,False,,,False,None,APC,0,0,0,0,0,0,0,0,1486514,42949672960,Team Site,Admin@7rkd12.onmicrosoft.com,30
2026-08-10,4c19e315-4028-4fee-9dd6-7731d6e45526,,prj_Team Site-731017 Owners,False,,,True,None,APC,30,0,0,0,0,0,0,0,4964659,42949672960,Team Site,prj_teamsite-731017@7rkd12.onmicrosoft.com,30
2026-08-10,4c308dcb-6c32-4a53-83b9-b6f6b44c684c,,prj_Mihalgroupsite-036 Owners,False,,,True,None,APC,1,0,0,0,0,0,0,0,1490193,42949672960,Team Site,prj_mihalgroupsite-036@7rkd12.onmicrosoft.com,30
2026-08-10,4c44cbea-06e9-47ea-a619-e4f9f0e81fd8,,Admin ADB,False,,,False,None,APC,0,0,0,0,0,0,0,0,1486194,42949672960,Team Site,Admin@7rkd12.onmicrosoft.com,30
2026-08-10,4c47fa4b-120d-4e61-bb48-cab9182a6b6c,,prj_Ada Team Site-089 Owners,True,2026-07-29,,True,None,APC,30,4,1,1,0,0,0,0,4862055,27487790694400,Team Site,prj_adateamsite-089@7rkd12.onmicrosoft.com,30
2026-08-10,4c5271e6-d9fb-4a44-b83b-f4e92174c7cf,,Admin ADB,True,,,False,None,APC,0,0,0,0,0,0,0,0,1465932,27487790694400,Team Site,Admin@7rkd12.onmicrosoft.com,30
2026-08-10,4c69932c-95c2-47fb-b54f-9b7bbc15eabe,,Admin ADB,False,,,True,None,APC,30,0,0,0,0,0,0,0,4924607,42949672960,Team Site,Admin@7rkd12.onmicrosoft.com,30
2026-08-10,4c70162b-d616-452e-9e18-7929e03e8aef,,Admin ADB,True,,,False,None,APC,0,0,0,0,0,0,0,0,1465847,27487790694400,Team Site,Admin@7rkd12.onmicrosoft.com,30
2026-08-10,4cdb0d41-95d4-498b-847d-e88cb3d69a1e,,Admin ADB,False,,,False,None,APC,0,0,0,0,0,0,0,0,1486548,42949672960,Team Site,Admin@7rkd12.onmicrosoft.com,30
2026-08-10,4ce74b40-7555-4e17-8979-e92cdc3563ba,,Bonnie Test,False,2025-05-09,,True,None,APC,0,0,0,0,0,0,0,0,1768196,42949672960,Team Site,BonnieTest@7rkd12.onmicrosoft.com,30
2026-08-10,4cf51cd0-ece7-4753-8bca-845946764c84,,prj_Ada Team Site-154 Owners,True,2026-07-29,,True,None,APC,30,4,1,1,0,0,0,0,4940778,27487790694400,Team Site,prj_adateamsite-154@7rkd12.onmicrosoft.com,30
2026-08-10,4cfa87b7-522c-4855-9817-0ec246561083,,Admin ADB,True,,,False,None,APC,0,0,0,0,0,0,0,0,1465883,27487790694400,Team Site,Admin@7rkd12.onmicrosoft.com,30
2026-08-10,4d9cd02f-7c3b-409e-ba96-8320cf2e08b0,,Admin ADB,False,2026-07-13,,True,None,APC,35,12,3,3,0,0,0,0,11447513,42949672960,Team Site,Admin@7rkd12.onmicrosoft.com,30
2026-08-10,4dc29fae-e737-405c-8986-773760f73cb1,,Admin ADB,True,,,False,None,APC,0,0,0,0,0,0,0,0,1465971,27487790694400,Team Site,Admin@7rkd12.onmicrosoft.com,30
2026-08-10,4deab1bf-693f-4d5a-9c17-b01495d9f002,,Admin ADB,True,,,False,None,APC,0,0,0,0,0,0,0,0,1465940,27487790694400,Team Site,Admin@7rkd12.onmicrosoft.com,30
2026-08-10,4ded78f2-2231-43ad-b106-c43c3f5711ae,,prj_Ada Team Site-056 Owners,True,,,True,None,APC,30,0,0,0,0,0,0,0,4925835,27487790694400,Team Site,prj_adateamsite-056@7rkd12.onmicrosoft.com,30
2026-08-10,4e12acf4-6d8f-45df-9c88-6916fe9dea2c,,Bonnie Test,False,,,True,None,APC,20,0,0,0,0,0,0,0,4489017,42949672960,Team Site,BonnieTest@7rkd12.onmicrosoft.com,30
2026-08-10,4e24f1da-c51b-47c9-be22-6cd11038d467,,Admin ADB,False,,,False,None,APC,0,0,0,0,0,0,0,0,1484733,42949672960,Team Site,Admin@7rkd12.onmicrosoft.com,30
2026-08-10,4e271234-0c55-49e1-b19f-cd33608e910b,,mihal-display-name-12 Owners,False,,,True,None,APC,1,0,0,0,0,0,0,0,1491653,42949672960,Team Site,mihal-alias12@7rkd12.onmicrosoft.com,30
2026-08-10,4e2f50bf-11cf-4405-ac39-34a4e5b728af,,Admin ADB,True,,,False,None,APC,0,0,0,0,0,0,0,0,1466885,27487790694400,Team Site,Admin@7rkd12.onmicrosoft.com,30
2026-08-10,4e3441c4-feaa-4830-820b-ec886f3eab7e,,prj_Ada Team Site-185 Owners,True,,,True,None,APC,30,0,0,0,0,0,0,0,4907621,27487790694400,Team Site,prj_adateamsite-185@7rkd12.onmicrosoft.com,30
2026-08-10,4e375e33-3946-4b27-b375-99d7961724fe,,Admin ADB,True,,,False,None,APC,0,0,0,0,0,0,0,0,1465504,27487790694400,Team Site,Admin@7rkd12.onmicrosoft.com,30
2026-08-10,4ea6b4b4-cab8-406a-b7b8-0e3b12304a07,,prj_Ada Team Site-196 Owners,False,2026-07-29,,True,None,APC,30,0,1,1,0,0,0,0,4884087,42949672960,Team Site,prj_adateamsite-196@7rkd12.onmicrosoft.com,30
2026-08-10,4ea89e54-7d91-4a74-a36b-85851477a68a,,prj_MihalTeamsite 236 Owners,False,,,True,None,APC,30,0,0,0,0,0,0,0,4941576,42949672960,Team Site,prj_mihalteamsite-236@7rkd12.onmicrosoft.com,30
2026-08-10,4ebc9c34-18fe-4915-b71a-41261abbc4e1,,Leila Test,False,2026-06-10,,True,None,APC,3,0,0,0,0,0,0,0,2028653,1099511627776,Team Site,LeilaTest@7rkd12.onmicrosoft.com,30
2026-08-10,4ec68113-38df-443e-808f-de287b349a81,,Admin ADB,False,,,True,None,APC,30,0,0,0,0,0,0,0,4924315,42949672960,Team Site,Admin@7rkd12.onmicrosoft.com,30
2026-08-10,4f276b34-44ba-41e8-8aa9-3c63fe23fd6d,,Admin ADB,True,,,False,None,APC,0,0,0,0,0,0,0,0,1465404,27487790694400,Team Site,Admin@7rkd12.onmicrosoft.com,30
2026-08-10,4f281f8f-8065-4e3d-ae1e-db775e0f66a5,,Leila Test,False,2026-06-10,,True,None,APC,13,0,0,0,0,0,0,0,2605632,1099511627776,Team Site,LeilaTest@7rkd12.onmicrosoft.com,30
2026-08-10,4f490815-9704-487f-90ae-2376c9020865,,Admin ADB,False,,,True,None,APC,30,0,0,0,0,0,0,0,4924249,42949672960,Team Site,Admin@7rkd12.onmicrosoft.com,30
2026-08-10,4f801e11-55cd-48fa-9c7c-628b1b586e04,,Admin ADB,True,,,False,None,APC,0,0,0,0,0,0,0,0,1465463,27487790694400,Team Site,Admin@7rkd12.onmicrosoft.com,30
2026-08-10,4fbaf401-ae4d-49cc-ba51-b76dc0d49a4e,,Admin ADB,True,,,False,None,APC,0,0,0,0,0,0,0,0,1465489,27487790694400,Team Site,Admin@7rkd12.onmicrosoft.com,30
2026-08-10,4ff3a103-4480-40df-806f-6cc50ffed772,,Admin ADB,False,,,False,None,APC,0,0,0,0,0,0,0,0,1486578,42949672960,Team Site,Admin@7rkd12.onmicrosoft.com,30
2026-08-10,50016573-364f-4f2d-a5f8-9145bfb90be6,,Admin ADB,False,2026-07-29,,True,None,APC,30,4,1,1,0,0,0,0,4937510,42949672960,Team Site,Admin@7rkd12.onmicrosoft.com,30
2026-08-10,501e2f86-18f4-4281-8e38-a9858c882b42,,Admin ADB,False,,,True,None,APC,30,0,0,0,0,0,0,0,4924296,42949672960,Team Site,Admin@7rkd12.onmicrosoft.com,30
2026-08-10,504de17a-de57-4486-b3fa-522735251cfe,,Admin ADB,True,,,True,None,APC,30,0,0,0,0,0,0,0,4920196,42949672960,Team Site,Admin@7rkd12.onmicrosoft.com,30
2026-08-10,504f98f3-48c2-45c1-a3a0-9641069c2de3,,prj_Group Site-731047 Owners,False,,,True,None,APC,30,0,0,0,0,0,0,0,4964838,42949672960,Team Site,prj_groupsite-731047@7rkd12.onmicrosoft.com,30
2026-08-10,506369ae-2f6e-46f2-b94b-f450f694e4e2,,Admin ADB,False,2026-07-30,,True,None,APC,30,4,8,4,0,0,0,0,4924515,42949672960,Team Site,Admin@7rkd12.onmicrosoft.com,30
2026-08-10,50c2b919-7faa-4b1f-bb9b-05a1814357a7,,Admin ADB,False,,,False,None,APC,0,0,0,0,0,0,0,0,1485748,42949672960,Team Site,Admin@7rkd12.onmicrosoft.com,30
2026-08-10,50f088af-de8b-4a96-8d15-cddf4777c9f1,,Bonnie Test,False,,,True,None,APC,30,0,0,0,0,0,0,0,4939904,42949672960,Team Site,BonnieTest@7rkd12.onmicrosoft.com,30
2026-08-10,50fbce7e-ff19-4600-9ea9-eeffb3d111e4,,Admin ADB,True,,,False,None,APC,0,0,0,0,0,0,0,0,1466002,27487790694400,Team Site,Admin@7rkd12.onmicrosoft.com,30
2026-08-10,51141a8d-03b6-4632-aca4-aea6250afab8,,Mihal,False,,,False,None,APC,0,0,0,0,0,0,0,0,1484210,42949672960,Team Site,Mihal@7rkd12.onmicrosoft.com,30
2026-08-10,51258770-ecdd-4412-b0aa-6a7940a2e99e,,Mihal,False,,,False,None,APC,0,0,0,0,0,0,0,0,1484623,42949672960,Team Site,Mihal@7rkd12.onmicrosoft.com,30
2026-08-10,5126c9cc-2ec8-4e06-a02b-2aba16f0c284,,mihal-display-name-26 Owners,False,,,True,None,APC,1,0,0,0,0,0,0,0,1491687,42949672960,Team Site,mihal-alias26@7rkd12.onmicrosoft.com,30
2026-08-10,513fae58-bb0c-4ad5-b087-067ce4f08ddf,,prj_Group Site-731053 Owners,False,,,True,None,APC,30,0,0,0,0,0,0,0,4942736,42949672960,Team Site,prj_groupsite-731053@7rkd12.onmicrosoft.com,30
2026-08-10,51566f8c-a227-48e4-87a3-84f8800a2303,,prj_Group Site-731067 Owners,False,,,True,None,APC,30,0,0,0,0,0,0,0,4943840,42949672960,Team Site,prj_groupsite-731067@7rkd12.onmicrosoft.com,30
2026-08-10,516c99fd-2b80-4ced-a21d-bfa0739dfda7,,Admin ADB,False,,,False,None,APC,0,0,0,0,0,0,0,0,1486899,42949672960,Team Site,Admin@7rkd12.onmicrosoft.com,30
2026-08-10,519141d1-107e-4079-8490-ac8f0f5dc967,,Bonnie Test,False,,,True,None,APC,30,0,0,0,0,0,0,0,4904724,42949672960,Team Site,BonnieTest@7rkd12.onmicrosoft.com,30
2026-08-10,51977eba-d0da-4bec-8697-73d526424703,,prj_Group Site-731007 Owners,False,,,True,None,APC,30,0,0,0,0,0,0,0,4941114,42949672960,Team Site,prj_groupsite-731007@7rkd12.onmicrosoft.com,30
2026-08-10,51bcfde1-f5af-41af-8c4a-ef7a58853bfa,,Admin ADB,False,,,False,None,APC,0,0,0,0,0,0,0,0,1486769,42949672960,Team Site,Admin@7rkd12.onmicrosoft.com,30
2026-08-10,51bfb067-6312-465d-a390-cf64241efc07,,Admin ADB,False,,,False,None,APC,0,0,0,0,0,0,0,0,1486171,42949672960,Team Site,Admin@7rkd12.onmicrosoft.com,30
2026-08-10,51c56874-2a78-4739-af26-d9b7d16bb311,,Admin ADB,True,,,False,None,APC,0,0,0,0,0,0,0,0,1465941,27487790694400,Team Site,Admin@7rkd12.onmicrosoft.com,30
2026-08-10,51e2c1a9-556a-4919-8745-ff2609cd6e8a,,prj_Group Site-731086 Owners,False,,,True,None,APC,30,0,0,0,0,0,0,0,4943634,42949672960,Team Site,prj_groupsite-731086@7rkd12.onmicrosoft.com,30
2026-08-10,51eea011-ad65-4c9d-95c4-a6a8972dd3ee,,Admin ADB,True,,,False,None,APC,0,0,0,0,0,0,0,0,1465975,27487790694400,Team Site,Admin@7rkd12.onmicrosoft.com,30
2026-08-10,51f9aea2-9503-47a9-9b9b-649186b2ec2d,,Bonnie Test,False,,,True,None,APC,30,0,0,0,0,0,0,0,4951118,42949672960,Team Site,BonnieTest@7rkd12.onmicrosoft.com,30
2026-08-10,521d5b92-4a8c-40cd-942c-fb19db8fafbb,,Admin ADB,False,,,False,None,APC,0,0,0,0,0,0,0,0,1486449,42949672960,Team Site,Admin@7rkd12.onmicrosoft.com,30
2026-08-10,52542ba4-a1bb-4404-b9f6-0d5a87225730,,Bonnie Test,False,,,True,None,APC,30,0,0,0,0,0,0,0,4924540,42949672960,Team Site,BonnieTest@7rkd12.onmicrosoft.com,30
2026-08-10,52c8b267-8ce5-4b79-bce5-84550aae9c39,,Admin ADB,False,2026-08-07,,True,None,APC,27,4,1,1,0,0,0,0,4431657,42949672960,Team Site,Admin@7rkd12.onmicrosoft.com,30
2026-08-10,52caa13f-e8ea-4540-8f34-c75e2584b019,,Admin ADB,False,,,True,None,APC,30,0,0,0,0,0,0,0,4924683,42949672960,Team Site,Admin@7rkd12.onmicrosoft.com,30
2026-08-10,52d7655d-49c0-462f-bab9-fa15cfaa019f,,Admin ADB,False,,,False,None,APC,0,0,0,0,0,0,0,0,1486272,42949672960,Team Site,Admin@7rkd12.onmicrosoft.com,30
2026-08-10,52d79e46-14c6-4030-a224-c2089450e7e9,,Admin ADB,False,,,False,None,APC,0,0,0,0,0,0,0,0,1485983,42949672960,Team Site,Admin@7rkd12.onmicrosoft.com,30
2026-08-10,52f37ec8-caed-4186-a4ee-789ff7e8f70b,,prj_Ada Team Site-199 Owners,True,,,True,None,APC,30,0,0,0,0,0,0,0,4940236,27487790694400,Team Site,prj_adateamsite-199@7rkd12.onmicrosoft.com,30
2026-08-10,530a796b-aee0-4a99-b41d-625528e7dfb0,,Admin ADB,False,,,False,None,APC,0,0,0,0,0,0,0,0,1486849,42949672960,Team Site,Admin@7rkd12.onmicrosoft.com,30
2026-08-10,53165598-4f21-43af-afb6-beda1c995da9,,Admin ADB,True,,,True,None,APC,30,0,0,0,0,0,0,0,4897077,27487790694400,Team Site,Admin@7rkd12.onmicrosoft.com,30
2026-08-10,531c199c-c313-46ae-ae1b-22faac1f3130,,Admin ADB,True,,,False,None,APC,0,0,0,0,0,0,0,0,1465899,27487790694400,Team Site,Admin@7rkd12.onmicrosoft.com,30
2026-08-10,532b9e68-ab65-44ab-92e8-78be7e3cda63,,prj_Group Site-731089 Owners,False,,,True,None,APC,30,0,0,0,0,0,0,0,4942788,42949672960,Team Site,prj_groupsite-731089@7rkd12.onmicrosoft.com,30
2026-08-10,5351b8df-d0b6-4f2e-aa80-eaf2a143c33e,,Admin ADB,False,2026-01-26,,False,None,APC,1,0,0,0,0,0,0,0,1569743,42949672960,Team Site,Admin@7rkd12.onmicrosoft.com,30
2026-08-10,535e1c78-06cd-419d-bb08-8235850c50c8,,Admin ADB,False,,,False,None,APC,0,0,0,0,0,0,0,0,1486990,42949672960,Team Site,Admin@7rkd12.onmicrosoft.com,30
2026-08-10,5378e0c8-7099-48e4-a0c2-54cf946a691d,,Admin ADB,True,,,True,None,APC,30,0,0,0,0,0,0,0,4839056,27487790694400,Team Site,Admin@7rkd12.onmicrosoft.com,30
2026-08-10,538ddda9-02df-4990-a649-7fc83fea36de,,Admin ADB,False,2025-12-18,,True,None,APC,3,0,0,0,0,0,0,0,2592364,42949672960,Team Site,Admin@7rkd12.onmicrosoft.com,30
2026-08-10,539e03f1-8078-4552-b40d-34e1d1842549,,Leila Test,False,2026-06-11,,True,None,APC,8,0,0,0,0,0,0,0,2573328,42949672960,Team Site,LeilaTest@7rkd12.onmicrosoft.com,30
2026-08-10,53c6b520-3275-4c93-8c4d-f92f83ba5684,,Admin ADB,False,,,False,None,APC,0,0,0,0,0,0,0,0,1486928,42949672960,Team Site,Admin@7rkd12.onmicrosoft.com,30
2026-08-10,53e1f8b2-c169-4ad1-87fa-f693bacce16f,,Admin ADB,False,,,False,None,APC,0,0,0,0,0,0,0,0,1486937,42949672960,Team Site,Admin@7rkd12.onmicrosoft.com,30
2026-08-10,54317140-6652-48d7-8980-7710dde7dca7,,Admin ADB,False,,,False,None,APC,0,0,0,0,0,0,0,0,1484939,42949672960,Team Site,Admin@7rkd12.onmicrosoft.com,30
2026-08-10,54357dbd-c1e8-44fd-9fc8-53f2badc46b4,,prj_Team Site-731068 Owners,False,,,True,None,APC,30,0,0,0,0,0,0,0,4941094,42949672960,Team Site,prj_teamsite-731068@7rkd12.onmicrosoft.com,30
2026-08-10,543ac136-66a3-48c5-90ed-8d111ed589b6,,Admin ADB,True,,,False,None,APC,0,0,0,0,0,0,0,0,1466035,27487790694400,Team Site,Admin@7rkd12.onmicrosoft.com,30
2026-08-10,54415d71-b768-400b-abf2-34276b5b883b,,Bonnie Test,False,,,True,None,APC,30,0,0,0,0,0,0,0,4924194,42949672960,Team Site,BonnieTest@7rkd12.onmicrosoft.com,30
2026-08-10,54609380-bdd9-41a5-906a-0e11762ebab4,,Admin ADB,True,,,False,None,APC,0,0,0,0,0,0,0,0,1465981,27487790694400,Team Site,Admin@7rkd12.onmicrosoft.com,30
2026-08-10,54a282f0-4a9a-4ff0-a24a-0e39ffba33cd,,Admin ADB,True,,,False,None,APC,0,0,0,0,0,0,0,0,1465950,27487790694400,Team Site,Admin@7rkd12.onmicrosoft.com,30
2026-08-10,54c93fe0-02d7-42bb-a626-d783341fd694,,Admin ADB,False,,,False,None,APC,0,0,0,0,0,0,0,0,1486455,42949672960,Team Site,Admin@7rkd12.onmicrosoft.com,30
2026-08-10,54e78d98-5d2b-490a-9c5f-6f0d2001da9d,,Admin ADB,True,,,False,None,APC,0,0,0,0,0,0,0,0,1465940,27487790694400,Team Site,Admin@7rkd12.onmicrosoft.com,30
2026-08-10,550cfbe0-a5b6-436b-a18a-e02879bf540b,,Admin ADB,False,,,True,None,APC,30,0,0,0,0,0,0,0,4938090,42949672960,Team Site,Admin@7rkd12.onmicrosoft.com,30
2026-08-10,552033d5-8dc3-420c-a34a-d1ae1d3f179b,,Leila Test,False,2026-06-11,,True,None,APC,10,0,0,0,0,0,0,0,3501727,42949672960,Team Site,LeilaTest@7rkd12.onmicrosoft.com,30
2026-08-10,553cef4d-5812-4000-8325-7ca86997a0e6,,Admin ADB,False,,,False,None,APC,0,0,0,0,0,0,0,0,1486547,42949672960,Team Site,Admin@7rkd12.onmicrosoft.com,30
2026-08-10,55b14a30-9ec8-40d2-a5fd-af6da14f2f25,,Admin ADB,False,,,False,None,APC,0,0,0,0,0,0,0,0,1486943,42949672960,Team Site,Admin@7rkd12.onmicrosoft.com,30
2026-08-10,55bfae8d-149e-4d78-afb5-fe874373a968,,Admin ADB,False,,,True,None,APC,30,0,0,0,0,0,0,0,4939424,42949672960,Team Site,Admin@7rkd12.onmicrosoft.com,30
2026-08-10,55c42ec1-4d34-4ab4-a0af-413ba3adebb4,,Admin ADB,True,,,True,None,APC,30,0,0,0,0,0,0,0,4936518,42949672960,Team Site,Admin@7rkd12.onmicrosoft.com,30
2026-08-10,55d57332-076e-40e4-91ea-2f00d3ed3cf7,,Admin ADB,True,,,False,None,APC,0,0,0,0,0,0,0,0,1465371,27487790694400,Team Site,Admin@7rkd12.onmicrosoft.com,30
2026-08-10,5603199c-4f47-4ecc-98ee-42b2ed171097,,Admin ADB,False,,,False,None,APC,0,0,0,0,0,0,0,0,1486966,42949672960,Team Site,Admin@7rkd12.onmicrosoft.com,30
2026-08-10,5611b853-0476-401c-8fb3-5b305d050302,,Leila Test,False,2026-06-11,,False,None,APC,15,0,0,0,0,0,0,0,4312854,42949672960,Team Site,LeilaTest@7rkd12.onmicrosoft.com,30
2026-08-10,5639ba43-b3a7-42cb-b827-1be453fb642c,,Bonnie Test,False,,,True,None,APC,30,0,0,0,0,0,0,0,4924984,42949672960,Team Site,BonnieTest@7rkd12.onmicrosoft.com,30
2026-08-10,5644b120-d8eb-41be-ad9b-e8f76a4c791e,,Admin ADB,True,,,False,None,APC,0,0,0,0,0,0,0,0,1465509,27487790694400,Team Site,Admin@7rkd12.onmicrosoft.com,30
2026-08-10,5646941b-f5fb-43f4-b3e9-981e916c210f,,Admin ADB,False,,,True,None,APC,30,0,0,0,0,0,0,0,4939775,42949672960,Team Site,Admin@7rkd12.onmicrosoft.com,30
2026-08-10,564fa4e7-1a55-4b9e-9c86-2a932004ca9c,,Admin ADB,False,,,False,None,APC,0,0,0,0,0,0,0,0,1486339,42949672960,Team Site,Admin@7rkd12.onmicrosoft.com,30
2026-08-10,56615fe9-fc1a-48de-8afa-8d8787059b9e,,prj_MihalGroupsite-026 Owners,False,,,True,None,APC,1,0,0,0,0,0,0,0,1492820,42949672960,Team Site,prj_mihalgroupsite-026@7rkd12.onmicrosoft.com,30
2026-08-10,5680a7ae-7fb2-46a0-bad1-636244e397d1,,Admin ADB,False,2026-07-30,,True,None,APC,30,4,3,2,0,0,0,0,4922713,42949672960,Team Site,Admin@7rkd12.onmicrosoft.com,30
2026-08-10,56bf2619-f62f-43a6-85e0-bc5efce35cb5,,Bonnie Test,False,,,True,None,APC,30,0,0,0,0,0,0,0,4941263,42949672960,Team Site,BonnieTest@7rkd12.onmicrosoft.com,30
2026-08-10,56e9172e-8c58-4791-809a-9998a33d7751,,Admin ADB,True,,,False,None,APC,0,0,0,0,0,0,0,0,1465812,27487790694400,Team Site,Admin@7rkd12.onmicrosoft.com,30
2026-08-10,56f5a753-a753-41b8-a181-d809ca5e3f1c,,Admin ADB,True,,,False,None,APC,0,0,0,0,0,0,0,0,1466044,27487790694400,Team Site,Admin@7rkd12.onmicrosoft.com,30
2026-08-10,570edfea-c5be-4fed-94c9-7034804cd453,,Admin ADB,False,,,False,None,APC,0,0,0,0,0,0,0,0,1484217,42949672960,Team Site,Admin@7rkd12.onmicrosoft.com,30
2026-08-10,5716ddcc-7b78-4b11-a6af-0f50c1dbf51e,,Admin ADB,True,,,False,None,APC,0,0,0,0,0,0,0,0,1465366,27487790694400,Team Site,Admin@7rkd12.onmicrosoft.com,30
2026-08-10,571955b4-f53f-4212-a30c-fc041dd35afc,,Admin ADB,True,,,False,None,APC,0,0,0,0,0,0,0,0,1465389,27487790694400,Team Site,Admin@7rkd12.onmicrosoft.com,30
2026-08-10,573b16f8-5f8f-4f22-b9bd-b95664b20948,,Admin ADB,True,,,False,None,APC,0,0,0,0,0,0,0,0,1465359,27487790694400,Team Site,Admin@7rkd12.onmicrosoft.com,30
2026-08-10,576bb1e1-c804-4423-8867-5b9fa5016f72,,Admin ADB,False,,,False,None,APC,0,0,0,0,0,0,0,0,1486340,42949672960,Team Site,Admin@7rkd12.onmicrosoft.com,30
2026-08-10,57964757-dc07-4e3c-9659-527bbd66fee0,,Admin ADB,True,,,False,None,APC,0,0,0,0,0,0,0,0,1465923,27487790694400,Team Site,Admin@7rkd12.onmicrosoft.com,30
2026-08-10,579a75e2-24ba-46f4-8d7e-449c63b5871b,,Admin ADB,False,,,False,None,APC,0,0,0,0,0,0,0,0,1485627,42949672960,Team Site,Admin@7rkd12.onmicrosoft.com,30
2026-08-10,57a8f227-ab8c-40c8-9fec-21a134ec6af5,,Bonnie Test,False,,,True,None,APC,30,0,0,0,0,0,0,0,4936373,42949672960,Team Site,BonnieTest@7rkd12.onmicrosoft.com,30
2026-08-10,57f9c0f1-6b70-4b24-9763-1606f44faa61,,Admin ADB,False,,,False,None,APC,0,0,0,0,0,0,0,0,1486910,42949672960,Team Site,Admin@7rkd12.onmicrosoft.com,30
2026-08-10,5804eb7c-f044-4ed8-9033-1e43c6ca3ea8,,Admin ADB,False,,,False,None,APC,0,0,0,0,0,0,0,0,1486360,42949672960,Team Site,Admin@7rkd12.onmicrosoft.com,30
2026-08-10,580e6f87-9762-4a5f-a834-a862b2663eaf,,Admin ADB,False,,,False,None,APC,0,0,0,0,0,0,0,0,1486388,42949672960,Team Site,Admin@7rkd12.onmicrosoft.com,30
2026-08-10,58407427-2209-4f95-9056-7c193cd3fc32,,Admin ADB,False,,,False,None,APC,0,0,0,0,0,0,0,0,1486252,42949672960,Team Site,Admin@7rkd12.onmicrosoft.com,30
2026-08-10,5851afde-453f-4a60-b750-e744707f3acb,,Admin ADB,True,,,False,None,APC,0,0,0,0,0,0,0,0,1465877,27487790694400,Team Site,Admin@7rkd12.onmicrosoft.com,30
2026-08-10,5883a3bf-1a59-4efa-89d3-72e46f427ce1,,prj_MihalTeamsite 220 Owners,False,,,True,None,APC,30,0,0,0,0,0,0,0,4941589,42949672960,Team Site,prj_mihalteamsite-220@7rkd12.onmicrosoft.com,30
2026-08-10,58be2463-47ca-4d65-89f2-823daf59c98d,,Admin ADB,True,,,False,None,APC,0,0,0,0,0,0,0,0,1465354,27487790694400,Team Site,Admin@7rkd12.onmicrosoft.com,30
2026-08-10,58d8d93d-7442-4986-9bf9-cc8eacd00dc4,,Admin ADB,False,,,True,None,APC,30,0,0,0,0,0,0,0,4940018,42949672960,Team Site,Admin@7rkd12.onmicrosoft.com,30
2026-08-10,58de1a47-bc9e-4964-869c-23a531ab421e,,Admin ADB,False,,,True,None,APC,30,0,0,0,0,0,0,0,4940097,42949672960,Team Site,Admin@7rkd12.onmicrosoft.com,30
2026-08-10,58e135bd-0cb0-4d99-af4c-9685b3cc8cf9,,Admin ADB,False,2026-07-29,,True,None,APC,30,4,1,1,0,0,0,0,4939771,42949672960,Team Site,Admin@7rkd12.onmicrosoft.com,30
2026-08-10,5901b0af-bf8b-464d-ac21-4289102a8bf9,,Admin ADB,True,,,False,None,APC,0,0,0,0,0,0,0,0,1466011,27487790694400,Team Site,Admin@7rkd12.onmicrosoft.com,30
2026-08-10,5909d971-9d93-4035-a204-8cb2bbc18e70,,Admin ADB,False,2026-06-12,,True,None,APC,30,0,0,0,0,0,0,0,11282179,42949672960,Team Site,Admin@7rkd12.onmicrosoft.com,30
2026-08-10,5917e871-4df9-40a9-9c57-e00ae8e69c6a,,Admin ADB,False,,,True,None,APC,30,0,0,0,0,0,0,0,4944977,42949672960,Team Site,Admin@7rkd12.onmicrosoft.com,30
2026-08-10,592d060a-2089-41bd-b077-c00c850fec0f,,Admin ADB,True,,,False,None,APC,0,0,0,0,0,0,0,0,1465463,27487790694400,Team Site,Admin@7rkd12.onmicrosoft.com,30
2026-08-10,593761d0-adf9-410c-920f-d72bc69902b8,,Admin ADB,False,,,False,None,APC,0,0,0,0,0,0,0,0,1485992,42949672960,Team Site,Admin@7rkd12.onmicrosoft.com,30
2026-08-10,593fbef4-d7ed-4f18-ac05-5a8210980409,,Admin ADB,True,,,False,None,APC,0,0,0,0,0,0,0,0,1465214,27487790694400,Team Site,Admin@7rkd12.onmicrosoft.com,30
2026-08-10,595dd1d5-eca0-4ccf-8ac0-9a48bae761e2,,Admin ADB,False,,,True,None,APC,30,0,0,0,0,0,0,0,4906522,42949672960,Team Site,Admin@7rkd12.onmicrosoft.com,30
2026-08-10,596e69cd-19b5-4080-888c-969fd5bbb2a5,,Admin ADB,True,,,False,None,APC,0,0,0,0,0,0,0,0,1466057,27487790694400,Team Site,Admin@7rkd12.onmicrosoft.com,30
2026-08-10,5973c2c5-feea-4578-b7f7-47cabd619942,,Admin ADB,True,,,True,None,APC,30,0,0,0,0,0,0,0,4919479,42949672960,Team Site,Admin@7rkd12.onmicrosoft.com,30
2026-08-10,597aac0d-f218-4dba-88ef-adbff8e566b1,,Admin ADB,False,,,True,None,APC,30,0,0,0,0,0,0,0,4924276,42949672960,Team Site,Admin@7rkd12.onmicrosoft.com,30
2026-08-10,5985b009-570e-4408-9cd7-f860cc045d1b,,Admin ADB,True,,,False,None,APC,0,0,0,0,0,0,0,0,1465935,27487790694400,Team Site,Admin@7rkd12.onmicrosoft.com,30
2026-08-10,598dd1b0-2232-4208-94e1-747bc92d5687,,Admin ADB,False,,,True,None,APC,30,0,0,0,0,0,0,0,4939369,42949672960,Team Site,Admin@7rkd12.onmicrosoft.com,30
2026-08-10,598fda2b-acb3-44af-8dc7-590fe49fb4b5,,Admin ADB,False,,,True,None,APC,30,0,0,0,0,0,0,0,4907002,42949672960,Team Site,Admin@7rkd12.onmicrosoft.com,30
2026-08-10,59a3462e-80df-4303-8695-21a64fed3c86,,Admin ADB,True,,,False,None,APC,0,0,0,0,0,0,0,0,1465897,27487790694400,Team Site,Admin@7rkd12.onmicrosoft.com,30
2026-08-10,59c56554-9f27-48ea-a93f-9e123e4ae528,,Admin ADB,False,2026-08-10,,True,None,APC,43,4,1,1,0,0,0,0,24663538,42949672960,Team Site,Admin@7rkd12.onmicrosoft.com,30
2026-08-10,59f014fc-0864-40ba-9211-778c5914f80e,,Admin ADB,False,,,False,None,APC,0,0,0,0,0,0,0,0,1485879,42949672960,Team Site,Admin@7rkd12.onmicrosoft.com,30
2026-08-10,59f4b9ff-0758-46fd-a7b3-d0f894c8cf4c,,Admin ADB,True,,,False,None,APC,0,0,0,0,0,0,0,0,1465322,27487790694400,Team Site,Admin@7rkd12.onmicrosoft.com,30
2026-08-10,5a21782d-c8c8-449c-af3e-af985b42bdd7,,Leila Test,False,2026-06-10,,True,None,APC,15,0,0,0,0,0,0,0,3233263,42949672960,Team Site,LeilaTest@7rkd12.onmicrosoft.com,30
2026-08-10,5a372982-3c0e-46a7-acec-834534acee0d,,Bonnie Test,False,,,True,None,APC,30,0,0,0,0,0,0,0,4940513,42949672960,Team Site,BonnieTest@7rkd12.onmicrosoft.com,30
2026-08-10,5a87c5eb-8b8d-4ad6-9c7c-7cbf588cd9ba,,Bonnie Test,False,,,True,None,APC,30,0,0,0,0,0,0,0,4868743,42949672960,Team Site,BonnieTest@7rkd12.onmicrosoft.com,30
2026-08-10,5a8a1efb-89cc-431c-b226-569ba3b7bd87,,Admin ADB,True,,,False,None,APC,0,0,0,0,0,0,0,0,1465418,27487790694400,Team Site,Admin@7rkd12.onmicrosoft.com,30
2026-08-10,5a8eaea3-db20-41c4-a875-9736aa942092,,Admin ADB,False,2026-06-10,,True,None,APC,3,0,0,0,0,0,0,0,1719207,42949672960,Team Site,Admin@7rkd12.onmicrosoft.com,30
2026-08-10,5acfd2f0-343a-4580-a336-68e180bcd989,,Bonnie Test,False,,,True,None,APC,30,0,0,0,0,0,0,0,4941304,42949672960,Team Site,BonnieTest@7rkd12.onmicrosoft.com,30
2026-08-10,5ae3a08a-bcc0-4a02-843c-3f684365b8aa,,Admin ADB,False,,,False,None,APC,0,0,0,0,0,0,0,0,1484881,42949672960,Team Site,Admin@7rkd12.onmicrosoft.com,30
2026-08-10,5b028e6b-0d4b-40a8-b760-e5960671e51a,,Admin ADB,True,,,False,None,APC,0,0,0,0,0,0,0,0,1465297,27487790694400,Team Site,Admin@7rkd12.onmicrosoft.com,30
2026-08-10,5b121377-5dfc-4742-94f7-ee13686a217a,,Admin ADB,False,,,False,None,APC,0,0,0,0,0,0,0,0,1486331,42949672960,Team Site,Admin@7rkd12.onmicrosoft.com,30
2026-08-10,5b206ef6-0556-4e5b-84a5-d2d459c23a55,,Admin ADB,False,2026-07-29,,True,None,APC,30,4,1,1,0,0,0,0,4939689,42949672960,Team Site,Admin@7rkd12.onmicrosoft.com,30
2026-08-10,5b2d5ec1-9172-42a4-b5ed-7495d92a6219,,Bonnie Test,False,,,True,None,APC,30,0,0,0,0,0,0,0,4940314,42949672960,Team Site,BonnieTest@7rkd12.onmicrosoft.com,30
2026-08-10,5b2d7167-42b7-4ebc-8b8e-8f9a490085d3,,Admin ADB,False,2026-06-11,,True,None,APC,8,0,0,0,0,0,0,0,1872525,42949672960,Team Site,Admin@7rkd12.onmicrosoft.com,30
2026-08-10,5b49eb15-2037-4872-9dab-2b6bd68cd8d7,,Admin ADB,False,,,False,None,APC,0,0,0,0,0,0,0,0,1486237,42949672960,Team Site,Admin@7rkd12.onmicrosoft.com,30
2026-08-10,5b546a5d-b570-4f3a-81de-567938a72cc7,,Admin ADB,False,,,False,None,APC,0,0,0,0,0,0,0,0,1486433,42949672960,Team Site,Admin@7rkd12.onmicrosoft.com,30
2026-08-10,5b67c48e-4cd5-455e-8735-abbc703f6528,,Admin ADB,True,,,False,None,APC,0,0,0,0,0,0,0,0,1466056,27487790694400,Team Site,Admin@7rkd12.onmicrosoft.com,30
2026-08-10,5b6abc1e-ad98-4551-b76a-28600430cc65,,Admin ADB,False,,,False,None,APC,0,0,0,0,0,0,0,0,1486283,42949672960,Team Site,Admin@7rkd12.onmicrosoft.com,30
2026-08-10,5b747390-208c-4a8e-b32f-75951836d150,,Admin ADB,True,,,False,None,APC,0,0,0,0,0,0,0,0,1465483,27487790694400,Team Site,Admin@7rkd12.onmicrosoft.com,30
2026-08-10,5b774941-8832-435c-b44a-5e53c3689d5c,,Admin ADB,True,,,False,None,APC,0,0,0,0,0,0,0,0,1465333,27487790694400,Team Site,Admin@7rkd12.onmicrosoft.com,30
2026-08-10,5b8022f7-67ce-4458-bf27-d2b4a1ec5d37,,Admin ADB,False,,,False,None,APC,0,0,0,0,0,0,0,0,1485894,42949672960,Team Site,Admin@7rkd12.onmicrosoft.com,30
2026-08-10,5b830eed-1fed-4e4c-a675-581845a098ae,,Admin ADB,False,,,False,None,APC,29,0,0,0,0,0,0,0,4654992,42949672960,Team Site,Admin@7rkd12.onmicrosoft.com,30
2026-08-10,5ba7588b-b636-412d-a37e-f1a5f97c5e3b,,Admin ADB,False,,,False,None,APC,0,0,0,0,0,0,0,0,1486194,42949672960,Team Site,Admin@7rkd12.onmicrosoft.com,30
2026-08-10,5be9f9e0-b374-4d1a-a6f7-dc670f3a0d63,,Admin ADB,True,,,False,None,APC,0,0,0,0,0,0,0,0,1466049,27487790694400,Team Site,Admin@7rkd12.onmicrosoft.com,30
2026-08-10,5bf25298-4403-471f-b3ab-6da458db1597,,Admin ADB,True,,,False,None,APC,0,0,0,0,0,0,0,0,1465466,27487790694400,Team Site,Admin@7rkd12.onmicrosoft.com,30
2026-08-10,5c025eb7-4b69-4fd9-8051-f5837fa5cfb0,,Bonnie Test,False,,,True,None,APC,30,0,0,0,0,0,0,0,4962340,42949672960,Team Site,BonnieTest@7rkd12.onmicrosoft.com,30
2026-08-10,5c04f893-00ee-45ac-a87c-23942c6cb820,,Admin ADB,False,,,False,None,APC,0,0,0,0,0,0,0,0,1485710,42949672960,Team Site,Admin@7rkd12.onmicrosoft.com,30
2026-08-10,5c1c8f42-ece6-47f3-8242-ebfee7c95233,,Leila Test,True,2026-03-05,,False,None,APC,1,0,0,0,0,0,0,0,1095878,27487790694400,Team Site,LeilaTest@7rkd12.onmicrosoft.com,30
2026-08-10,5c25e52a-897c-40fc-81f3-730e71f597b6,,Admin ADB,False,2026-07-29,,True,None,APC,30,4,1,1,0,0,0,0,4923840,42949672960,Team Site,Admin@7rkd12.onmicrosoft.com,30
2026-08-10,5c2606fb-6a05-488a-bd70-5ba8eaece0c4,,Admin ADB,False,,,False,None,APC,0,0,0,0,0,0,0,0,1486757,42949672960,Team Site,Admin@7rkd12.onmicrosoft.com,30
2026-08-10,5c65a829-95e1-40aa-9b23-d7d3e96a083a,,Admin ADB,True,,,False,None,APC,0,0,0,0,0,0,0,0,1465723,27487790694400,Team Site,Admin@7rkd12.onmicrosoft.com,30
2026-08-10,5c81cb63-4bb9-4900-b1e8-0e5f8492c591,,Alex Wilber,False,,,True,None,APC,27,0,0,0,0,0,0,0,4366619,42949672960,Team Site,AlexW@7rkd12.onmicrosoft.com,30
2026-08-10,5c885827-18eb-411e-a4ca-acca2375dc97,,Bonnie Test,False,,,True,None,APC,30,0,0,0,0,0,0,0,4924796,42949672960,Team Site,BonnieTest@7rkd12.onmicrosoft.com,30
2026-08-10,5cb2bda0-2e5d-4e17-ada5-572411655120,,Bonnie Test,False,,,True,None,APC,30,0,0,0,0,0,0,0,4941387,42949672960,Team Site,BonnieTest@7rkd12.onmicrosoft.com,30
2026-08-10,5ce73c36-dda7-44a3-a19b-201d6b0ab420,,Admin ADB,True,,,False,None,APC,0,0,0,0,0,0,0,0,1465505,27487790694400,Team Site,Admin@7rkd12.onmicrosoft.com,30
2026-08-10,5d206171-0982-4e53-b795-00ccc9dc407d,,Admin ADB,True,,,False,None,APC,0,0,0,0,0,0,0,0,1465505,27487790694400,Team Site,Admin@7rkd12.onmicrosoft.com,30
2026-08-10,5d239f3f-46af-4797-8b2b-63e4c6e7d600,,Mihal,False,,,False,None,APC,0,0,0,0,0,0,0,0,1484786,42949672960,Team Site,Mihal@7rkd12.onmicrosoft.com,30
2026-08-10,5d350713-01ea-4720-a91b-c0470f57b0c1,,Admin ADB,False,2026-07-24,,True,None,APC,43,4,1,1,0,0,0,0,24667570,42949672960,Team Site,Admin@7rkd12.onmicrosoft.com,30
2026-08-10,5d367341-b933-416d-9ce1-87cfb24d5dd1,,Admin ADB,True,,,False,None,APC,0,0,0,0,0,0,0,0,1465852,27487790694400,Team Site,Admin@7rkd12.onmicrosoft.com,30
2026-08-10,5d57161e-f1fe-4553-9526-ee1cc77feb0d,,Admin ADB,True,,,False,None,APC,0,0,0,0,0,0,0,0,1465976,27487790694400,Team Site,Admin@7rkd12.onmicrosoft.com,30
2026-08-10,5d702f3f-c696-41b7-b516-b8ca1c9e3ada,,Admin ADB,False,,,True,None,APC,30,0,0,0,0,0,0,0,4923327,42949672960,Team Site,Admin@7rkd12.onmicrosoft.com,30
2026-08-10,5d8b9858-6e63-4bb8-af88-fcc4cb763f2a,,Admin ADB,False,,,True,None,APC,30,0,0,0,0,0,0,0,4924581,42949672960,Team Site,Admin@7rkd12.onmicrosoft.com,30
2026-08-10,5da5594f-3790-41b4-bb25-446bcc7ba476,,prj_Team Site-731002 Owners,False,,,True,None,APC,30,0,0,0,0,0,0,0,4943597,42949672960,Team Site,prj_teamsite-731002@7rkd12.onmicrosoft.com,30
2026-08-10,5da7be7f-bd01-40fb-8112-c6c11b59c5a7,,Bonnie Test,False,,,True,None,APC,30,0,0,0,0,0,0,0,4925522,42949672960,Team Site,BonnieTest@7rkd12.onmicrosoft.com,30
2026-08-10,5de15f94-771e-45f8-b2c0-407fe64594eb,,Bonnie Test,False,,,True,None,APC,30,0,0,0,0,0,0,0,4924968,42949672960,Team Site,BonnieTest@7rkd12.onmicrosoft.com,30
2026-08-10,5df5377c-d03d-4409-bb44-42f231b9aad0,,Bonnie Test,False,,,True,None,APC,30,0,0,0,0,0,0,0,4938233,42949672960,Team Site,BonnieTest@7rkd12.onmicrosoft.com,30
2026-08-10,5e228bc0-00b8-44c6-a62d-f084a82766f4,,prj_Team Site-731094 Owners,False,2026-08-03,,True,None,APC,30,3,1,1,0,0,0,0,4941037,42949672960,Team Site,prj_teamsite-731094@7rkd12.onmicrosoft.com,30
2026-08-10,5e2df4b9-7e1c-4f44-8f5e-af77a5f75d2d,,Mihal,False,,,False,None,APC,0,0,0,0,0,0,0,0,1484797,42949672960,Team Site,Mihal@7rkd12.onmicrosoft.com,30
2026-08-10,5e8d9ee9-f2d5-460c-a0c5-4f4c0decfeb8,,Admin ADB,False,,,False,None,APC,0,0,0,0,0,0,0,0,1486302,42949672960,Team Site,Admin@7rkd12.onmicrosoft.com,30
2026-08-10,5e9b9952-a1b7-43b8-bab0-4e5aa282a280,,Admin ADB,False,,,True,None,APC,30,0,0,0,0,0,0,0,4952402,42949672960,Team Site,Admin@7rkd12.onmicrosoft.com,30
2026-08-10,5ef5f087-8eef-47a7-bd3e-fe66c4be6e1e,,prj_Team Site-731013 Owners,False,,,True,None,APC,30,0,0,0,0,0,0,0,4940968,42949672960,Team Site,prj_teamsite-731013@7rkd12.onmicrosoft.com,30
2026-08-10,5f010267-5478-4226-9734-b1d99a8a65d1,,Admin ADB,True,,,False,None,APC,0,0,0,0,0,0,0,0,1465507,27487790694400,Team Site,Admin@7rkd12.onmicrosoft.com,30
2026-08-10,5f077c05-2ed7-4b10-bdf6-4515a3317392,,Bonnie Test,False,,,True,None,APC,30,0,0,0,0,0,0,0,4939791,42949672960,Team Site,BonnieTest@7rkd12.onmicrosoft.com,30
2026-08-10,5f22bcb7-7c0d-41e8-a85b-ba1c4db28170,,Admin ADB,True,,,False,None,APC,0,0,0,0,0,0,0,0,1465412,27487790694400,Team Site,Admin@7rkd12.onmicrosoft.com,30
2026-08-10,5f31e77f-bc9f-4520-bd10-422736028385,,Admin ADB,False,,,True,None,APC,27,0,0,0,0,0,0,0,4130648,42949672960,Team Site,Admin@7rkd12.onmicrosoft.com,30
2026-08-10,5f695632-17c2-4d07-b30e-6215866be564,,Admin ADB,False,,,False,None,APC,0,0,0,0,0,0,0,0,1486245,42949672960,Team Site,Admin@7rkd12.onmicrosoft.com,30
2026-08-10,5f872f1a-bb35-40f7-afeb-7f664544e2d5,,Admin ADB,True,,,False,None,APC,0,0,0,0,0,0,0,0,1465368,27487790694400,Team Site,Admin@7rkd12.onmicrosoft.com,30
2026-08-10,5faa1441-34a7-43f3-a657-44c92d9a5737,,Admin ADB,False,2026-07-27,,True,None,APC,30,4,1,1,0,0,0,0,4939263,42949672960,Team Site,Admin@7rkd12.onmicrosoft.com,30
2026-08-10,5fb4045e-d49f-44d8-bbf8-c745343be7f8,,HazelTest,False,2026-05-08,,True,None,APC,3,0,0,0,0,0,0,0,1946586,42949672960,Team Site,HazelTest@7rkd12.onmicrosoft.com,30
2026-08-10,5fbb5c80-a936-483a-a1d5-d2027cec4797,,Admin ADB,True,,,False,None,APC,0,0,0,0,0,0,0,0,1465438,27487790694400,Team Site,Admin@7rkd12.onmicrosoft.com,30
2026-08-10,5fd0e988-758f-47bb-916f-c340bdde2b39,,Admin ADB,False,,,True,None,APC,20,0,0,0,0,0,0,0,4454048,42949672960,Team Site,Admin@7rkd12.onmicrosoft.com,30
2026-08-10,5fdb7e76-ffe8-4b49-9d0e-3b3ef64dcdf2,,Admin ADB,True,,,False,None,APC,0,0,0,0,0,0,0,0,1465452,27487790694400,Team Site,Admin@7rkd12.onmicrosoft.com,30
2026-08-10,5ff942ee-e4aa-4a73-b650-60f890c7c30b,,Admin ADB,True,,,False,None,APC,0,0,0,0,0,0,0,0,1465465,27487790694400,Team Site,Admin@7rkd12.onmicrosoft.com,30
2026-08-10,60059468-06c9-4a21-bc0f-6fe4cd65b59e,,Bonnie Test,False,,,True,None,APC,30,0,0,0,0,0,0,0,4941335,42949672960,Team Site,BonnieTest@7rkd12.onmicrosoft.com,30
2026-08-10,601cf40e-5e7f-4b7f-9078-4089dc3cfa00,,Admin ADB,False,,,False,None,APC,0,0,0,0,0,0,0,0,1485865,42949672960,Team Site,Admin@7rkd12.onmicrosoft.com,30
2026-08-10,60209c50-1f06-4d6c-983e-1ff37c70eb47,,mihal-display-name-22 Owners,False,,,True,None,APC,1,0,0,0,0,0,0,0,1491679,42949672960,Team Site,mihal-alias22@7rkd12.onmicrosoft.com,30
2026-08-10,604372f8-07fc-443e-b543-3c06c39e62d6,,Admin ADB,False,,,False,None,APC,0,0,0,0,0,0,0,0,1486929,42949672960,Team Site,Admin@7rkd12.onmicrosoft.com,30
2026-08-10,604d4475-a6c6-4c80-9590-b2d9facd2d76,,Nigel test,False,2026-05-08,,False,None,APC,3,0,0,0,0,0,0,0,2420119,42949672960,Team Site,Nigeltest@7rkd12.onmicrosoft.com,30
2026-08-10,60911b1f-3af4-4bd6-86fe-f73944ad7974,,Admin ADB,False,,,False,None,APC,0,0,0,0,0,0,0,0,1486928,42949672960,Team Site,Admin@7rkd12.onmicrosoft.com,30
2026-08-10,60914b1c-f603-4f3f-be97-8f7fb7c63318,,prj_Team Site-731066 Owners,False,,,True,None,APC,30,0,0,0,0,0,0,0,4942697,42949672960,Team Site,prj_teamsite-731066@7rkd12.onmicrosoft.com,30
2026-08-10,6097d284-9c64-4d78-8c7f-c4ecf21790eb,,Admin ADB,False,,,False,None,APC,0,0,0,0,0,0,0,0,1485684,42949672960,Team Site,Admin@7rkd12.onmicrosoft.com,30
2026-08-10,60aa2729-a494-48f9-9014-e500a771fa40,,Admin ADB,False,,,False,None,APC,0,0,0,0,0,0,0,0,1486330,42949672960,Team Site,Admin@7rkd12.onmicrosoft.com,30
2026-08-10,60ac4efb-e2ff-4b1b-a9cd-dde442affb0f,,Admin ADB,True,,,False,None,APC,0,0,0,0,0,0,0,0,1465333,27487790694400,Team Site,Admin@7rkd12.onmicrosoft.com,30
2026-08-10,60ad05ec-da92-4d42-a50c-331a981ce5c1,,Admin ADB,False,,,False,None,APC,0,0,0,0,0,0,0,0,1486771,42949672960,Team Site,Admin@7rkd12.onmicrosoft.com,30
2026-08-10,60ae6ac3-458c-4e6b-840d-c984b07339bc,,Admin ADB,True,,,False,None,APC,0,0,0,0,0,0,0,0,1466977,27487790694400,Team Site,Admin@7rkd12.onmicrosoft.com,30
2026-08-10,60c4e74a-e6ef-402a-9c3f-8ecf5a66bff5,,Admin ADB,False,,,False,None,APC,0,0,0,0,0,0,0,0,1486478,42949672960,Team Site,Admin@7rkd12.onmicrosoft.com,30
2026-08-10,60f3a057-4597-4836-b9ec-472f0cef2fc0,,Bonnie Test,False,,,True,None,APC,30,0,0,0,0,0,0,0,4924781,42949672960,Team Site,BonnieTest@7rkd12.onmicrosoft.com,30
2026-08-10,61007b15-6717-4586-8f93-d9626bf9f6ec,,Admin ADB,True,,,False,None,APC,0,0,0,0,0,0,0,0,1466022,27487790694400,Team Site,Admin@7rkd12.onmicrosoft.com,30
2026-08-10,6108c824-5b9b-457e-a98c-9eebd47e6c97,,prj_Ada Team Site-236 Owners,True,,,True,None,APC,30,0,0,0,0,0,0,0,4940975,27487790694400,Team Site,prj_adateamsite-236@7rkd12.onmicrosoft.com,30
2026-08-10,613348d7-9e25-4599-945e-2cfc50197e50,,Admin ADB,False,,,True,None,APC,30,0,0,0,0,0,0,0,4924280,42949672960,Team Site,Admin@7rkd12.onmicrosoft.com,30
2026-08-10,614e3fca-aac4-41cd-8af4-756d7811a62c,,Admin ADB,True,,,False,None,APC,0,0,0,0,0,0,0,0,1465452,27487790694400,Team Site,Admin@7rkd12.onmicrosoft.com,30
2026-08-10,614f9345-7c02-40c7-833f-af9183edafdb,,Admin ADB,True,,,True,None,APC,30,0,0,0,0,0,0,0,4921618,42949672960,Team Site,Admin@7rkd12.onmicrosoft.com,30
2026-08-10,619371b4-8c1c-497b-9c99-7cb53fc5e0c8,,Admin ADB,False,,,False,None,APC,0,0,0,0,0,0,0,0,1486321,42949672960,Team Site,Admin@7rkd12.onmicrosoft.com,30
2026-08-10,61d11a4b-f48c-4964-a94a-552347f89983,,prj_Team Site-731019 Owners,False,,,True,None,APC,30,0,0,0,0,0,0,0,4943230,42949672960,Team Site,prj_teamsite-731019@7rkd12.onmicrosoft.com,30
2026-08-10,61d2d923-ee25-4c2e-b954-04a89c1f3f7b,,Admin ADB,False,,,True,None,APC,30,0,0,0,0,0,0,0,4936665,42949672960,Team Site,Admin@7rkd12.onmicrosoft.com,30
2026-08-10,61f77c5b-4b09-4cab-8029-900546c21b59,,Admin ADB,False,,,False,None,APC,0,0,0,0,0,0,0,0,1486495,42949672960,Team Site,Admin@7rkd12.onmicrosoft.com,30
2026-08-10,62230bc1-f164-45a8-b157-ba272d9ec2a0,,displayname4 Owners,False,,,True,None,APC,30,0,0,0,0,0,0,0,4878895,42949672960,Team Site,alias4@7rkd12.onmicrosoft.com,30
2026-08-10,6246e318-4c10-4a11-8295-3f84ad0f9d00,,Admin ADB,True,,,False,None,APC,0,0,0,0,0,0,0,0,1465518,27487790694400,Team Site,Admin@7rkd12.onmicrosoft.com,30
2026-08-10,624adecd-5ba0-4a16-906d-3f7597c714c8,,Admin ADB,False,,,False,None,APC,0,0,0,0,0,0,0,0,1486083,42949672960,Team Site,Admin@7rkd12.onmicrosoft.com,30
2026-08-10,626d17c0-e31d-4ab9-b58b-50044549110e,,Admin ADB,True,,,False,None,APC,0,0,0,0,0,0,0,0,1465406,27487790694400,Team Site,Admin@7rkd12.onmicrosoft.com,30
2026-08-10,62af1274-cf0d-41eb-bb2b-dd984ce5847a,,prj_Team Site-731036 Owners,False,,,True,None,APC,30,0,0,0,0,0,0,0,4941439,42949672960,Team Site,prj_teamsite-731036@7rkd12.onmicrosoft.com,30
2026-08-10,62b37393-ad94-471b-8e9a-f6a21bd4861d,,Admin ADB,False,,,False,None,APC,0,0,0,0,0,0,0,0,1486945,42949672960,Team Site,Admin@7rkd12.onmicrosoft.com,30
2026-08-10,62dd32d5-8924-4d22-a89c-0d52a653041e,,Admin ADB,False,,,False,None,APC,0,0,0,0,0,0,0,0,1486985,42949672960,Team Site,Admin@7rkd12.onmicrosoft.com,30
2026-08-10,63305e6f-b400-453d-b350-5ad8c8344342,,Admin ADB,True,,,False,None,APC,0,0,0,0,0,0,0,0,1465918,27487790694400,Team Site,Admin@7rkd12.onmicrosoft.com,30
2026-08-10,63397173-993f-4e0e-9e48-e1cf12d789c6,,Admin ADB,False,,,False,None,APC,0,0,0,0,0,0,0,0,1486567,42949672960,Team Site,Admin@7rkd12.onmicrosoft.com,30
2026-08-10,6358452a-a1b1-4420-82c3-3be8f4b574be,,Admin ADB,False,,,False,None,APC,0,0,0,0,0,0,0,0,1485797,42949672960,Team Site,Admin@7rkd12.onmicrosoft.com,30
2026-08-10,636e7b59-4606-4cd3-97a6-26a05cae80cf,,Admin ADB,True,,,False,None,APC,0,0,0,0,0,0,0,0,1465446,27487790694400,Team Site,Admin@7rkd12.onmicrosoft.com,30
2026-08-10,638318a8-e65f-4dca-a3f8-436bd0818b74,,Admin ADB,False,,,False,None,APC,0,0,0,0,0,0,0,0,1486279,42949672960,Team Site,Admin@7rkd12.onmicrosoft.com,30
2026-08-10,63a30814-be75-4ca0-a95f-153bd248f966,,prj_Ada Team Site-045 Owners,False,,,True,None,APC,30,0,0,0,0,0,0,0,4942009,42949672960,Team Site,prj_adateamsite-045@7rkd12.onmicrosoft.com,30
2026-08-10,63a9ce8d-e8f6-47e1-9597-1bd9a876437d,,Admin ADB,False,,,False,None,APC,0,0,0,0,0,0,0,0,1486360,42949672960,Team Site,Admin@7rkd12.onmicrosoft.com,30
2026-08-10,6408fd1e-3f66-410d-b8ea-36234bb036e3,,Admin ADB,False,,,False,None,APC,0,0,0,0,0,0,0,0,1486229,42949672960,Team Site,Admin@7rkd12.onmicrosoft.com,30
2026-08-10,640d6cc1-792c-49d7-8507-53f2798c6ce2,,prj_Team Site-731086 Owners,False,,,True,None,APC,30,0,0,0,0,0,0,0,4957952,42949672960,Team Site,prj_teamsite-731086@7rkd12.onmicrosoft.com,30
2026-08-10,640f3f04-e6de-41f1-ac46-22905fa80763,,prj_Ada Team Site-041 Owners,False,2026-07-29,,True,None,APC,30,4,1,1,0,0,0,0,4881503,42949672960,Team Site,prj_adateamsite-041@7rkd12.onmicrosoft.com,30
2026-08-10,642edbbb-9084-4db1-a6fe-54f68afb1286,,mihal-display-name-25 Owners,False,,,True,None,APC,1,0,0,0,0,0,0,0,1491684,42949672960,Team Site,mihal-alias25@7rkd12.onmicrosoft.com,30
2026-08-10,6469b82d-5295-4c81-a4c4-df8816c4d85a,,Admin ADB,False,,,False,None,APC,0,0,0,0,0,0,0,0,1486551,42949672960,Team Site,Admin@7rkd12.onmicrosoft.com,30
2026-08-10,64709ffb-b225-44af-9de6-7f89fc04366d,,Bonnie Test,False,,,True,None,APC,30,0,0,0,0,0,0,0,4924769,42949672960,Team Site,BonnieTest@7rkd12.onmicrosoft.com,30
2026-08-10,6486fc69-1f4c-47b3-bcd5-e70b359ba7fd,,prj_Group Site-731015 Owners,False,,,True,None,APC,30,0,0,0,0,0,0,0,4942973,42949672960,Team Site,prj_groupsite-731015@7rkd12.onmicrosoft.com,30
2026-08-10,649dd88e-36c2-4243-a6b2-3c538da41959,,Mihal,False,,,False,None,APC,0,0,0,0,0,0,0,0,1484786,42949672960,Team Site,Mihal@7rkd12.onmicrosoft.com,30
2026-08-10,64b8107f-8daf-4e63-8a2a-186435e8aa2f,,Mihal,False,2026-06-11,,True,None,APC,8,0,0,0,0,0,0,0,1872657,42949672960,Team Site,Mihal@7rkd12.onmicrosoft.com,30
2026-08-10,64ba75ee-eff7-40e2-95e5-2fa6f384b471,,Admin ADB,False,2025-11-24,,True,None,APC,33,0,0,0,0,0,0,0,14773909,42949672960,Team Site,Admin@7rkd12.onmicrosoft.com,30
2026-08-10,64e08c4d-a0a2-46d6-9cd3-03945b5b07b3,,Admin ADB,False,,,False,None,APC,0,0,0,0,0,0,0,0,1486225,42949672960,Team Site,Admin@7rkd12.onmicrosoft.com,30
2026-08-10,64e4fe77-db97-4082-a2b3-1b19b8871303,,prj_Team Site-731084 Owners,False,,,True,None,APC,30,0,0,0,0,0,0,0,4964402,42949672960,Team Site,prj_teamsite-731084@7rkd12.onmicrosoft.com,30
2026-08-10,651cd32d-c70c-4abf-853e-3c5df2e5c796,,Admin ADB,True,,,False,None,APC,0,0,0,0,0,0,0,0,1465295,27487790694400,Team Site,Admin@7rkd12.onmicrosoft.com,30
2026-08-10,6532a3ec-632b-4c31-8d43-082c54ff6936,,Admin ADB,False,,,False,None,APC,0,0,0,0,0,0,0,0,1486527,42949672960,Team Site,Admin@7rkd12.onmicrosoft.com,30
2026-08-10,654205db-c059-4867-8818-d21ae34384c3,,Admin ADB,False,,,True,None,APC,30,0,0,0,0,0,0,0,4923797,42949672960,Team Site,Admin@7rkd12.onmicrosoft.com,30
2026-08-10,65589c39-a11e-4d1c-8d61-43402b8bf1ef,,prj_Ada Team Site-241 Owners,True,,,True,None,APC,30,0,0,0,0,0,0,0,4940908,27487790694400,Team Site,prj_adateamsite-241@7rkd12.onmicrosoft.com,30
2026-08-10,65607669-de27-4b2c-b313-1e35d70d6817,,Admin ADB,False,2026-07-29,,True,None,APC,30,0,1,1,0,0,0,0,4952221,42949672960,Team Site,Admin@7rkd12.onmicrosoft.com,30
2026-08-10,6573eee0-312d-4ba8-9c75-55cd23e56f1e,,Admin ADB,False,,,False,None,APC,0,0,0,0,0,0,0,0,1486814,42949672960,Team Site,Admin@7rkd12.onmicrosoft.com,30
2026-08-10,65a8cfca-c3f4-47b7-abef-cf7d448de0cf,,Bonnie Test,False,,,True,None,APC,30,0,0,0,0,0,0,0,4937994,42949672960,Team Site,BonnieTest@7rkd12.onmicrosoft.com,30
2026-08-10,65e4fa35-7e50-48b7-a9df-0fe3097ceb7d,,Admin ADB,True,,,False,None,APC,0,0,0,0,0,0,0,0,1465434,27487790694400,Team Site,Admin@7rkd12.onmicrosoft.com,30
2026-08-10,65ec6bf0-d270-43eb-9df7-d72a35471dca,,Admin ADB,False,,,False,None,APC,0,0,0,0,0,0,0,0,1486915,42949672960,Team Site,Admin@7rkd12.onmicrosoft.com,30
2026-08-10,65ed3a5a-0534-4c1f-8dde-4b4fe5aa8adc,,Admin ADB,False,,,False,None,APC,0,0,0,0,0,0,0,0,1486399,42949672960,Team Site,Admin@7rkd12.onmicrosoft.com,30
2026-08-10,65f369b9-d930-4773-852d-afd6485bfcc7,,prj_Ada Team Site-229 Owners,False,,,True,None,APC,30,0,0,0,0,0,0,0,4886962,42949672960,Team Site,prj_adateamsite-229@7rkd12.onmicrosoft.com,30
2026-08-10,66032e69-7c03-4415-aca5-c85618cceb6f,,Admin ADB,False,,,True,None,APC,30,0,0,0,0,0,0,0,4925284,42949672960,Team Site,Admin@7rkd12.onmicrosoft.com,30
2026-08-10,66237100-26bb-4a40-8f92-f93afe110bbc,,Admin ADB,False,,,True,None,APC,30,0,0,0,0,0,0,0,4940688,42949672960,Team Site,Admin@7rkd12.onmicrosoft.com,30
2026-08-10,66243631-6654-4db6-b4f5-f2a39f2825f4,,prj_MihalTeamsite 216 Owners,False,,,True,None,APC,30,0,0,0,0,0,0,0,4925528,42949672960,Team Site,prj_mihalteamsite-216@7rkd12.onmicrosoft.com,30
2026-08-10,66517475-9124-43db-a085-6379e40c054d,,Admin ADB,True,,,False,None,APC,0,0,0,0,0,0,0,0,1465606,27487790694400,Team Site,Admin@7rkd12.onmicrosoft.com,30
2026-08-10,6655add5-926b-4418-88a7-248d913de58d,,Admin ADB,False,,,False,None,APC,0,0,0,0,0,0,0,0,1486960,42949672960,Team Site,Admin@7rkd12.onmicrosoft.com,30
2026-08-10,66610dd5-b18e-40fa-8587-35532cf739f1,,Bonnie Test,False,,,True,None,APC,30,0,0,0,0,0,0,0,4924569,42949672960,Team Site,BonnieTest@7rkd12.onmicrosoft.com,30
2026-08-10,6668d4fd-123d-47da-82d5-a80648e5fb6d,,Admin ADB,False,,,False,None,APC,0,0,0,0,0,0,0,0,1486749,42949672960,Team Site,Admin@7rkd12.onmicrosoft.com,30
2026-08-10,66818549-92fe-4d87-8618-b647e81eb95a,,Admin ADB,False,,,False,None,APC,0,0,0,0,0,0,0,0,1486406,42949672960,Team Site,Admin@7rkd12.onmicrosoft.com,30
2026-08-10,66abdd63-b1ab-4f79-96fe-3205d458fa1b,,Adele Vance,False,2025-08-20,,True,None,APC,1,0,0,0,0,0,0,0,1861447,42949672960,Team Site,AdeleV@7rkd12.onmicrosoft.com,30
2026-08-10,66b9cfca-8d25-4cbd-8ca8-f005159b1fd7,,Admin ADB,True,,,False,None,APC,0,0,0,0,0,0,0,0,1465960,27487790694400,Team Site,Admin@7rkd12.onmicrosoft.com,30
2026-08-10,670c924f-586a-4ee0-bc06-d3615004bfa0,,Admin ADB,True,,,False,None,APC,0,0,0,0,0,0,0,0,1465805,27487790694400,Team Site,Admin@7rkd12.onmicrosoft.com,30
2026-08-10,670d917d-76b9-4591-ba91-bb8d5e5545e6,,Admin ADB,False,,,False,None,APC,0,0,0,0,0,0,0,0,1486166,42949672960,Team Site,Admin@7rkd12.onmicrosoft.com,30
2026-08-10,6761ef83-4e18-4e17-9ff3-1bacad99833a,,Bonnie Test,False,,,True,None,APC,30,0,0,0,0,0,0,0,4925393,42949672960,Team Site,BonnieTest@7rkd12.onmicrosoft.com,30
2026-08-10,67631c18-82f6-4695-80e3-9143915a057c,,Bonnie Test,False,,,True,None,APC,30,0,0,0,0,0,0,0,4925245,42949672960,Team Site,BonnieTest@7rkd12.onmicrosoft.com,30
2026-08-10,677e40c6-554c-4726-8c96-9385a2610189,,Admin ADB,False,,,False,None,APC,0,0,0,0,0,0,0,0,1486388,42949672960,Team Site,Admin@7rkd12.onmicrosoft.com,30
2026-08-10,6781a944-67e6-48d6-b2ea-dd99521d0b25,,Bonnie Test,False,,,True,None,APC,30,0,0,0,0,0,0,0,4962071,42949672960,Team Site,BonnieTest@7rkd12.onmicrosoft.com,30
2026-08-10,678eeb66-dc2d-4a98-99f2-325a06137611,,Admin ADB,True,,,False,None,APC,0,0,0,0,0,0,0,0,1465806,27487790694400,Team Site,Admin@7rkd12.onmicrosoft.com,30
2026-08-10,67a85fdd-06e6-42f7-913c-db53184343d0,,Admin ADB,False,,,False,None,APC,0,0,0,0,0,0,0,0,1486587,42949672960,Team Site,Admin@7rkd12.onmicrosoft.com,30
2026-08-10,67aaadab-fd18-4a30-ab73-6f2887a2c599,,Admin ADB,False,,,False,None,APC,0,0,0,0,0,0,0,0,1484317,42949672960,Team Site,Admin@7rkd12.onmicrosoft.com,30
2026-08-10,67e3317c-6d7e-49c9-bb2e-dd9445e9ace1,,Admin ADB,False,,,False,None,APC,0,0,0,0,0,0,0,0,1485386,42949672960,Team Site,Admin@7rkd12.onmicrosoft.com,30
2026-08-10,67fae23e-477c-4c72-be1d-66a894f27a48,,Admin ADB,False,,,False,None,APC,0,0,0,0,0,0,0,0,1484870,42949672960,Team Site,Admin@7rkd12.onmicrosoft.com,30
2026-08-10,68286e61-df02-42d5-890a-fa036fdf8464,,prj_Ada Team Site-187 Owners,False,,,True,None,APC,30,0,0,0,0,0,0,0,4942136,42949672960,Team Site,prj_adateamsite-187@7rkd12.onmicrosoft.com,30
2026-08-10,6848c2ef-3a85-4a1c-8507-f9c611fc50da,,Bonnie Test,False,,,True,None,APC,20,0,0,0,0,0,0,0,4495456,42949672960,Team Site,BonnieTest@7rkd12.onmicrosoft.com,30
2026-08-10,6851bef5-08c1-4ebd-9086-a01804e6773a,,Admin ADB,True,,,False,None,APC,0,0,0,0,0,0,0,0,1465491,27487790694400,Team Site,Admin@7rkd12.onmicrosoft.com,30
2026-08-10,68a45790-e84a-4b01-9e88-a6db6da46a53,,prj_Group Site-731028 Owners,False,,,True,None,APC,30,0,0,0,0,0,0,0,4941995,42949672960,Team Site,prj_groupsite-731028@7rkd12.onmicrosoft.com,30
2026-08-10,68e0d0af-2ee4-4b4c-8159-74fb7fa6e484,,Bonnie Test,False,,,True,None,APC,30,0,0,0,0,0,0,0,4923336,42949672960,Team Site,BonnieTest@7rkd12.onmicrosoft.com,30
2026-08-10,690d60ac-1e74-4a41-9aab-bc915270128f,,Bonnie Test,False,,,True,None,APC,30,0,0,0,0,0,0,0,4940838,42949672960,Team Site,BonnieTest@7rkd12.onmicrosoft.com,30
2026-08-10,6915ed37-9b1c-47d3-8b3b-89836dc00d64,,Admin ADB,False,,,False,None,APC,0,0,0,0,0,0,0,0,1485863,42949672960,Team Site,Admin@7rkd12.onmicrosoft.com,30
2026-08-10,69484f42-a965-4f93-8400-7e1f24655d85,,Admin ADB,True,,,False,None,APC,0,0,0,0,0,0,0,0,1465373,27487790694400,Team Site,Admin@7rkd12.onmicrosoft.com,30
2026-08-10,69568845-3436-4576-bcea-706f18023ce1,,Admin ADB,False,,,False,None,APC,0,0,0,0,0,0,0,0,1486971,42949672960,Team Site,Admin@7rkd12.onmicrosoft.com,30
2026-08-10,6966372b-ac47-4f4a-8f7b-84ab206e217e,,Leila Test,False,2026-06-10,,True,None,APC,35,0,0,0,0,0,0,0,4505681,1099511627776,Team Site,LeilaTest@7rkd12.onmicrosoft.com,30
2026-08-10,699aca75-afec-46fb-a21b-635f33300230,,Admin ADB,True,,,False,None,APC,0,0,0,0,0,0,0,0,1465859,27487790694400,Team Site,Admin@7rkd12.onmicrosoft.com,30
2026-08-10,69a5d32f-eedb-40ab-9524-5b6dbe11e422,,Admin ADB,True,,,False,None,APC,0,0,0,0,0,0,0,0,1467075,27487790694400,Team Site,Admin@7rkd12.onmicrosoft.com,30
2026-08-10,69b3cfbc-d280-4440-b15c-278fc3b52033,,prj_Team Site-731024 Owners,False,,,True,None,APC,30,0,0,0,0,0,0,0,4943534,42949672960,Team Site,prj_teamsite-731024@7rkd12.onmicrosoft.com,30
2026-08-10,69e87665-84da-46c5-b403-e73f946c25ff,,Admin ADB,False,,,False,None,APC,0,0,0,0,0,0,0,0,1485874,42949672960,Team Site,Admin@7rkd12.onmicrosoft.com,30
2026-08-10,6a14acf2-72bd-4584-ad41-d6aa9f4b9e51,,Alex Wilber,False,2026-06-26,,True,None,APC,30,0,0,0,0,0,0,0,23193603,42949672960,Team Site,AlexW@7rkd12.onmicrosoft.com,30
2026-08-10,6a2757b7-c90a-4556-8801-affcaa966802,,Admin ADB,False,,,False,None,APC,0,0,0,0,0,0,0,0,1485757,42949672960,Team Site,Admin@7rkd12.onmicrosoft.com,30
2026-08-10,6a3b88e1-dd4a-4dac-a356-09faa5d76693,,Admin ADB,False,,,False,None,APC,0,0,0,0,0,0,0,0,1486906,42949672960,Team Site,Admin@7rkd12.onmicrosoft.com,30
2026-08-10,6a43e915-0d57-4464-805a-a40430d9e610,,Admin ADB,False,,,False,None,APC,0,0,0,0,0,0,0,0,1486016,42949672960,Team Site,Admin@7rkd12.onmicrosoft.com,30
2026-08-10,6a8164ec-bcad-4273-8256-ceaaeabbcdaa,,prj_Group Site-731068 Owners,False,,,True,None,APC,30,0,0,0,0,0,0,0,4943355,42949672960,Team Site,prj_groupsite-731068@7rkd12.onmicrosoft.com,30
2026-08-10,6a8783a4-f938-4651-a7a6-4a99c5cf2967,,Admin ADB,True,,,False,None,APC,0,0,0,0,0,0,0,0,1465978,27487790694400,Team Site,Admin@7rkd12.onmicrosoft.com,30
2026-08-10,6a8e3335-5604-481b-8428-a98e32482dc3,,Admin ADB,True,,,False,None,APC,0,0,0,0,0,0,0,0,1465328,27487790694400,Team Site,Admin@7rkd12.onmicrosoft.com,30
2026-08-10,6a96ef76-14cb-4015-b5d3-569a63be3e7c,,Bonnie Test,False,,,True,None,APC,30,0,0,0,0,0,0,0,4938165,42949672960,Team Site,BonnieTest@7rkd12.onmicrosoft.com,30
2026-08-10,6ac4a3c6-9dac-4f1a-a59f-b13feeaad99f,,Admin ADB,False,,,False,None,APC,0,0,0,0,0,0,0,0,1486885,42949672960,Team Site,Admin@7rkd12.onmicrosoft.com,30
2026-08-10,6acea125-7d8a-4d5b-8db6-a41702563c91,,Admin ADB,False,,,False,None,APC,0,0,0,0,0,0,0,0,1486909,42949672960,Team Site,Admin@7rkd12.onmicrosoft.com,30
2026-08-10,6adacd3b-2c82-4279-aefd-f9859143385d,,Admin ADB,True,,,False,None,APC,0,0,0,0,0,0,0,0,1465441,27487790694400,Team Site,Admin@7rkd12.onmicrosoft.com,30
2026-08-10,6ae412ec-c216-4e4a-8186-9fcfff1bb831,,Admin ADB,True,,,True,None,APC,28,0,0,0,0,0,0,0,4890622,42949672960,Team Site,Admin@7rkd12.onmicrosoft.com,30
2026-08-10,6aee9bed-6b49-46c3-a363-01021db88bcb,,Admin ADB,True,,,False,None,APC,0,0,0,0,0,0,0,0,1465904,27487790694400,Team Site,Admin@7rkd12.onmicrosoft.com,30
2026-08-10,6af27ab0-4e6e-4ff3-ac1f-03a80b60667c,,prj_mihalteamsite-180 Owners,False,,,True,None,APC,1,0,0,0,0,0,0,0,1492699,42949672960,Team Site,prj_mihalteamsite-180@7rkd12.onmicrosoft.com,30
2026-08-10,6b089cc0-d1fa-47ee-9acb-0c11e3e2f57b,,Bonnie Test,False,,,True,None,APC,30,0,0,0,0,0,0,0,4940537,42949672960,Team Site,BonnieTest@7rkd12.onmicrosoft.com,30
2026-08-10,6b1cf78b-c44e-43bd-bc5d-59185d49961b,,Admin ADB,False,,,False,None,APC,0,0,0,0,0,0,0,0,1486360,42949672960,Team Site,Admin@7rkd12.onmicrosoft.com,30
2026-08-10,6b23bd44-f0e4-4106-8f45-a4bea07631d6,,Alex Wilber,False,,,True,None,APC,29,0,0,0,0,0,0,0,4582150,42949672960,Team Site,AlexW@7rkd12.onmicrosoft.com,30
2026-08-10,6b3e0cc7-ec50-4e79-a838-da8423ab2d3f,,Admin ADB,False,,,False,None,APC,0,0,0,0,0,0,0,0,1486767,42949672960,Team Site,Admin@7rkd12.onmicrosoft.com,30
2026-08-10,6b9b3ea7-03cb-424a-80e4-fe62b86103b3,,Alex Wilber,False,2025-11-27,,True,None,APC,4,0,0,0,0,0,0,0,1871727,42949672960,Team Site,AlexW@7rkd12.onmicrosoft.com,30
2026-08-10,6badd7e3-9b71-4ff4-ac1b-2f3bb3b96b38,,Admin ADB,True,,,False,None,APC,0,0,0,0,0,0,0,0,1466009,27487790694400,Team Site,Admin@7rkd12.onmicrosoft.com,30
2026-08-10,6c2a5dbf-d617-4ab6-b07d-4584b1590df6,,Admin ADB,True,,,False,None,APC,0,0,0,0,0,0,0,0,1465397,27487790694400,Team Site,Admin@7rkd12.onmicrosoft.com,30
2026-08-10,6c398934-d605-437b-b0a7-da77a8ca1a8c,,Admin ADB,True,,,False,None,APC,0,0,0,0,0,0,0,0,1465285,27487790694400,Team Site,Admin@7rkd12.onmicrosoft.com,30
2026-08-10,6c90560d-7f31-4d3f-b6a9-531a947eb3b8,,Admin ADB,False,,,False,None,APC,0,0,0,0,0,0,0,0,1485939,42949672960,Team Site,Admin@7rkd12.onmicrosoft.com,30
2026-08-10,6c9af2f2-9d97-4e36-9ac5-bcb631dbb1ca,,Admin ADB,True,,,False,None,APC,0,0,0,0,0,0,0,0,1465485,27487790694400,Team Site,Admin@7rkd12.onmicrosoft.com,30
2026-08-10,6caab1ad-10d3-4f10-8317-3c1c6f4f75d5,,Admin ADB,False,,,True,None,APC,30,0,0,0,0,0,0,0,4906755,42949672960,Team Site,Admin@7rkd12.onmicrosoft.com,30
2026-08-10,6cc328c8-f166-40f0-931b-9e86cb6f81aa,,Admin ADB,False,,,False,None,APC,0,0,0,0,0,0,0,0,1486393,42949672960,Team Site,Admin@7rkd12.onmicrosoft.com,30
2026-08-10,6ccbbe4c-f97f-4941-bffa-7c8188772f13,,Admin ADB,False,,,False,None,APC,0,0,0,0,0,0,0,0,1486376,42949672960,Team Site,Admin@7rkd12.onmicrosoft.com,30
2026-08-10,6cef7428-5e0f-408a-9fcc-a36a88107f3f,,Bonnie Test,False,,,True,None,APC,30,0,0,0,0,0,0,0,4923296,42949672960,Team Site,BonnieTest@7rkd12.onmicrosoft.com,30
2026-08-10,6cf51584-a569-4399-9be4-8993ce31ba40,,Admin ADB,True,,,False,None,APC,0,0,0,0,0,0,0,0,1465337,27487790694400,Team Site,Admin@7rkd12.onmicrosoft.com,30
2026-08-10,6cf5da2e-e653-4bbf-a028-1c479ded2f8c,,Admin ADB,False,2026-06-11,,True,None,APC,113,0,0,0,0,0,0,0,101508499,42949672960,Team Site,Admin@7rkd12.onmicrosoft.com,30
2026-08-10,6d2fd295-8a3a-4170-bb22-99875dbf21b2,,Admin ADB,True,,,False,None,APC,0,0,0,0,0,0,0,0,1465399,27487790694400,Team Site,Admin@7rkd12.onmicrosoft.com,30
2026-08-10,6d3d373c-f9e7-4186-bcf2-067e8d8a5880,,Admin ADB,True,,,False,None,APC,0,0,0,0,0,0,0,0,1465815,27487790694400,Team Site,Admin@7rkd12.onmicrosoft.com,30
2026-08-10,6d3f24b7-a3a8-43c9-be5d-0b4f1e29042a,,Admin ADB,True,,,True,None,APC,30,0,0,0,0,0,0,0,4895901,27487790694400,Team Site,Admin@7rkd12.onmicrosoft.com,30
2026-08-10,6d5e05a6-7e9a-4df7-b4b7-d6c9947242b6,,Admin ADB,True,,,False,None,APC,0,0,0,0,0,0,0,0,1465288,27487790694400,Team Site,Admin@7rkd12.onmicrosoft.com,30
2026-08-10,6d6379da-e6c0-4650-90d3-095255a91d5a,,Bonnie Test,False,,,True,None,APC,30,0,0,0,0,0,0,0,4924599,42949672960,Team Site,BonnieTest@7rkd12.onmicrosoft.com,30
2026-08-10,6d6ac0f8-f575-4031-bf11-6dc290459ec1,,Admin ADB,True,,,False,None,APC,0,0,0,0,0,0,0,0,1465918,27487790694400,Team Site,Admin@7rkd12.onmicrosoft.com,30
2026-08-10,6dc0fc3d-7e28-4315-9776-ae34774476da,,Admin ADB,True,,,False,None,APC,0,0,0,0,0,0,0,0,1465971,27487790694400,Team Site,Admin@7rkd12.onmicrosoft.com,30
2026-08-10,6df127f0-6d5d-4e62-ab77-e30a87511f4c,,prj_Group Site-731099 Owners,False,,,True,None,APC,30,0,0,0,0,0,0,0,4941123,42949672960,Team Site,prj_groupsite-731099@7rkd12.onmicrosoft.com,30
2026-08-10,6e63e699-ebec-41b4-8bee-a7ded421062c,,Admin ADB,True,,,False,None,APC,0,0,0,0,0,0,0,0,1465954,27487790694400,Team Site,Admin@7rkd12.onmicrosoft.com,30
2026-08-10,6eec1926-9bbd-4a1a-ae1d-58740e17dea8,,Admin ADB,False,,,True,None,APC,30,0,0,0,0,0,0,0,4924300,42949672960,Team Site,Admin@7rkd12.onmicrosoft.com,30
2026-08-10,6f08c819-7b7e-4c6e-b903-42cdd6913458,,Bonnie Test,False,,,True,None,APC,30,0,0,0,0,0,0,0,4922362,42949672960,Team Site,BonnieTest@7rkd12.onmicrosoft.com,30
2026-08-10,6f2754aa-6916-4e77-a6b6-9ab8e11a674f,,Leila Test,False,2026-06-10,,True,None,APC,1,0,0,0,0,0,0,0,820444,42949672960,Team Site,LeilaTest@7rkd12.onmicrosoft.com,30
2026-08-10,6f3e2d7a-3057-4386-8347-c0943d624995,,mihal-display-name-20 Owners,False,,,True,None,APC,1,0,0,0,0,0,0,0,1492292,42949672960,Team Site,mihal-alias20@7rkd12.onmicrosoft.com,30
2026-08-10,6f466635-676a-44a8-aefd-5809d4cd2b51,,Admin ADB,True,,,False,None,APC,0,0,0,0,0,0,0,0,1465951,27487790694400,Team Site,Admin@7rkd12.onmicrosoft.com,30
2026-08-10,6f669814-7620-440c-bb15-8a36fb9f8472,,prj_Ada Group Site-073 Owners,False,2026-07-29,,True,None,APC,30,4,2,1,0,0,0,0,4883810,42949672960,Team Site,prj_adagroupsite-073@7rkd12.onmicrosoft.com,30
2026-08-10,6f72b064-5707-4c60-ae42-cfd662ab0faf,,Bonnie Test,False,,,True,None,APC,30,0,0,0,0,0,0,0,4921871,42949672960,Team Site,BonnieTest@7rkd12.onmicrosoft.com,30
2026-08-10,6f76e1ca-7e1e-4202-b9c1-331131ea6c6d,,Bonnie Test,False,,,True,None,APC,30,0,0,0,0,0,0,0,4924602,42949672960,Team Site,BonnieTest@7rkd12.onmicrosoft.com,30
2026-08-10,6f8035dd-f925-41e0-9691-b885f60fd3f7,,Admin ADB,True,,,False,None,APC,0,0,0,0,0,0,0,0,1465374,27487790694400,Team Site,Admin@7rkd12.onmicrosoft.com,30
2026-08-10,6fae565f-c7b5-4242-9910-1120acffb650,,Bonnie Test,False,,,True,None,APC,30,0,0,0,0,0,0,0,4924421,42949672960,Team Site,BonnieTest@7rkd12.onmicrosoft.com,30
2026-08-10,6fc3db2b-8910-4e3f-9a1f-2659a4415627,,Leila Test,False,2026-06-10,,True,None,APC,35,0,0,0,0,0,0,0,27331622,1099511627776,Team Site,LeilaTest@7rkd12.onmicrosoft.com,30
2026-08-10,6fcdb967-5377-4dac-b9ae-5c0e7a67f256,,Alex Wilber,False,2024-11-28,,True,None,APC,4,0,0,0,0,0,0,0,1671343,42949672960,Team Site,AlexW@7rkd12.onmicrosoft.com,30
2026-08-10,6fd27b4f-4650-4ebc-a11a-6ed1ca20a925,,Admin ADB,True,,,False,None,APC,0,0,0,0,0,0,0,0,1465374,27487790694400,Team Site,Admin@7rkd12.onmicrosoft.com,30
2026-08-10,6fe2aa36-4e2e-4993-b4a3-3a44f524fc7b,,Bonnie Test,False,,,True,None,APC,30,0,0,0,0,0,0,0,4941221,42949672960,Team Site,BonnieTest@7rkd12.onmicrosoft.com,30
2026-08-10,70490250-954d-4d85-acc5-49b0d58f4665,,Bonnie Test,False,2026-08-05,,True,None,APC,30,2,1,1,0,0,0,0,4939629,42949672960,Team Site,BonnieTest@7rkd12.onmicrosoft.com,30
2026-08-10,70801835-efa1-4093-97e7-57173f5fe901,,Admin ADB,False,,,False,None,APC,0,0,0,0,0,0,0,0,1486595,42949672960,Team Site,Admin@7rkd12.onmicrosoft.com,30
2026-08-10,70a7473d-c976-43bc-9ecd-7eba29750fd0,,Admin ADB,True,,,False,None,APC,0,0,0,0,0,0,0,0,1465841,27487790694400,Team Site,Admin@7rkd12.onmicrosoft.com,30
2026-08-10,70f6141d-68f1-4f41-a70e-2fdfbd7379aa,,Admin ADB,True,,,False,None,APC,0,0,0,0,0,0,0,0,1465962,27487790694400,Team Site,Admin@7rkd12.onmicrosoft.com,30
2026-08-10,70f6ff8d-adf7-487b-9e21-a915d780dc9e,,Bonnie Test,False,,,True,None,APC,30,0,0,0,0,0,0,0,4939539,42949672960,Team Site,BonnieTest@7rkd12.onmicrosoft.com,30
2026-08-10,71362b7f-90dc-4bc6-bb69-3f8ff2d81d00,,prj_MihalTeamsite 211 Owners,False,,,True,None,APC,30,0,0,0,0,0,0,0,4926884,42949672960,Team Site,prj_mihalteamsite-211@7rkd12.onmicrosoft.com,30
2026-08-10,7143f50b-9e9d-4e3d-9239-1009b8e1f2fb,,Admin ADB,False,,,False,None,APC,0,0,0,0,0,0,0,0,1485888,42949672960,Team Site,Admin@7rkd12.onmicrosoft.com,30
2026-08-10,714c2049-e8cd-4389-805f-7c04a7a5ac92,,Admin ADB,False,,,False,None,APC,0,0,0,0,0,0,0,0,1486274,42949672960,Team Site,Admin@7rkd12.onmicrosoft.com,30
2026-08-10,7157aafb-1aec-41bb-a0c9-7afc5e563820,,Admin ADB,False,,,False,None,APC,0,0,0,0,0,0,0,0,1486384,42949672960,Team Site,Admin@7rkd12.onmicrosoft.com,30
2026-08-10,717df194-63af-4d35-a2f5-6247db6ed198,,Bonnie Test,False,,,True,None,APC,30,0,0,0,0,0,0,0,4924231,42949672960,Team Site,BonnieTest@7rkd12.onmicrosoft.com,30
2026-08-10,71bd2d39-f07d-4ccf-a370-ae1a559df616,,Leila Test,False,2026-06-10,,True,None,APC,12,0,0,0,0,0,0,0,2556981,1099511627776,Team Site,LeilaTest@7rkd12.onmicrosoft.com,30
2026-08-10,71d20cda-3f69-4b5b-95e1-1eac8b1f5c67,,displayname168 Owners,True,2026-07-28,,True,None,APC,30,1,2,1,0,0,0,0,4890928,27487790694400,Team Site,alias168@7rkd12.onmicrosoft.com,30
2026-08-10,71d8503b-be06-45ce-a1db-e5b8472afb1b,,mihal-display-name-19 Owners,False,2026-08-05,,True,None,APC,1,1,0,0,0,0,0,0,1492186,42949672960,Team Site,mihal-alias19@7rkd12.onmicrosoft.com,30
2026-08-10,72130802-aabf-429a-a721-8c2d9e330dcc,,Admin ADB,False,,,False,None,APC,0,0,0,0,0,0,0,0,1486088,42949672960,Team Site,Admin@7rkd12.onmicrosoft.com,30
2026-08-10,722cf28b-49ed-496b-80bc-450b5754ac1e,,Bonnie Test,False,,,True,None,APC,30,0,0,0,0,0,0,0,4924701,42949672960,Team Site,BonnieTest@7rkd12.onmicrosoft.com,30
2026-08-10,7230f18a-3d1d-4338-9bb5-8893c6d1abf2,,Admin ADB,True,,,False,None,APC,0,0,0,0,0,0,0,0,1465358,27487790694400,Team Site,Admin@7rkd12.onmicrosoft.com,30
2026-08-10,72419cf8-07c2-4f24-bbe7-4d6c5884b14a,,prj_Ada Team Site-164 Owners,True,2026-07-29,,True,None,APC,30,4,1,1,0,0,0,0,4905777,27487790694400,Team Site,prj_adateamsite-164@7rkd12.onmicrosoft.com,30
2026-08-10,725872cd-e57f-436b-b080-1fa099ec0af2,,Admin ADB,False,,,False,None,APC,0,0,0,0,0,0,0,0,1486419,42949672960,Team Site,Admin@7rkd12.onmicrosoft.com,30
2026-08-10,7258afdb-5ecb-4291-91fc-2381693208f6,,Admin ADB,False,,,False,None,APC,0,0,0,0,0,0,0,0,1486907,42949672960,Team Site,Admin@7rkd12.onmicrosoft.com,30
2026-08-10,7289660c-ec3b-4122-b404-9350f0552476,,Admin ADB,False,,,False,None,APC,0,0,0,0,0,0,0,0,1486141,42949672960,Team Site,Admin@7rkd12.onmicrosoft.com,30
2026-08-10,7289f8b8-0949-4966-9d03-b7a518f261ee,,prj_MihalTeamsite 214 Owners,False,,,True,None,APC,30,0,0,0,0,0,0,0,4926320,42949672960,Team Site,prj_mihalteamsite-214@7rkd12.onmicrosoft.com,30
2026-08-10,72ad4328-232e-4b22-bb61-605926fd8f00,,Admin ADB,False,,,False,None,APC,0,0,0,0,0,0,0,0,1486481,42949672960,Team Site,Admin@7rkd12.onmicrosoft.com,30
2026-08-10,72b7acf9-4973-4773-8ff2-79f7a44f4f0a,,Leila Test,False,2026-06-10,,True,None,APC,4,0,0,0,0,0,0,0,2213680,42949672960,Team Site,LeilaTest@7rkd12.onmicrosoft.com,30
2026-08-10,72bc209c-fcc1-4238-9ec0-f703a6fad8a4,,Admin ADB,False,,,True,None,APC,59,0,0,0,0,0,0,0,11915984,42949672960,Team Site,Admin@7rkd12.onmicrosoft.com,30
2026-08-10,72c49956-b9bb-4fb0-942e-44eabf660524,,Admin ADB,False,,,False,None,APC,0,0,0,0,0,0,0,0,1484310,42949672960,Team Site,Admin@7rkd12.onmicrosoft.com,30
2026-08-10,72d2e8d8-8a91-476e-addb-29a08aa4fa42,,Admin ADB,True,,,False,None,APC,0,0,0,0,0,0,0,0,1465500,27487790694400,Team Site,Admin@7rkd12.onmicrosoft.com,30
2026-08-10,72f7cf44-1242-4b6c-917d-c21c82a94474,,Admin ADB,False,,,False,None,APC,0,0,0,0,0,0,0,0,1486540,42949672960,Team Site,Admin@7rkd12.onmicrosoft.com,30
2026-08-10,73202704-b0c5-4e1e-b6a1-497559dd142e,,Admin ADB,False,,,False,None,APC,0,0,0,0,0,0,0,0,1486026,42949672960,Team Site,Admin@7rkd12.onmicrosoft.com,30
2026-08-10,73453d92-348b-4753-a9df-6d4cdef6dd27,,Bonnie Test,False,,,True,None,APC,30,0,0,0,0,0,0,0,4937835,42949672960,Team Site,BonnieTest@7rkd12.onmicrosoft.com,30
2026-08-10,73606199-3354-46a5-ba71-9cda308b01ff,,prj_Group Site-731098 Owners,False,,,True,None,APC,30,0,0,0,0,0,0,0,4941708,42949672960,Team Site,prj_groupsite-731098@7rkd12.onmicrosoft.com,30
2026-08-10,738b8989-6c86-4296-a7fe-7994f1d9be6a,,Bonnie Test,False,,,True,None,APC,30,0,0,0,0,0,0,0,4941145,42949672960,Team Site,BonnieTest@7rkd12.onmicrosoft.com,30
2026-08-10,73c4a9ad-5ed1-49db-9221-88b7a6f37ce1,,Mihal,False,,,False,None,APC,0,0,0,0,0,0,0,0,1484212,42949672960,Team Site,Mihal@7rkd12.onmicrosoft.com,30
2026-08-10,73c7342e-cd5a-4224-a1b2-22dd36575482,,Bonnie Test,False,,,True,None,APC,30,0,0,0,0,0,0,0,4940827,42949672960,Team Site,BonnieTest@7rkd12.onmicrosoft.com,30
2026-08-10,73ccbebd-82ee-42d5-a20e-b90d67c622ff,,Admin ADB,False,,,False,None,APC,0,0,0,0,0,0,0,0,1486328,42949672960,Team Site,Admin@7rkd12.onmicrosoft.com,30
2026-08-10,73e35f8a-2209-4d55-b6d7-75710171253a,,Admin ADB,False,,,False,None,APC,0,0,0,0,0,0,0,0,1486234,42949672960,Team Site,Admin@7rkd12.onmicrosoft.com,30
2026-08-10,74248819-e749-481e-a8ba-d64baf8daf2c,,Admin ADB,False,,,False,None,APC,0,0,0,0,0,0,0,0,1486298,42949672960,Team Site,Admin@7rkd12.onmicrosoft.com,30
2026-08-10,743426d0-ead2-4f70-b703-5e5a5f487a37,,prj_Team Site-731071 Owners,False,,,True,None,APC,30,0,0,0,0,0,0,0,4958532,42949672960,Team Site,prj_teamsite-731071@7rkd12.onmicrosoft.com,30
2026-08-10,74704de8-27fb-4415-8df1-7a5e134818e2,,Bonnie Test,False,,,True,None,APC,30,0,0,0,0,0,0,0,4922464,42949672960,Team Site,BonnieTest@7rkd12.onmicrosoft.com,30
2026-08-10,74834fdf-76a7-45c4-8033-d271e01b6940,,Admin ADB,True,,,False,None,APC,0,0,0,0,0,0,0,0,1465472,27487790694400,Team Site,Admin@7rkd12.onmicrosoft.com,30
2026-08-10,74d60a18-2a08-4de6-a3a1-94e484cacc17,,Admin ADB,False,,,False,None,APC,0,0,0,0,0,0,0,0,1486271,42949672960,Team Site,Admin@7rkd12.onmicrosoft.com,30
2026-08-10,74ee8353-de61-419f-979b-12cc55c646b0,,prj_Team Site-731059 Owners,False,,,True,None,APC,30,0,0,0,0,0,0,0,4941618,42949672960,Team Site,prj_teamsite-731059@7rkd12.onmicrosoft.com,30
2026-08-10,74f9ae64-7af8-4f67-9b5a-5ef4710df268,,Admin ADB,False,,,False,None,APC,0,0,0,0,0,0,0,0,1486901,42949672960,Team Site,Admin@7rkd12.onmicrosoft.com,30
2026-08-10,75074010-e290-4af3-97a8-5602bde3d2a2,,prj_MihalGroupsite-023 Owners,False,,,True,None,APC,30,0,0,0,0,0,0,0,4926002,42949672960,Team Site,prj_mihalgroupsite-023@7rkd12.onmicrosoft.com,30
2026-08-10,75148747-503f-4c94-8094-99c07edc892c,,Admin ADB,False,,,False,None,APC,0,0,0,0,0,0,0,0,1486949,42949672960,Team Site,Admin@7rkd12.onmicrosoft.com,30
2026-08-10,75544651-c42a-43d8-a2e8-1798aeb210ec,,prj_MihalTeamsite 197 Owners,False,,,True,None,APC,30,0,0,0,0,0,0,0,4926688,42949672960,Team Site,prj_mihalteamsite-197@7rkd12.onmicrosoft.com,30
2026-08-10,755a47ef-5b87-4964-bb92-5cfd799c07d5,,Admin ADB,True,,,False,None,APC,0,0,0,0,0,0,0,0,1465437,27487790694400,Team Site,Admin@7rkd12.onmicrosoft.com,30
2026-08-10,7563d6ae-ede2-4e6b-9fe1-3cc3d2eab308,,Admin ADB,False,,,False,None,APC,0,0,0,0,0,0,0,0,1485982,42949672960,Team Site,Admin@7rkd12.onmicrosoft.com,30
2026-08-10,75dcbc82-2434-47a4-b080-bb962b992ffe,,prj_Group Site-731004 Owners,False,,,True,None,APC,30,0,0,0,0,0,0,0,4943176,42949672960,Team Site,prj_groupsite-731004@7rkd12.onmicrosoft.com,30
2026-08-10,760bfbbf-8b71-4a0f-a371-04763b8a2efe,,Bonnie Test,False,,,True,None,APC,20,0,0,0,0,0,0,0,4454283,42949672960,Team Site,BonnieTest@7rkd12.onmicrosoft.com,30
2026-08-10,76113fba-9137-49c0-b71c-b0eeb1b84cc9,,Admin ADB,False,,,False,None,APC,0,0,0,0,0,0,0,0,1486229,42949672960,Team Site,Admin@7rkd12.onmicrosoft.com,30
2026-08-10,7636c61f-7ef6-4c2c-9433-c37372692ba9,,Bonnie Test,False,,,True,None,APC,30,0,0,0,0,0,0,0,4940702,42949672960,Team Site,BonnieTest@7rkd12.onmicrosoft.com,30
2026-08-10,76531c95-2625-4ffa-96cf-0d74f090ab3c,,Bonnie Test,False,,,True,None,APC,30,0,0,0,0,0,0,0,4939869,42949672960,Team Site,BonnieTest@7rkd12.onmicrosoft.com,30
2026-08-10,7667a4b0-c7f9-4963-acdf-b861ae297eca,,ADB-Project Template Members,False,2024-11-26,,True,None,APC,3,0,0,0,0,0,0,0,2097206,42949672960,Team Site,ADB-ProjectTemplate@7rkd12.onmicrosoft.com,30
2026-08-10,7669cd01-e782-40c1-8603-e356d0d93838,,Bonnie Test,False,,,True,None,APC,0,0,0,0,0,0,0,0,1767673,42949672960,Team Site,BonnieTest@7rkd12.onmicrosoft.com,30
2026-08-10,7675f2d1-10c7-4065-8289-2f8f8adcd3a1,,Admin ADB,False,,,False,None,APC,0,0,0,0,0,0,0,0,1485265,42949672960,Team Site,Admin@7rkd12.onmicrosoft.com,30
2026-08-10,7678b462-ea81-46a2-94ff-4718a971a076,,Admin ADB,False,,,False,None,APC,0,0,0,0,0,0,0,0,1486002,42949672960,Team Site,Admin@7rkd12.onmicrosoft.com,30
2026-08-10,76a47fb7-ca4e-466a-a4eb-2a32e8665af4,,prj_MihalTeamsite 198 Owners,False,,,True,None,APC,30,0,0,0,0,0,0,0,4926808,42949672960,Team Site,prj_mihalteamsite-198@7rkd12.onmicrosoft.com,30
2026-08-10,76c7eb5c-30f8-4b4b-9263-b52b917d952b,,Admin ADB,False,,,False,None,APC,0,0,0,0,0,0,0,0,1486382,42949672960,Team Site,Admin@7rkd12.onmicrosoft.com,30
2026-08-10,76c8ad7b-d3c1-402d-b000-12c8a177049c,,Admin ADB,False,,,False,None,APC,0,0,0,0,0,0,0,0,1486360,42949672960,Team Site,Admin@7rkd12.onmicrosoft.com,30
2026-08-10,76ef52ee-01eb-4149-a1ef-bf53912bc7b6,,prj_Ada Team Site-039 Owners,False,,,True,None,APC,30,0,0,0,0,0,0,0,4942309,42949672960,Team Site,prj_adateamsite-039@7rkd12.onmicrosoft.com,30
2026-08-10,77062072-5dfb-4b3c-a414-413fcdebfd6f,,Admin ADB,True,,,False,None,APC,0,0,0,0,0,0,0,0,1465847,27487790694400,Team Site,Admin@7rkd12.onmicrosoft.com,30
2026-08-10,7708a4fa-a098-46cc-ba39-ab8b20830aab,,Admin ADB,True,,,False,None,APC,0,0,0,0,0,0,0,0,1466489,27487790694400,Team Site,Admin@7rkd12.onmicrosoft.com,30
2026-08-10,774a599c-e62f-4870-addf-16b8c9ade634,,Mihal,False,,,False,None,APC,0,0,0,0,0,0,0,0,1484875,42949672960,Team Site,Mihal@7rkd12.onmicrosoft.com,30
2026-08-10,779fc8d4-14c8-4239-9b5f-e5db786d759d,,mihal-display-name-21 Owners,False,,,True,None,APC,1,0,0,0,0,0,0,0,1491784,42949672960,Team Site,mihal-alias21@7rkd12.onmicrosoft.com,30
2026-08-10,77b9e68a-3a83-436c-bd3e-0471c4987e1f,,Admin ADB,False,,,False,None,APC,0,0,0,0,0,0,0,0,1485995,42949672960,Team Site,Admin@7rkd12.onmicrosoft.com,30
2026-08-10,783f21f2-25aa-4690-8791-d93098ac1c95,,Leila Test,False,2026-06-10,,False,None,APC,15,0,0,0,0,0,0,0,2700008,1099511627776,Team Site,LeilaTest@7rkd12.onmicrosoft.com,30
2026-08-10,78c88d5c-0e7c-4300-b4c5-75e25d29cc49,,prj_MihalTeamsite 249 Owners,False,,,True,None,APC,30,0,0,0,0,0,0,0,4939752,42949672960,Team Site,prj_mihalteamsite-249@7rkd12.onmicrosoft.com,30
2026-08-10,78e1ca00-4592-46c7-bccc-9610b799d2ed,,Admin ADB,True,,,False,None,APC,0,0,0,0,0,0,0,0,1465442,27487790694400,Team Site,Admin@7rkd12.onmicrosoft.com,30
2026-08-10,790366a3-6401-49f2-a7f0-49dcd9dc50f4,,Admin ADB,False,,,False,None,APC,0,0,0,0,0,0,0,0,1486311,42949672960,Team Site,Admin@7rkd12.onmicrosoft.com,30
2026-08-10,797567a3-5e2d-4cd7-95bb-8fc3b87151e6,,Admin ADB,False,,,True,None,APC,30,0,0,0,0,0,0,0,4922279,42949672960,Team Site,Admin@7rkd12.onmicrosoft.com,30
2026-08-10,79a82423-4df9-42c6-b42a-113bbaffb976,,prj_Ada Team Site-235 Owners,True,,,True,None,APC,30,0,0,0,0,0,0,0,4940653,27487790694400,Team Site,prj_adateamsite-235@7rkd12.onmicrosoft.com,30
2026-08-10,79b26420-c060-4884-914d-6094444e959b,,Admin ADB,True,,,False,None,APC,0,0,0,0,0,0,0,0,1465845,27487790694400,Team Site,Admin@7rkd12.onmicrosoft.com,30
2026-08-10,79b8a26b-3dc5-4434-883a-13e499d29f4f,,Admin ADB,True,,,False,None,APC,0,0,0,0,0,0,0,0,1465901,27487790694400,Team Site,Admin@7rkd12.onmicrosoft.com,30
2026-08-10,79cc77a3-9ac4-4d41-8200-e0c6a48b95e9,,prj_Team Site-731056 Owners,False,,,True,None,APC,30,0,0,0,0,0,0,0,4940429,42949672960,Team Site,prj_teamsite-731056@7rkd12.onmicrosoft.com,30
2026-08-10,79d0cecb-c67e-4598-ac18-9022d337be26,,Admin ADB,False,,,False,None,APC,0,0,0,0,0,0,0,0,1486280,42949672960,Team Site,Admin@7rkd12.onmicrosoft.com,30
2026-08-10,79da8953-985a-4137-abea-3f0a400106ca,,testteams Owners,False,2025-12-18,,True,None,APC,2,0,0,0,0,0,0,0,2090081,42949672960,Team Site,testteams@7rkd12.onmicrosoft.com,30
2026-08-10,7a0232f5-f7de-4557-a9c1-5e1f561b405b,,prj_Team Site-731009 Owners,False,,,True,None,APC,30,0,0,0,0,0,0,0,4958391,42949672960,Team Site,prj_teamsite-731009@7rkd12.onmicrosoft.com,30
2026-08-10,7a138f58-c982-4189-be54-d7f45bad8fbd,,Admin ADB,False,,,False,None,APC,0,0,0,0,0,0,0,0,1486239,42949672960,Team Site,Admin@7rkd12.onmicrosoft.com,30
2026-08-10,7a154a5b-9eb0-4b70-af75-3dc764d6919c,,Admin ADB,False,,,False,None,APC,0,0,0,0,0,0,0,0,1486318,42949672960,Team Site,Admin@7rkd12.onmicrosoft.com,30
2026-08-10,7a18c574-a92e-49f5-ac81-b21947961353,,Admin ADB,False,,,False,None,APC,0,0,0,0,0,0,0,0,1486056,42949672960,Team Site,Admin@7rkd12.onmicrosoft.com,30
2026-08-10,7a31cdff-c6fd-4208-b869-281d6a5fa9ee,,Admin ADB,True,,,False,None,APC,0,0,0,0,0,0,0,0,1465897,27487790694400,Team Site,Admin@7rkd12.onmicrosoft.com,30
2026-08-10,7a589590-38f0-4b13-9d9a-3c102648904c,,Admin ADB,False,,,False,None,APC,0,0,0,0,0,0,0,0,1486276,42949672960,Team Site,Admin@7rkd12.onmicrosoft.com,30
2026-08-10,7a657bfa-dbc4-481e-9b36-9d47725d8ebc,,Admin ADB,False,,,False,None,APC,0,0,0,0,0,0,0,0,1486904,42949672960,Team Site,Admin@7rkd12.onmicrosoft.com,30
2026-08-10,7a83985c-6245-4ca9-924f-e8c8b64ef23e,,Admin ADB,True,,,False,None,APC,0,0,0,0,0,0,0,0,1465596,27487790694400,Team Site,Admin@7rkd12.onmicrosoft.com,30
2026-08-10,7a9069cf-5dde-4dd5-b16c-565d1483d414,,Admin ADB,True,2026-07-27,,True,None,APC,30,4,1,1,0,0,0,0,4921852,42949672960,Team Site,Admin@7rkd12.onmicrosoft.com,30
2026-08-10,7aa99dbb-04c2-475f-859c-da09eb0fbe1e,,prj_Ada Team Site-050 Owners,True,2026-07-29,,True,None,APC,30,4,1,1,0,0,0,0,4875211,27487790694400,Team Site,prj_adateamsite-050@7rkd12.onmicrosoft.com,30
2026-08-10,7acc2066-ddd4-4a2c-add8-8d245be83808,,Admin ADB,False,,,False,None,APC,0,0,0,0,0,0,0,0,1486197,42949672960,Team Site,Admin@7rkd12.onmicrosoft.com,30
2026-08-10,7ad76526-f5a9-42e9-8373-2f2edd1853ca,,Admin ADB,True,,,False,None,APC,0,0,0,0,0,0,0,0,1465341,27487790694400,Team Site,Admin@7rkd12.onmicrosoft.com,30
2026-08-10,7ada9d74-e5ce-4934-bf66-9dad810f9488,,prj_MihalTeamsite 233 Owners,False,,,True,None,APC,30,0,0,0,0,0,0,0,4941258,42949672960,Team Site,prj_mihalteamsite-233@7rkd12.onmicrosoft.com,30
2026-08-10,7b05410b-dbc8-4747-9620-870e51e2cb95,,Bonnie Test,False,,,True,None,APC,30,0,0,0,0,0,0,0,4923297,42949672960,Team Site,BonnieTest@7rkd12.onmicrosoft.com,30
2026-08-10,7b27f31d-a0e9-47c5-aeff-ce9098b2fb92,,Admin ADB,True,,,False,None,APC,0,0,0,0,0,0,0,0,1465447,27487790694400,Team Site,Admin@7rkd12.onmicrosoft.com,30
2026-08-10,7b287b94-bfb0-47ab-abea-f5bcd023d172,,Bonnie Test,False,2026-08-04,,True,None,APC,30,4,1,1,0,0,0,0,4946709,42949672960,Team Site,BonnieTest@7rkd12.onmicrosoft.com,30
2026-08-10,7b80d5e5-bf55-49cf-8b21-477b3cf18418,,Admin ADB,False,,,True,None,APC,30,0,0,0,0,0,0,0,4925114,42949672960,Team Site,Admin@7rkd12.onmicrosoft.com,30
2026-08-10,7bad0b5e-19f8-4365-ad55-5c6e2facaa77,,Bonnie Test,False,,,True,None,APC,30,0,0,0,0,0,0,0,4939913,42949672960,Team Site,BonnieTest@7rkd12.onmicrosoft.com,30
2026-08-10,7badf147-5902-4bc0-83fb-3e1c468ea1e9,,Bonnie Test,False,,,True,None,APC,30,0,0,0,0,0,0,0,4953606,42949672960,Team Site,BonnieTest@7rkd12.onmicrosoft.com,30
2026-08-10,7bb66fca-16a7-48ac-bc91-78c220b0630a,,Bonnie Test,False,,,True,None,APC,30,0,0,0,0,0,0,0,4939777,42949672960,Team Site,BonnieTest@7rkd12.onmicrosoft.com,30
2026-08-10,7bf98cb9-303d-4847-b85c-01911b944211,,Admin ADB,False,,,False,None,APC,0,0,0,0,0,0,0,0,1486230,42949672960,Team Site,Admin@7rkd12.onmicrosoft.com,30
2026-08-10,7c134214-acfe-484a-b96b-4d907f9244fa,,Admin ADB,False,,,False,None,APC,0,0,0,0,0,0,0,0,1486303,42949672960,Team Site,Admin@7rkd12.onmicrosoft.com,30
2026-08-10,7c152295-5fc7-42bd-9ec2-92e002de6635,,Admin ADB,True,,,False,None,APC,0,0,0,0,0,0,0,0,1465336,27487790694400,Team Site,Admin@7rkd12.onmicrosoft.com,30
2026-08-10,7c185d4e-4be4-47d1-bc9c-f7cc8810856f,,prj_Ada Team Site-191 Owners,True,,,True,None,APC,30,0,0,0,0,0,0,0,4905963,27487790694400,Team Site,prj_adateamsite-191@7rkd12.onmicrosoft.com,30
2026-08-10,7c3c3ac1-90f0-406a-93bd-351e01bd6097,,Admin ADB,True,,,True,None,APC,30,0,0,0,0,0,0,0,4920300,42949672960,Team Site,Admin@7rkd12.onmicrosoft.com,30
2026-08-10,7ca9793b-fdac-4b80-845f-1155c2e40657,,prj_MihalTeamsite 187 Owners,False,,,True,None,APC,30,0,0,0,0,0,0,0,4941326,42949672960,Team Site,prj_mihalteamsite-187@7rkd12.onmicrosoft.com,30
2026-08-10,7caab8ac-60b7-4936-9aea-2c6288f6c926,,Alex Wilber,False,2026-06-11,,False,None,APC,5,0,0,0,0,0,0,0,2548646,42949672960,Team Site,AlexW@7rkd12.onmicrosoft.com,30
2026-08-10,7cabff77-f6c0-4201-ad6c-5d53ed88ef5d,,Admin ADB,True,,,False,None,APC,0,0,0,0,0,0,0,0,1465528,27487790694400,Team Site,Admin@7rkd12.onmicrosoft.com,30
2026-08-10,7cf623eb-233d-4c5c-8371-348f954d631d,,Admin ADB,False,,,False,None,APC,0,0,0,0,0,0,0,0,1486839,42949672960,Team Site,Admin@7rkd12.onmicrosoft.com,30
2026-08-10,7d0456d9-5ecf-4f79-adf5-e644c2e12d38,,Admin ADB,True,,,False,None,APC,0,0,0,0,0,0,0,0,1465856,27487790694400,Team Site,Admin@7rkd12.onmicrosoft.com,30
2026-08-10,7d3eaf8c-cefe-4de9-9db1-5637cc5955b9,,Admin ADB,True,,,False,None,APC,0,0,0,0,0,0,0,0,1465506,27487790694400,Team Site,Admin@7rkd12.onmicrosoft.com,30
2026-08-10,7d4ba585-4cf1-48a9-bd2d-305218f3836f,,Admin ADB,False,,,True,None,APC,30,0,0,0,0,0,0,0,4923973,42949672960,Team Site,Admin@7rkd12.onmicrosoft.com,30
2026-08-10,7d5228e9-83a7-492b-9ebf-d5dfc81e664a,,Leila Test,False,2026-08-03,,True,None,APC,4,4,2,2,0,0,0,0,1912715,42949672960,Team Site,LeilaTest@7rkd12.onmicrosoft.com,30
2026-08-10,7d903a58-bb72-4344-bc48-a6d62ff75777,,Admin ADB,False,,,False,None,APC,0,0,0,0,0,0,0,0,1486863,42949672960,Team Site,Admin@7rkd12.onmicrosoft.com,30
2026-08-10,7daa252f-9718-4209-8318-e5d73ff2ba02,,Admin ADB,False,,,False,None,APC,0,0,0,0,0,0,0,0,1486547,42949672960,Team Site,Admin@7rkd12.onmicrosoft.com,30
2026-08-10,7dc58b79-4c3e-4f3a-80b1-8ff93f32dd98,,Leila Test,False,2026-06-10,,True,None,APC,43,0,0,0,0,0,0,0,4088405,42949672960,Team Site,LeilaTest@7rkd12.onmicrosoft.com,30
2026-08-10,7dced8df-6baf-46f8-9e5f-c4a1f680841c,,Admin ADB,False,,,False,None,APC,0,0,0,0,0,0,0,0,1486443,42949672960,Team Site,Admin@7rkd12.onmicrosoft.com,30
2026-08-10,7dd2a578-4004-4628-9dd3-adfe7f7224c0,,Admin ADB,False,,,False,None,APC,0,0,0,0,0,0,0,0,1486946,42949672960,Team Site,Admin@7rkd12.onmicrosoft.com,30
2026-08-10,7dd98272-4413-440e-b933-db2e107c4577,,Admin ADB,False,,,True,None,APC,30,0,0,0,0,0,0,0,4923925,42949672960,Team Site,Admin@7rkd12.onmicrosoft.com,30
2026-08-10,7de48079-d7b6-4ae5-b0bf-0a16952f0c86,,John Rick D. Navoa,False,2026-07-22,,True,None,APC,105,5,7,2,0,0,0,0,180980907,42949672960,Team Site,AdaLuUPN@7rkd12.onmicrosoft.com,30
2026-08-10,7df3ea8c-56e3-46c6-9789-a9ad045117ac,,Admin ADB,False,,,False,None,APC,0,0,0,0,0,0,0,0,1486382,42949672960,Team Site,Admin@7rkd12.onmicrosoft.com,30
2026-08-10,7e38033b-13a4-4495-be21-0faa6106a6c0,,Admin ADB,False,,,False,None,APC,0,0,0,0,0,0,0,0,1485969,42949672960,Team Site,Admin@7rkd12.onmicrosoft.com,30
2026-08-10,7e4720c9-9d8d-42a0-9823-aca2722e2d19,,Admin ADB,True,,,False,None,APC,0,0,0,0,0,0,0,0,1465357,27487790694400,Team Site,Admin@7rkd12.onmicrosoft.com,30
2026-08-10,7e67351c-1e61-449b-a5bc-7417ec9e24b0,,Admin ADB,False,,,False,None,APC,0,0,0,0,0,0,0,0,1486360,42949672960,Team Site,Admin@7rkd12.onmicrosoft.com,30
2026-08-10,7e6f4274-ed97-46fe-a3dd-20b39077e9fe,,Admin ADB,False,,,False,None,APC,0,0,0,0,0,0,0,0,1485859,42949672960,Team Site,Admin@7rkd12.onmicrosoft.com,30
2026-08-10,7e7410eb-ffaa-4a61-987d-ac3d3a288f84,,Bonnie Test,False,,,True,None,APC,30,0,0,0,0,0,0,0,4939569,42949672960,Team Site,BonnieTest@7rkd12.onmicrosoft.com,30
2026-08-10,7e83608e-e291-4e35-b505-d037ee1a4c73,,prj_MihalTeamsite 240 Owners,False,,,True,None,APC,30,0,0,0,0,0,0,0,4926687,42949672960,Team Site,prj_mihalteamsite-240@7rkd12.onmicrosoft.com,30
2026-08-10,7e8a5858-fc98-443a-9893-dc4aa7f38861,,prj_Team Site-731079 Owners,False,,,True,None,APC,30,0,0,0,0,0,0,0,4940936,42949672960,Team Site,prj_teamsite-731079@7rkd12.onmicrosoft.com,30
2026-08-10,7e9f98cb-6f58-4c49-9002-31d9c3150f23,,Admin ADB,False,2026-08-10,,True,None,APC,28,4,3,1,0,0,0,0,4956906,42949672960,Team Site,Admin@7rkd12.onmicrosoft.com,30
2026-08-10,7eedbf44-f127-4ab1-9cbb-a5aef9eb1840,,Admin ADB,False,,,False,None,APC,0,0,0,0,0,0,0,0,1486419,42949672960,Team Site,Admin@7rkd12.onmicrosoft.com,30
2026-08-10,7f4e11ff-ac42-4f8f-81a5-4c34e8c5759a,,Admin ADB,True,,,True,None,APC,30,0,0,0,0,0,0,0,4921918,42949672960,Team Site,Admin@7rkd12.onmicrosoft.com,30
2026-08-10,7f51f5b1-d7b0-41e0-94db-541cc6cc5ff0,,Admin ADB,False,,,False,None,APC,0,0,0,0,0,0,0,0,1486722,42949672960,Team Site,Admin@7rkd12.onmicrosoft.com,30
2026-08-10,7f83fdfe-00f4-4755-b898-1275f8fdf8ea,,Admin ADB,True,,,False,None,APC,0,0,0,0,0,0,0,0,1465374,27487790694400,Team Site,Admin@7rkd12.onmicrosoft.com,30
2026-08-10,7f979dc0-45fe-4caf-8494-2e20ffc4d520,,Admin ADB,True,,,False,None,APC,0,0,0,0,0,0,0,0,1465924,27487790694400,Team Site,Admin@7rkd12.onmicrosoft.com,30
2026-08-10,7fadbef2-fea0-43cc-9b5c-934a27054f15,,Admin ADB,False,2026-06-11,,True,None,APC,13,0,0,0,0,0,0,0,5040987,42949672960,Team Site,Admin@7rkd12.onmicrosoft.com,30
2026-08-10,7fe5ec85-4ff0-4237-be38-a55351a20372,,Admin ADB,True,,,False,None,APC,0,0,0,0,0,0,0,0,1465899,27487790694400,Team Site,Admin@7rkd12.onmicrosoft.com,30
2026-08-10,7fec182e-6ee0-438e-9b62-8f012837c381,,prj_Group Site-731023 Owners,False,,,True,None,APC,30,0,0,0,0,0,0,0,4941335,42949672960,Team Site,prj_groupsite-731023@7rkd12.onmicrosoft.com,30
2026-08-10,800d5545-ac35-4fb1-b8f2-01712f359a6f,,Admin ADB,True,,,False,None,APC,0,0,0,0,0,0,0,0,1465267,27487790694400,Team Site,Admin@7rkd12.onmicrosoft.com,30
2026-08-10,80511165-ac69-446a-a02d-008f53e62e92,,Mihal,False,,,False,None,APC,0,0,0,0,0,0,0,0,1484266,42949672960,Team Site,Mihal@7rkd12.onmicrosoft.com,30
2026-08-10,805e0fa2-695c-4583-8f84-7cb3b91612b7,,Admin ADB,False,,,False,None,APC,0,0,0,0,0,0,0,0,1486937,42949672960,Team Site,Admin@7rkd12.onmicrosoft.com,30
2026-08-10,80605bed-559d-448d-9442-82d20136757f,,Admin ADB,True,,,False,None,APC,0,0,0,0,0,0,0,0,1465477,27487790694400,Team Site,Admin@7rkd12.onmicrosoft.com,30
2026-08-10,8064a5d5-cf5a-41ee-895a-a91a4b8141c2,,Admin ADB,True,,,False,None,APC,0,0,0,0,0,0,0,0,1465858,27487790694400,Team Site,Admin@7rkd12.onmicrosoft.com,30
2026-08-10,80756362-51d2-4e5e-93f0-fb32ce41cce5,,Admin ADB,False,2026-07-29,,True,None,APC,30,4,2,1,0,0,0,0,4924764,42949672960,Team Site,Admin@7rkd12.onmicrosoft.com,30
2026-08-10,80b7a014-a895-473c-8567-fc786523200b,,Alex Wilber,False,,,True,None,APC,29,0,0,0,0,0,0,0,4578846,42949672960,Team Site,AlexW@7rkd12.onmicrosoft.com,30
2026-08-10,80f5dbba-211e-452e-b672-30e450b55582,,prj_MihalTeamsite 189 Owners,False,,,True,None,APC,30,0,0,0,0,0,0,0,4926530,42949672960,Team Site,prj_mihalteamsite-189@7rkd12.onmicrosoft.com,30
2026-08-10,80fe9998-726f-40d6-a8c1-ff00541ce75b,,prj_Group Site-731002 Owners,False,,,True,None,APC,30,0,0,0,0,0,0,0,4940840,42949672960,Team Site,prj_groupsite-731002@7rkd12.onmicrosoft.com,30
2026-08-10,810aea9f-f25b-4066-8e60-ee1d3ebcc9d5,,Admin ADB,True,,,False,None,APC,0,0,0,0,0,0,0,0,1465365,27487790694400,Team Site,Admin@7rkd12.onmicrosoft.com,30
2026-08-10,817e0de1-1292-47c1-ba06-3c0aae9829e2,,Leila Test,False,2026-08-10,,True,None,APC,764,2,6,1,0,0,0,0,50645501834,42949672960,Team Site,LeilaTest@7rkd12.onmicrosoft.com,30
2026-08-10,81c64e79-4862-4299-aa65-ceb129024902,,prj_Ada Team Site-160 Owners,True,2026-07-29,,True,None,APC,30,4,1,1,0,0,0,0,4907774,27487790694400,Team Site,prj_adateamsite-160@7rkd12.onmicrosoft.com,30
2026-08-10,81dae800-176d-4737-8f8f-b861c5386905,,Admin ADB,False,,,False,None,APC,0,0,0,0,0,0,0,0,1486284,42949672960,Team Site,Admin@7rkd12.onmicrosoft.com,30
2026-08-10,81fbd6a9-0d92-44d7-b546-83a88454d578,,Bonnie Test,False,,,True,None,APC,30,0,0,0,0,0,0,0,4941281,42949672960,Team Site,BonnieTest@7rkd12.onmicrosoft.com,30
2026-08-10,82597536-61e9-4fa8-be8b-92cd8374b959,,Alex Wilber,False,,,True,None,APC,4,0,0,0,0,0,0,0,1684668,42949672960,Team Site,AlexW@7rkd12.onmicrosoft.com,30
2026-08-10,82941353-efb8-4b6f-bd55-4b8d351e347c,,Admin ADB,False,2026-06-11,,True,None,APC,4,0,0,0,0,0,0,0,2249284,42949672960,Team Site,Admin@7rkd12.onmicrosoft.com,30
2026-08-10,829c5c8f-f038-4408-bfec-2954dc2a35c9,,adagroup-003-displayname Owners,False,2026-07-27,,True,None,APC,30,4,1,1,0,0,0,0,4938119,42949672960,Team Site,prj_adagroup-003@7rkd12.onmicrosoft.com,30
2026-08-10,82a8a95e-20e4-4c7b-b21a-36c8050a5401,,Leila Test,False,2026-06-10,,True,None,APC,31,0,0,0,0,0,0,0,10231393,42949672960,Team Site,LeilaTest@7rkd12.onmicrosoft.com,30
2026-08-10,82d36c20-bc69-45eb-8795-73d8bb64523f,,prj_MihalGroupsite-016 Owners,False,,,True,None,APC,1,0,0,0,0,0,0,0,1490556,42949672960,Team Site,prj_mihalgroupsite-016@7rkd12.onmicrosoft.com,30
2026-08-10,8331641e-3b48-4218-9df9-d5e7fa0b3be6,,prj_Group Site-731040 Owners,False,,,True,None,APC,20,0,0,0,0,0,0,0,4416165,42949672960,Team Site,prj_groupsite-731040@7rkd12.onmicrosoft.com,30
2026-08-10,835f6b0c-1eba-4ca6-993f-169b0b7fe129,,Admin ADB,False,,,True,None,APC,43,0,0,0,0,0,0,0,24666019,42949672960,Team Site,Admin@7rkd12.onmicrosoft.com,30
2026-08-10,8364e144-430b-487c-8210-d5aa860f61cd,,Admin ADB,False,,,False,None,APC,0,0,0,0,0,0,0,0,1486278,42949672960,Team Site,Admin@7rkd12.onmicrosoft.com,30
2026-08-10,837c0678-a79f-447e-ab35-ed4629011fcc,,Admin ADB,False,,,True,None,APC,30,0,0,0,0,0,0,0,4923163,42949672960,Team Site,Admin@7rkd12.onmicrosoft.com,30
2026-08-10,8385e6ab-5c7d-4888-bbe1-c8821c464614,,Admin ADB,False,,,False,None,APC,0,0,0,0,0,0,0,0,1486928,42949672960,Team Site,Admin@7rkd12.onmicrosoft.com,30
2026-08-10,838869a8-246c-4b15-ae06-3ac670f3f846,,Bonnie Test,False,,,True,None,APC,30,0,0,0,0,0,0,0,4922965,42949672960,Team Site,BonnieTest@7rkd12.onmicrosoft.com,30
2026-08-10,8393c199-108a-44bd-97b9-21f6f70968ea,,prj_Group Site-731052 Owners,False,,,True,None,APC,30,0,0,0,0,0,0,0,4942414,42949672960,Team Site,prj_groupsite-731052@7rkd12.onmicrosoft.com,30
2026-08-10,839e94fc-0060-44b6-acf8-beb66022d464,,Admin ADB,True,,,False,None,APC,0,0,0,0,0,0,0,0,1465577,27487790694400,Team Site,Admin@7rkd12.onmicrosoft.com,30
2026-08-10,83a373de-6b93-4a98-bff6-06f0ff25d931,,prj_Ada Team Site-179 Owners,False,2026-07-29,,True,None,APC,30,4,1,1,0,0,0,0,4942900,42949672960,Team Site,prj_adateamsite-179@7rkd12.onmicrosoft.com,30
2026-08-10,83a9df2a-92f9-40c0-b36a-e1702929345d,,Admin ADB,True,,,False,None,APC,0,0,0,0,0,0,0,0,1486243,27487790694400,Team Site,Admin@7rkd12.onmicrosoft.com,30
2026-08-10,83c797e4-00e5-43ce-9243-1a71790c7afc,,Admin ADB,True,,,False,None,APC,0,0,0,0,0,0,0,0,1465845,27487790694400,Team Site,Admin@7rkd12.onmicrosoft.com,30
2026-08-10,83d6d648-86ff-4491-86ce-0d465bbba7a2,,prj_Ada Team Site-208 Owners,True,,,True,None,APC,30,0,0,0,0,0,0,0,4938761,27487790694400,Team Site,prj_adateamsite-208@7rkd12.onmicrosoft.com,30
2026-08-10,8431e9be-bb6b-46de-8a7d-dbb99f7cc507,,prj_Team Site-731100 Owners,False,,,True,None,APC,30,0,0,0,0,0,0,0,4943634,42949672960,Team Site,prj_teamsite-731100@7rkd12.onmicrosoft.com,30
2026-08-10,8438df2e-7788-411b-9cf4-5f0c68273678,,prj_Adauser2 Owners,False,2026-07-28,,True,None,APC,43,4,4,3,0,0,0,0,24631064,42949672960,Team Site,prj_Adauser2@7rkd12.onmicrosoft.com,30
2026-08-10,84696eeb-b958-41da-b86a-8442be7dd93e,,Admin ADB,True,,,False,None,APC,0,0,0,0,0,0,0,0,1465389,27487790694400,Team Site,Admin@7rkd12.onmicrosoft.com,30
2026-08-10,849c64c5-d7ed-40a1-8d3a-ad3760ada58e,,Admin ADB,False,,,False,None,APC,0,0,0,0,0,0,0,0,1486229,42949672960,Team Site,Admin@7rkd12.onmicrosoft.com,30
2026-08-10,84b99ca2-9279-4d82-af61-a0c94c95cc6e,,Admin ADB,True,,,False,None,APC,0,0,0,0,0,0,0,0,1485763,27487790694400,Team Site,Admin@7rkd12.onmicrosoft.com,30
2026-08-10,84d496da-ffdd-48aa-b399-bad929d3e56c,,Bonnie Test,False,,,True,None,APC,30,0,0,0,0,0,0,0,4924875,42949672960,Team Site,BonnieTest@7rkd12.onmicrosoft.com,30
2026-08-10,84d60643-e8e3-4637-a59b-77c5228fcbd6,,Admin ADB,True,,,False,None,APC,0,0,0,0,0,0,0,0,1485733,27487790694400,Team Site,Admin@7rkd12.onmicrosoft.com,30
2026-08-10,8504f2ab-cebf-4061-8f4c-fb0a7abb4f66,,mihal-display-name-23 Owners,False,,,True,None,APC,1,0,0,0,0,0,0,0,1491729,42949672960,Team Site,mihal-alias23@7rkd12.onmicrosoft.com,30
2026-08-10,85081164-72af-42d6-9bbb-b52166f12773,,prj_Group Site-731072 Owners,False,,,True,None,APC,30,0,0,0,0,0,0,0,4943466,42949672960,Team Site,prj_groupsite-731072@7rkd12.onmicrosoft.com,30
2026-08-10,852da28e-26d2-40e6-aef7-fe33a37c2f72,,Admin ADB,False,,,False,None,APC,0,0,0,0,0,0,0,0,1486543,42949672960,Team Site,Admin@7rkd12.onmicrosoft.com,30
2026-08-10,85701642-791e-4f1c-9560-2016351d266b,,Admin ADB,False,,,False,None,APC,0,0,0,0,0,0,0,0,1486483,42949672960,Team Site,Admin@7rkd12.onmicrosoft.com,30
2026-08-10,8576e143-c1ce-4d02-b979-9409a6425135,,prj_MihalTeamsite 245 Owners,False,,,True,None,APC,30,0,0,0,0,0,0,0,4925922,42949672960,Team Site,prj_mihalteamsite-245@7rkd12.onmicrosoft.com,30
2026-08-10,857bea68-f90a-40e2-b64e-57894fd1635f,,prj_Mihalgroupsite-034 Owners,False,,,True,None,APC,1,0,0,0,0,0,0,0,1490312,42949672960,Team Site,prj_mihalgroupsite-034@7rkd12.onmicrosoft.com,30
2026-08-10,859747e5-326a-4815-a174-19f65e4c43ab,,Admin ADB,True,,,False,None,APC,0,0,0,0,0,0,0,0,1465980,27487790694400,Team Site,Admin@7rkd12.onmicrosoft.com,30
2026-08-10,859e1406-be5d-4824-b9a0-3aeb00035f9b,,Admin ADB,False,,,False,None,APC,0,0,0,0,0,0,0,0,1486027,42949672960,Team Site,Admin@7rkd12.onmicrosoft.com,30
2026-08-10,85d511c2-22da-46b1-aeb1-9af66f9737ea,,Admin ADB,True,,,False,None,APC,0,0,0,0,0,0,0,0,1485579,27487790694400,Team Site,Admin@7rkd12.onmicrosoft.com,30
2026-08-10,85ebe6aa-57a3-4eb0-b415-9c2dfdc3b079,,Admin ADB,False,2026-07-23,,True,None,APC,6,0,1,1,0,0,0,0,2224566,42949672960,Team Site,Admin@7rkd12.onmicrosoft.com,30
2026-08-10,85ecaf92-e9fe-41a1-8be1-ab80dfd7a706,,Admin ADB,False,,,False,None,APC,0,0,0,0,0,0,0,0,1485647,42949672960,Team Site,Admin@7rkd12.onmicrosoft.com,30
2026-08-10,85f53618-3118-41d8-9133-0491f6dada79,,prj_MihalTeamsite 231 Owners,False,,,True,None,APC,30,0,0,0,0,0,0,0,4908652,42949672960,Team Site,prj_mihalteamsite-231@7rkd12.onmicrosoft.com,30
2026-08-10,8607c32c-fca5-46db-91f8-a52bf8745d68,,Admin ADB,False,,,False,None,APC,0,0,0,0,0,0,0,0,1486329,42949672960,Team Site,Admin@7rkd12.onmicrosoft.com,30
2026-08-10,86540f78-fec2-45da-aec4-d25bd847fe4b,,Admin ADB,True,,,False,None,APC,0,0,0,0,0,0,0,0,1485735,27487790694400,Team Site,Admin@7rkd12.onmicrosoft.com,30
2026-08-10,8654ba4b-c2ea-4f49-991f-f3661d7f2d34,,Bonnie Test,False,,,True,None,APC,30,0,0,0,0,0,0,0,4897556,42949672960,Team Site,BonnieTest@7rkd12.onmicrosoft.com,30
2026-08-10,86991eac-1e9a-47c8-8339-bf91d96dc62d,,Admin ADB,False,,,False,None,APC,0,0,0,0,0,0,0,0,1486256,42949672960,Team Site,Admin@7rkd12.onmicrosoft.com,30
2026-08-10,86c78c14-8c96-4110-8ecb-ee3c27ae6d3f,,Leila Test,False,2026-06-11,,False,None,APC,1,0,0,0,0,0,0,0,2318572,42949672960,Team Site,LeilaTest@7rkd12.onmicrosoft.com,30
2026-08-10,86cfa45d-f700-4b59-8298-fa3d36c5b23d,,prj_Group Site-731029 Owners,False,,,True,None,APC,30,0,0,0,0,0,0,0,4943451,42949672960,Team Site,prj_groupsite-731029@7rkd12.onmicrosoft.com,30
2026-08-10,86eff051-a00d-49a2-b63c-82792f5bbb3b,,prj_Ada Team Site-243 Owners,True,,,True,None,APC,30,0,0,0,0,0,0,0,4940698,27487790694400,Team Site,prj_adateamsite-243@7rkd12.onmicrosoft.com,30
2026-08-10,8700b48d-7507-49f5-84bc-7e843ea4b241,,Admin ADB,True,,,False,None,APC,0,0,0,0,0,0,0,0,1486217,27487790694400,Team Site,Admin@7rkd12.onmicrosoft.com,30
2026-08-10,8705e6f6-b0df-4dea-9d7f-04c660506248,,Bonnie Test,False,,,True,None,APC,30,0,0,0,0,0,0,0,4939220,42949672960,Team Site,BonnieTest@7rkd12.onmicrosoft.com,30
2026-08-10,87148f5f-61f3-48fd-b9e8-360c75eaeaeb,,prj_Team Site-731011 Owners,False,,,True,None,APC,30,0,0,0,0,0,0,0,4943637,42949672960,Team Site,prj_teamsite-731011@7rkd12.onmicrosoft.com,30
2026-08-10,8731f811-70ad-469a-a826-ad6ece87fe08,,Admin ADB,True,,,False,None,APC,0,0,0,0,0,0,0,0,1485769,27487790694400,Team Site,Admin@7rkd12.onmicrosoft.com,30
2026-08-10,874b3f0f-e020-43f9-b730-237f0858e15a,,Admin ADB,True,,,True,None,APC,43,0,0,0,0,0,0,0,24663995,42949672960,Team Site,Admin@7rkd12.onmicrosoft.com,30
2026-08-10,875c6f04-672a-43df-9cf5-13488a132f25,,Mihal,False,,,False,None,APC,0,0,0,0,0,0,0,0,1484606,42949672960,Team Site,Mihal@7rkd12.onmicrosoft.com,30
2026-08-10,87ae9f4e-c270-4402-94db-b8b32a92491b,,Admin ADB,False,,,False,None,APC,0,0,0,0,0,0,0,0,1486778,42949672960,Team Site,Admin@7rkd12.onmicrosoft.com,30
2026-08-10,87dd3271-d847-42b1-9873-d473a0651551,,Admin ADB,False,,,False,None,APC,0,0,0,0,0,0,0,0,1486211,42949672960,Team Site,Admin@7rkd12.onmicrosoft.com,30
2026-08-10,87e45249-5e5d-4af2-a78b-95913a303840,,Admin ADB,False,,,False,None,APC,0,0,0,0,0,0,0,0,1486483,42949672960,Team Site,Admin@7rkd12.onmicrosoft.com,30
2026-08-10,87e6b832-71b9-4a7f-beff-05794eb67c8c,,Admin ADB,False,,,False,None,APC,0,0,0,0,0,0,0,0,1484774,42949672960,Team Site,Admin@7rkd12.onmicrosoft.com,30
2026-08-10,87f3e330-648d-4da5-8290-c87b16710c64,,Bonnie Test,False,,,True,None,APC,30,0,0,0,0,0,0,0,4953247,42949672960,Team Site,BonnieTest@7rkd12.onmicrosoft.com,30
2026-08-10,88191a27-8d12-4c84-8f3c-73eacbd317dd,,Bonnie Test,False,2026-08-04,,True,None,APC,30,4,4,4,0,0,0,0,4946210,42949672960,Team Site,BonnieTest@7rkd12.onmicrosoft.com,30
2026-08-10,8825b3f7-3f19-4efa-939b-a94106fe75fd,,Admin ADB,True,,,False,None,APC,0,0,0,0,0,0,0,0,1486356,27487790694400,Team Site,Admin@7rkd12.onmicrosoft.com,30
2026-08-10,883b929b-ec42-4d67-ad03-6fc6096e5c82,,prj_MihalGroupsite-022 Owners,False,,,True,None,APC,30,0,0,0,0,0,0,0,4930714,42949672960,Team Site,prj_mihalgroupsite-022@7rkd12.onmicrosoft.com,30
2026-08-10,883dd4cd-e4fa-4bd1-a649-4b144095c6d1,,Admin ADB,False,,,False,None,APC,0,0,0,0,0,0,0,0,1486508,42949672960,Team Site,Admin@7rkd12.onmicrosoft.com,30
2026-08-10,885f9000-7aff-428f-a4ad-6f2fd2153bb2,,Leila Test,False,2026-06-11,,True,None,APC,7,0,0,0,0,0,0,0,2871562,42949672960,Team Site,LeilaTest@7rkd12.onmicrosoft.com,30
2026-08-10,88a17302-ad3b-41ef-b1c7-263c5d580651,,prj_MihalGroupsite-015 Owners,False,,,True,None,APC,1,0,0,0,0,0,0,0,1490221,42949672960,Team Site,prj_mihalgroupsite-015@7rkd12.onmicrosoft.com,30
2026-08-10,88a61780-62e3-4e20-a9f8-4983088a0b4d,,prj_Team Site-731063 Owners,False,,,True,None,APC,30,0,0,0,0,0,0,0,4964911,42949672960,Team Site,prj_teamsite-731063@7rkd12.onmicrosoft.com,30
2026-08-10,88c7b8ca-6e35-46f2-be1c-4b68c8316a13,,prj_Team Site-731065 Owners,False,,,True,None,APC,30,0,0,0,0,0,0,0,4943492,42949672960,Team Site,prj_teamsite-731065@7rkd12.onmicrosoft.com,30
2026-08-10,88d3911d-b365-4fc8-8106-8073f3f9467e,,displayname169 Owners,False,2026-07-27,,True,None,APC,30,2,1,1,0,0,0,0,4908856,42949672960,Team Site,alias169@7rkd12.onmicrosoft.com,30
2026-08-10,88fd61ee-d5b1-41af-ae7a-52ba6be12093,,Leila Test,False,2026-06-10,,True,None,APC,17,0,0,0,0,0,0,0,2474689,42949672960,Team Site,LeilaTest@7rkd12.onmicrosoft.com,30
2026-08-10,8904b5c4-ed51-435d-a123-90d92a076176,,Admin ADB,True,,,False,None,APC,0,0,0,0,0,0,0,0,1466013,27487790694400,Team Site,Admin@7rkd12.onmicrosoft.com,30
2026-08-10,8915a708-78de-47d0-96e8-8b2a18360ef5,,Admin ADB,False,,,False,None,APC,0,0,0,0,0,0,0,0,1486788,42949672960,Team Site,Admin@7rkd12.onmicrosoft.com,30
2026-08-10,8949a34c-0b2c-45ee-8a49-9dd1f4cc928b,,Admin ADB,False,,,True,None,APC,29,0,0,0,0,0,0,0,4680898,42949672960,Team Site,Admin@7rkd12.onmicrosoft.com,30
2026-08-10,894c1a37-c1d9-48db-82bf-97b62487c37f,,Admin ADB,False,,,False,None,APC,0,0,0,0,0,0,0,0,1486004,42949672960,Team Site,Admin@7rkd12.onmicrosoft.com,30
2026-08-10,896a8869-4c0d-449d-8fc9-f7ad92868f76,,Admin ADB,True,,,False,None,APC,0,0,0,0,0,0,0,0,1465442,27487790694400,Team Site,Admin@7rkd12.onmicrosoft.com,30
2026-08-10,898a3f6c-7fb0-4c6c-bbac-ccd1a5b2d407,,Bonnie Test,False,,,True,None,APC,30,0,0,0,0,0,0,0,4953864,42949672960,Team Site,BonnieTest@7rkd12.onmicrosoft.com,30
2026-08-10,89957c16-a4cf-49ef-b437-fc55a524f9f3,,Admin ADB,False,,,False,None,APC,0,0,0,0,0,0,0,0,1486407,42949672960,Team Site,Admin@7rkd12.onmicrosoft.com,30
2026-08-10,89d30d00-2286-4308-9e2f-600f14d2ee70,,Admin ADB,True,,,False,None,APC,0,0,0,0,0,0,0,0,1466043,27487790694400,Team Site,Admin@7rkd12.onmicrosoft.com,30
2026-08-10,89eadc1c-8820-416a-b02e-4f789d996c85,,Leila Test,False,2026-07-10,,True,None,APC,69,0,0,0,0,0,0,0,125838172,42949672960,Team Site,LeilaTest@7rkd12.onmicrosoft.com,30
2026-08-10,8a04b00e-fb5f-48e2-a855-cc4fc32181c7,,Admin ADB,True,,,False,None,APC,0,0,0,0,0,0,0,0,1465444,27487790694400,Team Site,Admin@7rkd12.onmicrosoft.com,30
2026-08-10,8a055bdc-2900-43aa-9e8d-7352a6818bef,,Admin ADB,False,,,False,None,APC,0,0,0,0,0,0,0,0,1486970,42949672960,Team Site,Admin@7rkd12.onmicrosoft.com,30
2026-08-10,8a21895c-8ebe-4df1-ba4f-e3b68a058261,,Leila Test,False,2026-06-11,,False,None,APC,5,0,0,0,0,0,0,0,2583294,42949672960,Team Site,LeilaTest@7rkd12.onmicrosoft.com,30
2026-08-10,8a588162-8238-46eb-9554-9e7446ee685b,,Admin ADB,True,,,False,None,APC,0,0,0,0,0,0,0,0,1485838,27487790694400,Team Site,Admin@7rkd12.onmicrosoft.com,30
2026-08-10,8a860b18-471c-431c-9d05-b05f09cfe502,,Leila Test,False,2026-06-11,,False,None,APC,5,0,0,0,0,0,0,0,1328525,42949672960,Team Site,LeilaTest@7rkd12.onmicrosoft.com,30
2026-08-10,8a935d1a-56bd-48d4-bd6c-5e1ce73ac713,,Admin ADB,False,,,True,None,APC,30,0,0,0,0,0,0,0,4936834,42949672960,Team Site,Admin@7rkd12.onmicrosoft.com,30
2026-08-10,8a96f486-46a9-4772-934f-246cb9df4064,,Admin ADB,True,,,False,None,APC,0,0,0,0,0,0,0,0,1485688,27487790694400,Team Site,Admin@7rkd12.onmicrosoft.com,30
2026-08-10,8ac21319-b308-40cd-8e99-df6e56f9c9ef,,Admin ADB,False,,,False,None,APC,0,0,0,0,0,0,0,0,1486269,42949672960,Team Site,Admin@7rkd12.onmicrosoft.com,30
2026-08-10,8acb17a8-ae83-4dcc-aa56-3f1959fd0773,,Bonnie Test,False,,,True,None,APC,30,0,0,0,0,0,0,0,4924165,42949672960,Team Site,BonnieTest@7rkd12.onmicrosoft.com,30
2026-08-10,8adef3e4-608b-4706-98d8-cbb7ad7d0e9f,,Bonnie Test,False,,,True,None,APC,30,0,0,0,0,0,0,0,4939968,42949672960,Team Site,BonnieTest@7rkd12.onmicrosoft.com,30
2026-08-10,8afd0503-f68b-4a88-b137-1bfe459627d1,,Admin ADB,False,,,True,None,APC,30,0,0,0,0,0,0,0,4939162,42949672960,Team Site,Admin@7rkd12.onmicrosoft.com,30
2026-08-10,8b00fcff-745b-43f4-bed9-1cd4406c9609,,Admin ADB,False,,,False,None,APC,0,0,0,0,0,0,0,0,1485945,42949672960,Team Site,Admin@7rkd12.onmicrosoft.com,30
2026-08-10,8b021265-3b7d-4cbd-987a-96a29687e64e,,Admin ADB,False,,,False,None,APC,0,0,0,0,0,0,0,0,1486577,42949672960,Team Site,Admin@7rkd12.onmicrosoft.com,30
2026-08-10,8b0c282f-19fd-4555-886f-78eebddc9757,,prj_MihalTeamsite 248 Owners,False,,,True,None,APC,1,0,0,0,0,0,0,0,1492669,42949672960,Team Site,prj_mihalteamsite-248@7rkd12.onmicrosoft.com,30
2026-08-10,8b143214-7dd6-4f48-ae4b-c041a78bea58,,Bonnie Test,False,2026-08-10,,True,None,APC,30,4,1,1,0,0,0,0,4925276,42949672960,Team Site,BonnieTest@7rkd12.onmicrosoft.com,30
2026-08-10,8b5a2852-4561-4af2-b17f-003de03f00af,,Admin ADB,False,,,False,None,APC,0,0,0,0,0,0,0,0,1486429,42949672960,Team Site,Admin@7rkd12.onmicrosoft.com,30
2026-08-10,8b5b3ab4-3fe9-4fa2-acf0-fbe06e5141bb,,Admin ADB,False,,,True,None,APC,30,0,0,0,0,0,0,0,4959569,42949672960,Team Site,Admin@7rkd12.onmicrosoft.com,30
2026-08-10,8b65df35-8562-4cc4-ae27-020f56df5b89,,Bonnie Test,False,,,True,None,APC,30,0,0,0,0,0,0,0,4941005,42949672960,Team Site,BonnieTest@7rkd12.onmicrosoft.com,30
2026-08-10,8b711ab8-a84c-46e3-94cf-dad9c7ae95c0,,prj_MihalTeamsite 195 Owners,False,,,True,None,APC,30,0,0,0,0,0,0,0,4933444,42949672960,Team Site,prj_mihalteamsite-195@7rkd12.onmicrosoft.com,30
2026-08-10,8b71f283-085e-4314-8d8d-1da155d98a3c,,Admin ADB,False,,,False,None,APC,0,0,0,0,0,0,0,0,1486044,42949672960,Team Site,Admin@7rkd12.onmicrosoft.com,30
2026-08-10,8b8639d7-d1a4-4df5-8ed0-73cd206dc3b1,,Bonnie Test,False,,,True,None,APC,30,0,0,0,0,0,0,0,4956010,42949672960,Team Site,BonnieTest@7rkd12.onmicrosoft.com,30
2026-08-10,8b895d86-20bd-4dee-beab-5702978315e3,,Admin ADB,False,,,False,None,APC,0,0,0,0,0,0,0,0,1486930,42949672960,Team Site,Admin@7rkd12.onmicrosoft.com,30
2026-08-10,8bb66cda-fab5-4930-abe6-701803a5ea94,,Admin ADB,True,,,False,None,APC,0,0,0,0,0,0,0,0,1485962,27487790694400,Team Site,Admin@7rkd12.onmicrosoft.com,30
2026-08-10,8bc76fb2-2a2d-4023-a8eb-21b8647a92cd,,Admin ADB,False,,,False,None,APC,0,0,0,0,0,0,0,0,1486259,42949672960,Team Site,Admin@7rkd12.onmicrosoft.com,30
2026-08-10,8bcfa08c-c18d-42a7-befe-2fc48d7a29f0,,Admin ADB,False,,,False,None,APC,0,0,0,0,0,0,0,0,1486918,42949672960,Team Site,Admin@7rkd12.onmicrosoft.com,30
2026-08-10,8beb7039-bbde-469d-ae40-03cc242469bd,,Admin ADB,False,2026-07-29,,True,None,APC,30,4,1,1,0,0,0,0,4922339,42949672960,Team Site,Admin@7rkd12.onmicrosoft.com,30
2026-08-10,8c02c461-ef93-4dc7-8571-f3a15b68033a,,Admin ADB,False,,,False,None,APC,0,0,0,0,0,0,0,0,1486378,42949672960,Team Site,Admin@7rkd12.onmicrosoft.com,30
2026-08-10,8c151d83-d08c-422a-9400-e465810651e5,,prj_Ada Group-004 Owners,False,2026-07-29,,True,None,APC,30,4,5,1,0,0,0,0,4947291,42949672960,Team Site,prj_adagroup-004@7rkd12.onmicrosoft.com,30
2026-08-10,8c183d2a-7cf7-4435-856a-11aaaa3fedb3,,prj_Ada Team Site-223 Owners,True,,,True,None,APC,30,0,0,0,0,0,0,0,4940792,27487790694400,Team Site,prj_adateamsite-223@7rkd12.onmicrosoft.com,30
2026-08-10,8c1ee095-3487-4c13-9b35-68a328d61acd,,Admin ADB,False,,,False,None,APC,0,0,0,0,0,0,0,0,1486298,42949672960,Team Site,Admin@7rkd12.onmicrosoft.com,30
2026-08-10,8c20158b-ec9e-48e1-a0e5-9ddcdbd108a8,,Admin ADB,True,,,False,None,APC,0,0,0,0,0,0,0,0,1486215,27487790694400,Team Site,Admin@7rkd12.onmicrosoft.com,30
2026-08-10,8c2111b9-126d-4065-9050-4ddc90947f78,,Admin ADB,False,,,False,None,APC,0,0,0,0,0,0,0,0,1484910,42949672960,Team Site,Admin@7rkd12.onmicrosoft.com,30
2026-08-10,8c3f773f-d479-4d71-9fa9-14c8f9e1e7eb,,Admin ADB,True,,,False,None,APC,0,0,0,0,0,0,0,0,1486276,27487790694400,Team Site,Admin@7rkd12.onmicrosoft.com,30
2026-08-10,8c723573-580b-4fd8-9ab9-eafa0fb54276,,Admin ADB,True,,,True,None,APC,30,0,0,0,0,0,0,0,4906379,27487790694400,Team Site,Admin@7rkd12.onmicrosoft.com,30
2026-08-10,8c7bac27-cbd0-4d19-ae1b-08a15a754ac2,,Admin ADB,True,,,False,None,APC,0,0,0,0,0,0,0,0,1485612,27487790694400,Team Site,Admin@7rkd12.onmicrosoft.com,30
2026-08-10,8c8d3723-f4dc-4566-b0c3-264f16ffe1ce,,Admin ADB,True,,,False,None,APC,0,0,0,0,0,0,0,0,1465427,27487790694400,Team Site,Admin@7rkd12.onmicrosoft.com,30
2026-08-10,8caaf0f7-6bdc-4dae-917f-c4d5e356a381,,Bonnie Test,False,,,True,None,APC,30,0,0,0,0,0,0,0,4940729,42949672960,Team Site,BonnieTest@7rkd12.onmicrosoft.com,30
2026-08-10,8ccfd1f9-407e-472d-afb4-8817496999ae,,Admin ADB,True,,,False,None,APC,0,0,0,0,0,0,0,0,1486284,27487790694400,Team Site,Admin@7rkd12.onmicrosoft.com,30
2026-08-10,8d1303f7-2eca-4afc-b45f-74d527f7c34c,,Admin ADB,False,,,False,None,APC,0,0,0,0,0,0,0,0,1485946,42949672960,Team Site,Admin@7rkd12.onmicrosoft.com,30
2026-08-10,8d64fef7-f643-4f6f-9644-1af530cf4cae,,Admin ADB,False,,,False,None,APC,0,0,0,0,0,0,0,0,1485845,42949672960,Team Site,Admin@7rkd12.onmicrosoft.com,30
2026-08-10,8d84f459-7afd-4e7c-a646-c1ce54fd46c3,,Admin ADB,True,,,False,None,APC,0,0,0,0,0,0,0,0,1465834,27487790694400,Team Site,Admin@7rkd12.onmicrosoft.com,30
2026-08-10,8da5d209-fc5e-464f-b2df-38a5e47aea78,,Admin ADB,False,,,True,None,APC,15,0,0,0,0,0,0,0,3525387,42949672960,Team Site,Admin@7rkd12.onmicrosoft.com,30
2026-08-10,8da7d369-838b-40e5-9f4e-3fdd9365efb4,,Admin ADB,True,,,False,None,APC,0,0,0,0,0,0,0,0,1485620,27487790694400,Team Site,Admin@7rkd12.onmicrosoft.com,30
2026-08-10,8daab10c-4b52-4028-867f-1e7c158490fd,,Admin ADB,False,,,False,None,APC,0,0,0,0,0,0,0,0,1486206,42949672960,Team Site,Admin@7rkd12.onmicrosoft.com,30
2026-08-10,8dac62c5-01ca-4471-bf06-2e9583329f0e,,Admin ADB,True,,,False,None,APC,0,0,0,0,0,0,0,0,1466028,27487790694400,Team Site,Admin@7rkd12.onmicrosoft.com,30
2026-08-10,8dd4a240-99cd-4269-ad8a-131fdf4b16cb,,prj_Ada Team Site-203 Owners,True,,,True,None,APC,30,0,0,0,0,0,0,0,4907858,27487790694400,Team Site,prj_adateamsite-203@7rkd12.onmicrosoft.com,30
2026-08-10,8ddf3070-3d8f-47f6-b01c-fbfcc3f52e41,,0331,False,2026-08-05,,True,None,APC,405,47,13,5,0,0,0,0,1746921789,42949672960,Team Site,0331@7rkd12.onmicrosoft.com,30
2026-08-10,8e194d2d-1a97-490a-87f9-4b6cbbcd0fb7,,Admin ADB,True,,,False,None,APC,0,0,0,0,0,0,0,0,1465812,27487790694400,Team Site,Admin@7rkd12.onmicrosoft.com,30
2026-08-10,8e2a6fd6-6ad4-4177-bc82-ea4dda672e8e,,Admin ADB,False,,,False,None,APC,0,0,0,0,0,0,0,0,1485878,42949672960,Team Site,Admin@7rkd12.onmicrosoft.com,30
2026-08-10,8e2fc33b-72f6-42f2-8aac-39dfabe8622a,,Admin ADB,False,,,True,None,APC,30,0,0,0,0,0,0,0,4940076,42949672960,Team Site,Admin@7rkd12.onmicrosoft.com,30
2026-08-10,8e3804a4-9567-4d06-af48-1714cc6e671c,,Admin ADB,False,,,False,None,APC,0,0,0,0,0,0,0,0,1484818,42949672960,Team Site,Admin@7rkd12.onmicrosoft.com,30
2026-08-10,8e39033b-89d5-4ad8-90de-2ea305146baf,,Admin ADB,False,,,True,None,APC,30,0,0,0,0,0,0,0,4924914,42949672960,Team Site,Admin@7rkd12.onmicrosoft.com,30
2026-08-10,8e50db4f-6db4-4168-91da-390fa97bb557,,prj_Team Site-731092 Owners,False,,,True,None,APC,30,0,0,0,0,0,0,0,4958478,42949672960,Team Site,prj_teamsite-731092@7rkd12.onmicrosoft.com,30
2026-08-10,8ed01ebb-5701-48bd-b190-2e649fc74b3f,,Admin ADB,True,,,False,None,APC,0,0,0,0,0,0,0,0,1486328,27487790694400,Team Site,Admin@7rkd12.onmicrosoft.com,30
2026-08-10,8eef7036-5a22-4ab5-8ff3-26578a45d441,,prj_Group Site-731037 Owners,False,,,True,None,APC,30,0,0,0,0,0,0,0,4943638,42949672960,Team Site,prj_groupsite-731037@7rkd12.onmicrosoft.com,30
2026-08-10,8ef3e16f-6150-4d22-8112-5b45fb516eda,,Mihal,False,,,False,None,APC,0,0,0,0,0,0,0,0,1484139,42949672960,Team Site,Mihal@7rkd12.onmicrosoft.com,30
2026-08-10,8efab4bd-ad52-474c-b454-0494726f676f,,Admin ADB,True,,,False,None,APC,0,0,0,0,0,0,0,0,1485652,27487790694400,Team Site,Admin@7rkd12.onmicrosoft.com,30
2026-08-10,8f03394a-6106-4d53-8b13-487e7141133b,,prj_Ada Team Site-195 Owners,False,,,True,None,APC,30,0,0,0,0,0,0,0,4943165,42949672960,Team Site,prj_adateamsite-195@7rkd12.onmicrosoft.com,30
2026-08-10,8f03a86b-f68e-4b94-b20f-bc102bc734d6,,Admin ADB,False,,,False,None,APC,0,0,0,0,0,0,0,0,1486325,42949672960,Team Site,Admin@7rkd12.onmicrosoft.com,30
2026-08-10,8f15c620-4cc6-42b8-aff6-f3af0062b497,,Admin ADB,False,,,False,None,APC,0,0,0,0,0,0,0,0,1486208,42949672960,Team Site,Admin@7rkd12.onmicrosoft.com,30
2026-08-10,8f22c3b8-2ea7-4b84-a8b4-610e65036cda,,Admin ADB,True,,,False,None,APC,0,0,0,0,0,0,0,0,1466095,27487790694400,Team Site,Admin@7rkd12.onmicrosoft.com,30
2026-08-10,8f43a00b-5ea4-4258-be1a-5f643dfa0d88,,Bonnie Test,False,,,True,None,APC,30,0,0,0,0,0,0,0,4961904,42949672960,Team Site,BonnieTest@7rkd12.onmicrosoft.com,30
2026-08-10,8f5126ea-b943-44a6-bb74-df3c7fd252bf,,prj_Ada Team Site-110 Owners,False,,,True,None,APC,30,0,0,0,0,0,0,0,4881633,42949672960,Team Site,prj_adateamsite-110@7rkd12.onmicrosoft.com,30
2026-08-10,8f7238b1-f5e8-4e14-82d8-c5a14fa337e8,,prj_Group Site-731016 Owners,False,,,True,None,APC,30,0,0,0,0,0,0,0,4942540,42949672960,Team Site,prj_groupsite-731016@7rkd12.onmicrosoft.com,30
2026-08-10,8f90fc79-66e0-442a-94c0-cd0f64f98363,,Admin ADB,True,,,False,None,APC,0,0,0,0,0,0,0,0,1485740,27487790694400,Team Site,Admin@7rkd12.onmicrosoft.com,30
2026-08-10,8f949710-bf03-489a-a9a1-af4cc0151131,,Admin ADB,True,,,False,None,APC,0,0,0,0,0,0,0,0,1465944,27487790694400,Team Site,Admin@7rkd12.onmicrosoft.com,30
2026-08-10,8f97a594-12b3-47af-b4f0-bb423b9fb582,,Admin ADB,True,,,False,None,APC,0,0,0,0,0,0,0,0,1486278,27487790694400,Team Site,Admin@7rkd12.onmicrosoft.com,30
2026-08-10,8fbb9fca-1dc2-4535-9e46-fd89e5af84f5,,Bonnie Test,False,,,True,None,APC,30,0,0,0,0,0,0,0,4941389,42949672960,Team Site,BonnieTest@7rkd12.onmicrosoft.com,30
2026-08-10,8fbbbc64-babf-4c32-af5d-e60030ec5bef,,Admin ADB,True,,,False,None,APC,0,0,0,0,0,0,0,0,1486223,27487790694400,Team Site,Admin@7rkd12.onmicrosoft.com,30
2026-08-10,8fcc33d9-58aa-4177-9ff1-a0a00a01d44a,,Admin ADB,False,,,False,None,APC,0,0,0,0,0,0,0,0,1485127,42949672960,Team Site,Admin@7rkd12.onmicrosoft.com,30
2026-08-10,8fcef08b-f9f6-447c-8506-d65519524441,,prj_Group Site-731073 Owners,False,,,True,None,APC,30,0,0,0,0,0,0,0,4943583,42949672960,Team Site,prj_groupsite-731073@7rkd12.onmicrosoft.com,30
2026-08-10,8fd33c19-bd40-4e17-bf83-157e11950ad9,,Admin ADB,False,,,False,None,APC,0,0,0,0,0,0,0,0,1484233,42949672960,Team Site,Admin@7rkd12.onmicrosoft.com,30
2026-08-10,8ff0cf49-4fa5-4ac5-86a8-3028dd9ee311,,Admin ADB,True,,,False,None,APC,0,0,0,0,0,0,0,0,1465909,27487790694400,Team Site,Admin@7rkd12.onmicrosoft.com,30
2026-08-10,903287dd-4122-4995-ab56-5ba29320b71c,,Admin ADB,True,,,False,None,APC,0,0,0,0,0,0,0,0,1485634,27487790694400,Team Site,Admin@7rkd12.onmicrosoft.com,30
2026-08-10,90388b19-ce7f-4129-b219-653ecee4e8db,,Admin ADB,False,,,False,None,APC,0,0,0,0,0,0,0,0,1486329,42949672960,Team Site,Admin@7rkd12.onmicrosoft.com,30
2026-08-10,90404b07-0b5a-48c1-86fc-e47b7adf1043,,Admin ADB,False,2026-06-11,,False,None,APC,5,0,0,0,0,0,0,0,1774786,42949672960,Team Site,Admin@7rkd12.onmicrosoft.com,30
2026-08-10,90646f02-1703-4196-b945-a84b38538eba,,Admin ADB,False,,,False,None,APC,0,0,0,0,0,0,0,0,1486351,42949672960,Team Site,Admin@7rkd12.onmicrosoft.com,30
2026-08-10,90753c28-44b9-42fc-a012-23ee4e6195c0,,Bonnie Test,False,,,True,None,APC,30,0,0,0,0,0,0,0,4939242,42949672960,Team Site,BonnieTest@7rkd12.onmicrosoft.com,30
2026-08-10,909064f4-c976-43d1-9b30-48fd2ad1da2d,,Admin ADB,True,,,False,None,APC,0,0,0,0,0,0,0,0,1485760,27487790694400,Team Site,Admin@7rkd12.onmicrosoft.com,30
2026-08-10,90e81ff5-c64b-4edc-b5c3-43fd8c9f4ce9,,Admin ADB,True,,,False,None,APC,0,0,0,0,0,0,0,0,1486191,27487790694400,Team Site,Admin@7rkd12.onmicrosoft.com,30
2026-08-10,91153e89-fd3f-4a5e-be91-1e00e941739e,,Admin ADB,True,,,False,None,APC,0,0,0,0,0,0,0,0,1465460,27487790694400,Team Site,Admin@7rkd12.onmicrosoft.com,30
2026-08-10,9117d09e-e3ab-46ac-a0bc-aca3a8376213,,Admin ADB,False,,,False,None,APC,0,0,0,0,0,0,0,0,1486862,42949672960,Team Site,Admin@7rkd12.onmicrosoft.com,30
2026-08-10,9161ae84-4bb2-4519-b44b-cebaa548a002,,prj_Group Site-731034 Owners,False,,,True,None,APC,30,0,0,0,0,0,0,0,4943462,42949672960,Team Site,prj_groupsite-731034@7rkd12.onmicrosoft.com,30
2026-08-10,916f7017-2d5f-43d2-8aac-4fa720585171,,Admin ADB,True,,,False,None,APC,0,0,0,0,0,0,0,0,1486233,27487790694400,Team Site,Admin@7rkd12.onmicrosoft.com,30
2026-08-10,9179b924-6e99-45bb-9ab5-0c2ba9d27bfb,,Admin ADB,True,,,False,None,APC,0,0,0,0,0,0,0,0,1485620,27487790694400,Team Site,Admin@7rkd12.onmicrosoft.com,30
2026-08-10,91a7b4e3-b51a-4974-9ac5-dbb98c4f9966,,Admin ADB,True,,,True,None,APC,30,0,0,0,0,0,0,0,4922401,42949672960,Team Site,Admin@7rkd12.onmicrosoft.com,30
2026-08-10,91c9dfea-504e-4eb0-9119-07e42df1cce5,,Admin ADB,False,,,False,None,APC,0,0,0,0,0,0,0,0,1485151,42949672960,Team Site,Admin@7rkd12.onmicrosoft.com,30
2026-08-10,92365a76-dc83-4170-8f2d-bb71eab7e16c,,Admin ADB,True,,,False,None,APC,0,0,0,0,0,0,0,0,1486252,27487790694400,Team Site,Admin@7rkd12.onmicrosoft.com,30
2026-08-10,92373c49-f4e3-47c2-a349-b21b4b98cf74,,Admin ADB,True,,,False,None,APC,0,0,0,0,0,0,0,0,1486361,27487790694400,Team Site,Admin@7rkd12.onmicrosoft.com,30
2026-08-10,923c1294-cf81-428c-99b7-3e71c8fba68c,,Admin ADB,False,,,False,None,APC,0,0,0,0,0,0,0,0,1484265,42949672960,Team Site,Admin@7rkd12.onmicrosoft.com,30
2026-08-10,924e69e4-e286-4570-990f-8f5abbffebc0,,Mihal,False,,,False,None,APC,0,0,0,0,0,0,0,0,1484315,42949672960,Team Site,Mihal@7rkd12.onmicrosoft.com,30
2026-08-10,926f2eb3-2fb7-4878-9007-273394115a74,,Mihal,False,,,False,None,APC,0,0,0,0,0,0,0,0,1484161,42949672960,Team Site,Mihal@7rkd12.onmicrosoft.com,30
2026-08-10,927316c4-5890-4cdc-8880-2fd649dfe844,,Admin ADB,True,,,False,None,APC,0,0,0,0,0,0,0,0,1485626,27487790694400,Team Site,Admin@7rkd12.onmicrosoft.com,30
2026-08-10,928ff865-214d-47c2-9383-29c7264ddc6c,,Admin ADB,False,,,True,None,APC,1,0,0,0,0,0,0,0,1964188,42949672960,Team Site,Admin@7rkd12.onmicrosoft.com,30
2026-08-10,92964c19-773b-4e0e-9c47-0e9a0369332c,,Bonnie Test,False,,,True,None,APC,30,0,0,0,0,0,0,0,4924690,42949672960,Team Site,BonnieTest@7rkd12.onmicrosoft.com,30
2026-08-10,92c7d2a5-d8ea-49b4-b870-978b8029fa18,,Bonnie Test,False,,,True,None,APC,30,0,0,0,0,0,0,0,4924125,42949672960,Team Site,BonnieTest@7rkd12.onmicrosoft.com,30
2026-08-10,92ec7d3c-bf0d-4932-8cd2-56e509ca7021,,Bonnie Test,False,2025-04-07,,True,None,APC,16,0,0,0,0,0,0,0,3675965,42949672960,Team Site,BonnieTest@7rkd12.onmicrosoft.com,30
2026-08-10,93408eac-63c3-424a-9ec6-2a170d9071c9,,Admin ADB,False,,,False,None,APC,0,0,0,0,0,0,0,0,1486415,42949672960,Team Site,Admin@7rkd12.onmicrosoft.com,30
2026-08-10,93688324-8d49-49b5-95ba-160a1224bbec,,Admin ADB,False,,,False,None,APC,0,0,0,0,0,0,0,0,1486203,42949672960,Team Site,Admin@7rkd12.onmicrosoft.com,30
2026-08-10,9371c159-1a47-43bd-80a1-3e2e3f58ecbf,,Admin ADB,True,,,False,None,APC,0,0,0,0,0,0,0,0,1465415,27487790694400,Team Site,Admin@7rkd12.onmicrosoft.com,30
2026-08-10,937c6456-82ae-4529-837a-e75d5de1506a,,Admin ADB,False,,,True,None,APC,30,0,0,0,0,0,0,0,4922104,42949672960,Team Site,Admin@7rkd12.onmicrosoft.com,30
2026-08-10,937da73f-1f68-4123-9be4-d172f871b05b,,Admin ADB,False,,,False,None,APC,0,0,0,0,0,0,0,0,1486084,42949672960,Team Site,Admin@7rkd12.onmicrosoft.com,30
2026-08-10,93ad6b58-4574-444b-8510-3230e176ed6c,,Admin ADB,False,,,False,None,APC,0,0,0,0,0,0,0,0,1485728,42949672960,Team Site,Admin@7rkd12.onmicrosoft.com,30
2026-08-10,93ba0e8d-ab7a-404e-9b7b-f0d754f4f832,,Admin ADB,True,,,False,None,APC,0,0,0,0,0,0,0,0,1465918,27487790694400,Team Site,Admin@7rkd12.onmicrosoft.com,30
2026-08-10,93cfad4d-c237-4736-ae42-a739d5bc00bb,,Admin ADB,True,,,True,None,APC,28,0,0,0,0,0,0,0,4890717,27487790694400,Team Site,Admin@7rkd12.onmicrosoft.com,30
2026-08-10,93e21d90-22ac-4ecb-ad37-566f02c0a547,,Leila Test,False,2026-06-11,,True,None,APC,17,0,0,0,0,0,0,0,3074788,42949672960,Team Site,LeilaTest@7rkd12.onmicrosoft.com,30
2026-08-10,942dd3d5-1070-4c6a-8a93-1bc52d976d37,,prj_Group Site-731063 Owners,False,2026-08-10,,True,None,APC,30,4,1,1,0,0,0,0,4943226,42949672960,Team Site,prj_groupsite-731063@7rkd12.onmicrosoft.com,30
2026-08-10,9468ffc6-977b-4603-a12e-fb9686068a2c,,Admin ADB,False,,,False,None,APC,0,0,0,0,0,0,0,0,1486295,42949672960,Team Site,Admin@7rkd12.onmicrosoft.com,30
2026-08-10,94773eed-cfc1-4a5e-aa78-0d4d6965e5c2,,Admin ADB,False,,,False,None,APC,0,0,0,0,0,0,0,0,1486383,42949672960,Team Site,Admin@7rkd12.onmicrosoft.com,30
2026-08-10,94c5eab1-b5e5-45a3-94f2-b5e173d25c48,,Admin ADB,False,,,False,None,APC,0,0,0,0,0,0,0,0,1486277,42949672960,Team Site,Admin@7rkd12.onmicrosoft.com,30
2026-08-10,94d16468-0675-43c9-9028-655faac65f9b,,Leila Test,False,2026-06-11,,True,None,APC,12,0,0,0,0,0,0,0,2267534,42949672960,Team Site,LeilaTest@7rkd12.onmicrosoft.com,30
2026-08-10,94d7909d-97ff-45fd-86ec-39ba4eb69426,,prj_Ada Team Site-139 Owners,True,,,True,None,APC,30,0,0,0,0,0,0,0,4905675,27487790694400,Team Site,prj_adateamsite-139@7rkd12.onmicrosoft.com,30
2026-08-10,94db4425-bef4-42c2-9beb-c3fa017aff8f,,Leila Test,False,2026-06-11,,True,None,APC,6,0,0,0,0,0,0,0,1353762,42949672960,Team Site,LeilaTest@7rkd12.onmicrosoft.com,30
2026-08-10,94feb5da-1061-42df-9a6a-5ee8a0aa303e,,Admin ADB,False,,,False,None,APC,0,0,0,0,0,0,0,0,1486900,42949672960,Team Site,Admin@7rkd12.onmicrosoft.com,30
2026-08-10,951bdb3f-e55f-4e1a-8984-968668e6e5bc,,Admin ADB,False,,,False,None,APC,0,0,0,0,0,0,0,0,1485916,42949672960,Team Site,Admin@7rkd12.onmicrosoft.com,30
2026-08-10,9576b1f4-97ba-4097-8619-a84767fd48ba,,Admin ADB,False,,,False,None,APC,0,0,0,0,0,0,0,0,1486756,42949672960,Team Site,Admin@7rkd12.onmicrosoft.com,30
2026-08-10,958c6985-e296-4d3e-b9d8-30d0747f8cf3,,Admin ADB,True,,,False,None,APC,0,0,0,0,0,0,0,0,1465961,27487790694400,Team Site,Admin@7rkd12.onmicrosoft.com,30
2026-08-10,959525cb-60cb-417e-ad62-a93a1cb697f9,,Admin ADB,False,,,False,None,APC,0,0,0,0,0,0,0,0,1486489,42949672960,Team Site,Admin@7rkd12.onmicrosoft.com,30
2026-08-10,95a26332-afe5-4d44-82df-655ea242c20b,,Admin ADB,False,,,True,None,APC,30,0,0,0,0,0,0,0,4924290,42949672960,Team Site,Admin@7rkd12.onmicrosoft.com,30
2026-08-10,95c16007-78b5-4bb0-acdb-beee583f4bf0,,Admin ADB,True,,,False,None,APC,0,0,0,0,0,0,0,0,1465441,27487790694400,Team Site,Admin@7rkd12.onmicrosoft.com,30
2026-08-10,961b8f8b-d06c-42cf-9c85-4c1fb3c81114,,Admin ADB,False,,,False,None,APC,0,0,0,0,0,0,0,0,1485166,42949672960,Team Site,Admin@7rkd12.onmicrosoft.com,30
2026-08-10,9652fa01-f436-4499-89a4-de732d94f08a,,prj_Team Site-731051 Owners,False,,,True,None,APC,30,0,0,0,0,0,0,0,4943336,42949672960,Team Site,prj_teamsite-731051@7rkd12.onmicrosoft.com,30
2026-08-10,9685c832-d848-4501-8bc9-958cdc1411ae,,Admin ADB,True,,,False,None,APC,0,0,0,0,0,0,0,0,1465477,27487790694400,Team Site,Admin@7rkd12.onmicrosoft.com,30
2026-08-10,96c86b96-e0b3-4770-9d6e-a35d18b5216e,,Bonnie Test,False,,,True,None,APC,30,0,0,0,0,0,0,0,4925060,42949672960,Team Site,BonnieTest@7rkd12.onmicrosoft.com,30
2026-08-10,96d58af7-eeff-4126-ae05-bd9cb0a4fba0,,Admin ADB,False,,,False,None,APC,0,0,0,0,0,0,0,0,1486365,42949672960,Team Site,Admin@7rkd12.onmicrosoft.com,30
2026-08-10,96ed6d45-caa4-4a1f-9cc4-62c589931153,,Admin ADB,False,2026-07-29,,True,None,APC,30,4,1,1,0,0,0,0,4924352,42949672960,Team Site,Admin@7rkd12.onmicrosoft.com,30
2026-08-10,96f2fc05-6647-443f-b0e5-a15936db30ef,,Admin ADB,False,,,True,None,APC,29,0,0,0,0,0,0,0,4673659,42949672960,Team Site,Admin@7rkd12.onmicrosoft.com,30
2026-08-10,96ff44ca-97cb-4fc7-b4ac-3d362cfa0461,,Admin ADB,False,,,False,None,APC,0,0,0,0,0,0,0,0,1484351,42949672960,Team Site,Admin@7rkd12.onmicrosoft.com,30
2026-08-10,97147060-79a4-4e0c-acde-5cd84850a313,,Admin ADB,False,2026-07-29,,True,None,APC,30,4,1,1,0,0,0,0,4924399,42949672960,Team Site,Admin@7rkd12.onmicrosoft.com,30
2026-08-10,975c7b8b-e46d-492a-a485-d87b42f05574,,Admin ADB,False,,,False,None,APC,0,0,0,0,0,0,0,0,1485853,42949672960,Team Site,Admin@7rkd12.onmicrosoft.com,30
2026-08-10,976cf9c4-a3a8-48bf-9609-8fc258e458f5,,prj_Ada Team Site-128 Owners,True,,,True,None,APC,30,0,0,0,0,0,0,0,4905779,27487790694400,Team Site,prj_adateamsite-128@7rkd12.onmicrosoft.com,30
2026-08-10,976e9d20-88d7-4b3b-b2ae-a54b85ac235f,,Admin ADB,True,,,False,None,APC,0,0,0,0,0,0,0,0,1485654,27487790694400,Team Site,Admin@7rkd12.onmicrosoft.com,30
2026-08-10,978876c0-1b89-4d1e-852e-52edf84faaf3,,Admin ADB,True,,,False,None,APC,0,0,0,0,0,0,0,0,1465454,27487790694400,Team Site,Admin@7rkd12.onmicrosoft.com,30
2026-08-10,9789a9a0-ba6f-4224-a38f-d542dacbbf8b,,Admin ADB,True,,,False,None,APC,0,0,0,0,0,0,0,0,1465387,27487790694400,Team Site,Admin@7rkd12.onmicrosoft.com,30
2026-08-10,97dae74e-8764-42dc-b77c-d8da405cd42f,,Bonnie Test,False,,,True,None,APC,30,0,0,0,0,0,0,0,4906881,42949672960,Team Site,BonnieTest@7rkd12.onmicrosoft.com,30
2026-08-10,9802894d-8849-4f49-9d0a-eb26ad5e0864,,Admin ADB,False,,,False,None,APC,0,0,0,0,0,0,0,0,1486502,42949672960,Team Site,Admin@7rkd12.onmicrosoft.com,30
2026-08-10,981f1ea0-e493-4568-adbd-22d6d662c1c3,,Admin ADB,False,,,False,None,APC,0,0,0,0,0,0,0,0,1485995,42949672960,Team Site,Admin@7rkd12.onmicrosoft.com,30
2026-08-10,983d3a98-6b2b-43c1-af96-8e35a8d38e8d,,Admin ADB,False,,,False,None,APC,0,0,0,0,0,0,0,0,1486447,42949672960,Team Site,Admin@7rkd12.onmicrosoft.com,30
2026-08-10,984f09c7-3eed-43ea-b750-62ec0fce855a,,prj_Team Site-731093 Owners,False,,,True,None,APC,30,0,0,0,0,0,0,0,4958430,42949672960,Team Site,prj_teamsite-731093@7rkd12.onmicrosoft.com,30
2026-08-10,98672463-841b-4ce7-97e6-fbca0c350498,,Admin ADB,True,,,False,None,APC,0,0,0,0,0,0,0,0,1465932,27487790694400,Team Site,Admin@7rkd12.onmicrosoft.com,30
2026-08-10,987bf323-ba92-45d6-88d6-3cd02411c576,,Admin ADB,False,,,False,None,APC,0,0,0,0,0,0,0,0,1486916,42949672960,Team Site,Admin@7rkd12.onmicrosoft.com,30
2026-08-10,988e9889-a397-4ca3-badc-8d1d76b9b777,,Admin ADB,False,,,False,None,APC,0,0,0,0,0,0,0,0,1486312,42949672960,Team Site,Admin@7rkd12.onmicrosoft.com,30
2026-08-10,98b5524a-4530-4190-af89-99fc8e3c2f1f,,Admin ADB,True,,,False,None,APC,0,0,0,0,0,0,0,0,1486255,27487790694400,Team Site,Admin@7rkd12.onmicrosoft.com,30
2026-08-10,98ebf1bc-4033-4bb6-ac4c-e1eeb3827c06,,prj_Ada Team Site-055 Owners,True,,,True,None,APC,30,0,0,0,0,0,0,0,4923776,27487790694400,Team Site,prj_adateamsite-055@7rkd12.onmicrosoft.com,30
2026-08-10,9904bc3c-2644-4a6e-a4e6-fc9f943de654,,Admin ADB,False,,,False,None,APC,0,0,0,0,0,0,0,0,1486467,42949672960,Team Site,Admin@7rkd12.onmicrosoft.com,30
2026-08-10,991722d3-6c19-4c77-8799-9555739f76db,,Admin ADB,False,2026-07-29,,True,None,APC,30,4,1,1,0,0,0,0,4924781,42949672960,Team Site,Admin@7rkd12.onmicrosoft.com,30
2026-08-10,991f9ef9-7ae2-4385-8ba5-761b0731400e,,Admin ADB,False,,,False,None,APC,0,0,0,0,0,0,0,0,1486957,42949672960,Team Site,Admin@7rkd12.onmicrosoft.com,30
2026-08-10,9959b74f-3ceb-438b-9596-e66fc111bd61,,Admin ADB,False,,,False,None,APC,0,0,0,0,0,0,0,0,1486480,42949672960,Team Site,Admin@7rkd12.onmicrosoft.com,30
2026-08-10,99701f63-87af-4996-8f94-ee100a63a262,,Admin ADB,True,,,False,None,APC,0,0,0,0,0,0,0,0,1465950,27487790694400,Team Site,Admin@7rkd12.onmicrosoft.com,30
2026-08-10,99c6c909-5b5a-457b-b58e-1cd4d8adcee8,,prj_Ada Group Site-181 Owners,False,2026-07-29,,True,None,APC,30,4,1,1,0,0,0,0,4883912,42949672960,Team Site,prj_adagroupsite-181@7rkd12.onmicrosoft.com,30
2026-08-10,99cd9620-5cac-47f9-a245-f860d88a622c,,Admin ADB,True,,,False,None,APC,0,0,0,0,0,0,0,0,1486276,27487790694400,Team Site,Admin@7rkd12.onmicrosoft.com,30
2026-08-10,99f4d48a-7fa6-4fb9-9a55-91066122f0ba,,prj_Team Site-731006 Owners,False,,,True,None,APC,30,0,0,0,0,0,0,0,4939157,42949672960,Team Site,prj_teamsite-731006@7rkd12.onmicrosoft.com,30
2026-08-10,9a0dc918-0984-4bd3-bd39-3778e8825a0e,,Admin ADB,True,,,False,None,APC,0,0,0,0,0,0,0,0,1465895,27487790694400,Team Site,Admin@7rkd12.onmicrosoft.com,30
2026-08-10,9a62d26e-0f35-4192-9dc5-ed32e80f57eb,,Admin ADB,True,,,False,None,APC,0,0,0,0,0,0,0,0,1486273,27487790694400,Team Site,Admin@7rkd12.onmicrosoft.com,30
2026-08-10,9a6ea73b-b760-4100-a28c-c3beaab75b2a,,Admin ADB,True,,,False,None,APC,0,0,0,0,0,0,0,0,1466083,27487790694400,Team Site,Admin@7rkd12.onmicrosoft.com,30
2026-08-10,9a7e04ef-6ca4-456d-8ecc-d5e20a682126,,Admin ADB,True,,,True,None,APC,30,0,0,0,0,0,0,0,4922088,42949672960,Team Site,Admin@7rkd12.onmicrosoft.com,30
2026-08-10,9a8a1623-fa72-4a42-9aa3-4afe0e85a021,,Admin ADB,True,,,False,None,APC,0,0,0,0,0,0,0,0,1466007,27487790694400,Team Site,Admin@7rkd12.onmicrosoft.com,30
2026-08-10,9a94166f-932f-440d-aa03-45511efdf60e,,Admin ADB,False,,,False,None,APC,0,0,0,0,0,0,0,0,1485914,42949672960,Team Site,Admin@7rkd12.onmicrosoft.com,30
2026-08-10,9aca5eb5-b662-469e-ab72-7c6700a2a58a,,Admin ADB,False,,,False,None,APC,0,0,0,0,0,0,0,0,1485824,42949672960,Team Site,Admin@7rkd12.onmicrosoft.com,30
2026-08-10,9b30eb1a-10ca-43ff-967a-83621850dd14,,Admin ADB,True,,,False,None,APC,0,0,0,0,0,0,0,0,1485645,27487790694400,Team Site,Admin@7rkd12.onmicrosoft.com,30
2026-08-10,9b5e7977-e299-4941-80a7-66fa887df739,,Admin ADB,False,,,False,None,APC,0,0,0,0,0,0,0,0,1486654,42949672960,Team Site,Admin@7rkd12.onmicrosoft.com,30
2026-08-10,9b6e2d8c-7cd9-4cb5-9d97-b673f3a86d15,,Admin ADB,False,,,True,None,APC,29,0,0,0,0,0,0,0,4673831,42949672960,Team Site,Admin@7rkd12.onmicrosoft.com,30
2026-08-10,9b752295-7644-4765-a02a-551680d0c986,,Admin ADB,True,,,False,None,APC,0,0,0,0,0,0,0,0,1466007,27487790694400,Team Site,Admin@7rkd12.onmicrosoft.com,30
2026-08-10,9b7da87d-b55d-4388-bbf3-fc5a72952941,,prj_Team Site-731023 Owners,False,,,True,None,APC,30,0,0,0,0,0,0,0,4943626,42949672960,Team Site,prj_teamsite-731023@7rkd12.onmicrosoft.com,30
2026-08-10,9ba4a26c-b7b8-4d07-b71d-450bbf881709,,Admin ADB,True,,,False,None,APC,0,0,0,0,0,0,0,0,1485583,27487790694400,Team Site,Admin@7rkd12.onmicrosoft.com,30
2026-08-10,9bcb273a-96e8-439c-9179-2485f61c10a3,,Admin ADB,False,,,False,None,APC,0,0,0,0,0,0,0,0,1486596,42949672960,Team Site,Admin@7rkd12.onmicrosoft.com,30
2026-08-10,9bdab171-692c-4d6d-891a-b014d244be2d,,prj_MihalTeamsite 185 Owners,False,,,True,None,APC,30,0,0,0,0,0,0,0,4941175,42949672960,Team Site,prj_mihalteamsite-185@7rkd12.onmicrosoft.com,30
2026-08-10,9be4d67f-dcd5-4b36-8882-9e878a7dea06,,Admin ADB,True,,,False,None,APC,0,0,0,0,0,0,0,0,1486303,27487790694400,Team Site,Admin@7rkd12.onmicrosoft.com,30
2026-08-10,9bf8e612-7173-4027-bd9f-7cca03424734,,Bonnie Test,False,,,True,None,APC,30,0,0,0,0,0,0,0,4939618,42949672960,Team Site,BonnieTest@7rkd12.onmicrosoft.com,30
2026-08-10,9c454f81-ca94-4228-a57f-332da89efce6,,Admin ADB,False,,,False,None,APC,0,0,0,0,0,0,0,0,1485925,42949672960,Team Site,Admin@7rkd12.onmicrosoft.com,30
2026-08-10,9c5288cc-a6cd-4c9f-87dd-be5a10442a77,,Leila Test,False,2026-06-10,,True,None,APC,16,0,0,0,0,0,0,0,3043373,1099511627776,Team Site,LeilaTest@7rkd12.onmicrosoft.com,30
2026-08-10,9c6649d8-adf0-43a6-8dd4-71ee0ee8226e,,prj_Ada Team Site-071 Owners,False,2026-07-29,,True,None,APC,30,4,3,2,0,0,0,0,4881118,42949672960,Team Site,prj_adateamsite-071@7rkd12.onmicrosoft.com,30
2026-08-10,9c78b7f2-0d4e-409e-88b9-8955157fd8d9,,Bonnie Test,False,,,True,None,APC,30,0,0,0,0,0,0,0,4924204,42949672960,Team Site,BonnieTest@7rkd12.onmicrosoft.com,30
2026-08-10,9c7d172b-8263-47d9-ad16-24d2312af8f3,,prj_Ada Team Site-063 Owners,True,2026-07-29,,True,None,APC,30,4,1,1,0,0,0,0,4921918,27487790694400,Team Site,prj_adateamsite-063@7rkd12.onmicrosoft.com,30
2026-08-10,9c9a9a7a-a13a-46b6-8dbe-5fa0e54d68c4,,Admin ADB,False,,,False,None,APC,0,0,0,0,0,0,0,0,1486115,42949672960,Team Site,Admin@7rkd12.onmicrosoft.com,30
2026-08-10,9ca7d3ae-0473-4e28-9523-fd4f7158725c,,Adele Vance,False,,,False,None,APC,0,0,0,0,0,0,0,0,1765747,42949672960,Team Site,AdeleV@7rkd12.onmicrosoft.com,30
2026-08-10,9cd7a42b-9eab-4ec5-a70f-412e98a1b0d3,,Admin ADB,False,,,True,None,APC,30,0,0,0,0,0,0,0,4939556,42949672960,Team Site,Admin@7rkd12.onmicrosoft.com,30
2026-08-10,9ce3bfdc-cef7-4959-a09f-24142769c81b,,Admin ADB,False,,,False,None,APC,0,0,0,0,0,0,0,0,1485676,42949672960,Team Site,Admin@7rkd12.onmicrosoft.com,30
2026-08-10,9d24b829-0608-4742-894c-48d142d19175,,Admin ADB,False,,,False,None,APC,0,0,0,0,0,0,0,0,1486351,42949672960,Team Site,Admin@7rkd12.onmicrosoft.com,30
2026-08-10,9d2d50ee-aeb3-46b3-aaef-eb5bd0f563de,,Leila Test,False,2026-06-11,,True,None,APC,20,0,0,0,0,0,0,0,2010106,42949672960,Team Site,LeilaTest@7rkd12.onmicrosoft.com,30
2026-08-10,9d52f478-0e56-49b9-bb0f-55b2d34e807f,,Admin ADB,True,,,False,None,APC,0,0,0,0,0,0,0,0,1486295,27487790694400,Team Site,Admin@7rkd12.onmicrosoft.com,30
2026-08-10,9db2eba0-b710-4b01-a611-2d7f487a95c0,,prj_Group Site-731082 Owners,False,,,True,None,APC,30,0,0,0,0,0,0,0,4943488,42949672960,Team Site,prj_groupsite-731082@7rkd12.onmicrosoft.com,30
2026-08-10,9dcb51b1-f16e-4046-a389-bb18052f1400,,Bonnie Test,False,,,True,None,APC,30,0,0,0,0,0,0,0,4925026,42949672960,Team Site,BonnieTest@7rkd12.onmicrosoft.com,30
2026-08-10,9dcfad98-6731-412b-be9f-48dc80dfdbf4,,Admin ADB,False,,,False,None,APC,0,0,0,0,0,0,0,0,1486219,42949672960,Team Site,Admin@7rkd12.onmicrosoft.com,30
2026-08-10,9df6cf7b-cf1c-4bf0-8707-31bfe76f99e8,,Admin ADB,True,,,False,None,APC,0,0,0,0,0,0,0,0,1465504,27487790694400,Team Site,Admin@7rkd12.onmicrosoft.com,30
2026-08-10,9df8ddd2-5821-4ca9-a126-5da9932c4c49,,Admin ADB,True,,,False,None,APC,0,0,0,0,0,0,0,0,1486145,27487790694400,Team Site,Admin@7rkd12.onmicrosoft.com,30
2026-08-10,9e0f18cf-cee2-4499-ba8c-edc866d6a120,,Admin ADB,False,2026-05-08,,True,None,APC,5,0,0,0,0,0,0,0,2159221,42949672960,Team Site,Admin@7rkd12.onmicrosoft.com,30
2026-08-10,9e4b4499-6138-49a9-9c56-e79c1113b7d4,,Alex Wilber,False,,,True,None,APC,29,0,0,0,0,0,0,0,4578927,42949672960,Team Site,AlexW@7rkd12.onmicrosoft.com,30
2026-08-10,9e70cfd9-137a-4463-9c05-8ba99c3bd65b,,Admin ADB,True,,,False,None,APC,0,0,0,0,0,0,0,0,1486295,27487790694400,Team Site,Admin@7rkd12.onmicrosoft.com,30
2026-08-10,9e8939e6-31d9-454f-8622-1144c91077d4,,Admin ADB,False,,,False,None,APC,0,0,0,0,0,0,0,0,1486532,42949672960,Team Site,Admin@7rkd12.onmicrosoft.com,30
2026-08-10,9e8cfc72-431a-47ae-82b8-7c7215d60fa7,,Admin ADB,False,,,True,None,APC,30,0,0,0,0,0,0,0,4924282,42949672960,Team Site,Admin@7rkd12.onmicrosoft.com,30
2026-08-10,9eafcd7b-b1e1-4f85-88d6-30e9c89f8a6f,,Leila Test,False,2026-06-10,,True,None,APC,27,0,0,0,0,0,0,0,4618323,1099511627776,Team Site,LeilaTest@7rkd12.onmicrosoft.com,30
2026-08-10,9ec64d35-4312-4127-960d-81f7dee9f6c0,,Admin ADB,False,,,False,None,APC,0,0,0,0,0,0,0,0,1486376,42949672960,Team Site,Admin@7rkd12.onmicrosoft.com,30
2026-08-10,9f0d45eb-0ba6-4475-a813-4a9dea02d59f,,prj_MihalTeamsite 201 Owners,False,,,True,None,APC,30,0,0,0,0,0,0,0,4941692,42949672960,Team Site,prj_mihalteamsite-201@7rkd12.onmicrosoft.com,30
2026-08-10,9f377b7e-2bda-4bbc-8a0e-af8891d23f90,,Admin ADB,True,,,False,None,APC,0,0,0,0,0,0,0,0,1465320,27487790694400,Team Site,Admin@7rkd12.onmicrosoft.com,30
2026-08-10,9f51e785-755d-4777-ba3a-a598f8cbb750,,Admin ADB,True,,,False,None,APC,0,0,0,0,0,0,0,0,1486182,27487790694400,Team Site,Admin@7rkd12.onmicrosoft.com,30
2026-08-10,9faf1927-48d2-4cb7-b0f3-fdf43b12e3c6,,Bonnie Test,False,,,True,None,APC,30,0,0,0,0,0,0,0,4940079,42949672960,Team Site,BonnieTest@7rkd12.onmicrosoft.com,30
2026-08-10,9ffc466d-5ebf-462d-b13d-70a09e5fd162,,Admin ADB,False,,,False,None,APC,0,0,0,0,0,0,0,0,1486393,42949672960,Team Site,Admin@7rkd12.onmicrosoft.com,30
2026-08-10,a004a150-f430-442a-8be5-c7965cff8292,,Admin ADB,True,,,False,None,APC,0,0,0,0,0,0,0,0,1485607,27487790694400,Team Site,Admin@7rkd12.onmicrosoft.com,30
2026-08-10,a014b614-96d8-44c8-bdfb-8081202936f4,,Mihal,False,,,False,None,APC,0,0,0,0,0,0,0,0,1484804,42949672960,Team Site,Mihal@7rkd12.onmicrosoft.com,30
2026-08-10,a017667e-502a-4c4c-a629-c88e7d621df3,,Bonnie Test,False,,,True,None,APC,30,0,0,0,0,0,0,0,4924145,42949672960,Team Site,BonnieTest@7rkd12.onmicrosoft.com,30
2026-08-10,a03f3c26-5fe0-48b6-99d0-abca349cb5f3,,Admin ADB,True,,,True,None,APC,30,0,0,0,0,0,0,0,4905378,27487790694400,Team Site,Admin@7rkd12.onmicrosoft.com,30
2026-08-10,a044553d-fbf0-4c62-9310-a51e5ef1a723,,Admin ADB,False,,,False,None,APC,0,0,0,0,0,0,0,0,1484771,42949672960,Team Site,Admin@7rkd12.onmicrosoft.com,30
2026-08-10,a0805131-964a-4624-a652-30e7f6141490,,Admin ADB,True,,,False,None,APC,0,0,0,0,0,0,0,0,1466062,27487790694400,Team Site,Admin@7rkd12.onmicrosoft.com,30
2026-08-10,a089270c-6de8-480d-9766-03224eabf108,,Admin ADB,True,,,False,None,APC,0,0,0,0,0,0,0,0,1466117,27487790694400,Team Site,Admin@7rkd12.onmicrosoft.com,30
2026-08-10,a0916874-319c-4745-8ee8-9ce3def07676,,Admin ADB,False,,,False,None,APC,0,0,0,0,0,0,0,0,1485924,42949672960,Team Site,Admin@7rkd12.onmicrosoft.com,30
2026-08-10,a0ba0e29-970b-4422-b26e-efc5a130c0cd,,prj_MihalGroupsite-008 Owners,False,,,True,None,APC,1,0,0,0,0,0,0,0,1490847,42949672960,Team Site,prj_mihalgroupsite-008@7rkd12.onmicrosoft.com,30
2026-08-10,a0c5518e-3467-4846-832c-c9c388c3a22e,,Global Administrator,False,2026-07-31,,False,None,APC,10,0,10,3,0,0,0,0,2450614,27487790694400,Team Site,,30
2026-08-10,a0fae74b-dc0b-4a1e-8847-2ad39a213aa5,,Admin ADB,False,,,False,None,APC,0,0,0,0,0,0,0,0,1485332,42949672960,Team Site,Admin@7rkd12.onmicrosoft.com,30
2026-08-10,a10d75d3-b0cc-4078-b7f9-ea96e04dc4a7,,Admin ADB,False,2026-07-29,,True,None,APC,20,4,1,1,0,0,0,0,4467940,42949672960,Team Site,Admin@7rkd12.onmicrosoft.com,30
2026-08-10,a1177f59-ed8f-4ce5-a70c-eb0c29e5fe55,,Admin ADB,False,,,False,None,APC,0,0,0,0,0,0,0,0,1485997,42949672960,Team Site,Admin@7rkd12.onmicrosoft.com,30
2026-08-10,a11ad929-db8a-4798-81ec-fb02a5bb43db,,Admin ADB,False,,,False,None,APC,0,0,0,0,0,0,0,0,1486068,42949672960,Team Site,Admin@7rkd12.onmicrosoft.com,30
2026-08-10,a11d7fd2-7e6d-4e55-9e4a-34c8ddeb8d12,,Admin ADB,False,,,True,None,APC,30,0,0,0,0,0,0,0,4906651,42949672960,Team Site,Admin@7rkd12.onmicrosoft.com,30
2026-08-10,a128d443-c032-4154-b56b-876db0ee537a,,Admin ADB,True,,,False,None,APC,0,0,0,0,0,0,0,0,1485827,27487790694400,Team Site,Admin@7rkd12.onmicrosoft.com,30
2026-08-10,a15ce286-2a66-478e-a625-6f4e3035184e,,Leila Test,False,2026-07-10,,True,None,APC,16,0,0,0,0,0,0,0,3143303,42949672960,Team Site,LeilaTest@7rkd12.onmicrosoft.com,30
2026-08-10,a15f2e0c-7bc0-4680-9298-95ffeb2d30a0,,Leila Test,False,2026-06-10,,True,None,APC,58,0,0,0,0,0,0,0,8473433,1099511627776,Team Site,LeilaTest@7rkd12.onmicrosoft.com,30
2026-08-10,a166aa1f-7d20-4561-87db-f6673956cbf6,,Admin ADB,False,2026-08-10,,True,None,APC,43,4,2,2,0,0,0,0,24663539,42949672960,Team Site,Admin@7rkd12.onmicrosoft.com,30
2026-08-10,a1964f01-be98-4b05-85cb-df26f6ff8bc2,,prj_Group Site-731085 Owners,False,,,True,None,APC,30,0,0,0,0,0,0,0,4943448,42949672960,Team Site,prj_groupsite-731085@7rkd12.onmicrosoft.com,30
2026-08-10,a198f744-ea56-47df-9bdc-39423d17aa2a,,Admin ADB,True,,,False,None,APC,0,0,0,0,0,0,0,0,1485766,27487790694400,Team Site,Admin@7rkd12.onmicrosoft.com,30
2026-08-10,a1cfd593-c0a1-4d34-a870-3f0213a6cfef,,Admin ADB,False,2025-07-16,,True,None,APC,16,0,0,0,0,0,0,0,2938746,42949672960,Team Site,Admin@7rkd12.onmicrosoft.com,30
2026-08-10,a1e7682c-fb87-4823-b18d-46bb8232b0bb,,prj_MihalTeamsite 207 Owners,False,,,True,None,APC,30,0,0,0,0,0,0,0,4939552,42949672960,Team Site,prj_mihalteamsite-207@7rkd12.onmicrosoft.com,30
2026-08-10,a1eb5691-7343-4cbc-b83b-c51b3e6e7452,,Admin ADB,False,,,False,None,APC,0,0,0,0,0,0,0,0,1486333,42949672960,Team Site,Admin@7rkd12.onmicrosoft.com,30
2026-08-10,a1fd11ae-a3f6-418a-a7f3-7cfceafb89b9,,Bonnie Test,False,,,True,None,APC,30,0,0,0,0,0,0,0,4924596,42949672960,Team Site,BonnieTest@7rkd12.onmicrosoft.com,30
2026-08-10,a201bcab-ad63-45f2-bae0-78ecd7647b6b,,Admin ADB,False,,,False,None,APC,0,0,0,0,0,0,0,0,1486476,42949672960,Team Site,Admin@7rkd12.onmicrosoft.com,30
2026-08-10,a20d549e-62e6-42c3-b78b-f1b7b51a4d40,,prj_Team Site-731003 Owners,False,,,True,None,APC,30,0,0,0,0,0,0,0,4942814,42949672960,Team Site,prj_teamsite-731003@7rkd12.onmicrosoft.com,30
2026-08-10,a248633e-c9b9-4b5e-8849-3cba01036bf1,,Admin ADB,False,,,False,None,APC,0,0,0,0,0,0,0,0,1486309,42949672960,Team Site,Admin@7rkd12.onmicrosoft.com,30
2026-08-10,a24f83e1-ef30-49b0-8e60-4a388373bb53,,Leila Test,True,2026-02-13,,True,None,APC,19,0,0,0,0,0,0,0,5685727,1099511627776,Team Site,LeilaTest@7rkd12.onmicrosoft.com,30
2026-08-10,a252fa78-8d1a-495a-b2b0-3835098d71d2,,Admin ADB,False,,,False,None,APC,0,0,0,0,0,0,0,0,1486298,42949672960,Team Site,Admin@7rkd12.onmicrosoft.com,30
2026-08-10,a2631f32-4175-4fbf-a267-0c658379e5aa,,Admin ADB,True,,,False,None,APC,0,0,0,0,0,0,0,0,1466025,27487790694400,Team Site,Admin@7rkd12.onmicrosoft.com,30
2026-08-10,a2654f5c-73d1-4a20-bcc6-0ded6aa9268d,,Admin ADB,True,,,False,None,APC,0,0,0,0,0,0,0,0,1486204,27487790694400,Team Site,Admin@7rkd12.onmicrosoft.com,30
2026-08-10,a2aa613d-0cae-439c-a342-2b56233c019c,,prj_Ada Team Site-059 Owners,True,2026-07-29,,True,None,APC,30,4,1,1,0,0,0,0,4893996,27487790694400,Team Site,prj_adateamsite-059@7rkd12.onmicrosoft.com,30
2026-08-10,a2df21ce-1117-47d1-8db9-f6b954252e34,,Admin ADB,False,,,False,None,APC,0,0,0,0,0,0,0,0,1486405,42949672960,Team Site,Admin@7rkd12.onmicrosoft.com,30
2026-08-10,a30564e2-dfcb-4b9f-af44-5d39ab7b82e8,,Admin ADB,False,,,False,None,APC,0,0,0,0,0,0,0,0,1485968,42949672960,Team Site,Admin@7rkd12.onmicrosoft.com,30
2026-08-10,a32873b7-69d3-4dde-85cd-0a1e03bd6136,,prj_Team Site-731073 Owners,False,,,True,None,APC,30,0,0,0,0,0,0,0,4941149,42949672960,Team Site,prj_teamsite-731073@7rkd12.onmicrosoft.com,30
2026-08-10,a37e2e2d-50ee-4adf-be89-cf795396a8bf,,prj_Team Site-731076 Owners,False,,,True,None,APC,30,0,0,0,0,0,0,0,4943253,42949672960,Team Site,prj_teamsite-731076@7rkd12.onmicrosoft.com,30
2026-08-10,a3b99456-3291-4f2f-9da2-990ef9b6aed3,,Admin ADB,True,,,True,None,APC,30,0,0,0,0,0,0,0,4920004,42949672960,Team Site,Admin@7rkd12.onmicrosoft.com,30
2026-08-10,a3e0de77-6ec9-4c21-918c-279284d7f2eb,,Admin ADB,False,,,False,None,APC,0,0,0,0,0,0,0,0,1486599,42949672960,Team Site,Admin@7rkd12.onmicrosoft.com,30
2026-08-10,a3e183c1-fdda-412a-b2a8-b376d97a9947,,prj_MihalTeamsite 202 Owners,False,,,True,None,APC,30,0,0,0,0,0,0,0,4941305,42949672960,Team Site,prj_mihalteamsite-202@7rkd12.onmicrosoft.com,30
2026-08-10,a4237736-788e-46ae-a693-c3ae00d6fdc9,,Leila Test,False,2026-06-10,,True,None,APC,14,0,0,0,0,0,0,0,2343192,1099511627776,Team Site,LeilaTest@7rkd12.onmicrosoft.com,30
2026-08-10,a4272a3e-fd65-41aa-8c40-8aa2a80b2803,,prj_Team Site-731050 Owners,False,,,True,None,APC,30,0,0,0,0,0,0,0,4938786,42949672960,Team Site,prj_teamsite-731050@7rkd12.onmicrosoft.com,30
2026-08-10,a45e83d5-7007-42de-9d50-96893240bfbd,,Admin ADB,False,,,False,None,APC,0,0,0,0,0,0,0,0,1485887,42949672960,Team Site,Admin@7rkd12.onmicrosoft.com,30
2026-08-10,a4a4463a-bca8-4831-8fb8-3ca5a874753e,,prj_Group Site-731069 Owners,False,,,True,None,APC,30,0,0,0,0,0,0,0,4943168,42949672960,Team Site,prj_groupsite-731069@7rkd12.onmicrosoft.com,30
2026-08-10,a4abda1f-0825-4548-9487-7c1ac878289c,,Admin ADB,False,,,False,None,APC,0,0,0,0,0,0,0,0,1486427,42949672960,Team Site,Admin@7rkd12.onmicrosoft.com,30
2026-08-10,a4c118b2-d8e1-4de1-8587-d75c0c480843,,Admin ADB,False,,,True,None,APC,30,0,0,0,0,0,0,0,4939807,42949672960,Team Site,Admin@7rkd12.onmicrosoft.com,30
2026-08-10,a4c19a97-2468-4f96-b884-64896b58ce4f,,Admin ADB,False,,,True,None,APC,30,0,0,0,0,0,0,0,4938085,42949672960,Team Site,Admin@7rkd12.onmicrosoft.com,30
2026-08-10,a4d77da4-0235-4c45-923e-2ed295961d25,,Admin ADB,True,,,False,None,APC,0,0,0,0,0,0,0,0,1485667,27487790694400,Team Site,Admin@7rkd12.onmicrosoft.com,30
2026-08-10,a4e58631-cdc5-407b-9ea6-cff9f32e3325,,Admin ADB,False,,,True,None,APC,30,0,0,0,0,0,0,0,4939923,42949672960,Team Site,Admin@7rkd12.onmicrosoft.com,30
2026-08-10,a4fa5e99-c7f7-408e-9cb2-fac12b2c20be,,Mihal,False,,,False,None,APC,0,0,0,0,0,0,0,0,1484915,42949672960,Team Site,Mihal@7rkd12.onmicrosoft.com,30
2026-08-10,a51631c3-5578-4a52-895d-ade0981eb427,,Leila Test,False,2026-07-09,,False,None,APC,3,0,0,0,0,0,0,0,1922855,42949672960,Team Site,LeilaTest@7rkd12.onmicrosoft.com,30
2026-08-10,a53fdb60-4751-4361-bc61-ecdfa98c6341,,prj_Team Site-731074 Owners,False,,,True,None,APC,30,0,0,0,0,0,0,0,4941113,42949672960,Team Site,prj_teamsite-731074@7rkd12.onmicrosoft.com,30
2026-08-10,a5503e57-5a76-45d2-8333-2af87149e8f7,,Admin ADB,False,,,False,None,APC,0,0,0,0,0,0,0,0,1486977,42949672960,Team Site,Admin@7rkd12.onmicrosoft.com,30
2026-08-10,a560a193-78c3-4e2e-af2f-9f152ccc7a78,,prj_MihalGroupsite-004 Owners,False,,,True,None,APC,30,0,0,0,0,0,0,0,4926690,42949672960,Team Site,prj_mihalgroupsite-004@7rkd12.onmicrosoft.com,30
2026-08-10,a568ca93-712c-4619-8b04-9575828de48e,,Admin ADB,False,,,False,None,APC,0,0,0,0,0,0,0,0,1486253,42949672960,Team Site,Admin@7rkd12.onmicrosoft.com,30
2026-08-10,a5772e26-a8bb-457e-bb3c-c222c5486834,,prj_MihalTeamsite 213 Owners,False,,,True,None,APC,30,0,0,0,0,0,0,0,4941619,42949672960,Team Site,prj_mihalteamsite-213@7rkd12.onmicrosoft.com,30
2026-08-10,a59a0e94-32a9-45b3-b853-52f20be70897,,Admin ADB,True,,,False,None,APC,0,0,0,0,0,0,0,0,1465444,27487790694400,Team Site,Admin@7rkd12.onmicrosoft.com,30
2026-08-10,a5cea7fb-63a5-484e-8bab-d9af73f0c15c,,Admin ADB,False,,,False,None,APC,0,0,0,0,0,0,0,0,1486518,42949672960,Team Site,Admin@7rkd12.onmicrosoft.com,30
2026-08-10,a5cfb06a-9591-4d03-85f3-88525ab865fe,,SharePoint App,False,,,False,None,APC,11,0,0,0,0,0,0,0,30075010,42949672960,Team Site,,30
2026-08-10,a5f457c5-83dd-49a6-867e-4691e3b88abd,,Admin ADB,False,,,False,None,APC,0,0,0,0,0,0,0,0,1486922,42949672960,Team Site,Admin@7rkd12.onmicrosoft.com,30
2026-08-10,a603efa8-1b4d-46e3-a728-2309b2611006,,prj_Ada Team Site-210 Owners,True,,,True,None,APC,30,0,0,0,0,0,0,0,4904085,27487790694400,Team Site,prj_adateamsite-210@7rkd12.onmicrosoft.com,30
2026-08-10,a68c55ca-c0f6-4da9-8961-9a91bc0a4f36,,Admin ADB,False,,,True,None,APC,30,0,0,0,0,0,0,0,4939068,42949672960,Team Site,Admin@7rkd12.onmicrosoft.com,30
2026-08-10,a694b152-51e5-4bb3-84c1-ec46f2bd5648,,displayname067 Owners,False,,,True,None,APC,30,0,0,0,0,0,0,0,4882149,42949672960,Team Site,alias067@7rkd12.onmicrosoft.com,30
2026-08-10,a6a44165-b0da-4c56-92fd-e846ce594b9a,,Admin ADB,True,,,False,None,APC,0,0,0,0,0,0,0,0,1465923,27487790694400,Team Site,Admin@7rkd12.onmicrosoft.com,30
2026-08-10,a6b35855-7a68-4d3f-8d45-22a9818b800f,,Admin ADB,False,,,False,None,APC,0,0,0,0,0,0,0,0,1486513,42949672960,Team Site,Admin@7rkd12.onmicrosoft.com,30
2026-08-10,a6cc3fa6-659d-40fe-87db-7d6c7b4d3cf1,,Admin ADB,False,,,True,None,APC,30,0,0,0,0,0,0,0,4939467,42949672960,Team Site,Admin@7rkd12.onmicrosoft.com,30
2026-08-10,a6df751a-f3ba-43c9-812f-45fabea16652,,Admin ADB,False,,,False,None,APC,0,0,0,0,0,0,0,0,1484506,42949672960,Team Site,Admin@7rkd12.onmicrosoft.com,30
2026-08-10,a7052118-6289-4faf-9e6d-ddc17676bf9c,,Admin ADB,False,,,False,None,APC,0,0,0,0,0,0,0,0,1486335,42949672960,Team Site,Admin@7rkd12.onmicrosoft.com,30
2026-08-10,a739df95-c758-41e7-9c33-0fb99fae874c,,Admin ADB,False,2026-02-09,,True,None,APC,10,0,0,0,0,0,0,0,3871923,42949672960,Team Site,Admin@7rkd12.onmicrosoft.com,30
2026-08-10,a767b763-86d0-4028-b4c3-4ccb681c1bd6,,Admin ADB,False,,,False,None,APC,0,0,0,0,0,0,0,0,1486310,42949672960,Team Site,Admin@7rkd12.onmicrosoft.com,30
2026-08-10,a768f38a-973a-45e2-8743-fb037b2d2421,,Admin ADB,True,,,False,None,APC,0,0,0,0,0,0,0,0,1465370,27487790694400,Team Site,Admin@7rkd12.onmicrosoft.com,30
2026-08-10,a7cdf9a3-26a6-445f-a0f3-826c7688cb36,,Bonnie Test,False,,,True,None,APC,20,0,0,0,0,0,0,0,4454104,42949672960,Team Site,BonnieTest@7rkd12.onmicrosoft.com,30
2026-08-10,a7d295e0-d75c-4213-834f-413775fc1662,,Bonnie Test,False,,,True,None,APC,30,0,0,0,0,0,0,0,4938967,42949672960,Team Site,BonnieTest@7rkd12.onmicrosoft.com,30
2026-08-10,a7dbd7b3-964d-416a-ba2d-19e6af3fcf1a,,Admin ADB,False,,,False,None,APC,0,0,0,0,0,0,0,0,1486342,42949672960,Team Site,Admin@7rkd12.onmicrosoft.com,30
2026-08-10,a7de0f8b-4992-423f-812d-6a85c9a814f5,,Admin ADB,False,,,True,None,APC,30,0,0,0,0,0,0,0,4936779,42949672960,Team Site,Admin@7rkd12.onmicrosoft.com,30
2026-08-10,a7ecb861-eac8-40c3-af1c-8a752ca2a1b2,,Admin ADB,False,,,False,None,APC,0,0,0,0,0,0,0,0,1486235,42949672960,Team Site,Admin@7rkd12.onmicrosoft.com,30
2026-08-10,a7f5524c-3908-48b6-8fd9-21af33ee20b7,,prj_temp-003 Owners,False,2026-07-08,,True,None,APC,28,0,0,0,0,0,0,0,7195985,42949672960,Team Site,prj_temp-003@7rkd12.onmicrosoft.com,30
2026-08-10,a82cb359-5720-416d-81d0-b9fe8171cb29,,Admin ADB,True,,,False,None,APC,0,0,0,0,0,0,0,0,1465396,27487790694400,Team Site,Admin@7rkd12.onmicrosoft.com,30
2026-08-10,a833bedf-04a1-4fec-9b51-27bb8adb6502,,Bonnie Test,False,,,True,None,APC,30,0,0,0,0,0,0,0,4924843,42949672960,Team Site,BonnieTest@7rkd12.onmicrosoft.com,30
2026-08-10,a84198a5-b83b-4e0d-9d57-1ac34bc3a9aa,,Leila Test,False,2026-06-11,,True,None,APC,17,0,0,0,0,0,0,0,3927471,42949672960,Team Site,LeilaTest@7rkd12.onmicrosoft.com,30
2026-08-10,a85614c1-267f-4d80-8543-4b3002543baf,,Leila Test,False,2026-06-11,,False,None,APC,2,0,0,0,0,0,0,0,3410951,42949672960,Team Site,LeilaTest@7rkd12.onmicrosoft.com,30
2026-08-10,a862f924-83db-4af4-b910-61b651aec08b,,Admin ADB,False,,,False,None,APC,0,0,0,0,0,0,0,0,1486863,42949672960,Team Site,Admin@7rkd12.onmicrosoft.com,30
2026-08-10,a865dbe3-edac-45ee-8790-2eb923e61fda,,Admin ADB,False,,,False,None,APC,0,0,0,0,0,0,0,0,1486292,42949672960,Team Site,Admin@7rkd12.onmicrosoft.com,30
2026-08-10,a886c4e5-2337-4e36-95c9-a5cf3c4666cb,,Bonnie Test,False,,,True,None,APC,30,0,0,0,0,0,0,0,4954992,42949672960,Team Site,BonnieTest@7rkd12.onmicrosoft.com,30
2026-08-10,a8d21b38-7423-4b37-b015-77bb8dd957b2,,Bonnie Test,False,,,True,None,APC,30,0,0,0,0,0,0,0,4946564,42949672960,Team Site,BonnieTest@7rkd12.onmicrosoft.com,30
2026-08-10,a94ffebf-2793-4785-923e-b4d95a406231,,Admin ADB,False,,,False,None,APC,0,0,0,0,0,0,0,0,1486550,42949672960,Team Site,Admin@7rkd12.onmicrosoft.com,30
2026-08-10,a957dca1-1d29-4931-adf4-8889fc721e33,,prj_Team Site-731091 Owners,False,,,True,None,APC,30,0,0,0,0,0,0,0,4940683,42949672960,Team Site,prj_teamsite-731091@7rkd12.onmicrosoft.com,30
2026-08-10,a95cd59f-aa23-4d28-8d18-85d566ec7020,,Admin ADB,False,,,False,None,APC,0,0,0,0,0,0,0,0,1486556,42949672960,Team Site,Admin@7rkd12.onmicrosoft.com,30
2026-08-10,a98e3dcf-3a80-4dac-851f-03d17a817297,,prj_Ada Team Site-086 Owners,True,,,True,None,APC,30,0,0,0,0,0,0,0,4953268,27487790694400,Team Site,prj_adateamsite-086@7rkd12.onmicrosoft.com,30
2026-08-10,a9bb7d81-6b82-4961-8e31-9347b707a215,,Admin ADB,False,2026-08-07,,True,None,APC,37,14,7,5,0,0,0,0,16362973,42949672960,Team Site,Admin@7rkd12.onmicrosoft.com,30
2026-08-10,a9cdd993-3bf8-4fa7-b6d7-cd3eabd21093,,Admin ADB,False,,,False,None,APC,0,0,0,0,0,0,0,0,1486927,42949672960,Team Site,Admin@7rkd12.onmicrosoft.com,30
2026-08-10,a9ef2a13-f88e-49a7-8ec6-690b0d4d0dc3,,Bonnie Test,False,,,True,None,APC,30,0,0,0,0,0,0,0,4924137,42949672960,Team Site,BonnieTest@7rkd12.onmicrosoft.com,30
2026-08-10,aa0b03d9-9337-47c7-8e4d-4980940651db,,Admin ADB,False,,,False,None,APC,0,0,0,0,0,0,0,0,1486292,42949672960,Team Site,Admin@7rkd12.onmicrosoft.com,30
2026-08-10,aa0f518e-1503-4d7e-a8c8-9824193f9bd8,,Admin ADB,False,,,False,None,APC,0,0,0,0,0,0,0,0,1486309,42949672960,Team Site,Admin@7rkd12.onmicrosoft.com,30
2026-08-10,aa20ed1b-7245-4862-b1a8-381252cfd5a1,,Admin ADB,True,,,False,None,APC,0,0,0,0,0,0,0,0,1465521,27487790694400,Team Site,Admin@7rkd12.onmicrosoft.com,30
2026-08-10,aa213471-230c-44c2-80e4-530801c15de5,,ada04 Owners,False,2025-06-13,,True,None,APC,17,0,0,0,0,0,0,0,2251511,1099511627776,Team Site,ada04@7rkd12.onmicrosoft.com,30
2026-08-10,aa42e5f6-625f-4d84-8a67-03c76b5a1ae3,,Bonnie Test,False,,,True,None,APC,30,0,0,0,0,0,0,0,4939689,42949672960,Team Site,BonnieTest@7rkd12.onmicrosoft.com,30
2026-08-10,aa5991a3-096a-49c4-a073-6aa3a3ebe810,,Admin ADB,False,,,False,None,APC,0,0,0,0,0,0,0,0,1484226,42949672960,Team Site,Admin@7rkd12.onmicrosoft.com,30
2026-08-10,aa5e8d57-478d-419b-a117-da87e234a9bb,,Admin ADB,False,,,False,None,APC,0,0,0,0,0,0,0,0,1486036,42949672960,Team Site,Admin@7rkd12.onmicrosoft.com,30
2026-08-10,aa65b31f-0f11-410c-ae53-f4778b3fea60,,Admin ADB,False,,,False,None,APC,0,0,0,0,0,0,0,0,1486560,42949672960,Team Site,Admin@7rkd12.onmicrosoft.com,30
2026-08-10,aa94a388-d8cf-44e3-85b5-fd43e8483974,,Admin ADB,False,2026-07-30,,True,None,APC,30,4,4,2,0,0,0,0,4940346,42949672960,Team Site,Admin@7rkd12.onmicrosoft.com,30
2026-08-10,aaaeff4c-463e-4f91-9efc-caed42087c79,,Admin ADB,False,2026-06-11,,True,None,APC,9,0,0,0,0,0,0,0,83069170,42949672960,Team Site,Admin@7rkd12.onmicrosoft.com,30
2026-08-10,aaca7398-ab34-4135-bf4f-d49f32589c80,,Admin ADB,True,,,False,None,APC,0,0,0,0,0,0,0,0,1486363,27487790694400,Team Site,Admin@7rkd12.onmicrosoft.com,30
2026-08-10,aada76bf-57c9-44fa-9e6a-42c62ac0bf0a,,Admin ADB,False,2026-06-11,,True,None,APC,7,0,0,0,0,0,0,0,2087740,42949672960,Team Site,Admin@7rkd12.onmicrosoft.com,30
2026-08-10,aaff6831-7d49-4c6a-9158-e38cb6512fcd,,prj_Ada Team Site-105 Owners,True,,,True,None,APC,30,0,0,0,0,0,0,0,4905190,27487790694400,Team Site,prj_adateamsite-105@7rkd12.onmicrosoft.com,30
2026-08-10,ab1a8cd1-ef73-4297-9964-05cd025657b0,,Admin ADB,False,,,False,None,APC,0,0,0,0,0,0,0,0,1484853,42949672960,Team Site,Admin@7rkd12.onmicrosoft.com,30
2026-08-10,ab5bc0d8-9ebd-4d07-ae7a-4aae63346a63,,Admin ADB,False,2026-07-07,,True,None,APC,11,0,0,0,0,0,0,0,4550560,42949672960,Team Site,Admin@7rkd12.onmicrosoft.com,30
2026-08-10,ab692689-27ba-4b1a-bf23-68b73dc29bbf,,Bonnie Test,False,2025-06-13,,True,None,APC,41,0,0,0,0,0,0,0,4021231,42949672960,Team Site,BonnieTest@7rkd12.onmicrosoft.com,30
2026-08-10,ab790eff-c1ee-4cd2-a564-80ec19392d8c,,prj_Team Site-731043 Owners,False,,,True,None,APC,30,0,0,0,0,0,0,0,4939015,42949672960,Team Site,prj_teamsite-731043@7rkd12.onmicrosoft.com,30
2026-08-10,ab941121-da3d-4274-8991-662eb32135e5,,prj_Ada Team Site-092 Owners,True,,,True,None,APC,30,0,0,0,0,0,0,0,4912746,27487790694400,Team Site,prj_adateamsite-092@7rkd12.onmicrosoft.com,30
2026-08-10,aba2511e-60cf-4a12-a1a6-ba9fb113f570,,Alex Wilber,False,2024-11-19,,True,None,APC,3,0,0,0,0,0,0,0,2077727,42949672960,Team Site,AlexW@7rkd12.onmicrosoft.com,30
2026-08-10,abc8e227-f121-422f-ba70-59359ceadf3b,,Admin ADB,True,,,False,None,APC,0,0,0,0,0,0,0,0,1486200,27487790694400,Team Site,Admin@7rkd12.onmicrosoft.com,30
2026-08-10,abf5e05a-fc77-4540-a14f-ed9580e3fcd0,,Admin ADB,True,,,False,None,APC,0,0,0,0,0,0,0,0,1486195,27487790694400,Team Site,Admin@7rkd12.onmicrosoft.com,30
2026-08-10,abfdae4c-f652-4dd5-a844-52a4f071a7c6,,Admin ADB,True,,,False,None,APC,0,0,0,0,0,0,0,0,1485845,27487790694400,Team Site,Admin@7rkd12.onmicrosoft.com,30
2026-08-10,ac0735c4-2cca-44d3-8d8e-4e4217c1e3a0,,Admin ADB,True,,,True,None,APC,28,0,0,0,0,0,0,0,4831770,27487790694400,Team Site,Admin@7rkd12.onmicrosoft.com,30
2026-08-10,ac0acf0d-4d02-4123-aa72-63a702e3d986,,Admin ADB,False,,,False,None,APC,0,0,0,0,0,0,0,0,1486955,42949672960,Team Site,Admin@7rkd12.onmicrosoft.com,30
2026-08-10,ac2220b8-1cee-4a6c-b137-00bd845a7726,,Leila Test,False,2026-06-11,,True,None,APC,63,0,0,0,0,0,0,0,27978009,42949672960,Team Site,LeilaTest@7rkd12.onmicrosoft.com,30
2026-08-10,ac31eb23-f0e5-46dc-922a-0326a2da72ba,,Leila Test,False,2025-09-26,,True,None,APC,7,0,0,0,0,0,0,0,2001067,42949672960,Team Site,LeilaTest@7rkd12.onmicrosoft.com,30
2026-08-10,ac3ffcc0-f5cd-43a7-bf8a-1bc17cfa4c91,,Alex Wilber,False,2024-11-18,,True,None,APC,13,0,0,0,0,0,0,0,2567832,42949672960,Team Site,AlexW@7rkd12.onmicrosoft.com,30
2026-08-10,ac4e7f24-d852-4517-83e9-302cf06b9726,,Admin ADB,False,2026-07-29,,True,None,APC,30,4,1,1,0,0,0,0,4897056,42949672960,Team Site,Admin@7rkd12.onmicrosoft.com,30
2026-08-10,acd40771-221b-4097-a96a-4d0fc65cfeb5,,Admin ADB,False,,,True,None,APC,30,0,0,0,0,0,0,0,4959657,42949672960,Team Site,Admin@7rkd12.onmicrosoft.com,30
2026-08-10,acdf8531-5fa9-4530-97f4-ac123871faf3,,Admin ADB,False,,,False,None,APC,0,0,0,0,0,0,0,0,1485837,42949672960,Team Site,Admin@7rkd12.onmicrosoft.com,30
2026-08-10,acf57306-9d3f-41dd-ab5d-a48a2402943a,,prj_Team Site-731088 Owners,False,,,True,None,APC,30,0,0,0,0,0,0,0,4939242,42949672960,Team Site,prj_teamsite-731088@7rkd12.onmicrosoft.com,30
2026-08-10,ad158163-958c-446f-9423-0010a887ad76,,Admin ADB,True,,,False,None,APC,0,0,0,0,0,0,0,0,1465910,27487790694400,Team Site,Admin@7rkd12.onmicrosoft.com,30
2026-08-10,ad2b60d7-e081-4b8e-ad3d-0c4090232ca7,,Mihal,False,,,False,None,APC,0,0,0,0,0,0,0,0,1484854,42949672960,Team Site,Mihal@7rkd12.onmicrosoft.com,30
2026-08-10,ad51f03a-cbc6-43ef-9f6a-1323ca90a5b9,,Admin ADB,False,,,False,None,APC,0,0,0,0,0,0,0,0,1486193,42949672960,Team Site,Admin@7rkd12.onmicrosoft.com,30
2026-08-10,ad6a7b6f-23ca-4c73-9996-b178be150e38,,prj_Group Site-731013 Owners,False,,,True,None,APC,30,0,0,0,0,0,0,0,4941905,42949672960,Team Site,prj_groupsite-731013@7rkd12.onmicrosoft.com,30
2026-08-10,ad70fe7b-6c02-4851-8fb2-e4d8e09a8a51,,Mihal,False,,,False,None,APC,0,0,0,0,0,0,0,0,1484743,42949672960,Team Site,Mihal@7rkd12.onmicrosoft.com,30
2026-08-10,ad78434e-0b6e-43ae-b9d9-af9f54f66bf3,,prj_MihalTeamsite 235 Owners,False,,,True,None,APC,1,0,0,0,0,0,0,0,1493385,42949672960,Team Site,prj_mihalteamsite-235@7rkd12.onmicrosoft.com,30
2026-08-10,ad799092-340e-4267-aa90-b2d2aaf18c55,,Admin ADB,False,2026-08-07,,True,None,APC,30,4,1,1,0,0,0,0,4939319,42949672960,Team Site,Admin@7rkd12.onmicrosoft.com,30
2026-08-10,ad876592-0ed3-4aab-8de5-86e748dcc313,,Admin ADB,True,,,False,None,APC,0,0,0,0,0,0,0,0,1465481,27487790694400,Team Site,Admin@7rkd12.onmicrosoft.com,30
2026-08-10,ad892932-6eb5-46fb-a850-0c09d8437c52,,prj_Ada Team Site-193 Owners,True,,,True,None,APC,30,0,0,0,0,0,0,0,4935509,27487790694400,Team Site,prj_adateamsite-193@7rkd12.onmicrosoft.com,30
2026-08-10,ada233ee-3ace-499c-a9f5-ab12ed615973,,Admin ADB,False,,,False,None,APC,0,0,0,0,0,0,0,0,1485865,42949672960,Team Site,Admin@7rkd12.onmicrosoft.com,30
2026-08-10,adb6fcde-ffc6-4fb4-9c06-6c08d118a58f,,Admin ADB,True,,,False,None,APC,0,0,0,0,0,0,0,0,1486047,27487790694400,Team Site,Admin@7rkd12.onmicrosoft.com,30
2026-08-10,adc29a83-81af-4bd9-b17a-073030057aff,,Admin ADB,False,,,False,None,APC,0,0,0,0,0,0,0,0,1486399,42949672960,Team Site,Admin@7rkd12.onmicrosoft.com,30
2026-08-10,aded2a22-ba21-406e-ac9b-85d9eca4ee1d,,Admin ADB,True,,,False,None,APC,0,0,0,0,0,0,0,0,1465893,27487790694400,Team Site,Admin@7rkd12.onmicrosoft.com,30
2026-08-10,ae1c6cd8-ec99-418c-90a3-b9a3af5a1684,,Admin ADB,False,,,False,None,APC,0,0,0,0,0,0,0,0,1486022,42949672960,Team Site,Admin@7rkd12.onmicrosoft.com,30
2026-08-10,ae364a01-2aeb-4832-bde7-0aa0e5681d73,,Admin ADB,True,,,False,None,APC,0,0,0,0,0,0,0,0,1466048,27487790694400,Team Site,Admin@7rkd12.onmicrosoft.com,30
2026-08-10,ae39efc2-ac43-431a-b569-cdec03fdd6c6,,Admin ADB,False,,,True,None,APC,30,0,0,0,0,0,0,0,4925473,42949672960,Team Site,Admin@7rkd12.onmicrosoft.com,30
2026-08-10,ae4a81ad-5ae5-42a6-8ca0-d4fb81a60147,,Admin ADB,False,,,False,None,APC,0,0,0,0,0,0,0,0,1486786,42949672960,Team Site,Admin@7rkd12.onmicrosoft.com,30
2026-08-10,ae4dfccb-ac46-41b1-8032-5fadd048da34,,Admin ADB,True,,,False,None,APC,0,0,0,0,0,0,0,0,1486262,27487790694400,Team Site,Admin@7rkd12.onmicrosoft.com,30
2026-08-10,ae7daf7e-f8a5-41cd-a2c4-6cfe4ca7717e,,Admin ADB,False,,,False,None,APC,0,0,0,0,0,0,0,0,1486264,42949672960,Team Site,Admin@7rkd12.onmicrosoft.com,30
2026-08-10,ae88b92d-99e4-4b04-afb2-1db20184c9e9,,Admin ADB,True,,,False,None,APC,0,0,0,0,0,0,0,0,1485979,27487790694400,Team Site,Admin@7rkd12.onmicrosoft.com,30
2026-08-10,aec25360-b7ee-4cf9-87ee-aeae927cedba,,Bonnie Test,False,,,True,None,APC,30,0,0,0,0,0,0,0,4955677,42949672960,Team Site,BonnieTest@7rkd12.onmicrosoft.com,30
2026-08-10,af3e20eb-2d5c-4242-ac0c-6ac4eb490c66,,Leila Test,False,2026-07-10,,False,None,APC,5,0,0,0,0,0,0,0,1336078,42949672960,Team Site,LeilaTest@7rkd12.onmicrosoft.com,30
2026-08-10,af49b21f-ac90-4ecc-9264-0b32f0ece258,,Admin ADB,False,,,False,None,APC,0,0,0,0,0,0,0,0,1485800,42949672960,Team Site,Admin@7rkd12.onmicrosoft.com,30
2026-08-10,af5e0287-5bd9-458b-ab62-e180849a2789,,Admin ADB,True,,,False,None,APC,0,0,0,0,0,0,0,0,1485652,27487790694400,Team Site,Admin@7rkd12.onmicrosoft.com,30
2026-08-10,af6db4d5-6aeb-43c6-9067-a2361dfaae19,,Admin ADB,False,,,False,None,APC,0,0,0,0,0,0,0,0,1484878,42949672960,Team Site,Admin@7rkd12.onmicrosoft.com,30
2026-08-10,af7167c7-5f73-40a3-9050-372dd548ffac,,Admin ADB,True,,,False,None,APC,0,0,0,0,0,0,0,0,1465962,27487790694400,Team Site,Admin@7rkd12.onmicrosoft.com,30
2026-08-10,af75dfd2-6ea7-4d41-9fb7-cfc0f6d223d2,,Admin ADB,False,,,True,None,APC,30,0,0,0,0,0,0,0,4936614,42949672960,Team Site,Admin@7rkd12.onmicrosoft.com,30
2026-08-10,af8fdf13-fdd7-4170-a260-431c9079574e,,mihal-display-name-14 Owners,False,,,True,None,APC,1,0,0,0,0,0,0,0,1492381,42949672960,Team Site,mihal-alias14@7rkd12.onmicrosoft.com,30
2026-08-10,af93562a-50a1-4f2b-a6d8-6f84f28e13b6,,prj_Ada Team Site-065 Owners,True,2026-07-29,,True,None,APC,30,4,2,1,0,0,0,0,4866015,27487790694400,Team Site,prj_adateamsite-065@7rkd12.onmicrosoft.com,30
2026-08-10,afa0fd63-73ff-4e68-8ff3-03dbfe8c861f,,Admin ADB,True,,,False,None,APC,0,0,0,0,0,0,0,0,1486302,27487790694400,Team Site,Admin@7rkd12.onmicrosoft.com,30
2026-08-10,afc30f59-31cd-4dcc-8c63-17785a4f211f,,Admin ADB,False,,,True,None,APC,1,0,0,0,0,0,0,0,1964024,42949672960,Team Site,Admin@7rkd12.onmicrosoft.com,30
2026-08-10,afc74063-1236-4466-8b5c-27f01f6882d9,,Admin ADB,True,,,False,None,APC,0,0,0,0,0,0,0,0,1466027,27487790694400,Team Site,Admin@7rkd12.onmicrosoft.com,30
2026-08-10,afd77a5c-078b-4bfe-9965-09eada878d62,,Admin ADB,True,,,False,None,APC,0,0,0,0,0,0,0,0,1485665,27487790694400,Team Site,Admin@7rkd12.onmicrosoft.com,30
2026-08-10,afec5d2c-a79c-4207-b1ad-3325e33d651d,,Admin ADB,False,,,False,None,APC,0,0,0,0,0,0,0,0,1486774,42949672960,Team Site,Admin@7rkd12.onmicrosoft.com,30
2026-08-10,b03dcb9c-4988-480e-b5b8-e3dca624b9ca,,Admin ADB,True,,,False,None,APC,0,0,0,0,0,0,0,0,1465944,27487790694400,Team Site,Admin@7rkd12.onmicrosoft.com,30
2026-08-10,b09829b5-d5b8-492b-a2b2-5c9f5ec68a2b,,Admin ADB,True,,,False,None,APC,0,0,0,0,0,0,0,0,1485861,27487790694400,Team Site,Admin@7rkd12.onmicrosoft.com,30
2026-08-10,b0cb94d0-60b5-46df-9716-5af1f54a417b,,Admin ADB,False,2026-07-29,,True,None,APC,30,4,1,1,0,0,0,0,4924418,42949672960,Team Site,Admin@7rkd12.onmicrosoft.com,30
2026-08-10,b0d1e782-eb0b-4f97-afce-e4f589503731,,Admin ADB,False,,,False,None,APC,0,0,0,0,0,0,0,0,1486349,42949672960,Team Site,Admin@7rkd12.onmicrosoft.com,30
2026-08-10,b0d68e07-e750-4652-9fbb-0732f9ab6474,,Admin ADB,True,,,False,None,APC,0,0,0,0,0,0,0,0,1486285,27487790694400,Team Site,Admin@7rkd12.onmicrosoft.com,30
2026-08-10,b0d73363-9551-46a1-a994-efb92c668dfa,,Admin ADB,True,,,False,None,APC,0,0,0,0,0,0,0,0,1465854,27487790694400,Team Site,Admin@7rkd12.onmicrosoft.com,30
2026-08-10,b130880d-d395-4dd0-97a7-7af1457f42ee,,Admin ADB,False,,,False,None,APC,0,0,0,0,0,0,0,0,1486943,42949672960,Team Site,Admin@7rkd12.onmicrosoft.com,30
2026-08-10,b1381819-b170-440d-86cc-f981e48e753b,,Admin ADB,False,,,True,None,APC,30,0,0,0,0,0,0,0,4953395,42949672960,Team Site,Admin@7rkd12.onmicrosoft.com,30
2026-08-10,b13da748-329e-4983-ab21-1df8d9ec7292,,Admin ADB,True,,,False,None,APC,0,0,0,0,0,0,0,0,1486337,27487790694400,Team Site,Admin@7rkd12.onmicrosoft.com,30
2026-08-10,b13f3f64-89cb-452b-ad89-0f9edb5501e5,,Admin ADB,False,,,False,None,APC,0,0,0,0,0,0,0,0,1486968,42949672960,Team Site,Admin@7rkd12.onmicrosoft.com,30
2026-08-10,b197f46c-ee26-4e79-8b1b-e5af2dfa1ad4,,Admin ADB,False,2025-11-24,,True,None,APC,12,0,0,0,0,0,0,0,2520976,42949672960,Team Site,Admin@7rkd12.onmicrosoft.com,30
2026-08-10,b19b07e2-d5ca-492b-9a06-e0ba0033c672,,Admin ADB,False,,,False,None,APC,0,0,0,0,0,0,0,0,1486050,42949672960,Team Site,Admin@7rkd12.onmicrosoft.com,30
2026-08-10,b1ab52f2-bce1-434b-b8d2-317a6b335a8f,,Bonnie Test,False,,,False,None,APC,0,0,0,0,0,0,0,0,1488543,42949672960,Team Site,BonnieTest@7rkd12.onmicrosoft.com,30
2026-08-10,b1bb264f-900d-4db1-9740-7184853afbc8,,Bonnie Test,False,,,True,None,APC,30,0,0,0,0,0,0,0,4924178,42949672960,Team Site,BonnieTest@7rkd12.onmicrosoft.com,30
2026-08-10,b1e0043d-c305-44d2-b427-7ec68bf07608,,Admin ADB,True,,,False,None,APC,0,0,0,0,0,0,0,0,1485657,27487790694400,Team Site,Admin@7rkd12.onmicrosoft.com,30
2026-08-10,b1f08d6c-af08-4b32-9081-01ff7b7db415,,prj_Ada Team Site-173 Owners,False,2026-07-29,,True,None,APC,30,4,1,1,0,0,0,0,4942674,42949672960,Team Site,prj_adateamsite-173@7rkd12.onmicrosoft.com,30
2026-08-10,b21c5176-9a02-4415-bed0-e061f22aa694,,Admin ADB,False,,,True,None,APC,30,0,0,0,0,0,0,0,4959943,42949672960,Team Site,Admin@7rkd12.onmicrosoft.com,30
2026-08-10,b220cb61-7d44-4ff0-9291-a4b099e6ef3e,,Admin ADB,True,,,False,None,APC,0,0,0,0,0,0,0,0,1485777,27487790694400,Team Site,Admin@7rkd12.onmicrosoft.com,30
2026-08-10,b236a2b8-10ce-41be-bb6b-fc64d8ad2978,,Leila Test,False,2026-06-10,,True,None,APC,25,0,0,0,0,0,0,0,3886655,1099511627776,Team Site,LeilaTest@7rkd12.onmicrosoft.com,30
2026-08-10,b278fb2e-e8c7-4dff-9a01-4ba91db022d4,,Admin ADB,False,,,False,None,APC,0,0,0,0,0,0,0,0,1484613,42949672960,Team Site,Admin@7rkd12.onmicrosoft.com,30
2026-08-10,b2903f1a-85af-4986-8e05-0c539fe1a2a2,,Admin ADB,True,,,False,None,APC,0,0,0,0,0,0,0,0,1465425,27487790694400,Team Site,Admin@7rkd12.onmicrosoft.com,30
2026-08-10,b2c435cb-be42-4d88-8ef0-5b5d2d2b8433,,Admin ADB,False,,,False,None,APC,0,0,0,0,0,0,0,0,1486029,42949672960,Team Site,Admin@7rkd12.onmicrosoft.com,30
2026-08-10,b2c668c7-bc14-45fe-af24-ff3dd0b77929,,prj_Team Site-731089 Owners,False,,,True,None,APC,30,0,0,0,0,0,0,0,4940718,42949672960,Team Site,prj_teamsite-731089@7rkd12.onmicrosoft.com,30
2026-08-10,b312222a-23a3-4ed5-a84f-9daa2f4ee118,,Admin ADB,True,,,False,None,APC,0,0,0,0,0,0,0,0,1486329,27487790694400,Team Site,Admin@7rkd12.onmicrosoft.com,30
2026-08-10,b3263e5f-60ab-4ae0-be93-0ad688f0944a,,Admin ADB,True,,,False,None,APC,0,0,0,0,0,0,0,0,1465338,27487790694400,Team Site,Admin@7rkd12.onmicrosoft.com,30
2026-08-10,b32c7d67-49f6-4034-9218-2462f739e190,,Bonnie Test,False,,,True,None,APC,30,0,0,0,0,0,0,0,4944052,42949672960,Team Site,BonnieTest@7rkd12.onmicrosoft.com,30
2026-08-10,b339f92b-c471-4434-8934-7ab095d85a02,,prj_Team Site-731015 Owners,False,,,True,None,APC,30,0,0,0,0,0,0,0,4944033,42949672960,Team Site,prj_teamsite-731015@7rkd12.onmicrosoft.com,30
2026-08-10,b352e637-b94c-43e9-9eea-88f0e6b455d6,,Admin ADB,False,,,True,None,APC,30,0,0,0,0,0,0,0,4940275,42949672960,Team Site,Admin@7rkd12.onmicrosoft.com,30
2026-08-10,b35e24ea-8ee9-46d9-a4fd-715dfd4f30dd,,Leila Test,False,2025-06-26,,True,None,APC,2,0,0,0,0,0,0,0,1960468,42949672960,Team Site,LeilaTest@7rkd12.onmicrosoft.com,30
2026-08-10,b36b2a21-99bf-40ae-9c98-2094ca2b73a5,,Admin ADB,True,,,False,None,APC,0,0,0,0,0,0,0,0,1486302,27487790694400,Team Site,Admin@7rkd12.onmicrosoft.com,30
2026-08-10,b371e6b6-89d9-4e42-a01e-c5981c0f1a9b,,displayname1 Owners,False,2026-07-27,,True,None,APC,30,4,1,1,0,0,0,0,4923929,42949672960,Team Site,alias1@7rkd12.onmicrosoft.com,30
2026-08-10,b38e0d99-474f-4f5f-9d24-d80b55a07b02,,prj_MihalGroupsite-007 Owners,False,,,True,None,APC,30,0,0,0,0,0,0,0,4926527,42949672960,Team Site,prj_mihalgroupsite-007@7rkd12.onmicrosoft.com,30
2026-08-10,b3cca28b-c78e-483e-9101-e521e497fea2,,Admin ADB,True,,,False,None,APC,0,0,0,0,0,0,0,0,1465390,27487790694400,Team Site,Admin@7rkd12.onmicrosoft.com,30
2026-08-10,b3e43d89-386e-42ff-bd19-417a5c8d62d2,,Admin ADB,True,,,False,None,APC,0,0,0,0,0,0,0,0,1486311,27487790694400,Team Site,Admin@7rkd12.onmicrosoft.com,30
2026-08-10,b3ec82ba-fbd2-4330-bcb7-7c5245e3cc8a,,Admin ADB,True,,,False,None,APC,0,0,0,0,0,0,0,0,1485601,27487790694400,Team Site,Admin@7rkd12.onmicrosoft.com,30
2026-08-10,b3f2bc05-a1be-48c9-8681-b8a723d44246,,Bonnie Test,False,,,True,None,APC,30,0,0,0,0,0,0,0,4925358,42949672960,Team Site,BonnieTest@7rkd12.onmicrosoft.com,30
2026-08-10,b4070ac6-4198-4031-af2b-cbf4e878dedf,,prj_MihalGroupsite-010 Owners,False,,,True,None,APC,1,0,0,0,0,0,0,0,1491857,42949672960,Team Site,prj_mihalgroupsite-010@7rkd12.onmicrosoft.com,30
2026-08-10,b4078356-3f94-40b7-91b7-e7ff9aa7651a,,Admin ADB,False,,,False,None,APC,0,0,0,0,0,0,0,0,1486401,42949672960,Team Site,Admin@7rkd12.onmicrosoft.com,30
2026-08-10,b416a0ff-cc47-4ddb-ae21-7c9d5915f4f2,,prj_MihalGroupsite-025 Owners,False,,,True,None,APC,30,0,0,0,0,0,0,0,4926281,42949672960,Team Site,prj_mihalgroupsite-025@7rkd12.onmicrosoft.com,30
2026-08-10,b41e64e7-9c40-47ee-b815-3e3374eafaba,,Admin ADB,True,,,False,None,APC,0,0,0,0,0,0,0,0,1465298,27487790694400,Team Site,Admin@7rkd12.onmicrosoft.com,30
2026-08-10,b425223f-23b2-4c23-8af3-0c764deb3bb3,,prj_MihalTeamsite 244 Owners,False,,,True,None,APC,30,0,0,0,0,0,0,0,4926744,42949672960,Team Site,prj_mihalteamsite-244@7rkd12.onmicrosoft.com,30
2026-08-10,b46a5c1d-1e42-4c8b-9ff8-4d8b7f1d3269,,Bonnie Test,False,,,True,None,APC,30,0,0,0,0,0,0,0,4925314,42949672960,Team Site,BonnieTest@7rkd12.onmicrosoft.com,30
2026-08-10,b491246c-e7f1-4ac9-8657-f5126621cd5b,,prj_Group Site-731056 Owners,False,,,True,None,APC,30,0,0,0,0,0,0,0,4957720,42949672960,Team Site,prj_groupsite-731056@7rkd12.onmicrosoft.com,30
2026-08-10,b4961022-b40b-4361-bac9-4ee7f310263e,,Admin ADB,False,,,False,None,APC,0,0,0,0,0,0,0,0,1485915,42949672960,Team Site,Admin@7rkd12.onmicrosoft.com,30
2026-08-10,b4a59f6c-b420-4ab2-b8a0-9a20fbd279f0,,ADB-Project Template Members,False,2024-11-26,,True,None,APC,1,0,0,0,0,0,0,0,2118131,42949672960,Team Site,ADB-ProjectTemplate@7rkd12.onmicrosoft.com,30
2026-08-10,b4aff587-5f2a-4602-8d79-8ea3afa3a757,,Leila Test,False,2026-08-10,,True,None,APC,44,3,5,2,0,0,0,0,1379601462,42949672960,Team Site,LeilaTest@7rkd12.onmicrosoft.com,30
2026-08-10,b4c16dc0-4cd0-4ad2-b728-f6989e36d8ff,,Alex Wilber,False,,,True,None,APC,5,0,0,0,0,0,0,0,1931671,42949672960,Team Site,AlexW@7rkd12.onmicrosoft.com,30
2026-08-10,b4e7fe9a-ed3a-4d93-a156-6778cdaef590,,Admin ADB,False,,,False,None,APC,0,0,0,0,0,0,0,0,1486790,42949672960,Team Site,Admin@7rkd12.onmicrosoft.com,30
2026-08-10,b4faea3a-5a8a-498f-9a73-a12ed4a0eb57,,prj_MihalTeamsite 250 Owners,False,2026-07-30,,True,None,APC,30,4,2,1,0,0,0,0,4941544,42949672960,Team Site,prj_mihalteamsite-250@7rkd12.onmicrosoft.com,30
2026-08-10,b4fd54e8-dc23-4a69-b5a8-5fbe5db2703c,,Admin ADB,True,,,False,None,APC,0,0,0,0,0,0,0,0,1465532,27487790694400,Team Site,Admin@7rkd12.onmicrosoft.com,30
2026-08-10,b50640a3-2c29-42b1-a127-f599ad638e8a,,Admin ADB,False,,,True,None,APC,30,0,0,0,0,0,0,0,4936392,42949672960,Team Site,Admin@7rkd12.onmicrosoft.com,30
2026-08-10,b51197fe-09a2-436f-8217-04f080ee717f,,Admin ADB,False,,,False,None,APC,0,0,0,0,0,0,0,0,1486420,42949672960,Team Site,Admin@7rkd12.onmicrosoft.com,30
2026-08-10,b541a26c-6682-4672-9a34-67e2933b174f,,prj_Group Site-731083 Owners,False,,,True,None,APC,30,0,0,0,0,0,0,0,4941353,42949672960,Team Site,prj_groupsite-731083@7rkd12.onmicrosoft.com,30
2026-08-10,b541c063-bdf7-4b03-941e-cb61fcff9e9d,,prj_Ada Group Site-038 Owners,False,2026-07-29,,True,None,APC,30,4,1,1,0,0,0,0,4940799,42949672960,Team Site,prj_adagroupsite-038@7rkd12.onmicrosoft.com,30
2026-08-10,b564f499-85da-46f1-9e02-1a86895a8be8,,Admin ADB,True,,,False,None,APC,0,0,0,0,0,0,0,0,1465398,27487790694400,Team Site,Admin@7rkd12.onmicrosoft.com,30
2026-08-10,b5abd941-b72e-4384-9947-34b4fa40f11a,,Admin ADB,False,,,True,None,APC,30,0,0,0,0,0,0,0,4867832,42949672960,Team Site,Admin@7rkd12.onmicrosoft.com,30
2026-08-10,b5ac0f36-c244-4d31-8362-39bb0e48d0b3,,Admin ADB,False,,,False,None,APC,0,0,0,0,0,0,0,0,1486493,42949672960,Team Site,Admin@7rkd12.onmicrosoft.com,30
2026-08-10,b5bfcbf3-ef64-4e88-bb4d-60d9b1cbb90c,,Admin ADB,False,,,False,None,APC,0,0,0,0,0,0,0,0,1486535,42949672960,Team Site,Admin@7rkd12.onmicrosoft.com,30
2026-08-10,b5d59f6c-b4a2-4f7a-9552-0f335e2f9574,,Bonnie Test,False,,,True,None,APC,30,0,0,0,0,0,0,0,4923552,42949672960,Team Site,BonnieTest@7rkd12.onmicrosoft.com,30
2026-08-10,b5e2623e-0636-494d-a9e5-ad30c0567969,,Admin ADB,False,,,False,None,APC,0,0,0,0,0,0,0,0,1486285,42949672960,Team Site,Admin@7rkd12.onmicrosoft.com,30
2026-08-10,b620d735-e475-4ff6-b5ef-bcff7ecd77e4,,Admin ADB,False,,,False,None,APC,0,0,0,0,0,0,0,0,1486946,42949672960,Team Site,Admin@7rkd12.onmicrosoft.com,30
2026-08-10,b63142c4-40ea-4f02-afe5-d01aade0700f,,Admin ADB,True,,,False,None,APC,0,0,0,0,0,0,0,0,1465372,27487790694400,Team Site,Admin@7rkd12.onmicrosoft.com,30
2026-08-10,b65a0882-7298-49cb-9f13-93006fc6dd4f,,Admin ADB,False,,,False,None,APC,0,0,0,0,0,0,0,0,1485988,42949672960,Team Site,Admin@7rkd12.onmicrosoft.com,30
2026-08-10,b66d0109-182b-4af2-9650-10ef4a75df6c,,Admin ADB,False,,,False,None,APC,0,0,0,0,0,0,0,0,1485980,42949672960,Team Site,Admin@7rkd12.onmicrosoft.com,30
2026-08-10,b67251a2-1d06-446a-abfc-59c0bbb930c0,,Admin ADB,False,,,True,None,APC,30,0,0,0,0,0,0,0,4939021,42949672960,Team Site,Admin@7rkd12.onmicrosoft.com,30
2026-08-10,b67d05ea-c99b-4c4d-8402-8737a8e76a17,,SharePoint App,False,2026-03-31,,False,None,APC,11,0,0,0,0,0,0,0,2359219,42949672960,Team Site,,30
2026-08-10,b68bf7ab-b408-4652-a1a5-3ba8ee2f7a78,,Bonnie Test,False,,,True,None,APC,30,0,0,0,0,0,0,0,4924321,42949672960,Team Site,BonnieTest@7rkd12.onmicrosoft.com,30
2026-08-10,b698d05b-6e5a-492a-80a4-de69fd775520,,Admin ADB,False,,,False,None,APC,0,0,0,0,0,0,0,0,1485914,42949672960,Team Site,Admin@7rkd12.onmicrosoft.com,30
2026-08-10,b6b5b151-da5a-4339-8e5c-2222905618df,,Bonnie Test,False,,,True,None,APC,30,0,0,0,0,0,0,0,4940542,42949672960,Team Site,BonnieTest@7rkd12.onmicrosoft.com,30
2026-08-10,b71632c3-b499-4007-9d26-acf177b2a4b7,,prj_Ada Team Site-072 Owners,True,2026-07-29,,True,None,APC,30,4,1,1,0,0,0,0,4923841,27487790694400,Team Site,prj_adateamsite-072@7rkd12.onmicrosoft.com,30
2026-08-10,b722abff-4cd9-401e-91ee-7a0c9bdcca32,,Admin ADB,False,,,False,None,APC,0,0,0,0,0,0,0,0,1485794,42949672960,Team Site,Admin@7rkd12.onmicrosoft.com,30
2026-08-10,b73277c1-3562-4868-9658-3333821a5c3f,,Mihal,False,,,False,None,APC,0,0,0,0,0,0,0,0,1484797,42949672960,Team Site,Mihal@7rkd12.onmicrosoft.com,30
2026-08-10,b78fa551-a0d0-4a64-95e0-07c9bec131a4,,Bonnie Test,False,,,True,None,APC,20,0,0,0,0,0,0,0,4454929,42949672960,Team Site,BonnieTest@7rkd12.onmicrosoft.com,30
2026-08-10,b7bc2fe9-d8cb-4398-aa76-017bd101eab1,,Admin ADB,False,,,False,None,APC,0,0,0,0,0,0,0,0,1486799,42949672960,Team Site,Admin@7rkd12.onmicrosoft.com,30
2026-08-10,b7df84c1-dc5c-45de-a647-9f5e31b1ff79,,mihal-display-name-1 Owners,False,2026-07-31,,True,None,APC,2,2,3,3,0,0,0,0,1733812,42949672960,Team Site,mihal-alias1@7rkd12.onmicrosoft.com,30
2026-08-10,b7f021c3-3a10-4258-9beb-3de424af8a4b,,Bonnie Test,False,,,True,None,APC,30,0,0,0,0,0,0,0,4906862,42949672960,Team Site,BonnieTest@7rkd12.onmicrosoft.com,30
2026-08-10,b7ffda6b-b92f-4002-9a8e-ad907d2fcd25,,Admin ADB,False,,,False,None,APC,0,0,0,0,0,0,0,0,1485780,42949672960,Team Site,Admin@7rkd12.onmicrosoft.com,30
2026-08-10,b830304b-dd4c-4d30-8642-ca5f38a280e1,,Leila Test,False,2026-06-10,,True,None,APC,2,0,0,0,0,0,0,0,2164583,42949672960,Team Site,LeilaTest@7rkd12.onmicrosoft.com,30
2026-08-10,b834fec4-85e9-4e06-9ed4-f4e730b38b7d,,Admin ADB,True,,,False,None,APC,0,0,0,0,0,0,0,0,1486240,27487790694400,Team Site,Admin@7rkd12.onmicrosoft.com,30
2026-08-10,b898ac9c-e7be-4950-a95f-599b76e9d53b,,Admin ADB,True,,,False,None,APC,0,0,0,0,0,0,0,0,1485709,27487790694400,Team Site,Admin@7rkd12.onmicrosoft.com,30
2026-08-10,b8a3d548-beee-4ac8-9076-7f125d58633a,,Admin ADB,True,,,False,None,APC,0,0,0,0,0,0,0,0,1465463,27487790694400,Team Site,Admin@7rkd12.onmicrosoft.com,30
2026-08-10,b8d2476c-62d8-4f79-8bd5-0054d78ea2c6,,Admin ADB,True,,,False,None,APC,0,0,0,0,0,0,0,0,1465416,27487790694400,Team Site,Admin@7rkd12.onmicrosoft.com,30
2026-08-10,b8d6fd22-168a-4a01-81ca-24191578f088,,Admin ADB,False,,,False,None,APC,0,0,0,0,0,0,0,0,1485442,42949672960,Team Site,Admin@7rkd12.onmicrosoft.com,30
2026-08-10,b8e4f13a-2748-4e4f-95fd-a4299c15b131,,prj_Team Site-731040 Owners,False,,,True,None,APC,30,0,0,0,0,0,0,0,4943673,42949672960,Team Site,prj_teamsite-731040@7rkd12.onmicrosoft.com,30
2026-08-10,b8e9015e-647a-4095-86ae-7fa00c04020f,,Admin ADB,True,,,False,None,APC,0,0,0,0,0,0,0,0,1485652,27487790694400,Team Site,Admin@7rkd12.onmicrosoft.com,30
2026-08-10,b91d9c33-a522-44ee-b149-11d49719d1a9,,Admin ADB,False,,,False,None,APC,0,0,0,0,0,0,0,0,1486047,42949672960,Team Site,Admin@7rkd12.onmicrosoft.com,30
2026-08-10,b93c2f0d-f389-4c8d-8e66-ad3a4d32706c,,Admin ADB,True,,,False,None,APC,0,0,0,0,0,0,0,0,1465336,27487790694400,Team Site,Admin@7rkd12.onmicrosoft.com,30
2026-08-10,b93cb56b-e630-4035-a66d-4dc53cfca455,,Admin ADB,True,,,False,None,APC,0,0,0,0,0,0,0,0,1465435,27487790694400,Team Site,Admin@7rkd12.onmicrosoft.com,30
2026-08-10,b93ce39b-5f24-4ece-afaf-ed7c8f38a54d,,Leila Test,False,2026-06-10,,True,None,APC,32,0,0,0,0,0,0,0,38089807,42949672960,Team Site,LeilaTest@7rkd12.onmicrosoft.com,30
2026-08-10,b945b0ad-62c1-451a-b1da-59456a26a7c9,,prj_MihalTeamsite 226 Owners,False,,,True,None,APC,30,0,0,0,0,0,0,0,4941443,42949672960,Team Site,prj_mihalteamsite-226@7rkd12.onmicrosoft.com,30
2026-08-10,b9496d8f-16c3-4e85-a15a-bfa2e5e3be4b,,Admin ADB,True,,,False,None,APC,0,0,0,0,0,0,0,0,1465538,27487790694400,Team Site,Admin@7rkd12.onmicrosoft.com,30
2026-08-10,b9513e9f-a4fd-4565-b92b-4d7950d54385,,Bonnie Test,False,,,True,None,APC,30,0,0,0,0,0,0,0,4968478,42949672960,Team Site,BonnieTest@7rkd12.onmicrosoft.com,30
2026-08-10,b95d82d7-983f-40da-8071-e85fbd587036,,Bonnie Test,False,2026-06-10,,True,None,APC,10,0,0,0,0,0,0,0,1884471,1099511627776,Team Site,BonnieTest@7rkd12.onmicrosoft.com,30
2026-08-10,b9e12d5c-9f83-4bf2-be0c-c2dfe8e43d62,,Admin ADB,True,,,False,None,APC,0,0,0,0,0,0,0,0,1466059,27487790694400,Team Site,Admin@7rkd12.onmicrosoft.com,30
2026-08-10,b9f0d5f0-f03d-4446-a69b-88b365087983,,Admin ADB,False,2026-06-11,,True,None,APC,31,0,0,0,0,0,0,0,85909561,42949672960,Team Site,Admin@7rkd12.onmicrosoft.com,30
2026-08-10,ba0e28ec-c0cd-42f2-a4e1-808d03849e8b,,Admin ADB,False,,,False,None,APC,0,0,0,0,0,0,0,0,1486426,42949672960,Team Site,Admin@7rkd12.onmicrosoft.com,30
2026-08-10,ba2d49a8-d58d-4a54-968b-f6ee90443334,,Admin ADB,False,,,True,None,APC,30,0,0,0,0,0,0,0,4939147,42949672960,Team Site,Admin@7rkd12.onmicrosoft.com,30
2026-08-10,ba3fd89e-0205-4776-b8ee-1fdad0828c97,,Admin ADB,False,,,False,None,APC,0,0,0,0,0,0,0,0,1485745,42949672960,Team Site,Admin@7rkd12.onmicrosoft.com,30
2026-08-10,ba4bd429-1174-47af-a00f-c958e69ce443,,Admin ADB,False,2026-07-29,,True,None,APC,30,4,1,1,0,0,0,0,4966208,42949672960,Team Site,Admin@7rkd12.onmicrosoft.com,30
2026-08-10,ba641662-ae19-4f86-9b3c-b6e32e69d1f9,,Admin ADB,False,,,False,None,APC,0,0,0,0,0,0,0,0,1486372,42949672960,Team Site,Admin@7rkd12.onmicrosoft.com,30
2026-08-10,ba66f0a5-4294-4577-8a49-27fb0b95bf1e,,Admin ADB,True,,,False,None,APC,0,0,0,0,0,0,0,0,1485693,27487790694400,Team Site,Admin@7rkd12.onmicrosoft.com,30
2026-08-10,ba779c5e-dd17-42d1-a1fc-69395f55b952,,Mihal,False,,,False,None,APC,0,0,0,0,0,0,0,0,1484720,42949672960,Team Site,Mihal@7rkd12.onmicrosoft.com,30
2026-08-10,ba90880e-02ed-4b7b-91d9-31ded67b1bc5,,prj_Team Site-731037 Owners,False,,,True,None,APC,30,0,0,0,0,0,0,0,4957962,42949672960,Team Site,prj_teamsite-731037@7rkd12.onmicrosoft.com,30
2026-08-10,baa1da57-6160-4382-8b5e-e5d3ecd7aa1a,,Admin ADB,True,,,False,None,APC,0,0,0,0,0,0,0,0,1465993,27487790694400,Team Site,Admin@7rkd12.onmicrosoft.com,30
2026-08-10,baa6a78f-e8fb-4d8c-8ae3-8fc10a34f243,,prj_Ada Team Site-205 Owners,True,,,True,None,APC,30,0,0,0,0,0,0,0,4924498,27487790694400,Team Site,prj_adateamsite-205@7rkd12.onmicrosoft.com,30
2026-08-10,babb1bcf-7d29-4531-bd67-f0779abd328d,,Bonnie Test,False,,,True,None,APC,30,0,0,0,0,0,0,0,4923095,42949672960,Team Site,BonnieTest@7rkd12.onmicrosoft.com,30
2026-08-10,bad6587a-4445-4fa8-94ca-32f71d19462b,,Admin ADB,False,,,False,None,APC,0,0,0,0,0,0,0,0,1486314,42949672960,Team Site,Admin@7rkd12.onmicrosoft.com,30
2026-08-10,baf42e27-3a3f-43ed-bf6f-248ce12fa7f1,,prj_MihalTeamsite 237 Owners,False,,,True,None,APC,30,0,0,0,0,0,0,0,4926512,42949672960,Team Site,prj_mihalteamsite-237@7rkd12.onmicrosoft.com,30
2026-08-10,bb03993b-8c66-415c-9d0a-d78852ecac70,,Admin ADB,False,,,False,None,APC,0,0,0,0,0,0,0,0,1486319,42949672960,Team Site,Admin@7rkd12.onmicrosoft.com,30
2026-08-10,bb198a80-e832-4e7e-8bc1-8c1a445493e6,,Admin ADB,False,,,True,None,APC,30,0,0,0,0,0,0,0,4925610,42949672960,Team Site,Admin@7rkd12.onmicrosoft.com,30
2026-08-10,bb1a790d-5df9-4668-9ad3-153c3d5e69b9,,Admin ADB,True,,,False,None,APC,0,0,0,0,0,0,0,0,1485822,27487790694400,Team Site,Admin@7rkd12.onmicrosoft.com,30
2026-08-10,bb20b569-bb9e-478c-87fd-eaca6f5ebe3f,,Bonnie Test,False,,,True,None,APC,30,0,0,0,0,0,0,0,4940080,42949672960,Team Site,BonnieTest@7rkd12.onmicrosoft.com,30
2026-08-10,bb441ec7-521a-454c-8113-4eb8e4b7c5be,,Admin ADB,True,,,False,None,APC,0,0,0,0,0,0,0,0,1485776,27487790694400,Team Site,Admin@7rkd12.onmicrosoft.com,30
2026-08-10,bb45edb7-636d-4701-b9fe-05391415de08,,Leila Test,False,2026-06-10,,True,None,APC,35,0,0,0,0,0,0,0,4007505,1099511627776,Team Site,LeilaTest@7rkd12.onmicrosoft.com,30
2026-08-10,bb6570d9-972e-4046-8ca3-f77809a048b5,,Admin ADB,True,,,False,None,APC,0,0,0,0,0,0,0,0,1485635,27487790694400,Team Site,Admin@7rkd12.onmicrosoft.com,30
2026-08-10,bb713b17-3b09-41be-8e51-cc7d4e17392a,,Admin ADB,False,,,False,None,APC,0,0,0,0,0,0,0,0,1485754,42949672960,Team Site,Admin@7rkd12.onmicrosoft.com,30
2026-08-10,bbbd22d9-47ef-4802-8c70-9faf9a3dfc08,,Admin ADB,False,,,True,None,APC,30,0,0,0,0,0,0,0,4921932,42949672960,Team Site,Admin@7rkd12.onmicrosoft.com,30
2026-08-10,bbcb1aad-9c27-4823-b5ff-07c20345a5b5,,prj_Group Site-731008 Owners,False,,,True,None,APC,30,0,0,0,0,0,0,0,4958206,42949672960,Team Site,prj_groupsite-731008@7rkd12.onmicrosoft.com,30
2026-08-10,bbe8fe84-e3e4-4d45-8ced-2efb3e3b635e,,Admin ADB,False,2026-07-23,,True,None,APC,43,8,2,2,0,0,0,0,24687807,42949672960,Team Site,Admin@7rkd12.onmicrosoft.com,30
2026-08-10,bbebfc8a-9252-42f5-906f-3146d389a182,,Admin ADB,False,,,True,None,APC,30,0,0,0,0,0,0,0,4904918,42949672960,Team Site,Admin@7rkd12.onmicrosoft.com,30
2026-08-10,bbfad6dc-056e-4167-9168-463a18a7b68d,,Admin ADB,False,,,False,None,APC,0,0,0,0,0,0,0,0,1484276,42949672960,Team Site,Admin@7rkd12.onmicrosoft.com,30
2026-08-10,bc2a5131-9c84-4312-9032-2b6a3a674cbb,,Admin ADB,False,,,False,None,APC,0,0,0,0,0,0,0,0,1486924,42949672960,Team Site,Admin@7rkd12.onmicrosoft.com,30
2026-08-10,bc3bf56a-5969-4470-a765-c5954d4e1857,,Admin ADB,True,,,False,None,APC,0,0,0,0,0,0,0,0,1465926,27487790694400,Team Site,Admin@7rkd12.onmicrosoft.com,30
2026-08-10,bc4b68ff-0abd-430a-9be2-9c4544f2314b,,prj_Team Site-731058 Owners,False,,,True,None,APC,30,0,0,0,0,0,0,0,4940729,42949672960,Team Site,prj_teamsite-731058@7rkd12.onmicrosoft.com,30
2026-08-10,bc4dd874-f5c1-4537-81c2-664dbd80d344,,Admin ADB,True,,,False,None,APC,0,0,0,0,0,0,0,0,1466000,27487790694400,Team Site,Admin@7rkd12.onmicrosoft.com,30
2026-08-10,bc56e234-98c1-4882-9003-7d6e0d0a1150,,Admin ADB,True,,,True,None,APC,30,0,0,0,0,0,0,0,4921945,42949672960,Team Site,Admin@7rkd12.onmicrosoft.com,30
2026-08-10,bca4d88a-427f-4cd1-bbbe-9f960663f9a9,,Admin ADB,True,,,False,None,APC,0,0,0,0,0,0,0,0,1465426,27487790694400,Team Site,Admin@7rkd12.onmicrosoft.com,30
2026-08-10,bcab552b-4a3e-4112-b6d5-68535c83ab49,,Admin ADB,False,,,False,None,APC,0,0,0,0,0,0,0,0,1486251,42949672960,Team Site,Admin@7rkd12.onmicrosoft.com,30
2026-08-10,bcafe2bb-3f91-44dc-8019-3ff622054877,,prj_MihalTeamsite 221 Owners,False,,,True,None,APC,30,0,0,0,0,0,0,0,4939646,42949672960,Team Site,prj_mihalteamsite-221@7rkd12.onmicrosoft.com,30
2026-08-10,bce75778-8597-431d-84dd-f693af23565a,,prj_MihalTeamsite 222 Owners,False,,,True,None,APC,30,0,0,0,0,0,0,0,4941659,42949672960,Team Site,prj_mihalteamsite-222@7rkd12.onmicrosoft.com,30
2026-08-10,bd05e6c9-058e-4fa4-a073-15998373ba30,,Admin ADB,False,,,True,None,APC,30,0,0,0,0,0,0,0,4936012,42949672960,Team Site,Admin@7rkd12.onmicrosoft.com,30
2026-08-10,bd1184e4-51ad-45c0-ab96-43cd881c0d7a,,Admin ADB,False,,,True,None,APC,30,0,0,0,0,0,0,0,4920848,42949672960,Team Site,Admin@7rkd12.onmicrosoft.com,30
2026-08-10,bd13389d-b5fd-452e-92b0-e94f7323ff02,,Admin ADB,True,,,False,None,APC,0,0,0,0,0,0,0,0,1485679,27487790694400,Team Site,Admin@7rkd12.onmicrosoft.com,30
2026-08-10,bd2365bd-ef18-4313-94ef-d2a133e5718b,,Leila Test,False,2026-06-10,,False,None,APC,12,0,0,0,0,0,0,0,2762412,1099511627776,Team Site,LeilaTest@7rkd12.onmicrosoft.com,30
2026-08-10,bd2369a4-ebd9-4050-ac62-54b2e1633f8c,,Admin ADB,False,,,False,None,APC,0,0,0,0,0,0,0,0,1486893,42949672960,Team Site,Admin@7rkd12.onmicrosoft.com,30
2026-08-10,bd3eebd5-60a8-4853-b20e-4320e3a0d237,,Admin ADB,False,,,False,None,APC,0,0,0,0,0,0,0,0,1485823,42949672960,Team Site,Admin@7rkd12.onmicrosoft.com,30
2026-08-10,bdb4e93e-32de-40c2-957a-5c83ce8378a3,,Admin ADB,True,,,False,None,APC,0,0,0,0,0,0,0,0,1465415,27487790694400,Team Site,Admin@7rkd12.onmicrosoft.com,30
2026-08-10,be3371a9-b827-4bae-adcb-07f35099e1ae,,Mihal,False,,,False,None,APC,0,0,0,0,0,0,0,0,1484212,42949672960,Team Site,Mihal@7rkd12.onmicrosoft.com,30
2026-08-10,be34b2f7-f91c-493e-9a96-85d04bd6cc86,,prj_Team Site-731067 Owners,False,,,True,None,APC,30,0,0,0,0,0,0,0,4943458,42949672960,Team Site,prj_teamsite-731067@7rkd12.onmicrosoft.com,30
2026-08-10,be4c4ad0-ed65-4043-86da-297c33099674,,Admin ADB,True,,,False,None,APC,0,0,0,0,0,0,0,0,1485673,27487790694400,Team Site,Admin@7rkd12.onmicrosoft.com,30
2026-08-10,be6e582b-633b-406c-97c5-5966954b94fc,,Admin ADB,True,,,False,None,APC,0,0,0,0,0,0,0,0,1487403,27487790694400,Team Site,Admin@7rkd12.onmicrosoft.com,30
2026-08-10,be764b87-c7e4-4f23-a28c-cacefec576dd,,prj_Team Site-731028 Owners,False,,,True,None,APC,30,0,0,0,0,0,0,0,4940996,42949672960,Team Site,prj_teamsite-731028@7rkd12.onmicrosoft.com,30
2026-08-10,be7f1b38-45e4-4ffd-beb7-802faffc7dc8,,Admin ADB,True,,,False,None,APC,0,0,0,0,0,0,0,0,1465513,27487790694400,Team Site,Admin@7rkd12.onmicrosoft.com,30
2026-08-10,bea7c014-8796-4440-88d8-20c141334dab,,Admin ADB,True,,,False,None,APC,0,0,0,0,0,0,0,0,1485697,27487790694400,Team Site,Admin@7rkd12.onmicrosoft.com,30
2026-08-10,bebb791f-d0ba-4fb3-91f1-d97c69b82088,,Admin ADB,True,,,True,None,APC,43,0,0,0,0,0,0,0,24915530,42949672960,Team Site,Admin@7rkd12.onmicrosoft.com,30
2026-08-10,bedb547c-cf3e-4e32-8340-b97138c637cb,,Admin ADB,False,,,False,None,APC,0,0,0,0,0,0,0,0,1485767,42949672960,Team Site,Admin@7rkd12.onmicrosoft.com,30
2026-08-10,bedcb16a-b469-40d1-a932-068460514f96,,prj_Group Site-731043 Owners,False,,,True,None,APC,30,0,0,0,0,0,0,0,4943359,42949672960,Team Site,prj_groupsite-731043@7rkd12.onmicrosoft.com,30
2026-08-10,bf021afb-80e8-42b0-909f-92182e2efc46,,Admin ADB,True,,,False,None,APC,0,0,0,0,0,0,0,0,1485729,27487790694400,Team Site,Admin@7rkd12.onmicrosoft.com,30
2026-08-10,bf0bed0e-fd95-4b7d-b90f-ad4dc8528faf,,Admin ADB,True,,,False,None,APC,0,0,0,0,0,0,0,0,1466031,27487790694400,Team Site,Admin@7rkd12.onmicrosoft.com,30
2026-08-10,bf15459b-d0ae-458c-8054-5fa57056fffb,,Admin ADB,False,,,False,None,APC,0,0,0,0,0,0,0,0,1485537,42949672960,Team Site,Admin@7rkd12.onmicrosoft.com,30
2026-08-10,bf2afda6-b53a-42db-8724-db0ac72f1628,,Leila Test,False,2026-06-10,,True,None,APC,10,0,0,0,0,0,0,0,2579546,1099511627776,Team Site,LeilaTest@7rkd12.onmicrosoft.com,30
2026-08-10,bf37d3c6-9c88-47ea-85eb-7de1daa76014,,Leila Test,False,2025-06-30,,True,None,APC,2,0,0,0,0,0,0,0,1909738,1099511627776,Team Site,LeilaTest@7rkd12.onmicrosoft.com,30
2026-08-10,bf53d988-d4c5-4bce-9030-7a5d6f29ecdd,,Bonnie Test,False,,,True,None,APC,30,0,0,0,0,0,0,0,4921589,42949672960,Team Site,BonnieTest@7rkd12.onmicrosoft.com,30
2026-08-10,bf59adbb-091e-4927-b685-b69ad7b0ccf4,,Admin ADB,True,,,False,None,APC,0,0,0,0,0,0,0,0,1485588,27487790694400,Team Site,Admin@7rkd12.onmicrosoft.com,30
2026-08-10,bf9d0367-ddad-4501-96d2-b5532a95dcb5,,Admin ADB,False,,,True,None,APC,30,0,0,0,0,0,0,0,4906669,42949672960,Team Site,Admin@7rkd12.onmicrosoft.com,30
2026-08-10,bf9e8676-3fbe-4312-840f-fcb8808178dd,,Alex Wilber,False,2024-11-18,,True,None,APC,5,0,0,0,0,0,0,0,1907864,42949672960,Team Site,AlexW@7rkd12.onmicrosoft.com,30
2026-08-10,bfa2099a-95d7-49ab-896c-bbbb6abf9b1a,,Admin ADB,False,,,True,None,APC,30,0,0,0,0,0,0,0,4940034,42949672960,Team Site,Admin@7rkd12.onmicrosoft.com,30
2026-08-10,bfc73ecb-590d-457b-977c-393f82567d37,,Admin ADB,False,,,False,None,APC,0,0,0,0,0,0,0,0,1486434,42949672960,Team Site,Admin@7rkd12.onmicrosoft.com,30
2026-08-10,bfd0ae89-8b75-42ac-b637-7695df830135,,Admin ADB,True,,,True,None,APC,28,0,0,0,0,0,0,0,4891256,27487790694400,Team Site,Admin@7rkd12.onmicrosoft.com,30
2026-08-10,bfd0c3c3-fb86-4253-8df1-4e74be7d88f2,,prj_Group Site-731092 Owners,False,,,True,None,APC,30,0,0,0,0,0,0,0,4943525,42949672960,Team Site,prj_groupsite-731092@7rkd12.onmicrosoft.com,30
2026-08-10,bfdbebee-df6f-4ac0-a0bd-b075624fb336,,prj_Ada Team Site-230 Owners,True,,,True,None,APC,30,0,0,0,0,0,0,0,4905456,27487790694400,Team Site,prj_adateamsite-230@7rkd12.onmicrosoft.com,30
2026-08-10,c026acd0-b407-4455-a938-eb2e10071a5b,,Admin,True,2026-04-20,,True,None,APC,186,0,0,0,0,0,0,0,37587707078,42949672960,Team Site,Admin@7rkd12.onmicrosoft.com,30
2026-08-10,c066e2e2-1e68-49cf-8be6-eb2564325f21,,Bonnie Test,False,,,True,None,APC,30,0,0,0,0,0,0,0,4946970,42949672960,Team Site,BonnieTest@7rkd12.onmicrosoft.com,30
2026-08-10,c067c025-4376-492e-a850-c726177302f5,,Admin ADB,False,,,False,None,APC,0,0,0,0,0,0,0,0,1486305,42949672960,Team Site,Admin@7rkd12.onmicrosoft.com,30
2026-08-10,c0977f66-8d2c-4dc6-9685-41eed5eccec8,,prj_Group Site-731042 Owners,False,,,True,None,APC,30,0,0,0,0,0,0,0,4938404,42949672960,Team Site,prj_groupsite-731042@7rkd12.onmicrosoft.com,30
2026-08-10,c0afd468-7c49-47a4-b1e0-8060a02b00a4,,prj_Team Site-731064 Owners,False,,,True,None,APC,30,0,0,0,0,0,0,0,4941536,42949672960,Team Site,prj_teamsite-731064@7rkd12.onmicrosoft.com,30
2026-08-10,c116680c-b783-43f8-bc47-ac7f3430c41a,,Admin ADB,True,,,False,None,APC,0,0,0,0,0,0,0,0,1465993,27487790694400,Team Site,Admin@7rkd12.onmicrosoft.com,30
2026-08-10,c12f66d8-b5ed-4fa8-a151-7c90e15de8a4,,Admin ADB,False,,,False,None,APC,0,0,0,0,0,0,0,0,1486343,42949672960,Team Site,Admin@7rkd12.onmicrosoft.com,30
2026-08-10,c13ef7fa-ca81-47bf-9f76-97b4a8ecfcc6,,Admin ADB,False,,,True,None,APC,30,0,0,0,0,0,0,0,4940229,42949672960,Team Site,Admin@7rkd12.onmicrosoft.com,30
2026-08-10,c14b2043-8b03-47cf-879f-e8c5d062adf9,,prj_Team Site-731048 Owners,False,,,True,None,APC,30,0,0,0,0,0,0,0,4941083,42949672960,Team Site,prj_teamsite-731048@7rkd12.onmicrosoft.com,30
2026-08-10,c14d4f1b-d6bc-4261-beea-008535da65c4,,Admin ADB,False,,,False,None,APC,0,0,0,0,0,0,0,0,1486534,42949672960,Team Site,Admin@7rkd12.onmicrosoft.com,30
2026-08-10,c197b266-b13a-4896-92ca-f639b285ed02,,Admin ADB,True,,,False,None,APC,0,0,0,0,0,0,0,0,1465389,27487790694400,Team Site,Admin@7rkd12.onmicrosoft.com,30
2026-08-10,c19ebaa3-1fa2-4fea-a3ed-4765e5ff21dd,,Admin ADB,False,,,True,None,APC,30,0,0,0,0,0,0,0,4958731,42949672960,Team Site,Admin@7rkd12.onmicrosoft.com,30
2026-08-10,c1b685c0-62ee-47a5-ac1d-372eaa259382,,Admin ADB,True,,,False,None,APC,0,0,0,0,0,0,0,0,1486062,27487790694400,Team Site,Admin@7rkd12.onmicrosoft.com,30
2026-08-10,c1db7364-6041-4a82-8ee4-5584ad2e77e0,,Admin ADB,False,,,True,None,APC,30,0,0,0,0,0,0,0,4939962,42949672960,Team Site,Admin@7rkd12.onmicrosoft.com,30
2026-08-10,c1e1d78c-3f1a-4b37-b80e-22587d40533c,,Admin ADB,False,,,True,None,APC,30,0,0,0,0,0,0,0,4936443,42949672960,Team Site,Admin@7rkd12.onmicrosoft.com,30
2026-08-10,c1fde413-c8f3-4df3-87b7-89474b379564,,prj_Team Site-731057 Owners,False,,,True,None,APC,30,0,0,0,0,0,0,0,4940620,42949672960,Team Site,prj_teamsite-731057@7rkd12.onmicrosoft.com,30
2026-08-10,c2b9e8a8-7dd8-42d6-b0ec-9bc00e6e9eec,,Bonnie Test,False,2026-06-10,,True,None,APC,10,0,0,0,0,0,0,0,2060035,1099511627776,Team Site,BonnieTest@7rkd12.onmicrosoft.com,30
2026-08-10,c3015f3b-c744-4128-985a-347105ddadbb,,Admin ADB,False,,,False,None,APC,0,0,0,0,0,0,0,0,1486952,42949672960,Team Site,Admin@7rkd12.onmicrosoft.com,30
2026-08-10,c31eaed9-6c98-482d-b679-50a4cda2fc94,,Admin ADB,False,,,False,None,APC,0,0,0,0,0,0,0,0,1486544,42949672960,Team Site,Admin@7rkd12.onmicrosoft.com,30
2026-08-10,c32d7b5b-d3da-4d9f-b321-e76bee5b532d,,Admin ADB,False,,,False,None,APC,0,0,0,0,0,0,0,0,1486364,42949672960,Team Site,Admin@7rkd12.onmicrosoft.com,30
2026-08-10,c33bb976-934c-4814-bc0d-84dcba392f5b,,Admin ADB,True,,,False,None,APC,0,0,0,0,0,0,0,0,1486257,27487790694400,Team Site,Admin@7rkd12.onmicrosoft.com,30
2026-08-10,c3421ab5-86e1-454d-81dc-d29248d5cf83,,Bonnie Test,False,,,True,None,APC,30,0,0,0,0,0,0,0,4924833,42949672960,Team Site,BonnieTest@7rkd12.onmicrosoft.com,30
2026-08-10,c34d79fd-75d6-425d-855d-b77650b86221,,Bonnie Test,False,,,True,None,APC,30,0,0,0,0,0,0,0,4924758,42949672960,Team Site,BonnieTest@7rkd12.onmicrosoft.com,30
2026-08-10,c3532a4c-52ef-46c3-997d-468070962525,,Bonnie Test,False,,,True,None,APC,30,0,0,0,0,0,0,0,4938102,42949672960,Team Site,BonnieTest@7rkd12.onmicrosoft.com,30
2026-08-10,c35fafcb-84ca-4645-b90c-3f083b2e804d,,Admin ADB,True,,,False,None,APC,0,0,0,0,0,0,0,0,1486203,27487790694400,Team Site,Admin@7rkd12.onmicrosoft.com,30
2026-08-10,c36bbaae-04ec-4802-90eb-50756e690add,,Admin ADB,False,,,False,None,APC,0,0,0,0,0,0,0,0,1486244,42949672960,Team Site,Admin@7rkd12.onmicrosoft.com,30
2026-08-10,c3a49ba9-867e-4ee2-b73f-3abe8efb70da,,Alex Wilber,False,2024-11-19,,True,None,APC,5,0,0,0,0,0,0,0,2139764,42949672960,Team Site,AlexW@7rkd12.onmicrosoft.com,30
2026-08-10,c3f561ee-4ae3-4e1c-949a-5f30c5f5a9df,,Bonnie Test,False,,,True,None,APC,30,0,0,0,0,0,0,0,4925128,42949672960,Team Site,BonnieTest@7rkd12.onmicrosoft.com,30
2026-08-10,c3f62cb6-644c-4097-a212-9dcb84e8680c,,Admin ADB,False,,,False,None,APC,0,0,0,0,0,0,0,0,1486241,42949672960,Team Site,Admin@7rkd12.onmicrosoft.com,30
2026-08-10,c40c109c-08ff-4dfe-81e4-df6074f88e6c,,Bonnie Test,False,,,True,None,APC,30,0,0,0,0,0,0,0,4924715,42949672960,Team Site,BonnieTest@7rkd12.onmicrosoft.com,30
2026-08-10,c41bba46-c63b-400f-8cc0-9d29447545c6,,Admin ADB,False,,,False,None,APC,0,0,0,0,0,0,0,0,1486489,42949672960,Team Site,Admin@7rkd12.onmicrosoft.com,30
2026-08-10,c42bce56-fcca-46a1-9000-da89b5d724c8,,prj_Group Site-731038 Owners,False,,,True,None,APC,30,0,0,0,0,0,0,0,4940203,42949672960,Team Site,prj_groupsite-731038@7rkd12.onmicrosoft.com,30
2026-08-10,c44ed1cc-784a-4b6a-a321-52e43bcc5034,,Bonnie Test,False,,,True,None,APC,30,0,0,0,0,0,0,0,4924845,42949672960,Team Site,BonnieTest@7rkd12.onmicrosoft.com,30
2026-08-10,c457081b-f6cf-4cc8-acc9-40b73449223b,,Admin ADB,True,,,False,None,APC,0,0,0,0,0,0,0,0,1465466,27487790694400,Team Site,Admin@7rkd12.onmicrosoft.com,30
2026-08-10,c46b9f37-a60a-46ce-a02c-7bb217ff0231,,Admin ADB,False,,,False,None,APC,0,0,0,0,0,0,0,0,1486580,42949672960,Team Site,Admin@7rkd12.onmicrosoft.com,30
2026-08-10,c4c2d7a6-0bfd-4339-8de1-1797364b709e,,Admin ADB,False,,,False,None,APC,0,0,0,0,0,0,0,0,1485182,42949672960,Team Site,Admin@7rkd12.onmicrosoft.com,30
2026-08-10,c4da25aa-75f8-483b-9fcf-b91ba3bedd37,,Admin ADB,True,,,False,None,APC,0,0,0,0,0,0,0,0,1466013,27487790694400,Team Site,Admin@7rkd12.onmicrosoft.com,30
2026-08-10,c4ec18b5-d495-406c-bddc-41bbd932144e,,Admin ADB,False,,,True,None,APC,29,0,0,0,0,0,0,0,4614046,42949672960,Team Site,Admin@7rkd12.onmicrosoft.com,30
2026-08-10,c4ee5cee-8e4d-409a-8c02-abad45f5cc05,,prj_MihalTeamsite 242 Owners,False,,,True,None,APC,30,0,0,0,0,0,0,0,4925524,42949672960,Team Site,prj_mihalteamsite-242@7rkd12.onmicrosoft.com,30
2026-08-10,c506ac3f-57f0-4846-a808-ce15d40b18c6,,Admin ADB,False,,,False,None,APC,0,0,0,0,0,0,0,0,1486590,42949672960,Team Site,Admin@7rkd12.onmicrosoft.com,30
2026-08-10,c5224a5e-e462-4243-ba22-739e360cc9e4,,Admin ADB,True,,,True,None,APC,43,0,0,0,0,0,0,0,24667974,42949672960,Team Site,Admin@7rkd12.onmicrosoft.com,30
2026-08-10,c526198a-641d-4d24-8ec8-107c0f137731,,Leila Test,False,2026-06-10,,True,None,APC,16,0,0,0,0,0,0,0,3821162,42949672960,Team Site,LeilaTest@7rkd12.onmicrosoft.com,30
2026-08-10,c52f5ad6-b3bd-438d-b775-0bc624e5ea96,,Admin ADB,False,,,False,None,APC,0,0,0,0,0,0,0,0,1486900,42949672960,Team Site,Admin@7rkd12.onmicrosoft.com,30
2026-08-10,c5553fb5-cb28-4d8f-bd74-4fb11b654ba3,,Admin ADB,False,,,False,None,APC,0,0,0,0,0,0,0,0,1486960,42949672960,Team Site,Admin@7rkd12.onmicrosoft.com,30
2026-08-10,c56bb44f-5f75-45c5-90ee-b92f705e893b,,prj_Team Site-731095 Owners,False,2026-08-03,,True,None,APC,30,4,1,1,0,0,0,0,4943846,42949672960,Team Site,prj_teamsite-731095@7rkd12.onmicrosoft.com,30
2026-08-10,c56dadd8-5b7e-4a4e-ae66-fb05d338dac6,,Admin ADB,True,,,True,None,APC,30,0,0,0,0,0,0,0,4903766,27487790694400,Team Site,Admin@7rkd12.onmicrosoft.com,30
2026-08-10,c57d0d56-2676-4df9-9048-61de3c999b37,,Admin ADB,False,,,False,None,APC,0,0,0,0,0,0,0,0,1486967,42949672960,Team Site,Admin@7rkd12.onmicrosoft.com,30
2026-08-10,c580c259-bfce-44cd-a8e0-c793597b3495,,Bonnie Test,False,,,True,None,APC,30,0,0,0,0,0,0,0,4947268,42949672960,Team Site,BonnieTest@7rkd12.onmicrosoft.com,30
2026-08-10,c5834fc4-78fe-42a1-987f-b979e207ad2c,,Admin ADB,False,,,True,None,APC,30,0,0,0,0,0,0,0,4922253,42949672960,Team Site,Admin@7rkd12.onmicrosoft.com,30
2026-08-10,c5c7ef1e-7a42-4eaa-8843-261d76e4f4d0,,Admin ADB,False,,,False,None,APC,0,0,0,0,0,0,0,0,1485849,42949672960,Team Site,Admin@7rkd12.onmicrosoft.com,30
2026-08-10,c5cdb7c9-9848-411c-ada7-67a74ed93a6d,,Bonnie Test,False,,,True,None,APC,30,0,0,0,0,0,0,0,4940910,42949672960,Team Site,BonnieTest@7rkd12.onmicrosoft.com,30
2026-08-10,c5cde4a6-d65a-439c-a800-7f9ace44fab9,,Admin ADB,False,,,True,None,APC,30,0,0,0,0,0,0,0,4924288,42949672960,Team Site,Admin@7rkd12.onmicrosoft.com,30
2026-08-10,c5dd2793-ddaa-4a54-812e-b2fa32d298c3,,Admin ADB,False,2026-07-29,,True,None,APC,30,4,1,1,0,0,0,0,4939752,42949672960,Team Site,Admin@7rkd12.onmicrosoft.com,30
2026-08-10,c5ebc22f-8ee2-4f1e-99d5-cc8b72fd51fd,,Bonnie Test,False,,,True,None,APC,30,0,0,0,0,0,0,0,4939689,42949672960,Team Site,BonnieTest@7rkd12.onmicrosoft.com,30
2026-08-10,c5efb1f6-77bd-4c2a-8cb8-e0a7cd7ca2c9,,Admin ADB,True,,,False,None,APC,0,0,0,0,0,0,0,0,1486201,27487790694400,Team Site,Admin@7rkd12.onmicrosoft.com,30
2026-08-10,c62106f7-0d0e-4d10-95ee-cc802f893f66,,Admin ADB,True,,,False,None,APC,0,0,0,0,0,0,0,0,1486205,27487790694400,Team Site,Admin@7rkd12.onmicrosoft.com,30
2026-08-10,c63b7f09-5789-4390-89d9-434a64cd1932,,Admin ADB,False,,,False,None,APC,0,0,0,0,0,0,0,0,1486888,42949672960,Team Site,Admin@7rkd12.onmicrosoft.com,30
2026-08-10,c66b4f40-8c12-494a-aa9e-136d0f7ac4d2,,Admin ADB,True,,,False,None,APC,0,0,0,0,0,0,0,0,1465347,27487790694400,Team Site,Admin@7rkd12.onmicrosoft.com,30
2026-08-10,c680b7b0-3822-46c0-a2d6-66624c387f51,,Bonnie Test,False,,,True,None,APC,30,0,0,0,0,0,0,0,4939954,42949672960,Team Site,BonnieTest@7rkd12.onmicrosoft.com,30
2026-08-10,c6d414a8-20ac-4adb-afc4-985ce302f44b,,Admin ADB,False,,,True,None,APC,30,0,0,0,0,0,0,0,4940012,42949672960,Team Site,Admin@7rkd12.onmicrosoft.com,30
2026-08-10,c6e45cf8-611c-4a09-a7e4-0c083b477e8e,,Admin ADB,True,,,False,None,APC,0,0,0,0,0,0,0,0,1485743,27487790694400,Team Site,Admin@7rkd12.onmicrosoft.com,30
2026-08-10,c6e73d11-32ef-48e3-aa6b-02db18262efd,,Admin ADB,False,,,False,None,APC,0,0,0,0,0,0,0,0,1484832,42949672960,Team Site,Admin@7rkd12.onmicrosoft.com,30
2026-08-10,c701d31c-fb63-4e0f-a2fe-4c7377abc218,,prj_Ada Team Site-082 Owners,True,2026-07-29,,True,None,APC,30,4,1,1,0,0,0,0,4922879,27487790694400,Team Site,prj_adateamsite-082@7rkd12.onmicrosoft.com,30
2026-08-10,c70356b6-f1d0-4ba2-982b-9c810d2e081f,,Admin ADB,False,,,False,None,APC,0,0,0,0,0,0,0,0,1486239,42949672960,Team Site,Admin@7rkd12.onmicrosoft.com,30
2026-08-10,c708c04a-8d4b-4cd2-bb2c-41056233a0f5,,prj_Group Site-731057 Owners,False,2026-08-03,,True,None,APC,30,4,1,1,0,0,0,0,4943755,42949672960,Team Site,prj_groupsite-731057@7rkd12.onmicrosoft.com,30
2026-08-10,c794b6e2-50e3-494a-9786-e5b18a6bbe83,,Admin ADB,True,,,False,None,APC,0,0,0,0,0,0,0,0,1465371,27487790694400,Team Site,Admin@7rkd12.onmicrosoft.com,30
2026-08-10,c7dc8964-15cd-4e6b-ad82-6ede1bc4dfd4,,Admin ADB,False,2026-07-29,,True,None,APC,30,4,1,1,0,0,0,0,4939834,42949672960,Team Site,Admin@7rkd12.onmicrosoft.com,30
2026-08-10,c7deb764-a77f-48e4-b3ea-5f6148564d94,,Admin ADB,False,2026-07-29,,True,None,APC,30,4,1,1,0,0,0,0,4934318,42949672960,Team Site,Admin@7rkd12.onmicrosoft.com,30
2026-08-10,c7f229de-b5b4-4f18-8d0c-676ac4f0c39a,,prj_Team Site-731029 Owners,False,,,True,None,APC,30,0,0,0,0,0,0,0,4941302,42949672960,Team Site,prj_teamsite-731029@7rkd12.onmicrosoft.com,30
2026-08-10,c824d9f4-aba7-4517-93c1-143f8994b77b,,Admin ADB,False,,,True,None,APC,30,0,0,0,0,0,0,0,4934360,42949672960,Team Site,Admin@7rkd12.onmicrosoft.com,30
2026-08-10,c8335e7e-9a43-494b-bdde-50575c1cf7f9,,Admin ADB,False,,,False,None,APC,0,0,0,0,0,0,0,0,1486938,42949672960,Team Site,Admin@7rkd12.onmicrosoft.com,30
2026-08-10,c838fb36-7869-4a6d-ae4e-b56d885c20ea,,Bonnie Test,False,,,True,None,APC,30,0,0,0,0,0,0,0,4939862,42949672960,Team Site,BonnieTest@7rkd12.onmicrosoft.com,30
2026-08-10,c83cc550-ee97-4524-8307-f54b01bd3e80,,prj_Ada Team Site-116 Owners,True,,,True,None,APC,30,0,0,0,0,0,0,0,4928450,27487790694400,Team Site,prj_adateamsite-116@7rkd12.onmicrosoft.com,30
2026-08-10,c85e296e-f401-4bbe-958c-da2adf0846c4,,Admin ADB,False,,,False,None,APC,0,0,0,0,0,0,0,0,1486484,42949672960,Team Site,Admin@7rkd12.onmicrosoft.com,30
2026-08-10,c880f365-6ae1-4ea7-992c-0ee3a438f566,,prj_MihalTeamsite 238 Owners,False,,,True,None,APC,30,0,0,0,0,0,0,0,4908575,42949672960,Team Site,prj_mihalteamsite-238@7rkd12.onmicrosoft.com,30
2026-08-10,c8968e1e-8c86-4b21-ae17-f33cb1e39d96,,Admin ADB,False,,,False,None,APC,0,0,0,0,0,0,0,0,1486821,42949672960,Team Site,Admin@7rkd12.onmicrosoft.com,30
2026-08-10,c8b8c55e-4b5f-4fb3-907a-ac4d3e8d0031,,Bonnie Test,False,2026-06-10,,True,None,APC,11,0,0,0,0,0,0,0,2218826,1099511627776,Team Site,BonnieTest@7rkd12.onmicrosoft.com,30
2026-08-10,c8c94a36-fec8-4d8a-8cdb-3eb6e94e7186,,prj_Team Site-731049 Owners,False,,,True,None,APC,30,0,0,0,0,0,0,0,4943579,42949672960,Team Site,prj_teamsite-731049@7rkd12.onmicrosoft.com,30
2026-08-10,c8eed5a3-b473-4894-a85f-c60fd6cdacdb,,Admin ADB,True,,,False,None,APC,0,0,0,0,0,0,0,0,1465882,27487790694400,Team Site,Admin@7rkd12.onmicrosoft.com,30
2026-08-10,c957381c-d169-458f-be64-18affeeb062c,,Bonnie Test,False,,,True,None,APC,30,0,0,0,0,0,0,0,4941288,42949672960,Team Site,BonnieTest@7rkd12.onmicrosoft.com,30
2026-08-10,c959206d-ca44-4ccf-b0bc-5e305246ee0d,,Bonnie Test,False,2026-08-06,,True,None,APC,30,4,5,1,0,0,0,0,4940042,42949672960,Team Site,BonnieTest@7rkd12.onmicrosoft.com,30
2026-08-10,c9630ffc-08ad-47c9-bce8-20dbe500bbc7,,Admin ADB,False,,,False,None,APC,0,0,0,0,0,0,0,0,1486286,42949672960,Team Site,Admin@7rkd12.onmicrosoft.com,30
2026-08-10,c992a94e-6d24-4405-beeb-209ebba1668e,,prj_Ada Team Site-226 Owners,True,,,True,None,APC,30,0,0,0,0,0,0,0,4922492,27487790694400,Team Site,prj_adateamsite-226@7rkd12.onmicrosoft.com,30
2026-08-10,c99b4b0e-55e0-49d0-aeb5-6e2ebb7f807f,,prj_Team Site-731026 Owners,False,,,True,None,APC,30,0,0,0,0,0,0,0,4941324,42949672960,Team Site,prj_teamsite-731026@7rkd12.onmicrosoft.com,30
2026-08-10,c9c58933-9aca-44cc-8e02-c8dda7afe8e8,,Admin ADB,True,,,False,None,APC,0,0,0,0,0,0,0,0,1465300,27487790694400,Team Site,Admin@7rkd12.onmicrosoft.com,30
2026-08-10,c9cb59fa-f266-4b58-a9bd-75b35f6ef3dd,,Admin ADB,True,,,False,None,APC,0,0,0,0,0,0,0,0,1486174,27487790694400,Team Site,Admin@7rkd12.onmicrosoft.com,30
2026-08-10,c9ed1d96-4438-47dc-a296-b7ce217a21a7,,Admin ADB,False,,,False,None,APC,0,0,0,0,0,0,0,0,1487150,42949672960,Team Site,Admin@7rkd12.onmicrosoft.com,30
2026-08-10,ca232d9d-accf-42fe-b987-005589e4f992,,Admin ADB,True,,,True,None,APC,30,0,0,0,0,0,0,0,4942520,42949672960,Team Site,Admin@7rkd12.onmicrosoft.com,30
2026-08-10,ca2df761-b61a-48f9-9ee4-a066ee3b990b,,Admin ADB,False,,,False,None,APC,0,0,0,0,0,0,0,0,1485966,42949672960,Team Site,Admin@7rkd12.onmicrosoft.com,30
2026-08-10,ca30b0d3-9ac1-4f00-b615-9010ddff3c91,,prj_MihalTeamsite 243 Owners,False,,,True,None,APC,30,0,0,0,0,0,0,0,4926594,42949672960,Team Site,prj_mihalteamsite-243@7rkd12.onmicrosoft.com,30
2026-08-10,ca3da7cd-2364-4146-8846-95ad8fa49f08,,Admin ADB,False,,,False,None,APC,0,0,0,0,0,0,0,0,1486545,42949672960,Team Site,Admin@7rkd12.onmicrosoft.com,30
2026-08-10,ca48929b-af75-42b6-b334-eba42e18baba,,prj_Team Site-731098 Owners,False,,,True,None,APC,30,0,0,0,0,0,0,0,4962262,42949672960,Team Site,prj_teamsite-731098@7rkd12.onmicrosoft.com,30
2026-08-10,ca9eef96-dd67-4894-ab78-e10dde7e2ce2,,Bonnie Test,False,,,True,None,APC,30,0,0,0,0,0,0,0,4923113,42949672960,Team Site,BonnieTest@7rkd12.onmicrosoft.com,30
2026-08-10,caa42057-5045-4272-9f2b-7fa7f6f468a5,,Admin ADB,False,,,True,None,APC,30,0,0,0,0,0,0,0,4925607,42949672960,Team Site,Admin@7rkd12.onmicrosoft.com,30
2026-08-10,cab2615b-657d-418d-9e22-24e2302012ff,,Admin ADB,False,2026-07-29,,True,None,APC,30,4,1,1,0,0,0,0,4924310,42949672960,Team Site,Admin@7rkd12.onmicrosoft.com,30
2026-08-10,cabecb7d-28d5-48f8-a91f-d08ef6c6534c,,prj_Team Site-731085 Owners,False,,,True,None,APC,30,0,0,0,0,0,0,0,4943138,42949672960,Team Site,prj_teamsite-731085@7rkd12.onmicrosoft.com,30
2026-08-10,caf70cb8-2559-4ccb-8d11-879990e6b774,,Admin ADB,True,,,False,None,APC,0,0,0,0,0,0,0,0,1486177,27487790694400,Team Site,Admin@7rkd12.onmicrosoft.com,30
2026-08-10,cafba8dc-3d06-48e9-b377-8d80b47ff72f,,Group Site-444444 Owners,False,2026-08-07,,True,None,APC,30,4,6,4,0,0,0,0,4849663,42949672960,Team Site,GroupSite-444444@7rkd12.onmicrosoft.com,30
2026-08-10,cb02fadd-ed89-43eb-bf01-8ab25a11177d,,Admin ADB,True,,,False,None,APC,0,0,0,0,0,0,0,0,1465817,27487790694400,Team Site,Admin@7rkd12.onmicrosoft.com,30
2026-08-10,cb035d67-9657-4c33-a8e5-274be7ea7077,,Leila Test,False,2026-06-10,,True,None,APC,72,0,0,0,0,0,0,0,21963910,1099511627776,Team Site,LeilaTest@7rkd12.onmicrosoft.com,30
2026-08-10,cb2329e0-327b-433c-a40e-47e96fefa3ca,,prj_Team Site-731032 Owners,False,,,True,None,APC,30,0,0,0,0,0,0,0,4943096,42949672960,Team Site,prj_teamsite-731032@7rkd12.onmicrosoft.com,30
2026-08-10,cb2742e5-d59d-4b64-bc48-837d152e2582,,Bonnie Test,False,,,True,None,APC,30,0,0,0,0,0,0,0,4938752,42949672960,Team Site,BonnieTest@7rkd12.onmicrosoft.com,30
2026-08-10,cb766f31-4db7-4cbb-9e8d-cc96fa7c0344,,Admin ADB,False,,,False,None,APC,0,0,0,0,0,0,0,0,1486727,42949672960,Team Site,Admin@7rkd12.onmicrosoft.com,30
2026-08-10,cbab92a5-7464-4f5c-8172-acc3ad9d4a63,,Admin ADB,False,,,False,None,APC,0,0,0,0,0,0,0,0,1486046,42949672960,Team Site,Admin@7rkd12.onmicrosoft.com,30
2026-08-10,cbbfc868-be2b-4dcd-b80e-2d4c68f3ca30,,Admin ADB,False,,,False,None,APC,0,0,0,0,0,0,0,0,1486369,42949672960,Team Site,Admin@7rkd12.onmicrosoft.com,30
2026-08-10,cbc970ef-47cf-4a9f-b195-8d1fea3df102,,Admin ADB,False,,,True,None,APC,30,0,0,0,0,0,0,0,4939370,42949672960,Team Site,Admin@7rkd12.onmicrosoft.com,30
2026-08-10,cbd36c12-bb89-4b11-a973-b7dafa7ed37c,,Admin ADB,False,,,False,None,APC,0,0,0,0,0,0,0,0,1486919,42949672960,Team Site,Admin@7rkd12.onmicrosoft.com,30
2026-08-10,cbd60746-d5ed-4355-b9be-6ba668da986f,,Admin ADB,False,,,False,None,APC,0,0,0,0,0,0,0,0,1486980,42949672960,Team Site,Admin@7rkd12.onmicrosoft.com,30
2026-08-10,cbef6a1f-f899-47d3-968c-0dec70d87859,,Admin ADB,True,,,False,None,APC,0,0,0,0,0,0,0,0,1465465,27487790694400,Team Site,Admin@7rkd12.onmicrosoft.com,30
2026-08-10,cc3e5e91-96a5-46fd-8276-d70605fb2e67,,prj_Ada Team Site-049 Owners,False,2026-07-29,,True,None,APC,30,4,1,1,0,0,0,0,4883580,42949672960,Team Site,prj_adateamsite-049@7rkd12.onmicrosoft.com,30
2026-08-10,cc55494e-6431-41a1-bab3-8ba1f2be94f3,,Admin ADB,False,2026-07-29,,True,None,APC,30,4,1,1,0,0,0,0,4959554,42949672960,Team Site,Admin@7rkd12.onmicrosoft.com,30
2026-08-10,cc712568-a34c-43a9-84cc-75f6ca5fced8,,Bonnie Test,False,,,True,None,APC,30,0,0,0,0,0,0,0,4924769,42949672960,Team Site,BonnieTest@7rkd12.onmicrosoft.com,30
2026-08-10,cc8a7296-9513-4d94-8a9b-059af31f61dc,,Leila Test,False,2026-06-10,,False,None,APC,21,0,0,0,0,0,0,0,8294880,1099511627776,Team Site,LeilaTest@7rkd12.onmicrosoft.com,30
2026-08-10,cc9253eb-3a5a-4f6d-8094-872c7f0f6865,,prj_temp-002 Owners,False,2026-07-08,,True,None,APC,28,0,0,0,0,0,0,0,7195250,42949672960,Team Site,prj_temp-002@7rkd12.onmicrosoft.com,30
2026-08-10,cc95f533-7f17-4af6-aa86-4ac2bd71955b,,Admin ADB,False,,,False,None,APC,0,0,0,0,0,0,0,0,1486235,42949672960,Team Site,Admin@7rkd12.onmicrosoft.com,30
2026-08-10,ccc27fa6-c984-42ea-8b5b-37a0d02dee29,,Admin ADB,False,,,False,None,APC,0,0,0,0,0,0,0,0,1484918,42949672960,Team Site,Admin@7rkd12.onmicrosoft.com,30
2026-08-10,cd1aa55d-ae5c-48d8-abeb-aa399d0588bb,,Admin ADB,False,,,False,None,APC,0,0,0,0,0,0,0,0,1486356,42949672960,Team Site,Admin@7rkd12.onmicrosoft.com,30
2026-08-10,cd50c1e0-dcaf-4ada-abe2-fca793cf08b3,,Admin ADB,False,,,False,None,APC,0,0,0,0,0,0,0,0,1486443,42949672960,Team Site,Admin@7rkd12.onmicrosoft.com,30
2026-08-10,cd90e269-6677-4ba1-8977-ecdc97f43d44,,Admin ADB,True,,,False,None,APC,0,0,0,0,0,0,0,0,1465881,27487790694400,Team Site,Admin@7rkd12.onmicrosoft.com,30
2026-08-10,cdd3dc47-d9e3-45ae-915d-6069cd02bc41,,Admin ADB,False,,,True,None,APC,30,0,0,0,0,0,0,0,4924923,42949672960,Team Site,Admin@7rkd12.onmicrosoft.com,30
2026-08-10,cdd7b01a-a187-44cd-af0f-1684c9502d83,,Admin ADB,False,,,False,None,APC,0,0,0,0,0,0,0,0,1486012,42949672960,Team Site,Admin@7rkd12.onmicrosoft.com,30
2026-08-10,cdf4a397-c2cd-43f4-8900-782424be6e7c,,Admin ADB,True,,,False,None,APC,0,0,0,0,0,0,0,0,1485623,27487790694400,Team Site,Admin@7rkd12.onmicrosoft.com,30
2026-08-10,ce3713d8-06a2-44cc-9b06-1a2eee130ba1,,Admin ADB,True,,,False,None,APC,0,0,0,0,0,0,0,0,1466025,27487790694400,Team Site,Admin@7rkd12.onmicrosoft.com,30
2026-08-10,ce46836b-582b-4d5c-90c1-6e7f08fbe5d0,,prj_Group Site-731048 Owners,False,,,True,None,APC,30,0,0,0,0,0,0,0,4941062,42949672960,Team Site,prj_groupsite-731048@7rkd12.onmicrosoft.com,30
2026-08-10,ce5d8f9c-4ff2-4e3d-890c-8001a955b2bb,,Admin ADB,True,,,False,None,APC,0,0,0,0,0,0,0,0,1486317,27487790694400,Team Site,Admin@7rkd12.onmicrosoft.com,30
2026-08-10,cea60f9c-8181-4ab0-91ff-b9af0f84382b,,Admin ADB,False,,,False,None,APC,0,0,0,0,0,0,0,0,1486726,42949672960,Team Site,Admin@7rkd12.onmicrosoft.com,30
2026-08-10,cef29fcb-6b6b-428c-820d-64f85efca928,,Admin ADB,True,,,False,None,APC,0,0,0,0,0,0,0,0,1465350,27487790694400,Team Site,Admin@7rkd12.onmicrosoft.com,30
2026-08-10,cefec7c9-06f2-443c-b16b-45dfba166d08,,Bonnie Test,False,,,True,None,APC,30,0,0,0,0,0,0,0,4953170,42949672960,Team Site,BonnieTest@7rkd12.onmicrosoft.com,30
2026-08-10,cf0c9c60-4cd4-4695-b1a7-b4b2e8c2c785,,Admin ADB,False,,,False,None,APC,0,0,0,0,0,0,0,0,1484374,42949672960,Team Site,Admin@7rkd12.onmicrosoft.com,30
2026-08-10,cf1e4424-28f0-4183-bf1d-c6a65bc7d150,,Admin ADB,False,,,False,None,APC,0,0,0,0,0,0,0,0,1486419,42949672960,Team Site,Admin@7rkd12.onmicrosoft.com,30
2026-08-10,cf7483c7-a14e-4771-a4f6-087e7eeeb8af,,Admin ADB,False,,,False,None,APC,0,0,0,0,0,0,0,0,1486487,42949672960,Team Site,Admin@7rkd12.onmicrosoft.com,30
2026-08-10,cfc50c28-64d7-4e78-815e-c438893c8790,,Admin ADB,False,,,False,None,APC,0,0,0,0,0,0,0,0,1486221,42949672960,Team Site,Admin@7rkd12.onmicrosoft.com,30
2026-08-10,d0016966-d99f-4d6f-9a03-41db27348ec4,,Admin ADB,False,,,False,None,APC,0,0,0,0,0,0,0,0,1484930,42949672960,Team Site,Admin@7rkd12.onmicrosoft.com,30
2026-08-10,d00275bf-0a05-435b-bd5c-04acf59d04c7,,Admin ADB,True,,,False,None,APC,0,0,0,0,0,0,0,0,1465937,27487790694400,Team Site,Admin@7rkd12.onmicrosoft.com,30
2026-08-10,d00574ee-deaa-4532-b605-8e2f0e9d3d2b,,Admin ADB,False,,,False,None,APC,0,0,0,0,0,0,0,0,1485911,42949672960,Team Site,Admin@7rkd12.onmicrosoft.com,30
2026-08-10,d020c5f8-a569-4d56-9264-c711bada62d8,,Alex Wilber,False,2026-07-23,,True,None,APC,7,0,1,1,0,0,0,0,2343510,42949672960,Team Site,AlexW@7rkd12.onmicrosoft.com,30
2026-08-10,d0524754-3c5d-4ad6-898e-44ab41b23c0b,,Admin ADB,True,,,False,None,APC,0,0,0,0,0,0,0,0,1465506,27487790694400,Team Site,Admin@7rkd12.onmicrosoft.com,30
2026-08-10,d06f7eaa-1370-4137-8c22-cf017410f2a4,,Bonnie Test,False,,,True,None,APC,30,0,0,0,0,0,0,0,4924627,42949672960,Team Site,BonnieTest@7rkd12.onmicrosoft.com,30
2026-08-10,d072e6a5-c5f0-4d51-8e66-c2911d2013b4,,Admin ADB,True,,,False,None,APC,0,0,0,0,0,0,0,0,1485739,27487790694400,Team Site,Admin@7rkd12.onmicrosoft.com,30
2026-08-10,d09f9081-67c9-4224-a553-962e3de1b72d,,Admin ADB,True,,,False,None,APC,0,0,0,0,0,0,0,0,1465969,27487790694400,Team Site,Admin@7rkd12.onmicrosoft.com,30
2026-08-10,d0df2e84-083a-4e3d-9de4-d007cf4d1108,,Bonnie Test,False,,,True,None,APC,30,0,0,0,0,0,0,0,4925195,42949672960,Team Site,BonnieTest@7rkd12.onmicrosoft.com,30
2026-08-10,d0f11fc0-fbb6-49e9-9c3a-eb9a1bb3c903,,Admin ADB,False,,,False,None,APC,0,0,0,0,0,0,0,0,1485921,42949672960,Team Site,Admin@7rkd12.onmicrosoft.com,30
2026-08-10,d1021968-0bcd-4a05-ae14-7eca79335d98,,Admin ADB,True,,,False,None,APC,0,0,0,0,0,0,0,0,1465357,27487790694400,Team Site,Admin@7rkd12.onmicrosoft.com,30
2026-08-10,d10438b5-8921-4b87-8799-db7e5018373d,,Admin ADB,True,,,False,None,APC,0,0,0,0,0,0,0,0,1466024,27487790694400,Team Site,Admin@7rkd12.onmicrosoft.com,30
2026-08-10,d10de9ea-1a18-4f13-946a-e94a5aa496d8,,prj_Ada Group-002 Owners,False,2026-07-28,,True,None,APC,30,4,8,6,0,0,0,0,4939857,42949672960,Team Site,prj_adagroup-002-alias@7rkd12.onmicrosoft.com,30
2026-08-10,d11d1f44-b971-4c44-b531-185d4c103f62,,Admin ADB,True,,,False,None,APC,0,0,0,0,0,0,0,0,1485611,27487790694400,Team Site,Admin@7rkd12.onmicrosoft.com,30
2026-08-10,d1224226-d728-49e6-beb6-fc616b6492c2,,Admin ADB,True,,,True,None,APC,30,0,0,0,0,0,0,0,4903682,27487790694400,Team Site,Admin@7rkd12.onmicrosoft.com,30
2026-08-10,d1321106-3358-40a7-8720-7cb33efe903a,,Admin ADB,False,,,False,None,APC,0,0,0,0,0,0,0,0,1486229,42949672960,Team Site,Admin@7rkd12.onmicrosoft.com,30
2026-08-10,d1563283-6a2c-48df-bb00-d696c3fc5d94,,Admin ADB,True,,,False,None,APC,0,0,0,0,0,0,0,0,1465362,27487790694400,Team Site,Admin@7rkd12.onmicrosoft.com,30
2026-08-10,d157ce1c-cc6b-442f-a103-2df4dfeef848,,Admin ADB,True,,,False,None,APC,0,0,0,0,0,0,0,0,1465414,27487790694400,Team Site,Admin@7rkd12.onmicrosoft.com,30
2026-08-10,d15a0b57-390e-47d8-89d1-7a5e38d7a027,,Bonnie Test,False,,,True,None,APC,30,0,0,0,0,0,0,0,4940931,42949672960,Team Site,BonnieTest@7rkd12.onmicrosoft.com,30
2026-08-10,d192177f-0ef1-4298-9dc2-317f53cb4ad6,,Admin ADB,False,2026-07-29,,True,None,APC,30,4,1,1,0,0,0,0,4936430,42949672960,Team Site,Admin@7rkd12.onmicrosoft.com,30
2026-08-10,d1aae283-58a2-430a-b242-22effe57e270,,prj_Team Site-731027 Owners,False,,,True,None,APC,30,0,0,0,0,0,0,0,4943792,42949672960,Team Site,prj_teamsite-731027@7rkd12.onmicrosoft.com,30
2026-08-10,d26aea78-6b7a-4e3b-ab0e-8eea5dc88062,,prj_Ada Team Site-170 Owners,False,2026-07-28,,True,None,APC,30,1,1,1,0,0,0,0,4915356,42949672960,Team Site,prj_adateamsite-170@7rkd12.onmicrosoft.com,30
2026-08-10,d28ddd60-28f2-4932-9c7a-f69ee872e130,,Admin ADB,True,,,False,None,APC,0,0,0,0,0,0,0,0,1465864,27487790694400,Team Site,Admin@7rkd12.onmicrosoft.com,30
2026-08-10,d292214a-2c94-4d1f-9bb4-cb17399388f2,,prj_Ada Team Site-121 Owners,True,,,True,None,APC,30,0,0,0,0,0,0,0,4922622,27487790694400,Team Site,prj_adateamsite-121@7rkd12.onmicrosoft.com,30
2026-08-10,d2b740ff-b23a-47db-aa56-887f0ba2d04f,,Admin ADB,False,,,False,None,APC,0,0,0,0,0,0,0,0,1486297,42949672960,Team Site,Admin@7rkd12.onmicrosoft.com,30
2026-08-10,d2c5d3f3-640c-4143-a9ca-29c4a471ac30,,prj_Group Site-731060 Owners,False,,,True,None,APC,30,0,0,0,0,0,0,0,4943569,42949672960,Team Site,prj_groupsite-731060@7rkd12.onmicrosoft.com,30
2026-08-10,d32c6d2a-2295-4ee3-a2d6-00d975297639,,Admin ADB,True,,,False,None,APC,0,0,0,0,0,0,0,0,1466016,27487790694400,Team Site,Admin@7rkd12.onmicrosoft.com,30
2026-08-10,d3386172-d60c-45cb-9ecb-e359908fae9d,,prj_Ada Team Site-044 Owners,False,,,True,None,APC,30,0,0,0,0,0,0,0,4942895,42949672960,Team Site,prj_adateamsite-044@7rkd12.onmicrosoft.com,30
2026-08-10,d34a3c56-f26d-40b3-ac8f-abd6def8c301,,Bonnie Test,False,,,True,None,APC,30,0,0,0,0,0,0,0,4937912,42949672960,Team Site,BonnieTest@7rkd12.onmicrosoft.com,30
2026-08-10,d35b4d3d-8f56-442a-ad69-7ae8b17f3417,,Leila Test,False,2026-06-10,,True,None,APC,4,0,0,0,0,0,0,0,14912423,1099511627776,Team Site,LeilaTest@7rkd12.onmicrosoft.com,30
2026-08-10,d3edc6dd-5b7f-4cf3-bb11-9782fe8a433b,,Admin ADB,True,,,False,None,APC,0,0,0,0,0,0,0,0,1486252,27487790694400,Team Site,Admin@7rkd12.onmicrosoft.com,30
2026-08-10,d404ffe3-c06d-4b37-a2cc-4a5e8cc79273,,Admin ADB,False,,,False,None,APC,0,0,0,0,0,0,0,0,1485894,42949672960,Team Site,Admin@7rkd12.onmicrosoft.com,30
2026-08-10,d40c6f0e-e105-4ade-91e3-ec103f99b221,,Admin ADB,False,,,False,None,APC,0,0,0,0,0,0,0,0,1484546,42949672960,Team Site,Admin@7rkd12.onmicrosoft.com,30
2026-08-10,d43b007d-5898-4455-b94d-bdab2eb2ffa9,,Admin ADB,False,,,False,None,APC,0,0,0,0,0,0,0,0,1486541,42949672960,Team Site,Admin@7rkd12.onmicrosoft.com,30
2026-08-10,d43ea32e-d0de-48e4-8318-209aec3f75bc,,Admin ADB,False,,,False,None,APC,0,0,0,0,0,0,0,0,1484503,42949672960,Team Site,Admin@7rkd12.onmicrosoft.com,30
2026-08-10,d45cbe34-38df-467a-a6ae-5a7642c9deca,,Admin ADB,False,,,False,None,APC,0,0,0,0,0,0,0,0,1486333,42949672960,Team Site,Admin@7rkd12.onmicrosoft.com,30
2026-08-10,d48363c9-7e26-4c34-b663-d7eac298bd1c,,Bonnie Test,False,,,True,None,APC,30,0,0,0,0,0,0,0,4924657,42949672960,Team Site,BonnieTest@7rkd12.onmicrosoft.com,30
2026-08-10,d4ca5dc7-f47e-40ad-b88b-25338189c3d7,,Admin ADB,False,,,False,None,APC,0,0,0,0,0,0,0,0,1487037,42949672960,Team Site,Admin@7rkd12.onmicrosoft.com,30
2026-08-10,d4d98124-ed39-446b-8809-2aec0433f3b4,,prj_Team Site-731099 Owners,False,2026-08-10,,True,None,APC,30,4,3,1,0,0,0,0,4943829,42949672960,Team Site,prj_teamsite-731099@7rkd12.onmicrosoft.com,30
2026-08-10,d5057cba-b3c6-493d-a8ef-6510b43a5a5b,,Alex Wilber,False,2024-11-17,,True,None,APC,3,0,0,0,0,0,0,0,1832471,42949672960,Team Site,AlexW@7rkd12.onmicrosoft.com,30
2026-08-10,d51d24bc-51cb-42dc-a15d-6be891a4702c,,Admin ADB,False,,,True,None,APC,30,0,0,0,0,0,0,0,4904858,42949672960,Team Site,Admin@7rkd12.onmicrosoft.com,30
2026-08-10,d5468d55-d42e-400e-8d26-0beb03ea61ba,,prj_MihalTeamsite 191 Owners,False,,,True,None,APC,30,0,0,0,0,0,0,0,4921917,42949672960,Team Site,prj_mihalteamsite-191@7rkd12.onmicrosoft.com,30
2026-08-10,d59228e0-0405-413f-a6be-37a6826c03c3,,prj_Team Site-731081 Owners,False,,,True,None,APC,30,0,0,0,0,0,0,0,4958384,42949672960,Team Site,prj_teamsite-731081@7rkd12.onmicrosoft.com,30
2026-08-10,d594cb28-8c2d-4c58-964c-882961c23104,,Admin ADB,True,,,False,None,APC,0,0,0,0,0,0,0,0,1485640,27487790694400,Team Site,Admin@7rkd12.onmicrosoft.com,30
2026-08-10,d5a4e609-a593-45c5-a3f4-ada4149cf817,,prj_Team Site-731007 Owners,False,,,True,None,APC,30,0,0,0,0,0,0,0,4964117,42949672960,Team Site,prj_teamsite-731007@7rkd12.onmicrosoft.com,30
2026-08-10,d5a6bf82-dc00-4687-9cc6-880f19601622,,Admin ADB,False,,,False,None,APC,29,0,0,0,0,0,0,0,4656792,42949672960,Team Site,Admin@7rkd12.onmicrosoft.com,30
2026-08-10,d5d4580a-6242-48a8-9785-b6260a9748fd,,Admin ADB,True,,,False,None,APC,0,0,0,0,0,0,0,0,1465855,27487790694400,Team Site,Admin@7rkd12.onmicrosoft.com,30
2026-08-10,d5e03f0e-e1e8-40b9-a4f4-479a51a699aa,,Admin ADB,False,,,False,None,APC,0,0,0,0,0,0,0,0,1486441,42949672960,Team Site,Admin@7rkd12.onmicrosoft.com,30
2026-08-10,d5f6cc09-3474-4f46-a45a-37f7a0243c80,,Admin ADB,False,,,False,None,APC,0,0,0,0,0,0,0,0,1486531,42949672960,Team Site,Admin@7rkd12.onmicrosoft.com,30
2026-08-10,d60edccb-2340-498b-a769-2196a565d542,,Admin ADB,False,,,False,None,APC,0,0,0,0,0,0,0,0,1486247,42949672960,Team Site,Admin@7rkd12.onmicrosoft.com,30
2026-08-10,d64ef5e7-2d70-4d08-9e3c-4bfe60522da4,,Admin ADB,False,,,False,None,APC,0,0,0,0,0,0,0,0,1486809,42949672960,Team Site,Admin@7rkd12.onmicrosoft.com,30
2026-08-10,d669a06d-b82f-42e0-9f72-d60fcbef1e97,,Admin ADB,False,2026-07-29,,True,None,APC,30,4,1,1,0,0,0,0,4935677,42949672960,Team Site,Admin@7rkd12.onmicrosoft.com,30
2026-08-10,d67b73f0-a298-49ac-9dde-e04e5479db00,,Admin ADB,False,,,False,None,APC,0,0,0,0,0,0,0,0,1485841,42949672960,Team Site,Admin@7rkd12.onmicrosoft.com,30
2026-08-10,d68d5b23-9e15-4760-9909-8d9e9b2dbb63,,Admin ADB,False,,,True,None,APC,30,0,0,0,0,0,0,0,4905164,42949672960,Team Site,Admin@7rkd12.onmicrosoft.com,30
2026-08-10,d69f2c3b-59a6-4966-95de-44288592896c,,Admin ADB,False,,,False,None,APC,0,0,0,0,0,0,0,0,1486012,42949672960,Team Site,Admin@7rkd12.onmicrosoft.com,30
2026-08-10,d6b60d68-14d7-4293-96a7-8f871f50d124,,Admin ADB,False,,,False,None,APC,0,0,0,0,0,0,0,0,1486818,42949672960,Team Site,Admin@7rkd12.onmicrosoft.com,30
2026-08-10,d6e0bd53-c5bb-42e5-922f-b520283f9a07,,Bonnie Test,False,,,True,None,APC,30,0,0,0,0,0,0,0,4926575,42949672960,Team Site,BonnieTest@7rkd12.onmicrosoft.com,30
2026-08-10,d6f6c935-b926-4c2f-9c5d-18d019b82692,,Admin ADB,False,,,False,None,APC,0,0,0,0,0,0,0,0,1485846,42949672960,Team Site,Admin@7rkd12.onmicrosoft.com,30
2026-08-10,d70f4ec0-40ce-4f83-a1d9-3d033775ef53,,Leila Test,False,2026-06-10,,True,None,APC,19,0,0,0,0,0,0,0,3476876,42949672960,Team Site,LeilaTest@7rkd12.onmicrosoft.com,30
2026-08-10,d7394ffe-5837-47f0-a7ff-22e7c293aa0f,,Admin ADB,True,,,False,None,APC,0,0,0,0,0,0,0,0,1485699,27487790694400,Team Site,Admin@7rkd12.onmicrosoft.com,30
2026-08-10,d77436a7-03f8-499b-b226-8d3db9d71d35,,Bonnie Test,False,,,True,None,APC,30,0,0,0,0,0,0,0,4924080,42949672960,Team Site,BonnieTest@7rkd12.onmicrosoft.com,30
2026-08-10,d78e03a2-c201-48e7-a5bc-c221ff84caef,,displayname3 Owners,False,2026-07-27,,True,None,APC,30,3,1,1,0,0,0,0,4920854,42949672960,Team Site,alias3@7rkd12.onmicrosoft.com,30
2026-08-10,d79059ff-f01e-41b3-a891-2657c0caa27f,,Bonnie Test,False,,,True,None,APC,30,0,0,0,0,0,0,0,4939195,42949672960,Team Site,BonnieTest@7rkd12.onmicrosoft.com,30
2026-08-10,d7dff6c1-79fe-4743-b008-23cd2b073fbb,,Admin ADB,True,,,False,None,APC,0,0,0,0,0,0,0,0,1485623,27487790694400,Team Site,Admin@7rkd12.onmicrosoft.com,30
2026-08-10,d7e81da6-a9e7-4429-80e7-9e10132a2a26,,Admin ADB,False,,,False,None,APC,0,0,0,0,0,0,0,0,1486467,42949672960,Team Site,Admin@7rkd12.onmicrosoft.com,30
2026-08-10,d80ab91d-7ca4-467a-b14e-8cd800f3239e,,Admin ADB,True,,,False,None,APC,0,0,0,0,0,0,0,0,1485799,27487790694400,Team Site,Admin@7rkd12.onmicrosoft.com,30
2026-08-10,d810379f-e965-4020-8ec8-937299c71fd2,,Mihal,False,,,False,None,APC,0,0,0,0,0,0,0,0,1484815,42949672960,Team Site,Mihal@7rkd12.onmicrosoft.com,30
2026-08-10,d8208be4-d3f3-4b0b-8806-a9a438119755,,Admin ADB,False,,,True,None,APC,30,0,0,0,0,0,0,0,4939290,42949672960,Team Site,Admin@7rkd12.onmicrosoft.com,30
2026-08-10,d8248c90-691d-4979-a66a-49f056d1cbbe,,Admin ADB,True,,,False,None,APC,0,0,0,0,0,0,0,0,1465508,27487790694400,Team Site,Admin@7rkd12.onmicrosoft.com,30
2026-08-10,d827ea07-59ec-4cec-b9d1-00a93fd85db2,,Admin ADB,True,,,False,None,APC,0,0,0,0,0,0,0,0,1465398,27487790694400,Team Site,Admin@7rkd12.onmicrosoft.com,30
2026-08-10,d8333871-d368-4dfc-936a-d5959d799a78,,mihal-display-name-10 Owners,False,,,True,None,APC,1,0,0,0,0,0,0,0,1491713,42949672960,Team Site,mihal-alias10@7rkd12.onmicrosoft.com,30
2026-08-10,d853f8c2-6043-4a14-b63b-ba20a6789293,,Admin ADB,False,,,False,None,APC,0,0,0,0,0,0,0,0,1486782,42949672960,Team Site,Admin@7rkd12.onmicrosoft.com,30
2026-08-10,d864e9b6-7820-4526-8f68-1e918886f374,,Admin ADB,True,,,False,None,APC,0,0,0,0,0,0,0,0,1486289,27487790694400,Team Site,Admin@7rkd12.onmicrosoft.com,30
2026-08-10,d866c512-04a3-47bd-a924-3b35893c1acd,,prj_Ada Team Site-088 Owners,True,,,True,None,APC,30,0,0,0,0,0,0,0,4946961,27487790694400,Team Site,prj_adateamsite-088@7rkd12.onmicrosoft.com,30
2026-08-10,d867819f-02a1-4acd-94e0-c1a9101c95ba,,Admin ADB,True,,,False,None,APC,0,0,0,0,0,0,0,0,1466073,27487790694400,Team Site,Admin@7rkd12.onmicrosoft.com,30
2026-08-10,d8960966-5279-4662-bb81-84a48c91ac5b,,Admin ADB,True,,,False,None,APC,0,0,0,0,0,0,0,0,1465570,27487790694400,Team Site,Admin@7rkd12.onmicrosoft.com,30
2026-08-10,d8ad2079-dd2c-41c4-a780-d8183be3813f,,Admin ADB,False,,,False,None,APC,0,0,0,0,0,0,0,0,1486410,42949672960,Team Site,Admin@7rkd12.onmicrosoft.com,30
2026-08-10,d8b717b5-52c1-4913-ace6-b1c2bcd246f8,,prj_Group Site-731044 Owners,False,,,True,None,APC,30,0,0,0,0,0,0,0,4940998,42949672960,Team Site,prj_groupsite-731044@7rkd12.onmicrosoft.com,30
2026-08-10,d8c33745-81f1-4d39-bd1e-b434c1855dbd,,Admin ADB,True,,,True,None,APC,30,0,0,0,0,0,0,0,4839444,27487790694400,Team Site,Admin@7rkd12.onmicrosoft.com,30
2026-08-10,d8f7e4d7-c69c-4df7-8c34-f141ea2df229,,Admin ADB,True,,,True,None,APC,42,0,0,0,0,0,0,0,23630158,42949672960,Team Site,Admin@7rkd12.onmicrosoft.com,30
2026-08-10,d9848bc3-b992-47cc-8fb6-dcd76eaaf26b,,prj_Ada Group Site-183 Owners,False,2026-07-29,,True,None,APC,30,4,1,1,0,0,0,0,4884361,42949672960,Team Site,prj_adagroupsite-183@7rkd12.onmicrosoft.com,30
2026-08-10,d9cfecdb-54d8-4189-a900-630f10046588,,Admin ADB,False,,,False,None,APC,0,0,0,0,0,0,0,0,1486459,42949672960,Team Site,Admin@7rkd12.onmicrosoft.com,30
2026-08-10,d9d5e6ac-46d3-47d5-90d3-5d11076c2419,,Admin ADB,True,,,False,None,APC,0,0,0,0,0,0,0,0,1466010,27487790694400,Team Site,Admin@7rkd12.onmicrosoft.com,30
2026-08-10,d9f90673-a3c0-448b-aa0f-74f41ec00376,,Admin ADB,True,,,False,None,APC,0,0,0,0,0,0,0,0,1486087,27487790694400,Team Site,Admin@7rkd12.onmicrosoft.com,30
2026-08-10,da05e6da-7af7-4b43-901a-05250ad6d358,,Admin ADB,False,,,False,None,APC,0,0,0,0,0,0,0,0,1486456,42949672960,Team Site,Admin@7rkd12.onmicrosoft.com,30
2026-08-10,da1115cd-eb5e-4e1b-84fb-ef170199d09c,,Admin ADB,True,,,False,None,APC,0,0,0,0,0,0,0,0,1465976,27487790694400,Team Site,Admin@7rkd12.onmicrosoft.com,30
2026-08-10,da2d6bfd-280b-47f5-b177-909e65fda728,,prj_Group Site-731066 Owners,False,,,True,None,APC,30,0,0,0,0,0,0,0,4943077,42949672960,Team Site,prj_groupsite-731066@7rkd12.onmicrosoft.com,30
2026-08-10,da2e834b-7aec-41a5-b0f6-8b7efa0efd02,,Bonnie Test,False,,,True,None,APC,30,0,0,0,0,0,0,0,4940983,42949672960,Team Site,BonnieTest@7rkd12.onmicrosoft.com,30
2026-08-10,da38c34c-f692-484a-99ce-accd14e3f423,,Admin ADB,True,,,False,None,APC,0,0,0,0,0,0,0,0,1465937,27487790694400,Team Site,Admin@7rkd12.onmicrosoft.com,30
2026-08-10,da4a38e1-cc05-457d-a5c8-df4879cce798,,prj_Group Site-731022 Owners,False,,,True,None,APC,30,0,0,0,0,0,0,0,4942003,42949672960,Team Site,prj_groupsite-731022@7rkd12.onmicrosoft.com,30
2026-08-10,da55f5dc-129f-4e9e-ad79-18e9cf414fa2,,Admin ADB,False,,,False,None,APC,0,0,0,0,0,0,0,0,1485932,42949672960,Team Site,Admin@7rkd12.onmicrosoft.com,30
2026-08-10,da893f37-9f86-407c-ba61-32aaaace474c,,Admin ADB,False,,,False,None,APC,0,0,0,0,0,0,0,0,1486248,42949672960,Team Site,Admin@7rkd12.onmicrosoft.com,30
2026-08-10,dab8dec8-85a0-4293-a34a-03910f4ea595,,Leila Test,False,2026-06-10,,True,None,APC,12,0,0,0,0,0,0,0,2680601,1099511627776,Team Site,LeilaTest@7rkd12.onmicrosoft.com,30
2026-08-10,dae1c869-1ec7-4426-b884-318c5daeedac,,Admin ADB,False,,,False,None,APC,0,0,0,0,0,0,0,0,1486308,42949672960,Team Site,Admin@7rkd12.onmicrosoft.com,30
2026-08-10,dae37a9f-eda5-4339-a0e8-7cab15ed178a,,Leila Test,False,2026-07-23,,False,None,APC,7,2,4,3,0,0,0,0,2393913,42949672960,Team Site,LeilaTest@7rkd12.onmicrosoft.com,30
2026-08-10,db380ff3-49f4-4538-b4c4-0346fb796c1a,,Admin ADB,True,,,True,None,APC,43,0,0,0,0,0,0,0,24665885,42949672960,Team Site,Admin@7rkd12.onmicrosoft.com,30
2026-08-10,db3ddb5e-2702-49d4-a09d-0ff6300cdf7a,,Bonnie Test,False,,,True,None,APC,20,0,0,0,0,0,0,0,4504003,42949672960,Team Site,BonnieTest@7rkd12.onmicrosoft.com,30
2026-08-10,db76cc64-5af3-4a69-a868-190242bff08a,,mihal-display-name-11 Owners,False,,,True,None,APC,1,0,0,0,0,0,0,0,1492286,42949672960,Team Site,mihal-alias11@7rkd12.onmicrosoft.com,30
2026-08-10,db9df10e-3e80-405b-b7b1-93e57ae799d5,,Admin ADB,False,2026-07-29,,True,None,APC,30,4,1,1,0,0,0,0,4937560,42949672960,Team Site,Admin@7rkd12.onmicrosoft.com,30
2026-08-10,dba3ed52-a8ee-4008-a050-9db000fe33ff,,Admin ADB,True,,,False,None,APC,0,0,0,0,0,0,0,0,1486140,27487790694400,Team Site,Admin@7rkd12.onmicrosoft.com,30
2026-08-10,dbae8551-3a70-4c68-af38-a4157e06a4c9,,Admin ADB,True,,,False,None,APC,0,0,0,0,0,0,0,0,1466016,27487790694400,Team Site,Admin@7rkd12.onmicrosoft.com,30
2026-08-10,dbb4407f-ed7e-47a6-87a4-c2657f685b81,,Admin ADB,False,,,False,None,APC,0,0,0,0,0,0,0,0,1486298,42949672960,Team Site,Admin@7rkd12.onmicrosoft.com,30
2026-08-10,dbf30828-a769-4d8f-a43c-5ed828b80744,,Admin ADB,False,,,False,None,APC,0,0,0,0,0,0,0,0,1485875,42949672960,Team Site,Admin@7rkd12.onmicrosoft.com,30
2026-08-10,dc00c5ee-17e0-4bc5-a930-8191ff92d4d5,,Bonnie Test,False,,,True,None,APC,30,0,0,0,0,0,0,0,4956131,42949672960,Team Site,BonnieTest@7rkd12.onmicrosoft.com,30
2026-08-10,dc11c804-b63a-46c0-8321-c5b6e371eca3,,Admin ADB,True,,,False,None,APC,0,0,0,0,0,0,0,0,1465412,27487790694400,Team Site,Admin@7rkd12.onmicrosoft.com,30
2026-08-10,dc4dad76-6d63-440f-97a1-f71294874a26,,Admin ADB,False,,,False,None,APC,0,0,0,0,0,0,0,0,1486382,42949672960,Team Site,Admin@7rkd12.onmicrosoft.com,30
2026-08-10,dc564c33-2cfe-4feb-b328-459d86b9db07,,Admin ADB,False,2026-07-23,,True,None,APC,42,0,1,1,0,0,0,0,25690940,42949672960,Team Site,Admin@7rkd12.onmicrosoft.com,30
2026-08-10,dc5f6703-210d-4a8a-a985-e18b488dc05d,,Admin ADB,False,,,True,None,APC,30,0,0,0,0,0,0,0,4868154,42949672960,Team Site,Admin@7rkd12.onmicrosoft.com,30
2026-08-10,dc602121-7c29-47d4-b580-d43bb029f9c5,,mihal-display-name-2 Owners,False,,,True,None,APC,1,0,0,0,0,0,0,0,1492410,42949672960,Team Site,mihal-alias2@7rkd12.onmicrosoft.com,30
2026-08-10,dc778f5f-dd5d-4f83-8652-729820112704,,Admin ADB,True,,,False,None,APC,0,0,0,0,0,0,0,0,1485767,27487790694400,Team Site,Admin@7rkd12.onmicrosoft.com,30
2026-08-10,dc86c017-e9d4-449c-b248-c93caf5a9638,,Admin ADB,False,,,False,None,APC,0,0,0,0,0,0,0,0,1486294,42949672960,Team Site,Admin@7rkd12.onmicrosoft.com,30
2026-08-10,dcff0eb3-8da3-4390-85ed-f6576355de72,,Admin ADB,False,2026-08-07,,True,None,APC,27,4,1,1,0,0,0,0,4431885,42949672960,Team Site,Admin@7rkd12.onmicrosoft.com,30
2026-08-10,dd2fe006-4a2f-4318-b227-b2f123241c07,,Bonnie Test,False,,,True,None,APC,30,0,0,0,0,0,0,0,4924598,42949672960,Team Site,BonnieTest@7rkd12.onmicrosoft.com,30
2026-08-10,dd36ebd2-78a7-4e8a-b16d-4959349519bf,,Bonnie Test,False,,,True,None,APC,30,0,0,0,0,0,0,0,4924619,42949672960,Team Site,BonnieTest@7rkd12.onmicrosoft.com,30
2026-08-10,dd52916e-9711-4533-885e-188018b9393d,,Admin ADB,True,,,True,None,APC,30,0,0,0,0,0,0,0,4922145,42949672960,Team Site,Admin@7rkd12.onmicrosoft.com,30
2026-08-10,dd567813-1c5f-40b3-8d1c-4cddef129dbd,,Admin ADB,True,,,False,None,APC,0,0,0,0,0,0,0,0,1465323,27487790694400,Team Site,Admin@7rkd12.onmicrosoft.com,30
2026-08-10,dd6f88df-082d-43d4-9a7c-15d37d01c0c3,,Bonnie Test,False,2026-06-11,,True,None,APC,31,0,0,0,0,0,0,0,425070454,42949672960,Team Site,BonnieTest@7rkd12.onmicrosoft.com,30
2026-08-10,dd73b6f7-2a39-4533-970c-aff55d7bf85d,,Alex Wilber,False,2024-11-19,,True,None,APC,3,0,0,0,0,0,0,0,1838724,42949672960,Team Site,AlexW@7rkd12.onmicrosoft.com,30
2026-08-10,dd7b9d12-991a-4e86-a946-c6147ab7101c,,Admin ADB,True,,,False,None,APC,0,0,0,0,0,0,0,0,1465936,27487790694400,Team Site,Admin@7rkd12.onmicrosoft.com,30
2026-08-10,dd8e94bd-405c-4181-8174-3341df4ae8f8,,Admin ADB,True,,,True,None,APC,30,0,0,0,0,0,0,0,4893999,27487790694400,Team Site,Admin@7rkd12.onmicrosoft.com,30
2026-08-10,dd935438-fbeb-46a1-99c2-1138c22f2fc3,,Admin ADB,False,2026-07-29,,True,None,APC,30,4,1,1,0,0,0,0,4924519,42949672960,Team Site,Admin@7rkd12.onmicrosoft.com,30
2026-08-10,ddb0247e-45fa-428e-a76e-f5fe5d811d4b,,prj_MihalGroupsite-021 Owners,False,,,True,None,APC,30,0,0,0,0,0,0,0,4926746,42949672960,Team Site,prj_mihalgroupsite-021@7rkd12.onmicrosoft.com,30
2026-08-10,ddbdd1ff-d9b1-4ba1-8a8f-d73e26b6b86f,,Admin ADB,False,2026-06-11,,True,None,APC,13,0,0,0,0,0,0,0,3222131,42949672960,Team Site,Admin@7rkd12.onmicrosoft.com,30
2026-08-10,de578835-295a-4b44-b48d-6ae730a269b7,,Admin ADB,True,,,False,None,APC,0,0,0,0,0,0,0,0,1486905,27487790694400,Team Site,Admin@7rkd12.onmicrosoft.com,30
2026-08-10,de76a42e-ea5a-4aee-ae19-89487c484268,,Admin ADB,True,,,False,None,APC,0,0,0,0,0,0,0,0,1465972,27487790694400,Team Site,Admin@7rkd12.onmicrosoft.com,30
2026-08-10,de8272b0-9a2f-4e06-baa3-c09c51fc5858,,Admin ADB,True,,,False,None,APC,0,0,0,0,0,0,0,0,1465394,27487790694400,Team Site,Admin@7rkd12.onmicrosoft.com,30
2026-08-10,deb715df-39e4-49e9-ac74-5683e62258c0,,Admin ADB,True,,,False,None,APC,0,0,0,0,0,0,0,0,1465811,27487790694400,Team Site,Admin@7rkd12.onmicrosoft.com,30
2026-08-10,df06d486-871a-4cea-8c6b-04051feda640,,Bonnie Test,False,,,True,None,APC,20,0,0,0,0,0,0,0,4454605,42949672960,Team Site,BonnieTest@7rkd12.onmicrosoft.com,30
2026-08-10,df313fa1-3cec-4f7f-8f5f-61f1c9eef8b7,,Leila Test,False,2026-06-29,,False,None,APC,14,0,0,0,0,0,0,0,2115028,42949672960,Team Site,LeilaTest@7rkd12.onmicrosoft.com,30
2026-08-10,df463f20-cd9e-4515-a72d-1ccda5c03249,,prj_Team Site-731072 Owners,False,,,True,None,APC,30,0,0,0,0,0,0,0,4958711,42949672960,Team Site,prj_teamsite-731072@7rkd12.onmicrosoft.com,30
2026-08-10,df655a60-efe0-4873-9baf-a29d534c2424,,prj_Team Site-731062 Owners,False,,,True,None,APC,30,0,0,0,0,0,0,0,4939006,42949672960,Team Site,prj_teamsite-731062@7rkd12.onmicrosoft.com,30
2026-08-10,df68f560-1216-4df5-a98d-c48cd4cede15,,Admin ADB,False,,,False,None,APC,0,0,0,0,0,0,0,0,1486277,42949672960,Team Site,Admin@7rkd12.onmicrosoft.com,30
2026-08-10,df790167-6727-48aa-b19f-33ab002bc31f,,Bonnie Test,False,,,True,None,APC,30,0,0,0,0,0,0,0,4947146,42949672960,Team Site,BonnieTest@7rkd12.onmicrosoft.com,30
2026-08-10,dfc71b94-0eb9-4250-aa8e-870b1b6903ad,,Admin ADB,False,2026-07-23,,False,None,APC,26,6,4,2,0,0,0,0,4622319,42949672960,Team Site,Admin@7rkd12.onmicrosoft.com,30
2026-08-10,dfcbdc73-89a3-4363-a8bd-261ad974dd49,,prj_Ada Team Site-144 Owners,True,,,True,None,APC,30,0,0,0,0,0,0,0,4930773,27487790694400,Team Site,prj_adateamsite-144@7rkd12.onmicrosoft.com,30
2026-08-10,dfd38d6e-b020-4d16-a2b2-6dd0da8f1d06,,Bonnie Test,False,,,True,None,APC,30,0,0,0,0,0,0,0,4922152,42949672960,Team Site,BonnieTest@7rkd12.onmicrosoft.com,30
2026-08-10,dfd89060-da97-4b2d-93b2-d3a24f4468d7,,Admin ADB,True,,,False,None,APC,0,0,0,0,0,0,0,0,1465663,27487790694400,Team Site,Admin@7rkd12.onmicrosoft.com,30
2026-08-10,dfdf4606-1905-4366-a9af-4a6384470d62,,Admin ADB,True,,,False,None,APC,0,0,0,0,0,0,0,0,1466127,27487790694400,Team Site,Admin@7rkd12.onmicrosoft.com,30
2026-08-10,dfe19b42-cddb-48a4-a163-894874c5058c,,prj_MihalTeamsite 205 Owners,False,,,True,None,APC,30,0,0,0,0,0,0,0,4940977,42949672960,Team Site,prj_mihalteamsite-205@7rkd12.onmicrosoft.com,30
2026-08-10,e013b625-7222-4756-8b13-ab7e2ef7418c,,Erin Test,False,2025-07-07,,True,None,APC,5,0,0,0,0,0,0,0,1929054,42949672960,Team Site,ErinTest@7rkd12.onmicrosoft.com,30
2026-08-10,e0397497-152e-4a0a-83cd-abd0d2e527e6,,Admin ADB,True,,,False,None,APC,0,0,0,0,0,0,0,0,1465917,27487790694400,Team Site,Admin@7rkd12.onmicrosoft.com,30
2026-08-10,e07528b0-2841-4890-b006-0fa39d6c0113,,prj_Ada Team Site-232 Owners,True,,,True,None,APC,30,0,0,0,0,0,0,0,4940420,27487790694400,Team Site,prj_adateamsite-232@7rkd12.onmicrosoft.com,30
2026-08-10,e0a3a5cc-c70b-412d-910b-c416e0044cf5,,prj_MihalTeamsite 190 Owners,False,,,True,None,APC,30,0,0,0,0,0,0,0,4941723,42949672960,Team Site,prj_mihalteamsite-190@7rkd12.onmicrosoft.com,30
2026-08-10,e0b0fbf3-9e66-44ad-a730-d70fdbc7417b,,prj_adagroup-005-displayname Owners,False,2026-07-27,,True,None,APC,30,4,1,1,0,0,0,0,4938565,42949672960,Team Site,prj_adagroup-005@7rkd12.onmicrosoft.com,30
2026-08-10,e0d235bf-f085-42dd-81a2-716811b4a301,,Admin ADB,False,,,False,None,APC,0,0,0,0,0,0,0,0,1486875,42949672960,Team Site,Admin@7rkd12.onmicrosoft.com,30
2026-08-10,e0da1d3c-b586-46d4-b4e4-984cc4d8d5d8,,prj_MihalTeamsite 200 Owners,False,,,True,None,APC,1,0,0,0,0,0,0,0,1493230,42949672960,Team Site,prj_mihalteamsite-200@7rkd12.onmicrosoft.com,30
2026-08-10,e132ee96-1b67-4d3c-8024-32310511bf82,,Bonnie Test,False,,,True,None,APC,30,0,0,0,0,0,0,0,4961743,42949672960,Team Site,BonnieTest@7rkd12.onmicrosoft.com,30
2026-08-10,e17bd5d1-061c-4fb4-8ff8-c13ecc6a7ccf,,Bonnie Test,False,,,True,None,APC,30,0,0,0,0,0,0,0,4924850,42949672960,Team Site,BonnieTest@7rkd12.onmicrosoft.com,30
2026-08-10,e184aeb3-01a0-4fa9-8cbd-c88709fbea2e,,Bonnie Test,False,,,True,None,APC,30,0,0,0,0,0,0,0,4924418,42949672960,Team Site,BonnieTest@7rkd12.onmicrosoft.com,30
2026-08-10,e1986f47-f1ab-48ae-a984-cd00900eae7d,,prj_Ada Team Site-104 Owners,False,,,True,None,APC,30,0,0,0,0,0,0,0,4942781,42949672960,Team Site,prj_adateamsite-104@7rkd12.onmicrosoft.com,30
2026-08-10,e1d908a4-d393-4aaa-a77c-4ada21be2789,,Admin ADB,False,2025-01-08,,True,None,APC,3,0,0,0,0,0,0,0,2042822,42949672960,Team Site,Admin@7rkd12.onmicrosoft.com,30
2026-08-10,e1e4bb29-d4cd-4bf1-ac39-b6ff2a27ed47,,Admin ADB,False,,,False,None,APC,0,0,0,0,0,0,0,0,1486881,42949672960,Team Site,Admin@7rkd12.onmicrosoft.com,30
2026-08-10,e2192c04-c140-4258-b8da-448e4b3542ae,,Admin ADB,False,,,False,None,APC,0,0,0,0,0,0,0,0,1486526,42949672960,Team Site,Admin@7rkd12.onmicrosoft.com,30
2026-08-10,e21d204e-a030-4ee7-a877-ceee7547b317,,Leila Test,False,2026-06-10,,True,None,APC,1,0,0,0,0,0,0,0,1866431,1099511627776,Team Site,LeilaTest@7rkd12.onmicrosoft.com,30
2026-08-10,e21d72a0-2582-4627-b266-36088c778681,,Bonnie Test,False,,,True,None,APC,30,0,0,0,0,0,0,0,4947500,42949672960,Team Site,BonnieTest@7rkd12.onmicrosoft.com,30
2026-08-10,e256f1ca-32e6-486b-96be-e7307c49bfd8,,Admin ADB,False,,,False,None,APC,0,0,0,0,0,0,0,0,1486568,42949672960,Team Site,Admin@7rkd12.onmicrosoft.com,30
2026-08-10,e258fb52-2d3f-4eaa-80b6-7753229d3475,,prj_Ada Team Site-224 Owners,True,,,True,None,APC,30,0,0,0,0,0,0,0,4922142,27487790694400,Team Site,prj_adateamsite-224@7rkd12.onmicrosoft.com,30
2026-08-10,e262ff22-435f-4912-ad10-2bfe9ac7c593,,Admin ADB,False,,,False,None,APC,0,0,0,0,0,0,0,0,1486992,42949672960,Team Site,Admin@7rkd12.onmicrosoft.com,30
2026-08-10,e28e8fc9-2527-4f48-b621-250a6cfcd77b,,Bonnie Test,False,,,True,None,APC,30,0,0,0,0,0,0,0,4938997,42949672960,Team Site,BonnieTest@7rkd12.onmicrosoft.com,30
2026-08-10,e297bd8e-6f71-43e2-bc08-86c26e30a2fb,,Admin ADB,False,,,False,None,APC,0,0,0,0,0,0,0,0,1486576,42949672960,Team Site,Admin@7rkd12.onmicrosoft.com,30
2026-08-10,e2bf0b17-5f63-41db-a831-51bc777077a5,,Admin ADB,False,,,False,None,APC,21,0,0,0,0,0,0,0,5790526,42949672960,Team Site,Admin@7rkd12.onmicrosoft.com,30
2026-08-10,e2f78d8d-eeaf-438b-86af-510a32b199c6,,displayname5 Owners,True,,,True,None,APC,30,0,0,0,0,0,0,0,4882937,27487790694400,Team Site,alias5@7rkd12.onmicrosoft.com,30
2026-08-10,e2fe6ccc-2efb-42d9-bc7e-990b83d969c1,,Leila Test,True,2026-03-05,,False,None,APC,2,0,0,0,0,0,0,0,1182584,27487790694400,Team Site,LeilaTest@7rkd12.onmicrosoft.com,30
2026-08-10,e30b5bc9-a630-4776-9e00-d6fb395ad650,,Admin ADB,True,,,False,None,APC,0,0,0,0,0,0,0,0,1486273,27487790694400,Team Site,Admin@7rkd12.onmicrosoft.com,30
2026-08-10,e314cf14-6581-4d9c-b40d-92844ebac954,,Admin ADB,True,,,False,None,APC,0,0,0,0,0,0,0,0,1465524,27487790694400,Team Site,Admin@7rkd12.onmicrosoft.com,30
2026-08-10,e337c988-6316-4792-b9b0-6fa69188859a,,Admin ADB,True,,,False,None,APC,0,0,0,0,0,0,0,0,1465473,27487790694400,Team Site,Admin@7rkd12.onmicrosoft.com,30
2026-08-10,e344a1fc-5522-4360-82b8-6c38f354a34a,,Admin ADB,False,,,True,None,APC,20,0,0,0,0,0,0,0,4435638,42949672960,Team Site,Admin@7rkd12.onmicrosoft.com,30
2026-08-10,e36ef74e-416c-40a0-af42-bd4d345e4a9e,,Admin ADB,False,2026-07-27,,True,None,APC,30,4,1,1,0,0,0,0,4939579,42949672960,Team Site,Admin@7rkd12.onmicrosoft.com,30
2026-08-10,e38d32a2-f331-4ba9-b997-753058c5e183,,Admin ADB,True,,,False,None,APC,0,0,0,0,0,0,0,0,1465475,27487790694400,Team Site,Admin@7rkd12.onmicrosoft.com,30
2026-08-10,e3ae9458-5777-4e02-833b-479f4e9666b3,,Admin ADB,False,,,True,None,APC,30,0,0,0,0,0,0,0,4924253,42949672960,Team Site,Admin@7rkd12.onmicrosoft.com,30
2026-08-10,e3e03069-c57a-47bf-9c18-6246a31b7bba,,Leila Test,False,2026-08-03,,True,None,APC,5,8,5,2,0,0,0,0,2033795,42949672960,Team Site,LeilaTest@7rkd12.onmicrosoft.com,30
2026-08-10,e4210ca4-5d1d-49f3-a9c1-5c2488608ef5,,Admin ADB,False,,,True,None,APC,30,0,0,0,0,0,0,0,4940117,42949672960,Team Site,Admin@7rkd12.onmicrosoft.com,30
2026-08-10,e4405a35-4bcc-485b-a5b5-eb255914ca9d,,Bonnie Test,False,,,True,None,APC,30,0,0,0,0,0,0,0,4940051,42949672960,Team Site,BonnieTest@7rkd12.onmicrosoft.com,30
2026-08-10,e44e3417-31cd-444d-8076-71e04e1208c8,,Admin ADB,False,,,False,None,APC,0,0,0,0,0,0,0,0,1486271,42949672960,Team Site,Admin@7rkd12.onmicrosoft.com,30
2026-08-10,e4606387-50d8-49f1-b75e-8b32d70d44da,,Admin ADB,True,,,False,None,APC,0,0,0,0,0,0,0,0,1486286,27487790694400,Team Site,Admin@7rkd12.onmicrosoft.com,30
2026-08-10,e47c7fbf-8b8d-4780-a212-a8bb4aab69ba,,Admin ADB,True,,,False,None,APC,0,0,0,0,0,0,0,0,1465315,27487790694400,Team Site,Admin@7rkd12.onmicrosoft.com,30
2026-08-10,e4baf8cc-2c6c-49d0-9c68-5753f16b860c,,Admin ADB,True,,,False,None,APC,0,0,0,0,0,0,0,0,1465431,27487790694400,Team Site,Admin@7rkd12.onmicrosoft.com,30
2026-08-10,e5165b2c-3eb8-4cec-b86f-bd6ded53164c,,Bonnie Test,False,,,True,None,APC,30,0,0,0,0,0,0,0,4924617,42949672960,Team Site,BonnieTest@7rkd12.onmicrosoft.com,30
2026-08-10,e518c2a3-e154-4ee0-a927-51d06affaf32,,Admin ADB,False,,,False,None,APC,0,0,0,0,0,0,0,0,1485978,42949672960,Team Site,Admin@7rkd12.onmicrosoft.com,30
2026-08-10,e51b76c4-2a93-44c3-becd-9d7f2b5e6a41,,Bonnie Test,False,,,True,None,APC,30,0,0,0,0,0,0,0,4939865,42949672960,Team Site,BonnieTest@7rkd12.onmicrosoft.com,30
2026-08-10,e546787e-33e8-46d7-9ba2-c65a374b4492,,prj_Group Site-731065 Owners,False,,,True,None,APC,30,0,0,0,0,0,0,0,4943420,42949672960,Team Site,prj_groupsite-731065@7rkd12.onmicrosoft.com,30
2026-08-10,e54bce67-3408-49dc-af1e-2cf8695ca94c,,Admin ADB,True,,,False,None,APC,0,0,0,0,0,0,0,0,1465926,27487790694400,Team Site,Admin@7rkd12.onmicrosoft.com,30
2026-08-10,e553a6a2-69cd-4b14-b637-7324edbe35f8,,Mihal,False,,,False,None,APC,0,0,0,0,0,0,0,0,1484225,42949672960,Team Site,Mihal@7rkd12.onmicrosoft.com,30
2026-08-10,e558c268-0caa-4807-b24d-79f927752be5,,Admin ADB,True,,,True,None,APC,42,0,0,0,0,0,0,0,23632572,42949672960,Team Site,Admin@7rkd12.onmicrosoft.com,30
2026-08-10,e56b4c04-6e7d-489c-9373-4ce05540861c,,Nigel test,False,2026-05-08,,False,None,APC,3,0,0,0,0,0,0,0,2517411,42949672960,Team Site,Nigeltest@7rkd12.onmicrosoft.com,30
2026-08-10,e56bd100-3999-4eb3-a96d-9a11e5a0bdd1,,Admin ADB,False,,,True,None,APC,15,0,0,0,0,0,0,0,3530899,42949672960,Team Site,Admin@7rkd12.onmicrosoft.com,30
2026-08-10,e5ca1b42-7db1-4df1-ac75-93743ef47935,,Admin ADB,True,,,True,None,APC,30,0,0,0,0,0,0,0,4921801,42949672960,Team Site,Admin@7rkd12.onmicrosoft.com,30
2026-08-10,e5df98c4-8863-4349-9f89-5f8a6fe59ac1,,Admin ADB,False,,,True,None,APC,30,0,0,0,0,0,0,0,4939608,42949672960,Team Site,Admin@7rkd12.onmicrosoft.com,30
2026-08-10,e6243a53-df75-4141-9657-c40796848534,,prj_Ada Team Site-147 Owners,False,,,True,None,APC,30,0,0,0,0,0,0,0,4942664,42949672960,Team Site,prj_adateamsite-147@7rkd12.onmicrosoft.com,30
2026-08-10,e657819a-a7a7-441e-93a4-94cc542e0520,,prj_Ada Team Site-043 Owners,True,2026-07-29,,True,None,APC,30,4,1,1,0,0,0,0,4860296,27487790694400,Team Site,prj_adateamsite-043@7rkd12.onmicrosoft.com,30
2026-08-10,e658a05a-af4f-4432-836d-652de9efe639,,prj_Team Site-731069 Owners,False,,,True,None,APC,30,0,0,0,0,0,0,0,4943453,42949672960,Team Site,prj_teamsite-731069@7rkd12.onmicrosoft.com,30
2026-08-10,e688c3b0-fce8-4bd7-a887-eaba499869ea,,Bonnie Test,False,2026-08-07,,True,None,APC,30,4,1,1,0,0,0,0,4905056,42949672960,Team Site,BonnieTest@7rkd12.onmicrosoft.com,30
2026-08-10,e69be481-a5b2-44f1-8b54-ee6dd2ba62d4,,Admin ADB,False,,,False,None,APC,0,0,0,0,0,0,0,0,1485848,42949672960,Team Site,Admin@7rkd12.onmicrosoft.com,30
2026-08-10,e6a06698-72de-447c-a1bd-dd450f99bd7c,,Admin ADB,False,,,False,None,APC,0,0,0,0,0,0,0,0,1486537,42949672960,Team Site,Admin@7rkd12.onmicrosoft.com,30
2026-08-10,e70ac931-b574-4bd3-a356-227cf3a37a51,,Bonnie Test,False,,,True,None,APC,30,0,0,0,0,0,0,0,4925316,42949672960,Team Site,BonnieTest@7rkd12.onmicrosoft.com,30
2026-08-10,e71897c3-006b-47b4-88eb-b413aee79613,,prj_MihalTeamsite 241 Owners,False,,,True,None,APC,30,0,0,0,0,0,0,0,4926820,42949672960,Team Site,prj_mihalteamsite-241@7rkd12.onmicrosoft.com,30
2026-08-10,e7419544-a2ca-4a46-b072-5943fea0bf52,,Admin ADB,True,,,False,None,APC,0,0,0,0,0,0,0,0,1465957,27487790694400,Team Site,Admin@7rkd12.onmicrosoft.com,30
2026-08-10,e7504433-39e4-4550-b980-b1b22bcce1e9,,Admin ADB,True,,,False,None,APC,0,0,0,0,0,0,0,0,1465295,27487790694400,Team Site,Admin@7rkd12.onmicrosoft.com,30
2026-08-10,e773336f-4730-436a-93d5-36fab3e19a05,,Admin ADB,False,,,True,None,APC,30,0,0,0,0,0,0,0,4923129,42949672960,Team Site,Admin@7rkd12.onmicrosoft.com,30
2026-08-10,e780b682-dfe4-43fb-81d4-9ef146df3801,,Bonnie Test,False,,,True,None,APC,30,0,0,0,0,0,0,0,4955653,42949672960,Team Site,BonnieTest@7rkd12.onmicrosoft.com,30
2026-08-10,e7828910-7fd9-4db2-bfff-53d66c5b7803,,Admin ADB,False,,,True,None,APC,30,0,0,0,0,0,0,0,4924878,42949672960,Team Site,Admin@7rkd12.onmicrosoft.com,30
2026-08-10,e786011e-5f3d-47c9-959e-1c416f893456,,prj_MihalGroupsite-003 Owners,False,,,True,None,APC,30,0,0,0,0,0,0,0,4941465,42949672960,Team Site,prj_mihalgroupsite-003@7rkd12.onmicrosoft.com,30
2026-08-10,e7871377-808c-464a-8859-a5494fac590b,,prj_Ada Team Site-219 Owners,False,,,True,None,APC,30,0,0,0,0,0,0,0,4942888,42949672960,Team Site,prj_adateamsite-219@7rkd12.onmicrosoft.com,30
2026-08-10,e7b4cbb1-9188-4ecc-88be-82cf753f772f,,Bonnie Test,False,,,True,None,APC,30,0,0,0,0,0,0,0,4941163,42949672960,Team Site,BonnieTest@7rkd12.onmicrosoft.com,30
2026-08-10,e7b70220-2561-44c8-bc47-b05317dd7d3f,,Admin ADB,True,,,False,None,APC,0,0,0,0,0,0,0,0,1465368,27487790694400,Team Site,Admin@7rkd12.onmicrosoft.com,30
2026-08-10,e7c94b92-fa90-4caa-8a9d-54db010cfc38,,Admin ADB,True,,,False,None,APC,0,0,0,0,0,0,0,0,1465999,27487790694400,Team Site,Admin@7rkd12.onmicrosoft.com,30
2026-08-10,e8138c05-2b86-4b10-8f72-c80e2f976b87,,prj_Group Site-731080 Owners,False,,,True,None,APC,30,0,0,0,0,0,0,0,4941402,42949672960,Team Site,prj_groupsite-731080@7rkd12.onmicrosoft.com,30
2026-08-10,e81c10a3-c281-47c6-a47e-d5569a4abc2a,,Admin ADB,False,,,False,None,APC,0,0,0,0,0,0,0,0,1485931,42949672960,Team Site,Admin@7rkd12.onmicrosoft.com,30
2026-08-10,e8968993-0f7e-41cc-a871-6ea6859e7fe3,,prj_Team Site-731045 Owners,False,,,True,None,APC,30,0,0,0,0,0,0,0,4941541,42949672960,Team Site,prj_teamsite-731045@7rkd12.onmicrosoft.com,30
2026-08-10,e89f9e5b-6e25-4863-bc3b-1fedb7997104,,Admin ADB,True,,,False,None,APC,0,0,0,0,0,0,0,0,1465470,27487790694400,Team Site,Admin@7rkd12.onmicrosoft.com,30
2026-08-10,e8a0f88d-f7be-42ee-b7ac-0fcd886c2da8,,Admin ADB,False,,,False,None,APC,0,0,0,0,0,0,0,0,1486357,42949672960,Team Site,Admin@7rkd12.onmicrosoft.com,30
2026-08-10,e8a14531-01cb-4ffb-af05-556a8f0bddb1,,prj_Team Site-731087 Owners,False,,,True,None,APC,30,0,0,0,0,0,0,0,4940784,42949672960,Team Site,prj_teamsite-731087@7rkd12.onmicrosoft.com,30
2026-08-10,e8e09f34-e2cd-45a8-920d-277bbacc46ca,,Admin ADB,False,,,False,None,APC,0,0,0,0,0,0,0,0,1486402,42949672960,Team Site,Admin@7rkd12.onmicrosoft.com,30
2026-08-10,e8f3fccd-d292-45a5-87fb-f0a0a0c3c9b9,,Admin ADB,False,,,False,None,APC,0,0,0,0,0,0,0,0,1486383,42949672960,Team Site,Admin@7rkd12.onmicrosoft.com,30
2026-08-10,e9465d8b-bf01-4f1d-8bd1-f737e3629889,,Admin ADB,False,,,True,None,APC,30,0,0,0,0,0,0,0,4945546,42949672960,Team Site,Admin@7rkd12.onmicrosoft.com,30
2026-08-10,e95529be-2c2c-4739-93cf-315a3bca3ad3,,Admin ADB,False,,,False,None,APC,0,0,0,0,0,0,0,0,1486360,42949672960,Team Site,Admin@7rkd12.onmicrosoft.com,30
2026-08-10,e958ecb1-0083-4ba8-85d4-2e822902d8eb,,Admin ADB,False,,,True,None,APC,29,0,0,0,0,0,0,0,4612932,42949672960,Team Site,Admin@7rkd12.onmicrosoft.com,30
2026-08-10,e96fcbd4-f7ec-4a32-a9bf-54893df98dfc,,Admin ADB,False,,,True,None,APC,30,0,0,0,0,0,0,0,4904261,42949672960,Team Site,Admin@7rkd12.onmicrosoft.com,30
2026-08-10,e97a9ce0-eea5-48d1-a84c-ee49d90cd7d8,,Alex Wilber,False,,,True,None,APC,29,0,0,0,0,0,0,0,4582261,42949672960,Team Site,AlexW@7rkd12.onmicrosoft.com,30
2026-08-10,e9a5ded2-a81f-4218-9d9b-cee53ad215c6,,Admin ADB,False,,,False,None,APC,0,0,0,0,0,0,0,0,1487340,42949672960,Team Site,Admin@7rkd12.onmicrosoft.com,30
2026-08-10,e9c94bdd-3d58-4c0c-ae5d-df13c855e8ed,,Admin ADB,True,,,False,None,APC,0,0,0,0,0,0,0,0,1465856,27487790694400,Team Site,Admin@7rkd12.onmicrosoft.com,30
2026-08-10,e9d4615b-69c5-4a9a-8a7d-1bbce0ba9fcb,,Bonnie Test,False,,,True,None,APC,30,0,0,0,0,0,0,0,4923741,42949672960,Team Site,BonnieTest@7rkd12.onmicrosoft.com,30
2026-08-10,e9f9065a-7741-4533-9d00-7d29944f5065,,Admin ADB,False,,,True,None,APC,30,0,0,0,0,0,0,0,4924056,42949672960,Team Site,Admin@7rkd12.onmicrosoft.com,30
2026-08-10,ea1dda03-e6cf-45ad-bdc7-e70d9c596f30,,Admin ADB,True,,,False,None,APC,0,0,0,0,0,0,0,0,1465942,27487790694400,Team Site,Admin@7rkd12.onmicrosoft.com,30
2026-08-10,ea84a640-44cc-41ce-a363-6f00199e0e32,,prj_Team Site-731004 Owners,False,,,True,None,APC,30,0,0,0,0,0,0,0,4943650,42949672960,Team Site,prj_teamsite-731004@7rkd12.onmicrosoft.com,30
2026-08-10,ea852a78-e32a-402c-bce2-570ab0f559c2,,Admin ADB,True,,,False,None,APC,0,0,0,0,0,0,0,0,1465498,27487790694400,Team Site,Admin@7rkd12.onmicrosoft.com,30
2026-08-10,eab71698-ba12-4bc5-b3af-4cf49faedd72,,Admin ADB,False,2026-08-07,,True,None,APC,27,4,1,1,0,0,0,0,4431742,42949672960,Team Site,Admin@7rkd12.onmicrosoft.com,30
2026-08-10,eaf434e2-8277-4e62-8deb-f09fb2fa7687,,Admin ADB,False,,,False,None,APC,0,0,0,0,0,0,0,0,1486885,42949672960,Team Site,Admin@7rkd12.onmicrosoft.com,30
2026-08-10,eb012ea1-9574-46f9-adbe-cf6f9c8c6562,,Admin ADB,True,,,False,None,APC,0,0,0,0,0,0,0,0,1465341,27487790694400,Team Site,Admin@7rkd12.onmicrosoft.com,30
2026-08-10,eb1ada97-ddd4-455f-96ec-7ba891fd0943,,Admin ADB,False,,,False,None,APC,0,0,0,0,0,0,0,0,1485313,42949672960,Team Site,Admin@7rkd12.onmicrosoft.com,30
2026-08-10,eb37a9dd-5c55-40a0-9b3b-a5b3ec788540,,Admin ADB,False,,,True,None,APC,30,0,0,0,0,0,0,0,4936805,42949672960,Team Site,Admin@7rkd12.onmicrosoft.com,30
2026-08-10,eb51afea-6d52-4486-9eea-732fdc210270,,Admin ADB,True,,,False,None,APC,0,0,0,0,0,0,0,0,1465412,27487790694400,Team Site,Admin@7rkd12.onmicrosoft.com,30
2026-08-10,eb8bf7ab-46ce-402e-85bf-3cddc9fa4dae,,Admin ADB,False,,,False,None,APC,0,0,0,0,0,0,0,0,1486965,42949672960,Team Site,Admin@7rkd12.onmicrosoft.com,30
2026-08-10,eba441b8-96c8-4846-8176-ba488596d17b,,Admin ADB,False,,,False,None,APC,0,0,0,0,0,0,0,0,1487511,42949672960,Team Site,Admin@7rkd12.onmicrosoft.com,30
2026-08-10,eba56097-ddb4-4464-8bd1-6b8f1f167101,,Admin ADB,True,,,False,None,APC,0,0,0,0,0,0,0,0,1485780,27487790694400,Team Site,Admin@7rkd12.onmicrosoft.com,30
2026-08-10,ebb4229c-8354-4a2e-abec-7fbbd6d6e995,,Bonnie Test,False,2025-04-30,,True,None,APC,0,0,0,0,0,0,0,0,1768718,42949672960,Team Site,BonnieTest@7rkd12.onmicrosoft.com,30
2026-08-10,ebd1f928-5f67-454d-8dc0-3e833fc079cf,,Leila Test,False,2026-06-11,,False,None,APC,2,0,0,0,0,0,0,0,2551469,42949672960,Team Site,LeilaTest@7rkd12.onmicrosoft.com,30
2026-08-10,ebdb7def-ab4c-475b-b1ec-168e264b9d8a,,Admin ADB,False,,,False,None,APC,0,0,0,0,0,0,0,0,1486937,42949672960,Team Site,Admin@7rkd12.onmicrosoft.com,30
2026-08-10,ebe079d2-09f0-41b1-8932-424986bbf2ff,,Leah Test,False,2026-05-08,,True,None,APC,3,0,0,0,0,0,0,0,1966222,42949672960,Team Site,LeahTest@7rkd12.onmicrosoft.com,30
2026-08-10,ec0f71bf-095e-40e3-b035-15792fe678fa,,Admin ADB,False,,,False,None,APC,0,0,0,0,0,0,0,0,1486027,42949672960,Team Site,Admin@7rkd12.onmicrosoft.com,30
2026-08-10,ec559cc0-bce1-43f1-8fdc-3113534c1412,,Admin ADB,True,,,False,None,APC,0,0,0,0,0,0,0,0,1465479,27487790694400,Team Site,Admin@7rkd12.onmicrosoft.com,30
2026-08-10,ec5d3318-2bb1-4941-9b27-1f795083eac1,,Admin ADB,True,,,False,None,APC,0,0,0,0,0,0,0,0,1465409,27487790694400,Team Site,Admin@7rkd12.onmicrosoft.com,30
2026-08-10,ec8cda91-c7a6-42ce-a1c4-74e3648557fd,,Admin ADB,False,,,False,None,APC,0,0,0,0,0,0,0,0,1486539,42949672960,Team Site,Admin@7rkd12.onmicrosoft.com,30
2026-08-10,ecc2b517-6585-4dea-9480-6e692a727fb0,,Admin ADB,True,,,False,None,APC,0,0,0,0,0,0,0,0,1486283,27487790694400,Team Site,Admin@7rkd12.onmicrosoft.com,30
2026-08-10,ecf17cc1-fa3a-4b7d-a8a5-d24cf5e1ff09,,Admin ADB,True,,,False,None,APC,0,0,0,0,0,0,0,0,1486246,27487790694400,Team Site,Admin@7rkd12.onmicrosoft.com,30
2026-08-10,ed35d922-986a-4131-a13f-c7cc6d325883,,Admin ADB,False,,,True,None,APC,30,0,0,0,0,0,0,0,4938792,42949672960,Team Site,Admin@7rkd12.onmicrosoft.com,30
2026-08-10,ed8b7b85-a36c-4bcd-8a43-6c45ee00f2db,,Admin ADB,True,,,False,None,APC,0,0,0,0,0,0,0,0,1486254,27487790694400,Team Site,Admin@7rkd12.onmicrosoft.com,30
2026-08-10,ed8f83f3-22e4-4846-b3b0-29976e54f01f,,Admin ADB,True,,,False,None,APC,0,0,0,0,0,0,0,0,1465435,27487790694400,Team Site,Admin@7rkd12.onmicrosoft.com,30
2026-08-10,eda845a6-de67-4cc6-aeb5-ea2d7bf1662c,,Admin ADB,False,,,False,None,APC,0,0,0,0,0,0,0,0,1486046,42949672960,Team Site,Admin@7rkd12.onmicrosoft.com,30
2026-08-10,ede9bac3-4748-4b21-9c92-f74a13373c3b,,Admin ADB,False,,,False,None,APC,0,0,0,0,0,0,0,0,1486960,42949672960,Team Site,Admin@7rkd12.onmicrosoft.com,30
2026-08-10,eded46c9-8d7e-4898-9925-5e387546d545,,Admin ADB,True,,,True,None,APC,30,0,0,0,0,0,0,0,4906112,27487790694400,Team Site,Admin@7rkd12.onmicrosoft.com,30
2026-08-10,ee0c88d2-618f-41d8-b87b-332884392f33,,Admin ADB,False,,,False,None,APC,0,0,0,0,0,0,0,0,1486425,42949672960,Team Site,Admin@7rkd12.onmicrosoft.com,30
2026-08-10,ee18d684-0930-4514-8c2d-1c2f9396a1fd,,Admin ADB,True,,,False,None,APC,0,0,0,0,0,0,0,0,1465991,27487790694400,Team Site,Admin@7rkd12.onmicrosoft.com,30
2026-08-10,ee3b576e-c2ad-4938-a50c-be435e0db687,,Admin ADB,False,2025-06-11,,True,None,APC,10,0,0,0,0,0,0,0,2302057,42949672960,Team Site,Admin@7rkd12.onmicrosoft.com,30
2026-08-10,ee43e181-e5b5-4fb8-9a85-de2fcf1a3b23,,Admin ADB,True,,,False,None,APC,0,0,0,0,0,0,0,0,1486153,27487790694400,Team Site,Admin@7rkd12.onmicrosoft.com,30
2026-08-10,ee65897e-cbb8-44f6-be99-285431b4e0ed,,adauser1-displayname Owners,False,2026-07-27,,True,None,APC,43,4,1,1,0,0,0,0,24712093,42949672960,Team Site,adauser1@7rkd12.onmicrosoft.com,30
2026-08-10,ee86fee5-d1b5-46ba-9d3f-a96623f8e40f,,Leila Test,False,2026-06-10,,True,None,APC,60,0,0,0,0,0,0,0,5934011,1099511627776,Team Site,LeilaTest@7rkd12.onmicrosoft.com,30
2026-08-10,eebb20e2-af6c-45cd-ac5f-e6e940c80d64,,Admin ADB,False,,,False,None,APC,0,0,0,0,0,0,0,0,1486388,42949672960,Team Site,Admin@7rkd12.onmicrosoft.com,30
2026-08-10,eebe76c9-116b-4ada-b49d-9002a4778001,,Mihal,False,,,False,None,APC,0,0,0,0,0,0,0,0,1484208,42949672960,Team Site,Mihal@7rkd12.onmicrosoft.com,30
2026-08-10,eec85966-1b4b-4284-b88b-34f94053daed,,Admin ADB,False,,,False,None,APC,0,0,0,0,0,0,0,0,1486141,42949672960,Team Site,Admin@7rkd12.onmicrosoft.com,30
2026-08-10,ef1daaad-2a19-4ae3-a8b3-c1832cd1a484,,Admin ADB,True,,,False,None,APC,0,0,0,0,0,0,0,0,1466002,27487790694400,Team Site,Admin@7rkd12.onmicrosoft.com,30
2026-08-10,ef6c2dcd-3a7a-454d-ab14-8f2de5b14113,,prj_Group Site-731033 Owners,False,,,True,None,APC,30,0,0,0,0,0,0,0,4943523,42949672960,Team Site,prj_groupsite-731033@7rkd12.onmicrosoft.com,30
2026-08-10,ef7198c7-f04c-420d-8c5c-2cebf6272cb6,,Leila Test,False,2026-08-10,,True,None,APC,611,9,15,8,0,0,0,0,43448008610,42949672960,Team Site,LeilaTest@7rkd12.onmicrosoft.com,30
2026-08-10,ef7fae84-6af2-4042-9f38-45279d6f4e88,,Admin ADB,False,2025-06-03,,True,None,APC,59,0,0,0,0,0,0,0,12088868,42949672960,Team Site,Admin@7rkd12.onmicrosoft.com,30
2026-08-10,efa85026-8f73-43ca-a635-1eb0f31d769b,,Admin ADB,True,,,False,None,APC,0,0,0,0,0,0,0,0,1465563,27487790694400,Team Site,Admin@7rkd12.onmicrosoft.com,30
2026-08-10,efb23be3-d2c1-4cf8-847c-c1adb9f81341,,Admin ADB,False,,,False,None,APC,0,0,0,0,0,0,0,0,1484329,42949672960,Team Site,Admin@7rkd12.onmicrosoft.com,30
2026-08-10,efc13357-deda-4adb-8c80-4662cd57637c,,Admin ADB,False,,,True,None,APC,30,0,0,0,0,0,0,0,4907092,42949672960,Team Site,Admin@7rkd12.onmicrosoft.com,30
2026-08-10,efcd36e7-8c95-4819-bc22-c072d1b8cdc9,,prj_Group Site-731091 Owners,False,,,True,None,APC,20,0,0,0,0,0,0,0,4473111,42949672960,Team Site,prj_groupsite-731091@7rkd12.onmicrosoft.com,30
2026-08-10,f00b8639-81d1-4f01-9336-a765d370ab69,,Mihal,False,,,False,None,APC,0,0,0,0,0,0,0,0,1484841,42949672960,Team Site,Mihal@7rkd12.onmicrosoft.com,30
2026-08-10,f014da3b-9383-46da-94df-10ebe46d397e,,Project Site03 Owners,False,2026-08-10,,True,None,APC,29,22,29,9,0,0,0,0,37931158,42949672960,Team Site,ProjectSite03@7rkd12.onmicrosoft.com,30
2026-08-10,f03dc761-fb82-421f-a785-3418f2fe4506,,Admin ADB,False,,,True,None,APC,29,0,0,0,0,0,0,0,4613837,42949672960,Team Site,Admin@7rkd12.onmicrosoft.com,30
2026-08-10,f04aad9e-07c1-4e55-ab11-e6aefaad0acf,,Admin ADB,False,,,False,None,APC,0,0,0,0,0,0,0,0,1485928,42949672960,Team Site,Admin@7rkd12.onmicrosoft.com,30
2026-08-10,f04bb262-a482-4238-91c6-c186dbebb7b8,,Admin ADB,True,,,False,None,APC,0,0,0,0,0,0,0,0,1465853,27487790694400,Team Site,Admin@7rkd12.onmicrosoft.com,30
2026-08-10,f0538a72-8eba-4425-b4c2-06d9671dcb4f,,Admin ADB,True,,,False,None,APC,0,0,0,0,0,0,0,0,1465915,27487790694400,Team Site,Admin@7rkd12.onmicrosoft.com,30
2026-08-10,f05b5443-b748-427d-9719-525a2cb8dc39,,Bonnie Test,False,,,True,None,APC,30,0,0,0,0,0,0,0,4923463,42949672960,Team Site,BonnieTest@7rkd12.onmicrosoft.com,30
2026-08-10,f07d0148-eb59-44e3-ac39-aea1b3300d44,,Leila Test,False,2026-06-11,,True,None,APC,8,0,0,0,0,0,0,0,2401360,42949672960,Team Site,LeilaTest@7rkd12.onmicrosoft.com,30
2026-08-10,f0803869-3942-43ff-890c-99630f30ce20,,Admin ADB,False,,,False,None,APC,0,0,0,0,0,0,0,0,1485884,42949672960,Team Site,Admin@7rkd12.onmicrosoft.com,30
2026-08-10,f08a817b-788e-445c-9c41-83f8fe9374f1,,Bonnie Test,False,2025-08-07,,True,None,APC,0,0,0,0,0,0,0,0,1762886,42949672960,Team Site,BonnieTest@7rkd12.onmicrosoft.com,30
2026-08-10,f0cfd2ec-3ee2-4d76-a4dc-bdf0c40b8a2c,,Admin ADB,False,,,False,None,APC,0,0,0,0,0,0,0,0,1486944,42949672960,Team Site,Admin@7rkd12.onmicrosoft.com,30
2026-08-10,f0d4af33-b323-4036-b3f9-cd36d1e772f2,,Admin ADB,False,,,True,None,APC,30,0,0,0,0,0,0,0,4904822,42949672960,Team Site,Admin@7rkd12.onmicrosoft.com,30
2026-08-10,f0d59a98-8918-4c59-95f8-b2fafb9e6ce0,,Alex Wilber,False,2024-11-18,,True,None,APC,2,0,0,0,0,0,0,0,1793859,42949672960,Team Site,AlexW@7rkd12.onmicrosoft.com,30
2026-08-10,f1178faa-7b5f-43dc-b00d-a22a596b8209,,prj_Group Site-731006 Owners,False,,,True,None,APC,30,0,0,0,0,0,0,0,4942907,42949672960,Team Site,prj_groupsite-731006@7rkd12.onmicrosoft.com,30
2026-08-10,f12ec1b8-0aa6-4b37-97be-616332bf6df6,,Alex Wilber,False,2024-11-18,,True,None,APC,1,0,0,0,0,0,0,0,1991368,42949672960,Team Site,AlexW@7rkd12.onmicrosoft.com,30
2026-08-10,f15f09cf-77d2-4337-9a81-af29010033bb,,Admin ADB,False,,,False,None,APC,0,0,0,0,0,0,0,0,1484868,42949672960,Team Site,Admin@7rkd12.onmicrosoft.com,30
2026-08-10,f160b775-6bac-4872-a895-4b21350c7d46,,Admin ADB,False,,,False,None,APC,0,0,0,0,0,0,0,0,1485745,42949672960,Team Site,Admin@7rkd12.onmicrosoft.com,30
2026-08-10,f1670675-1aa5-4558-b895-d1ced3a59873,,Bonnie Test,False,,,True,None,APC,30,0,0,0,0,0,0,0,4924643,42949672960,Team Site,BonnieTest@7rkd12.onmicrosoft.com,30
2026-08-10,f170bd70-8e47-4544-80c4-2dcbe0adc82f,,prj_Group Site-731039 Owners,False,,,True,None,APC,30,0,0,0,0,0,0,0,4886536,42949672960,Team Site,prj_groupsite-731039@7rkd12.onmicrosoft.com,30
2026-08-10,f175d84e-fc12-42dd-a425-96278237b072,,prj_MihalTeamsite 209 Owners,False,,,True,None,APC,30,0,0,0,0,0,0,0,4941484,42949672960,Team Site,prj_mihalteamsite-209@7rkd12.onmicrosoft.com,30
2026-08-10,f1aa3285-a9b6-4523-8636-76c89974f025,,Leila Test,True,2026-02-13,,True,None,APC,19,0,0,0,0,0,0,0,8141983,27487790694400,Team Site,LeilaTest@7rkd12.onmicrosoft.com,30
2026-08-10,f1b5561d-938f-4968-96a2-788b05e076d1,,Leila Test,False,2026-06-11,,False,None,APC,4,0,0,0,0,0,0,0,1391085,42949672960,Team Site,LeilaTest@7rkd12.onmicrosoft.com,30
2026-08-10,f1b7b180-42bb-47e7-9e3b-939a87689d05,,Bonnie Test,False,,,True,None,APC,30,0,0,0,0,0,0,0,4924205,42949672960,Team Site,BonnieTest@7rkd12.onmicrosoft.com,30
2026-08-10,f1d9a271-17cd-4c79-9d3f-30b0ed98ce6b,,Admin ADB,True,,,False,None,APC,0,0,0,0,0,0,0,0,1466027,27487790694400,Team Site,Admin@7rkd12.onmicrosoft.com,30
2026-08-10,f1ead2c0-f2d0-47fb-a99b-dc981dc22c55,,Admin ADB,True,,,False,None,APC,0,0,0,0,0,0,0,0,1465318,27487790694400,Team Site,Admin@7rkd12.onmicrosoft.com,30
2026-08-10,f23f4e08-fadc-4751-99b4-b7c08ae98ce2,,Admin ADB,True,,,False,None,APC,0,0,0,0,0,0,0,0,1465407,27487790694400,Team Site,Admin@7rkd12.onmicrosoft.com,30
2026-08-10,f25b817d-ad0a-4c37-8805-715b2bbb6c15,,Admin ADB,False,,,True,None,APC,20,0,0,0,0,0,0,0,4469872,42949672960,Team Site,Admin@7rkd12.onmicrosoft.com,30
2026-08-10,f25e0c0a-7a77-492d-9930-fbc1124c3f14,,Bonnie Test,False,,,True,None,APC,30,0,0,0,0,0,0,0,4923366,42949672960,Team Site,BonnieTest@7rkd12.onmicrosoft.com,30
2026-08-10,f26d405f-4f1a-426a-938a-336e980e8150,,Admin ADB,False,,,False,None,APC,0,0,0,0,0,0,0,0,1485513,42949672960,Team Site,Admin@7rkd12.onmicrosoft.com,30
2026-08-10,f27a844f-e5d2-4609-9961-40d02076d022,,Admin,False,2026-06-12,,False,None,APC,3,0,0,0,0,0,0,0,1575640,1099511627776,Team Site,Admin@7rkd12.onmicrosoft.com,30
2026-08-10,f29eed52-40ff-4738-92fb-63179b253c0d,,Admin ADB,True,,,True,None,APC,37,0,0,0,0,0,0,0,19518861,42949672960,Team Site,Admin@7rkd12.onmicrosoft.com,30
2026-08-10,f3053e5a-00f7-441e-adbe-3619bd29bc55,,Admin ADB,True,,,True,None,APC,30,0,0,0,0,0,0,0,4943342,42949672960,Team Site,Admin@7rkd12.onmicrosoft.com,30
2026-08-10,f315e63d-7cde-4a1f-a76e-502eecea5616,,Admin ADB,True,,,False,None,APC,0,0,0,0,0,0,0,0,1466074,27487790694400,Team Site,Admin@7rkd12.onmicrosoft.com,30
2026-08-10,f32e3e22-8c4a-4889-ac78-37a2ea211022,,prj_Ada Group Site-180 Owners,False,2026-07-29,,True,None,APC,30,4,2,1,0,0,0,0,4884061,42949672960,Team Site,prj_adagroupsite-180@7rkd12.onmicrosoft.com,30
2026-08-10,f3435ee1-1567-437e-bf88-222482322c37,,prj_Ada Team Site-140 Owners,False,,,True,None,APC,30,0,0,0,0,0,0,0,4942009,42949672960,Team Site,prj_adateamsite-140@7rkd12.onmicrosoft.com,30
2026-08-10,f37b4e16-1610-4214-9dc2-2f0ecaafd52b,,Mihal,False,,,False,None,APC,0,0,0,0,0,0,0,0,1484340,42949672960,Team Site,Mihal@7rkd12.onmicrosoft.com,30
2026-08-10,f3847032-558c-4aba-ac4b-d25148f7227d,,Admin ADB,False,,,False,None,APC,0,0,0,0,0,0,0,0,1485522,42949672960,Team Site,Admin@7rkd12.onmicrosoft.com,30
2026-08-10,f3a11aed-4b45-4896-afea-a45022548d6b,,prj_Team Site-731030 Owners,False,,,True,None,APC,30,0,0,0,0,0,0,0,4943581,42949672960,Team Site,prj_teamsite-731030@7rkd12.onmicrosoft.com,30
2026-08-10,f422ccf3-6928-44b5-a74d-d056a6e6c45e,,Admin ADB,True,,,False,None,APC,0,0,0,0,0,0,0,0,1465880,27487790694400,Team Site,Admin@7rkd12.onmicrosoft.com,30
2026-08-10,f45a9e76-8512-4364-917e-df2e0ba6896e,,Admin ADB,True,,,False,None,APC,0,0,0,0,0,0,0,0,1465901,27487790694400,Team Site,Admin@7rkd12.onmicrosoft.com,30
2026-08-10,f470ccde-ac1d-41c5-b248-63458d2dde11,,Bonnie Test,False,,,True,None,APC,30,0,0,0,0,0,0,0,4906402,42949672960,Team Site,BonnieTest@7rkd12.onmicrosoft.com,30
2026-08-10,f4887626-d09e-41b1-8338-77915264896e,,test2 Owners,False,2026-06-11,,True,None,APC,15,0,0,0,0,0,0,0,11225730,42949672960,Team Site,test2@7rkd12.onmicrosoft.com,30
2026-08-10,f48d85e1-7d1a-485a-b7b7-0c775271921b,,Admin ADB,False,,,False,None,APC,0,0,0,0,0,0,0,0,1485909,42949672960,Team Site,Admin@7rkd12.onmicrosoft.com,30
2026-08-10,f499f8d5-518e-4ee4-99a9-df122633bf50,,Admin ADB,False,,,False,None,APC,0,0,0,0,0,0,0,0,1484305,42949672960,Team Site,Admin@7rkd12.onmicrosoft.com,30
2026-08-10,f4a1d9f7-eb57-41e5-a1ad-1ad396521bc6,,Bonnie Test,False,2025-04-25,,True,None,APC,0,0,0,0,0,0,0,0,1767961,42949672960,Team Site,BonnieTest@7rkd12.onmicrosoft.com,30
2026-08-10,f502bc2d-f977-49d4-9a3d-28d850f3dade,,Bonnie Test,False,,,True,None,APC,30,0,0,0,0,0,0,0,4935525,42949672960,Team Site,BonnieTest@7rkd12.onmicrosoft.com,30
2026-08-10,f523cbdf-5385-4629-a540-2e0d48b1a634,,Admin ADB,False,,,False,None,APC,0,0,0,0,0,0,0,0,1486734,42949672960,Team Site,Admin@7rkd12.onmicrosoft.com,30
2026-08-10,f56b1b19-1edf-4b9c-a3df-c93b355a408b,,Admin ADB,True,,,False,None,APC,0,0,0,0,0,0,0,0,1465398,27487790694400,Team Site,Admin@7rkd12.onmicrosoft.com,30
2026-08-10,f56f747f-5220-49c9-a133-92fc209df7f7,,Admin ADB,False,,,False,None,APC,0,0,0,0,0,0,0,0,1486237,42949672960,Team Site,Admin@7rkd12.onmicrosoft.com,30
2026-08-10,f5ad8b62-61a9-42e7-ab2d-ba25505d9634,,Admin ADB,True,,,False,None,APC,0,0,0,0,0,0,0,0,1465405,27487790694400,Team Site,Admin@7rkd12.onmicrosoft.com,30
2026-08-10,f5c447b6-8db7-4aaa-b6dd-22959a4cfb26,,Admin ADB,True,,,False,None,APC,0,0,0,0,0,0,0,0,1465353,27487790694400,Team Site,Admin@7rkd12.onmicrosoft.com,30
2026-08-10,f5c618a9-cf8b-44ca-9ec7-122dd744e697,,prj_Ada Team Site-131 Owners,True,,,True,None,APC,30,0,0,0,0,0,0,0,4907652,27487790694400,Team Site,prj_adateamsite-131@7rkd12.onmicrosoft.com,30
2026-08-10,f5cdac95-d0ad-4e8c-84c4-db31dd5361c7,,Bonnie Test,False,,,True,None,APC,30,0,0,0,0,0,0,0,4941042,42949672960,Team Site,BonnieTest@7rkd12.onmicrosoft.com,30
2026-08-10,f61ca56f-de6d-4ba2-8ac1-91e5220c1d78,,Admin ADB,False,,,False,None,APC,0,0,0,0,0,0,0,0,1485856,42949672960,Team Site,Admin@7rkd12.onmicrosoft.com,30
2026-08-10,f6488fa4-24ad-4e1e-8653-2c5412814a56,,Admin ADB,True,,,True,None,APC,30,0,0,0,0,0,0,0,4921910,42949672960,Team Site,Admin@7rkd12.onmicrosoft.com,30
2026-08-10,f64d83bd-2fff-4b6d-92e9-7561a7ff95de,,Admin ADB,False,,,False,None,APC,0,0,0,0,0,0,0,0,1486442,42949672960,Team Site,Admin@7rkd12.onmicrosoft.com,30
2026-08-10,f6662843-a019-4a08-9d28-f9974260fffb,,Admin ADB,True,,,False,None,APC,0,0,0,0,0,0,0,0,1466021,27487790694400,Team Site,Admin@7rkd12.onmicrosoft.com,30
2026-08-10,f67906d5-7181-4e15-bf0a-825b7e2c20df,,prj_Ada Team Site-178 Owners,True,2026-07-29,,True,None,APC,30,4,1,1,0,0,0,0,4907856,27487790694400,Team Site,prj_adateamsite-178@7rkd12.onmicrosoft.com,30
2026-08-10,f6849f36-26e6-423e-9af3-8d31bd635ec4,,Admin ADB,True,,,False,None,APC,0,0,0,0,0,0,0,0,1465946,27487790694400,Team Site,Admin@7rkd12.onmicrosoft.com,30
2026-08-10,f6b48d3c-b8cb-40e6-b573-aec7e1a026b8,,Admin ADB,False,,,False,None,APC,0,0,0,0,0,0,0,0,1486859,42949672960,Team Site,Admin@7rkd12.onmicrosoft.com,30
2026-08-10,f6c481bc-3415-4fd4-b611-e33ae650000f,,Admin ADB,True,,,False,None,APC,0,0,0,0,0,0,0,0,1465386,27487790694400,Team Site,Admin@7rkd12.onmicrosoft.com,30
2026-08-10,f6ca1489-9303-400a-a3e6-431ac428d512,,Admin ADB,True,,,False,None,APC,0,0,0,0,0,0,0,0,1465890,27487790694400,Team Site,Admin@7rkd12.onmicrosoft.com,30
2026-08-10,f6cc60a1-39a0-4e4b-a470-09172243aab9,,prj_Group Site-731020 Owners,False,,,True,None,APC,30,0,0,0,0,0,0,0,4943437,42949672960,Team Site,prj_groupsite-731020@7rkd12.onmicrosoft.com,30
2026-08-10,f6ce373e-d28a-4ce2-98ed-a5dd4fd5be9a,,Admin ADB,False,,,True,None,APC,30,0,0,0,0,0,0,0,4939233,42949672960,Team Site,Admin@7rkd12.onmicrosoft.com,30
2026-08-10,f6dfa45c-1d9b-42e8-9a27-d21969d73d6a,,prj_MihalGroupsite-024 Owners,False,,,True,None,APC,1,0,0,0,0,0,0,0,1492706,42949672960,Team Site,prj_mihalgroupsite-024@7rkd12.onmicrosoft.com,30
2026-08-10,f6f6e34e-7394-4e26-88fe-bde5decf6729,,prj_MihalTeamsite 232 Owners,False,,,True,None,APC,30,0,0,0,0,0,0,0,4926599,42949672960,Team Site,prj_mihalteamsite-232@7rkd12.onmicrosoft.com,30
2026-08-10,f71f9b73-2d70-4da4-b67c-2e2d7031a22d,,Admin ADB,True,,,False,None,APC,0,0,0,0,0,0,0,0,1465343,27487790694400,Team Site,Admin@7rkd12.onmicrosoft.com,30
2026-08-10,f76e3bf3-88fb-4454-8908-2e4345124828,,Admin ADB,True,,,False,None,APC,0,0,0,0,0,0,0,0,1466039,27487790694400,Team Site,Admin@7rkd12.onmicrosoft.com,30
2026-08-10,f78185f0-ed8d-44ff-a9ea-b2bea9573b87,,Leila Test,False,2026-06-25,,False,None,APC,7,0,0,0,0,0,0,0,2083636,42949672960,Team Site,LeilaTest@7rkd12.onmicrosoft.com,30
2026-08-10,f799328e-5602-4965-9947-2bc714c6c377,,Mihal,False,,,False,None,APC,0,0,0,0,0,0,0,0,1484257,42949672960,Team Site,Mihal@7rkd12.onmicrosoft.com,30
2026-08-10,f7abf285-b92c-4965-91db-92d7d1ccee5c,,Bonnie Test,False,,,True,None,APC,30,0,0,0,0,0,0,0,4922611,42949672960,Team Site,BonnieTest@7rkd12.onmicrosoft.com,30
2026-08-10,f7ae3746-3383-4495-8a4c-46079eb6dbdf,,Admin ADB,False,,,True,None,APC,30,0,0,0,0,0,0,0,4907022,42949672960,Team Site,Admin@7rkd12.onmicrosoft.com,30
2026-08-10,f7b36f7c-f2e8-43e6-89c3-c49ab7eee8a2,,prj_Team Site-731046 Owners,False,,,True,None,APC,30,0,0,0,0,0,0,0,4887556,42949672960,Team Site,prj_teamsite-731046@7rkd12.onmicrosoft.com,30
2026-08-10,f7cb861e-3401-4039-8569-bc1ad70fa47e,,Bonnie Test,False,,,True,None,APC,30,0,0,0,0,0,0,0,4921064,42949672960,Team Site,BonnieTest@7rkd12.onmicrosoft.com,30
2026-08-10,f7eff513-c6a1-4a13-a7c9-1f2d10356d2f,,Bonnie Test,False,,,True,None,APC,30,0,0,0,0,0,0,0,4924789,42949672960,Team Site,BonnieTest@7rkd12.onmicrosoft.com,30
2026-08-10,f7f745bf-4a6c-435f-a7be-2c9efe0a3841,,Bonnie Test,False,,,True,None,APC,30,0,0,0,0,0,0,0,4939680,42949672960,Team Site,BonnieTest@7rkd12.onmicrosoft.com,30
2026-08-10,f8438cf6-0c75-4ba0-8440-ea97dba32c0e,,Admin ADB,False,,,False,None,APC,0,0,0,0,0,0,0,0,1486933,42949672960,Team Site,Admin@7rkd12.onmicrosoft.com,30
2026-08-10,f8c2cc55-42d5-49e6-bc64-8e9d485d8a4c,,Admin ADB,False,,,True,None,APC,30,0,0,0,0,0,0,0,4922457,42949672960,Team Site,Admin@7rkd12.onmicrosoft.com,30
2026-08-10,f8cf29a9-04bf-4dff-8ab7-9fcd1dfdbc68,,prj_MihalTeamsite 230 Owners,False,,,True,None,APC,30,0,0,0,0,0,0,0,4926112,42949672960,Team Site,prj_mihalteamsite-230@7rkd12.onmicrosoft.com,30
2026-08-10,f8ddbafa-bfa7-4167-8b27-c7910e6050ba,,prj_Ada Group Site-175 Owners,False,2026-07-29,,True,None,APC,30,4,2,2,0,0,0,0,4941581,42949672960,Team Site,prj_adagroupsite-175@7rkd12.onmicrosoft.com,30
2026-08-10,f939fe45-93f9-4363-823b-17e446e4ce9c,,Admin ADB,True,,,False,None,APC,0,0,0,0,0,0,0,0,1465976,27487790694400,Team Site,Admin@7rkd12.onmicrosoft.com,30
2026-08-10,f94f1f97-bec2-4bb4-bbfb-1b6df74d2e0f,,mihal-display-name-29 Owners,False,,,True,None,APC,1,0,0,0,0,0,0,0,1492295,42949672960,Team Site,mihal-alias29@7rkd12.onmicrosoft.com,30
2026-08-10,f99144f4-d626-4a72-bf03-ccf46633311d,,Admin ADB,True,,,True,None,APC,42,0,0,0,0,0,0,0,23651725,42949672960,Team Site,Admin@7rkd12.onmicrosoft.com,30
2026-08-10,f99fb45c-5b2b-4e88-9c39-bd52249885d5,,prj_Group Site-731011 Owners,False,,,True,None,APC,30,0,0,0,0,0,0,0,4940924,42949672960,Team Site,prj_groupsite-731011@7rkd12.onmicrosoft.com,30
2026-08-10,f9bdd889-9f2f-4f57-9e7e-f57da5147485,,Admin ADB,True,,,False,None,APC,0,0,0,0,0,0,0,0,1465999,27487790694400,Team Site,Admin@7rkd12.onmicrosoft.com,30
2026-08-10,f9f032d9-8f06-4dcf-8cf3-d45e1ff7bd82,,Admin ADB,False,,,False,None,APC,0,0,0,0,0,0,0,0,1485272,42949672960,Team Site,Admin@7rkd12.onmicrosoft.com,30
2026-08-10,f9fb0db3-7227-4f85-ac29-3c4d6f45de69,,Admin ADB,True,,,False,None,APC,0,0,0,0,0,0,0,0,1465600,27487790694400,Team Site,Admin@7rkd12.onmicrosoft.com,30
2026-08-10,fa099990-9ece-4cf9-bc69-88b9488e4f0c,,prj_Group Site-731009 Owners,False,,,True,None,APC,30,0,0,0,0,0,0,0,4938895,42949672960,Team Site,prj_groupsite-731009@7rkd12.onmicrosoft.com,30
2026-08-10,fa0a45da-3695-4f43-ae83-5642393e429d,,prj_Group Site-731084 Owners,False,,,True,None,APC,30,0,0,0,0,0,0,0,4943068,42949672960,Team Site,prj_groupsite-731084@7rkd12.onmicrosoft.com,30
2026-08-10,fa2fec47-c3fc-4eca-acc3-5a4aef898d04,,Admin ADB,True,,,False,None,APC,0,0,0,0,0,0,0,0,1465383,27487790694400,Team Site,Admin@7rkd12.onmicrosoft.com,30
2026-08-10,faaeb77a-0290-40a5-aac6-b7100a1ec266,,Admin ADB,False,,,False,None,APC,0,0,0,0,0,0,0,0,1486470,42949672960,Team Site,Admin@7rkd12.onmicrosoft.com,30
2026-08-10,faed321c-6a16-40b5-b3c4-b207f686d7d3,,Admin ADB,False,,,False,None,APC,0,0,0,0,0,0,0,0,1486488,42949672960,Team Site,Admin@7rkd12.onmicrosoft.com,30
2026-08-10,faf5366c-f686-429b-81f2-7e241279960f,,Admin ADB,False,,,True,None,APC,30,0,0,0,0,0,0,0,4936900,42949672960,Team Site,Admin@7rkd12.onmicrosoft.com,30
2026-08-10,fafd84a8-5cce-44e5-8efd-9caad2827111,,Admin ADB,False,,,False,None,APC,0,0,0,0,0,0,0,0,1486942,42949672960,Team Site,Admin@7rkd12.onmicrosoft.com,30
2026-08-10,fb0cfb4c-769a-4a74-b82d-850102133824,,prj_Team Site-731041 Owners,False,,,True,None,APC,30,0,0,0,0,0,0,0,4938895,42949672960,Team Site,prj_teamsite-731041@7rkd12.onmicrosoft.com,30
2026-08-10,fb1a0769-00eb-4cd9-b63b-7d6ff64881ba,,Admin ADB,False,,,False,None,APC,0,0,0,0,0,0,0,0,1486239,42949672960,Team Site,Admin@7rkd12.onmicrosoft.com,30
2026-08-10,fb3ce71b-5e26-4613-b470-3af11361199f,,Bonnie Test,False,,,True,None,APC,30,0,0,0,0,0,0,0,4955348,42949672960,Team Site,BonnieTest@7rkd12.onmicrosoft.com,30
2026-08-10,fb458bf3-67b5-4614-b7b6-7d64050d371f,,Mihal,False,,,False,None,APC,0,0,0,0,0,0,0,0,1484907,42949672960,Team Site,Mihal@7rkd12.onmicrosoft.com,30
2026-08-10,fb4edba0-ccda-4f7a-b18c-bf9988385318,,Admin ADB,True,,,False,None,APC,0,0,0,0,0,0,0,0,1465377,27487790694400,Team Site,Admin@7rkd12.onmicrosoft.com,30
2026-08-10,fb668846-0f50-4e1f-b97e-12678e74a8a1,,Admin ADB,True,,,False,None,APC,0,0,0,0,0,0,0,0,1465928,27487790694400,Team Site,Admin@7rkd12.onmicrosoft.com,30
2026-08-10,fb7bc8ef-c880-4109-8ac3-f3f14810b083,,Admin ADB,False,,,False,None,APC,0,0,0,0,0,0,0,0,1486335,42949672960,Team Site,Admin@7rkd12.onmicrosoft.com,30
2026-08-10,fb87fb89-1f24-4a65-ba59-3dd91d325115,,Leila Test,False,2026-06-10,,True,None,APC,1,0,0,0,0,0,0,0,1866555,1099511627776,Team Site,LeilaTest@7rkd12.onmicrosoft.com,30
2026-08-10,fb8c2879-8a07-4c0c-bca6-a4122d2a7be0,,Alex Wilber,False,2024-11-19,,True,None,APC,3,0,0,0,0,0,0,0,1881443,42949672960,Team Site,AlexW@7rkd12.onmicrosoft.com,30
2026-08-10,fb8df96a-3c5e-45eb-b7f5-da9647748d47,,Leila Test,False,2026-08-07,,False,None,APC,104,22,97,21,0,0,0,0,4442929927,42949672960,Team Site,LeilaTest@7rkd12.onmicrosoft.com,30
2026-08-10,fba33da6-dc6d-40c4-a840-f2612f3baf59,,Leila Test,False,2026-06-10,,True,None,APC,13,0,0,0,0,0,0,0,1921880,1099511627776,Team Site,LeilaTest@7rkd12.onmicrosoft.com,30
2026-08-10,fc195756-82f6-4a7d-ad02-4eaa215a0f72,,Admin ADB,False,,,False,None,APC,0,0,0,0,0,0,0,0,1486433,42949672960,Team Site,Admin@7rkd12.onmicrosoft.com,30
2026-08-10,fc4a6219-8e42-4fdd-9cc1-0a04bf70f405,,Admin ADB,False,,,False,None,APC,0,0,0,0,0,0,0,0,1486513,42949672960,Team Site,Admin@7rkd12.onmicrosoft.com,30
2026-08-10,fc7858ce-d13d-4692-82b5-ab27dc6d541b,,prj_Ada Team Site-238 Owners,True,,,True,None,APC,30,0,0,0,0,0,0,0,4940267,27487790694400,Team Site,prj_adateamsite-238@7rkd12.onmicrosoft.com,30
2026-08-10,fcbc1e7f-8a33-4f54-ae4a-75aac827a9b1,,Admin ADB,False,,,True,None,APC,30,0,0,0,0,0,0,0,4924124,42949672960,Team Site,Admin@7rkd12.onmicrosoft.com,30
2026-08-10,fcbf3b8c-792d-4851-bfc9-eb8e2ca7bf0c,,Admin ADB,False,,,False,None,APC,0,0,0,0,0,0,0,0,1485464,42949672960,Team Site,Admin@7rkd12.onmicrosoft.com,30
2026-08-10,fd10e566-e39f-49d3-b001-e3e229c76d82,,Admin ADB,False,,,False,None,APC,0,0,0,0,0,0,0,0,1486829,42949672960,Team Site,Admin@7rkd12.onmicrosoft.com,30
2026-08-10,fd3769d1-1b6e-4b92-b22a-99bc62944e2c,,Admin ADB,True,,,False,None,APC,0,0,0,0,0,0,0,0,1465844,27487790694400,Team Site,Admin@7rkd12.onmicrosoft.com,30
2026-08-10,fd46630d-13bb-441b-a45e-f0427536f2b1,,Leila Test,False,2026-06-10,,True,None,APC,11,0,0,0,0,0,0,0,2825154,42949672960,Team Site,LeilaTest@7rkd12.onmicrosoft.com,30
2026-08-10,fd73b1af-bdce-4f95-bced-0820e783978b,,Admin ADB,True,,,False,None,APC,0,0,0,0,0,0,0,0,1465877,27487790694400,Team Site,Admin@7rkd12.onmicrosoft.com,30
2026-08-10,fd848a33-1998-403b-a495-039e70ecabf9,,prj_Team Site-731020 Owners,False,,,True,None,APC,30,0,0,0,0,0,0,0,4943672,42949672960,Team Site,prj_teamsite-731020@7rkd12.onmicrosoft.com,30
2026-08-10,fdad46fb-222e-47e5-9940-04c669fee6e4,,mihal-display-name-9 Owners,False,,,True,None,APC,1,0,0,0,0,0,0,0,1491711,42949672960,Team Site,mihal-alias9@7rkd12.onmicrosoft.com,30
2026-08-10,fdc5e102-8572-4749-8373-d76146a28eb3,,Admin ADB,False,,,False,None,APC,0,0,0,0,0,0,0,0,1486836,42949672960,Team Site,Admin@7rkd12.onmicrosoft.com,30
2026-08-10,fdf42e79-18ab-472c-b19d-127d78cec82b,,Admin ADB,True,,,False,None,APC,0,0,0,0,0,0,0,0,1465487,27487790694400,Team Site,Admin@7rkd12.onmicrosoft.com,30
2026-08-10,fe03bac3-982c-4e10-b8ca-88fb5fccfad0,,Admin ADB,False,,,False,None,APC,0,0,0,0,0,0,0,0,1484842,42949672960,Team Site,Admin@7rkd12.onmicrosoft.com,30
2026-08-10,fe1b0de2-d994-4111-a3d7-4a487330b5ff,,Admin ADB,False,,,False,None,APC,0,0,0,0,0,0,0,0,1485961,42949672960,Team Site,Admin@7rkd12.onmicrosoft.com,30
2026-08-10,fe1f62e0-12b9-49e1-81b3-8adf8e4ce5db,,prj_Team Site-731022 Owners,False,,,True,None,APC,30,0,0,0,0,0,0,0,4943472,42949672960,Team Site,prj_teamsite-731022@7rkd12.onmicrosoft.com,30
2026-08-10,fe272e22-220d-4580-854a-9e89ff850fc7,,Admin ADB,True,,,False,None,APC,0,0,0,0,0,0,0,0,1465536,27487790694400,Team Site,Admin@7rkd12.onmicrosoft.com,30
2026-08-10,fe315c4b-d670-49b2-bd61-1578e367d693,,Admin ADB,False,,,False,None,APC,0,0,0,0,0,0,0,0,1485932,42949672960,Team Site,Admin@7rkd12.onmicrosoft.com,30
2026-08-10,fe437cd8-dfdd-44b1-9fa5-1907bb6cf2db,,Bonnie Test,False,,,True,None,APC,30,0,0,0,0,0,0,0,4940989,42949672960,Team Site,BonnieTest@7rkd12.onmicrosoft.com,30
2026-08-10,fe88ed7e-6f92-4e62-b8ed-40597585dfac,,Admin ADB,False,,,False,None,APC,0,0,0,0,0,0,0,0,1486946,42949672960,Team Site,Admin@7rkd12.onmicrosoft.com,30
2026-08-10,feae3f2d-590b-41aa-a8a2-34fa207fe787,,prj_Ada Team Site-151 Owners,True,,,True,None,APC,30,0,0,0,0,0,0,0,4905712,27487790694400,Team Site,prj_adateamsite-151@7rkd12.onmicrosoft.com,30
2026-08-10,fecb5b59-b81f-48d7-92e3-dd52386593e7,,Admin ADB,True,,,False,None,APC,0,0,0,0,0,0,0,0,1465317,27487790694400,Team Site,Admin@7rkd12.onmicrosoft.com,30
2026-08-10,ff058b9e-3c1e-4c70-b13d-caaae27f9cae,,HazelTest,False,2026-05-08,,True,None,APC,3,0,0,0,0,0,0,0,1935569,42949672960,Team Site,HazelTest@7rkd12.onmicrosoft.com,30
2026-08-10,ff824fcc-b64c-4bd0-8264-4250b81e9501,,Admin ADB,True,,,False,None,APC,0,0,0,0,0,0,0,0,1465375,27487790694400,Team Site,Admin@7rkd12.onmicrosoft.com,30
