Request ID,Request Summary,Status,Approval Stage,Requester,Requester (Email Address),Current Assignee,Current Assignee (Email Address),Participant,Participant (Email Address),Last Updated Time,Modified By,Modified By (Email Address),Modified Time,Created Time,Category,Request Type,Target Object,Service Name,Request Source,Allow External Sharing,Allow External Sharing-choice,Archiver,B-Department,B-Library name,B-Library Short Name,Business Need,Choose Project Site Template,Choose Site Template,Content Category,D- Change list setting,Delete Site,Department,Department22,Desired Outcomes,Division,DRM Department,EDRMS Site Type,External Company Name,External Sharing Allowed?,GALines,Key Risks and Considerations,Library name,Library Short Name,Manager,Manager (Email Address),Please provide business reasons for having site site.,Please Select a Library Type to Start the Library Creation Request,Please Select a Site Type to Start the Site Creation Request,Please select: Lock Site / Unlock Site,Procurement library,Project Owner,Project Owner (Email Address),Purpose of Use,Records Manager,Records Manager (Email Address),RefinableString00,Region,Remarks,Request Reason,Segment,Site Short Name,Site URL
5324,[For Existing Sites] Apply Project Site Template 20260814110406,Completed,,Bonnie Test,BonnieTest@7rkd12.onmicrosoft.com,,,Bonnie Test,BonnieTest@7rkd12.onmicrosoft.com,2026-08-14 15:15:49,,,,2026-08-14 12:04:06,EDRMS Service,Change Site Settings,https://7rkd12.sharepoint.com/teams/Test814,[For Existing Sites] Apply Project Site Template,MyHub web portal,,,,,,,,,,,,,,,,,,,,,,,,,,,,,,,,,,,,,,,,,,,
5196,Create 500 Project Sites 20260813101904,Completed,,Mihal,Mihal@7rkd12.onmicrosoft.com,,,Mihal,Mihal@7rkd12.onmicrosoft.com,2026-08-14 15:09:48,,,,2026-08-13 19:19:04,EDRMS Service,Dynamic service,https://7rkd12.sharepoint.com/teams/prj_dane-l-99,Create 500 Project Sites,API,,,,,,,,,,,,,,,,,,,,,,,,,,,,,,,,,,,,,,,,,,,
5133,Create 500 Project Sites 20260813101542,Problem encountered ,,Mihal,Mihal@7rkd12.onmicrosoft.com,John Rick D. Navoa,AdaLu@7rkd12.onmicrosoft.com,Mihal,Mihal@7rkd12.onmicrosoft.com,2026-08-14 14:59:02,,,,2026-08-13 19:15:42,EDRMS Service,Dynamic service,,Create 500 Project Sites,API,,,,,,,,,,,,,,,,,,,,,,,,,,,,,,,,,,,,,,,,,,,
5131,Create 500 Project Sites 20260813101536,Problem encountered ,,Mihal,Mihal@7rkd12.onmicrosoft.com,John Rick D. Navoa,AdaLu@7rkd12.onmicrosoft.com,Mihal,Mihal@7rkd12.onmicrosoft.com,2026-08-14 14:53:25,,,,2026-08-13 19:15:36,EDRMS Service,Dynamic service,,Create 500 Project Sites,API,,,,,,,,,,,,,,,,,,,,,,,,,,,,,,,,,,,,,,,,,,,
5176,Create 500 Project Sites 20260813101803,Problem encountered ,,Mihal,Mihal@7rkd12.onmicrosoft.com,John Rick D. Navoa,AdaLu@7rkd12.onmicrosoft.com,Mihal,Mihal@7rkd12.onmicrosoft.com,2026-08-14 14:44:12,,,,2026-08-13 19:18:03,EDRMS Service,Dynamic service,,Create 500 Project Sites,API,,,,,,,,,,,,,,,,,,,,,,,,,,,,,,,,,,,,,,,,,,,
5132,Create 500 Project Sites 20260813101539,Completed,,Mihal,Mihal@7rkd12.onmicrosoft.com,,,Mihal,Mihal@7rkd12.onmicrosoft.com,2026-08-14 14:44:00,,,,2026-08-13 19:15:39,EDRMS Service,Dynamic service,https://7rkd12.sharepoint.com/teams/prj_dane-l-35,Create 500 Project Sites,API,,,,,,,,,,,,,,,,,,,,,,,,,,,,,,,,,,,,,,,,,,,
5175,Create 500 Project Sites 20260813101801,Problem encountered ,,Mihal,Mihal@7rkd12.onmicrosoft.com,John Rick D. Navoa,AdaLu@7rkd12.onmicrosoft.com,Mihal,Mihal@7rkd12.onmicrosoft.com,2026-08-14 14:37:39,,,,2026-08-13 19:18:01,EDRMS Service,Dynamic service,,Create 500 Project Sites,API,,,,,,,,,,,,,,,,,,,,,,,,,,,,,,,,,,,,,,,,,,,
5139,Create 500 Project Sites 20260813101559,Completed,,Mihal,Mihal@7rkd12.onmicrosoft.com,,,Mihal,Mihal@7rkd12.onmicrosoft.com,2026-08-14 14:35:22,,,,2026-08-13 19:15:59,EDRMS Service,Dynamic service,https://7rkd12.sharepoint.com/teams/prj_dane-l-42,Create 500 Project Sites,API,,,,,,,,,,,,,,,,,,,,,,,,,,,,,,,,,,,,,,,,,,,
5178,Create 500 Project Sites 20260813101809,Completed,,Mihal,Mihal@7rkd12.onmicrosoft.com,,,Mihal,Mihal@7rkd12.onmicrosoft.com,2026-08-14 14:32:20,,,,2026-08-13 19:18:09,EDRMS Service,Dynamic service,https://7rkd12.sharepoint.com/teams/prj_dane-l-81,Create 500 Project Sites,API,,,,,,,,,,,,,,,,,,,,,,,,,,,,,,,,,,,,,,,,,,,
5177,Create 500 Project Sites 20260813101806,Problem encountered ,,Mihal,Mihal@7rkd12.onmicrosoft.com,John Rick D. Navoa,AdaLu@7rkd12.onmicrosoft.com,Mihal,Mihal@7rkd12.onmicrosoft.com,2026-08-14 14:20:33,,,,2026-08-13 19:18:06,EDRMS Service,Dynamic service,,Create 500 Project Sites,API,,,,,,,,,,,,,,,,,,,,,,,,,,,,,,,,,,,,,,,,,,,
5147,Create 500 Project Sites 20260813101620,Completed,,Mihal,Mihal@7rkd12.onmicrosoft.com,,,Mihal,Mihal@7rkd12.onmicrosoft.com,2026-08-14 14:08:41,,,,2026-08-13 19:16:20,EDRMS Service,Dynamic service,https://7rkd12.sharepoint.com/teams/prj_dane-l-50,Create 500 Project Sites,API,,,,,,,,,,,,,,,,,,,,,,,,,,,,,,,,,,,,,,,,,,,
5144,Create 500 Project Sites 20260813101612,Problem encountered ,,Mihal,Mihal@7rkd12.onmicrosoft.com,John Rick D. Navoa,AdaLu@7rkd12.onmicrosoft.com,Mihal,Mihal@7rkd12.onmicrosoft.com,2026-08-14 13:59:14,,,,2026-08-13 19:16:12,EDRMS Service,Dynamic service,,Create 500 Project Sites,API,,,,,,,,,,,,,,,,,,,,,,,,,,,,,,,,,,,,,,,,,,,
5179,Create 500 Project Sites 20260813101812,Problem encountered ,,Mihal,Mihal@7rkd12.onmicrosoft.com,John Rick D. Navoa,AdaLu@7rkd12.onmicrosoft.com,Mihal,Mihal@7rkd12.onmicrosoft.com,2026-08-14 13:53:10,,,,2026-08-13 19:18:12,EDRMS Service,Dynamic service,,Create 500 Project Sites,API,,,,,,,,,,,,,,,,,,,,,,,,,,,,,,,,,,,,,,,,,,,
5142,Create 500 Project Sites 20260813101607,Problem encountered ,,Mihal,Mihal@7rkd12.onmicrosoft.com,John Rick D. Navoa,AdaLu@7rkd12.onmicrosoft.com,Mihal,Mihal@7rkd12.onmicrosoft.com,2026-08-14 13:53:02,,,,2026-08-13 19:16:07,EDRMS Service,Dynamic service,,Create 500 Project Sites,API,,,,,,,,,,,,,,,,,,,,,,,,,,,,,,,,,,,,,,,,,,,
5146,Create 500 Project Sites 20260813101617,Completed,,Mihal,Mihal@7rkd12.onmicrosoft.com,,,Mihal,Mihal@7rkd12.onmicrosoft.com,2026-08-14 13:41:19,,,,2026-08-13 19:16:17,EDRMS Service,Dynamic service,https://7rkd12.sharepoint.com/teams/prj_dane-l-49,Create 500 Project Sites,API,,,,,,,,,,,,,,,,,,,,,,,,,,,,,,,,,,,,,,,,,,,
5143,Create 500 Project Sites 20260813101609,Completed,,Mihal,Mihal@7rkd12.onmicrosoft.com,,,Mihal,Mihal@7rkd12.onmicrosoft.com,2026-08-14 13:31:53,,,,2026-08-13 19:16:09,EDRMS Service,Dynamic service,https://7rkd12.sharepoint.com/teams/prj_dane-l-46,Create 500 Project Sites,API,,,,,,,,,,,,,,,,,,,,,,,,,,,,,,,,,,,,,,,,,,,
5199,[For Creating Test Sites] Create Project Site 20260813102214,Completed,,Mihal,Mihal@7rkd12.onmicrosoft.com,,,Mihal,Mihal@7rkd12.onmicrosoft.com,2026-08-14 13:28:07,,,,2026-08-13 19:22:14,EDRMS Service,Dynamic service,https://7rkd12.sharepoint.com/teams/prj_dane-ddos-2,[For Creating Test Sites] Create Project Site,API,,,,,,,,,,,,,,,,,,,,,,,,,,,,,,,,,,,,,,,,,,,
5180,Create 500 Project Sites 20260813101815,Completed,,Mihal,Mihal@7rkd12.onmicrosoft.com,,,Mihal,Mihal@7rkd12.onmicrosoft.com,2026-08-14 13:26:49,,,,2026-08-13 19:18:15,EDRMS Service,Dynamic service,https://7rkd12.sharepoint.com/teams/prj_dane-l-83,Create 500 Project Sites,API,,,,,,,,,,,,,,,,,,,,,,,,,,,,,,,,,,,,,,,,,,,
5145,Create 500 Project Sites 20260813101614,Completed,,Mihal,Mihal@7rkd12.onmicrosoft.com,,,Mihal,Mihal@7rkd12.onmicrosoft.com,2026-08-14 13:23:05,,,,2026-08-13 19:16:14,EDRMS Service,Dynamic service,https://7rkd12.sharepoint.com/teams/prj_dane-l-48,Create 500 Project Sites,API,,,,,,,,,,,,,,,,,,,,,,,,,,,,,,,,,,,,,,,,,,,
5200,[For Creating Test Sites] Create Project Site 20260813102217,Completed,,Mihal,Mihal@7rkd12.onmicrosoft.com,,,Mihal,Mihal@7rkd12.onmicrosoft.com,2026-08-14 13:01:22,,,,2026-08-13 19:22:17,EDRMS Service,Dynamic service,https://7rkd12.sharepoint.com/teams/prj_dane-ddos-3,[For Creating Test Sites] Create Project Site,API,,,,,,,,,,,,,,,,,,,,,,,,,,,,,,,,,,,,,,,,,,,
5198,[For Creating Test Sites] Create Project Site 20260813102212,Completed,,Mihal,Mihal@7rkd12.onmicrosoft.com,,,Mihal,Mihal@7rkd12.onmicrosoft.com,2026-08-14 13:00:22,,,,2026-08-13 19:22:12,EDRMS Service,Dynamic service,https://7rkd12.sharepoint.com/teams/prj_dane-ddos-1,[For Creating Test Sites] Create Project Site,API,,,,,,,,,,,,,,,,,,,,,,,,,,,,,,,,,,,,,,,,,,,
5208,[For Creating Test Sites] Create Project Site 20260813102236,Completed,,Mihal,Mihal@7rkd12.onmicrosoft.com,,,Mihal,Mihal@7rkd12.onmicrosoft.com,2026-08-14 12:46:27,,,,2026-08-13 19:22:36,EDRMS Service,Dynamic service,https://7rkd12.sharepoint.com/teams/prj_dane-ddos-11,[For Creating Test Sites] Create Project Site,API,,,,,,,,,,,,,,,,,,,,,,,,,,,,,,,,,,,,,,,,,,,
5205,[For Creating Test Sites] Create Project Site 20260813102229,Completed,,Mihal,Mihal@7rkd12.onmicrosoft.com,,,Mihal,Mihal@7rkd12.onmicrosoft.com,2026-08-14 12:38:01,,,,2026-08-13 19:22:29,EDRMS Service,Dynamic service,https://7rkd12.sharepoint.com/teams/prj_dane-ddos-8,[For Creating Test Sites] Create Project Site,API,,,,,,,,,,,,,,,,,,,,,,,,,,,,,,,,,,,,,,,,,,,
5202,[For Creating Test Sites] Create Project Site 20260813102221,Completed,,Mihal,Mihal@7rkd12.onmicrosoft.com,,,Mihal,Mihal@7rkd12.onmicrosoft.com,2026-08-14 12:31:51,,,,2026-08-13 19:22:21,EDRMS Service,Dynamic service,https://7rkd12.sharepoint.com/teams/prj_dane-ddos-5,[For Creating Test Sites] Create Project Site,API,,,,,,,,,,,,,,,,,,,,,,,,,,,,,,,,,,,,,,,,,,,
5203,[For Creating Test Sites] Create Project Site 20260813102224,Problem encountered ,,Mihal,Mihal@7rkd12.onmicrosoft.com,Mihal,Mihal@7rkd12.onmicrosoft.com,Mihal,Mihal@7rkd12.onmicrosoft.com,2026-08-14 12:22:34,,,,2026-08-13 19:22:24,EDRMS Service,Dynamic service,,[For Creating Test Sites] Create Project Site,API,,,,,,,,,,,,,,,,,,,,,,,,,,,,,,,,,,,,,,,,,,,
5181,Create 500 Project Sites 20260813101818,Problem encountered ,,Mihal,Mihal@7rkd12.onmicrosoft.com,John Rick D. Navoa,AdaLu@7rkd12.onmicrosoft.com,Mihal,Mihal@7rkd12.onmicrosoft.com,2026-08-14 12:19:28,,,,2026-08-13 19:18:18,EDRMS Service,Dynamic service,,Create 500 Project Sites,API,,,,,,,,,,,,,,,,,,,,,,,,,,,,,,,,,,,,,,,,,,,
5201,[For Creating Test Sites] Create Project Site 20260813102219,Completed,,Mihal,Mihal@7rkd12.onmicrosoft.com,,,Mihal,Mihal@7rkd12.onmicrosoft.com,2026-08-14 12:18:53,,,,2026-08-13 19:22:19,EDRMS Service,Dynamic service,https://7rkd12.sharepoint.com/teams/prj_dane-ddos-4,[For Creating Test Sites] Create Project Site,API,,,,,,,,,,,,,,,,,,,,,,,,,,,,,,,,,,,,,,,,,,,
5211,[For Creating Test Sites] Create Project Site 20260813102245,Completed,,Mihal,Mihal@7rkd12.onmicrosoft.com,,,Mihal,Mihal@7rkd12.onmicrosoft.com,2026-08-14 12:10:25,,,,2026-08-13 19:22:45,EDRMS Service,Dynamic service,https://7rkd12.sharepoint.com/teams/prj_dane-ddos-14,[For Creating Test Sites] Create Project Site,API,,,,,,,,,,,,,,,,,,,,,,,,,,,,,,,,,,,,,,,,,,,
5204,[For Creating Test Sites] Create Project Site 20260813102226,Problem encountered ,,Mihal,Mihal@7rkd12.onmicrosoft.com,Mihal,Mihal@7rkd12.onmicrosoft.com,Mihal,Mihal@7rkd12.onmicrosoft.com,2026-08-14 12:09:35,,,,2026-08-13 19:22:26,EDRMS Service,Dynamic service,,[For Creating Test Sites] Create Project Site,API,,,,,,,,,,,,,,,,,,,,,,,,,,,,,,,,,,,,,,,,,,,
5210,[For Creating Test Sites] Create Project Site 20260813102243,Completed,,Mihal,Mihal@7rkd12.onmicrosoft.com,,,Mihal,Mihal@7rkd12.onmicrosoft.com,2026-08-14 11:53:28,,,,2026-08-13 19:22:43,EDRMS Service,Dynamic service,https://7rkd12.sharepoint.com/teams/prj_dane-ddos-13,[For Creating Test Sites] Create Project Site,API,,,,,,,,,,,,,,,,,,,,,,,,,,,,,,,,,,,,,,,,,,,
5206,[For Creating Test Sites] Create Project Site 20260813102231,Completed,,Mihal,Mihal@7rkd12.onmicrosoft.com,,,Mihal,Mihal@7rkd12.onmicrosoft.com,2026-08-14 11:52:28,,,,2026-08-13 19:22:31,EDRMS Service,Dynamic service,https://7rkd12.sharepoint.com/teams/prj_dane-ddos-9,[For Creating Test Sites] Create Project Site,API,,,,,,,,,,,,,,,,,,,,,,,,,,,,,,,,,,,,,,,,,,,
5212,[For Creating Test Sites] Create Project Site 20260813102248,Problem encountered ,,Mihal,Mihal@7rkd12.onmicrosoft.com,Mihal,Mihal@7rkd12.onmicrosoft.com,Mihal,Mihal@7rkd12.onmicrosoft.com,2026-08-14 11:39:26,,,,2026-08-13 19:22:48,EDRMS Service,Dynamic service,,[For Creating Test Sites] Create Project Site,API,,,,,,,,,,,,,,,,,,,,,,,,,,,,,,,,,,,,,,,,,,,
5207,[For Creating Test Sites] Create Project Site 20260813102234,Completed,,Mihal,Mihal@7rkd12.onmicrosoft.com,,,Mihal,Mihal@7rkd12.onmicrosoft.com,2026-08-14 11:29:01,,,,2026-08-13 19:22:34,EDRMS Service,Dynamic service,https://7rkd12.sharepoint.com/teams/prj_dane-ddos-10,[For Creating Test Sites] Create Project Site,API,,,,,,,,,,,,,,,,,,,,,,,,,,,,,,,,,,,,,,,,,,,
5209,[For Creating Test Sites] Create Project Site 20260813102239,Completed,,Mihal,Mihal@7rkd12.onmicrosoft.com,,,Mihal,Mihal@7rkd12.onmicrosoft.com,2026-08-14 11:26:56,,,,2026-08-13 19:22:39,EDRMS Service,Dynamic service,https://7rkd12.sharepoint.com/teams/prj_dane-ddos-12,[For Creating Test Sites] Create Project Site,API,,,,,,,,,,,,,,,,,,,,,,,,,,,,,,,,,,,,,,,,,,,
5232,[For Creating Test Sites] Create Project Site 20260813102345,Problem encountered ,,Mihal,Mihal@7rkd12.onmicrosoft.com,Mihal,Mihal@7rkd12.onmicrosoft.com,Mihal,Mihal@7rkd12.onmicrosoft.com,2026-08-14 11:22:08,,,,2026-08-13 19:23:45,EDRMS Service,Dynamic service,,[For Creating Test Sites] Create Project Site,API,,,,,,,,,,,,,,,,,,,,,,,,,,,,,,,,,,,,,,,,,,,
5231,[For Creating Test Sites] Create Project Site 20260813102343,Completed,,Mihal,Mihal@7rkd12.onmicrosoft.com,,,Mihal,Mihal@7rkd12.onmicrosoft.com,2026-08-14 11:13:16,,,,2026-08-13 19:23:43,EDRMS Service,Dynamic service,https://7rkd12.sharepoint.com/teams/prj_dane-ddos-34,[For Creating Test Sites] Create Project Site,API,,,,,,,,,,,,,,,,,,,,,,,,,,,,,,,,,,,,,,,,,,,
5233,[For Creating Test Sites] Create Project Site 20260813102348,Completed,,Mihal,Mihal@7rkd12.onmicrosoft.com,,,Mihal,Mihal@7rkd12.onmicrosoft.com,2026-08-14 11:13:06,,,,2026-08-13 19:23:48,EDRMS Service,Dynamic service,https://7rkd12.sharepoint.com/teams/prj_dane-ddos-36,[For Creating Test Sites] Create Project Site,API,,,,,,,,,,,,,,,,,,,,,,,,,,,,,,,,,,,,,,,,,,,
5323,MP047 20260814100128,Completed,,Bonnie Test,BonnieTest@7rkd12.onmicrosoft.com,,,Bonnie Test,BonnieTest@7rkd12.onmicrosoft.com,2026-08-14 11:03:41,,,,2026-08-14 11:01:28,Administration,Dynamic service,https://7rkd12.sharepoint.com/teams/prj_groupsites-0810073,MP047,MyHub web portal,,,,,,,,,,,,,,,,,,,,,,,,,,,,,,,,,,,,,,,,,,,
5249,[For Creating Test Sites] Create Project Site 20260813102431,Completed,,Mihal,Mihal@7rkd12.onmicrosoft.com,,,Mihal,Mihal@7rkd12.onmicrosoft.com,2026-08-14 10:52:48,,,,2026-08-13 19:24:31,EDRMS Service,Dynamic service,https://7rkd12.sharepoint.com/teams/prj_dane-ddos-52,[For Creating Test Sites] Create Project Site,API,,,,,,,,,,,,,,,,,,,,,,,,,,,,,,,,,,,,,,,,,,,
5246,[For Creating Test Sites] Create Project Site 20260813102423,Problem encountered ,,Mihal,Mihal@7rkd12.onmicrosoft.com,Mihal,Mihal@7rkd12.onmicrosoft.com,Mihal,Mihal@7rkd12.onmicrosoft.com,2026-08-14 10:44:13,,,,2026-08-13 19:24:23,EDRMS Service,Dynamic service,,[For Creating Test Sites] Create Project Site,API,,,,,,,,,,,,,,,,,,,,,,,,,,,,,,,,,,,,,,,,,,,
5260,[For Creating Test Sites] Create Project Site 20260813102504,Completed,,Mihal,Mihal@7rkd12.onmicrosoft.com,,,Mihal,Mihal@7rkd12.onmicrosoft.com,2026-08-14 10:40:47,,,,2026-08-13 19:25:04,EDRMS Service,Dynamic service,https://7rkd12.sharepoint.com/teams/prj_dane-ddos-63,[For Creating Test Sites] Create Project Site,API,,,,,,,,,,,,,,,,,,,,,,,,,,,,,,,,,,,,,,,,,,,
5258,[For Creating Test Sites] Create Project Site 20260813102458,Problem encountered ,,Mihal,Mihal@7rkd12.onmicrosoft.com,Mihal,Mihal@7rkd12.onmicrosoft.com,Mihal,Mihal@7rkd12.onmicrosoft.com,2026-08-14 10:32:11,,,,2026-08-13 19:24:58,EDRMS Service,Dynamic service,,[For Creating Test Sites] Create Project Site,API,,,,,,,,,,,,,,,,,,,,,,,,,,,,,,,,,,,,,,,,,,,
5247,[For Creating Test Sites] Create Project Site 20260813102426,Completed,,Mihal,Mihal@7rkd12.onmicrosoft.com,,,Mihal,Mihal@7rkd12.onmicrosoft.com,2026-08-14 10:25:48,,,,2026-08-13 19:24:26,EDRMS Service,Dynamic service,https://7rkd12.sharepoint.com/teams/prj_dane-ddos-50,[For Creating Test Sites] Create Project Site,API,,,,,,,,,,,,,,,,,,,,,,,,,,,,,,,,,,,,,,,,,,,
5215,[For Creating Test Sites] Create Project Site 20260813102256,Completed,,Mihal,Mihal@7rkd12.onmicrosoft.com,,,Mihal,Mihal@7rkd12.onmicrosoft.com,2026-08-14 10:14:36,,,,2026-08-13 19:22:56,EDRMS Service,Dynamic service,https://7rkd12.sharepoint.com/teams/prj_dane-ddos-18,[For Creating Test Sites] Create Project Site,API,,,,,,,,,,,,,,,,,,,,,,,,,,,,,,,,,,,,,,,,,,,
5219,[For Creating Test Sites] Create Project Site 20260813102308,Completed,,Mihal,Mihal@7rkd12.onmicrosoft.com,,,Mihal,Mihal@7rkd12.onmicrosoft.com,2026-08-14 10:09:03,,,,2026-08-13 19:23:08,EDRMS Service,Dynamic service,https://7rkd12.sharepoint.com/teams/prj_dane-ddos-22,[For Creating Test Sites] Create Project Site,API,,,,,,,,,,,,,,,,,,,,,,,,,,,,,,,,,,,,,,,,,,,
5262,[For Creating Test Sites] Create Project Site 20260813102510,Completed,,Mihal,Mihal@7rkd12.onmicrosoft.com,,,Mihal,Mihal@7rkd12.onmicrosoft.com,2026-08-14 10:07:53,,,,2026-08-13 19:25:10,EDRMS Service,Dynamic service,https://7rkd12.sharepoint.com/teams/prj_dane-ddos-65,[For Creating Test Sites] Create Project Site,API,,,,,,,,,,,,,,,,,,,,,,,,,,,,,,,,,,,,,,,,,,,
5234,[For Creating Test Sites] Create Project Site 20260813102350,Problem encountered ,,Mihal,Mihal@7rkd12.onmicrosoft.com,Mihal,Mihal@7rkd12.onmicrosoft.com,Mihal,Mihal@7rkd12.onmicrosoft.com,2026-08-14 10:06:06,,,,2026-08-13 19:23:50,EDRMS Service,Dynamic service,,[For Creating Test Sites] Create Project Site,API,,,,,,,,,,,,,,,,,,,,,,,,,,,,,,,,,,,,,,,,,,,
5261,[For Creating Test Sites] Create Project Site 20260813102507,Completed,,Mihal,Mihal@7rkd12.onmicrosoft.com,,,Mihal,Mihal@7rkd12.onmicrosoft.com,2026-08-14 10:02:35,,,,2026-08-13 19:25:07,EDRMS Service,Dynamic service,https://7rkd12.sharepoint.com/teams/prj_dane-ddos-64,[For Creating Test Sites] Create Project Site,API,,,,,,,,,,,,,,,,,,,,,,,,,,,,,,,,,,,,,,,,,,,
5217,[For Creating Test Sites] Create Project Site 20260813102301,Completed,,Mihal,Mihal@7rkd12.onmicrosoft.com,,,Mihal,Mihal@7rkd12.onmicrosoft.com,2026-08-14 09:56:10,,,,2026-08-13 19:23:01,EDRMS Service,Dynamic service,https://7rkd12.sharepoint.com/teams/prj_dane-ddos-20,[For Creating Test Sites] Create Project Site,API,,,,,,,,,,,,,,,,,,,,,,,,,,,,,,,,,,,,,,,,,,,
5213,[For Creating Test Sites] Create Project Site 20260813102250,Completed,,Mihal,Mihal@7rkd12.onmicrosoft.com,,,Mihal,Mihal@7rkd12.onmicrosoft.com,2026-08-14 09:47:37,,,,2026-08-13 19:22:50,EDRMS Service,Dynamic service,https://7rkd12.sharepoint.com/teams/prj_dane-ddos-16,[For Creating Test Sites] Create Project Site,API,,,,,,,,,,,,,,,,,,,,,,,,,,,,,,,,,,,,,,,,,,,
5259,[For Creating Test Sites] Create Project Site 20260813102501,Completed,,Mihal,Mihal@7rkd12.onmicrosoft.com,,,Mihal,Mihal@7rkd12.onmicrosoft.com,2026-08-14 09:37:16,,,,2026-08-13 19:25:01,EDRMS Service,Dynamic service,https://7rkd12.sharepoint.com/teams/prj_dane-ddos-62,[For Creating Test Sites] Create Project Site,API,,,,,,,,,,,,,,,,,,,,,,,,,,,,,,,,,,,,,,,,,,,
5248,[For Creating Test Sites] Create Project Site 20260813102429,Problem encountered ,,Mihal,Mihal@7rkd12.onmicrosoft.com,Mihal,Mihal@7rkd12.onmicrosoft.com,Mihal,Mihal@7rkd12.onmicrosoft.com,2026-08-14 09:22:20,,,,2026-08-13 19:24:29,EDRMS Service,Dynamic service,,[For Creating Test Sites] Create Project Site,API,,,,,,,,,,,,,,,,,,,,,,,,,,,,,,,,,,,,,,,,,,,
5218,[For Creating Test Sites] Create Project Site 20260813102305,Completed,,Mihal,Mihal@7rkd12.onmicrosoft.com,,,Mihal,Mihal@7rkd12.onmicrosoft.com,2026-08-14 09:19:45,,,,2026-08-13 19:23:05,EDRMS Service,Dynamic service,https://7rkd12.sharepoint.com/teams/prj_dane-ddos-21,[For Creating Test Sites] Create Project Site,API,,,,,,,,,,,,,,,,,,,,,,,,,,,,,,,,,,,,,,,,,,,
5216,[For Creating Test Sites] Create Project Site 20260813102259,Completed,,Mihal,Mihal@7rkd12.onmicrosoft.com,,,Mihal,Mihal@7rkd12.onmicrosoft.com,2026-08-14 09:07:28,,,,2026-08-13 19:22:59,EDRMS Service,Dynamic service,https://7rkd12.sharepoint.com/teams/prj_dane-ddos-19,[For Creating Test Sites] Create Project Site,API,,,,,,,,,,,,,,,,,,,,,,,,,,,,,,,,,,,,,,,,,,,
5263,[For Creating Test Sites] Create Project Site 20260813102514,Problem encountered ,,Mihal,Mihal@7rkd12.onmicrosoft.com,Mihal,Mihal@7rkd12.onmicrosoft.com,Mihal,Mihal@7rkd12.onmicrosoft.com,2026-08-14 09:07:27,,,,2026-08-13 19:25:14,EDRMS Service,Dynamic service,,[For Creating Test Sites] Create Project Site,API,,,,,,,,,,,,,,,,,,,,,,,,,,,,,,,,,,,,,,,,,,,
5235,[For Creating Test Sites] Create Project Site 20260813102353,Problem encountered ,,Mihal,Mihal@7rkd12.onmicrosoft.com,Mihal,Mihal@7rkd12.onmicrosoft.com,Mihal,Mihal@7rkd12.onmicrosoft.com,2026-08-14 09:01:05,,,,2026-08-13 19:23:53,EDRMS Service,Dynamic service,,[For Creating Test Sites] Create Project Site,API,,,,,,,,,,,,,,,,,,,,,,,,,,,,,,,,,,,,,,,,,,,
5269,[For Creating Test Sites] Create Project Site 20260813102556,Problem encountered ,,Mihal,Mihal@7rkd12.onmicrosoft.com,Mihal,Mihal@7rkd12.onmicrosoft.com,Mihal,Mihal@7rkd12.onmicrosoft.com,2026-08-14 08:56:11,,,,2026-08-13 19:25:56,EDRMS Service,Dynamic service,,[For Creating Test Sites] Create Project Site,API,,,,,,,,,,,,,,,,,,,,,,,,,,,,,,,,,,,,,,,,,,,
5214,[For Creating Test Sites] Create Project Site 20260813102254,Completed,,Mihal,Mihal@7rkd12.onmicrosoft.com,,,Mihal,Mihal@7rkd12.onmicrosoft.com,2026-08-14 08:55:56,,,,2026-08-13 19:22:54,EDRMS Service,Dynamic service,https://7rkd12.sharepoint.com/teams/prj_dane-ddos-17,[For Creating Test Sites] Create Project Site,API,,,,,,,,,,,,,,,,,,,,,,,,,,,,,,,,,,,,,,,,,,,
5242,[For Creating Test Sites] Create Project Site 20260813102411,Completed,,Mihal,Mihal@7rkd12.onmicrosoft.com,,,Mihal,Mihal@7rkd12.onmicrosoft.com,2026-08-14 08:38:19,,,,2026-08-13 19:24:11,EDRMS Service,Dynamic service,https://7rkd12.sharepoint.com/teams/prj_dane-ddos-45,[For Creating Test Sites] Create Project Site,API,,,,,,,,,,,,,,,,,,,,,,,,,,,,,,,,,,,,,,,,,,,
5240,[For Creating Test Sites] Create Project Site 20260813102406,Problem encountered ,,Mihal,Mihal@7rkd12.onmicrosoft.com,Mihal,Mihal@7rkd12.onmicrosoft.com,Mihal,Mihal@7rkd12.onmicrosoft.com,2026-08-14 08:35:07,,,,2026-08-13 19:24:06,EDRMS Service,Dynamic service,,[For Creating Test Sites] Create Project Site,API,,,,,,,,,,,,,,,,,,,,,,,,,,,,,,,,,,,,,,,,,,,
5241,[For Creating Test Sites] Create Project Site 20260813102408,Problem encountered ,,Mihal,Mihal@7rkd12.onmicrosoft.com,Mihal,Mihal@7rkd12.onmicrosoft.com,Mihal,Mihal@7rkd12.onmicrosoft.com,2026-08-14 08:32:16,,,,2026-08-13 19:24:08,EDRMS Service,Dynamic service,,[For Creating Test Sites] Create Project Site,API,,,,,,,,,,,,,,,,,,,,,,,,,,,,,,,,,,,,,,,,,,,
5239,[For Creating Test Sites] Create Project Site 20260813102403,Problem encountered ,,Mihal,Mihal@7rkd12.onmicrosoft.com,Mihal,Mihal@7rkd12.onmicrosoft.com,Mihal,Mihal@7rkd12.onmicrosoft.com,2026-08-14 08:17:10,,,,2026-08-13 19:24:03,EDRMS Service,Dynamic service,,[For Creating Test Sites] Create Project Site,API,,,,,,,,,,,,,,,,,,,,,,,,,,,,,,,,,,,,,,,,,,,
5277,[For Creating Test Sites] Create Project Site 20260813102624,Completed,,Mihal,Mihal@7rkd12.onmicrosoft.com,,,Mihal,Mihal@7rkd12.onmicrosoft.com,2026-08-14 08:13:32,,,,2026-08-13 19:26:24,EDRMS Service,Dynamic service,https://7rkd12.sharepoint.com/teams/prj_dane-ddos-80,[For Creating Test Sites] Create Project Site,API,,,,,,,,,,,,,,,,,,,,,,,,,,,,,,,,,,,,,,,,,,,
5276,[For Creating Test Sites] Create Project Site 20260813102620,Problem encountered ,,Mihal,Mihal@7rkd12.onmicrosoft.com,Mihal,Mihal@7rkd12.onmicrosoft.com,Mihal,Mihal@7rkd12.onmicrosoft.com,2026-08-14 08:07:38,,,,2026-08-13 19:26:20,EDRMS Service,Dynamic service,,[For Creating Test Sites] Create Project Site,API,,,,,,,,,,,,,,,,,,,,,,,,,,,,,,,,,,,,,,,,,,,
5238,[For Creating Test Sites] Create Project Site 20260813102401,Problem encountered ,,Mihal,Mihal@7rkd12.onmicrosoft.com,Mihal,Mihal@7rkd12.onmicrosoft.com,Mihal,Mihal@7rkd12.onmicrosoft.com,2026-08-14 08:01:20,,,,2026-08-13 19:24:01,EDRMS Service,Dynamic service,,[For Creating Test Sites] Create Project Site,API,,,,,,,,,,,,,,,,,,,,,,,,,,,,,,,,,,,,,,,,,,,
5237,[For Creating Test Sites] Create Project Site 20260813102358,Completed,,Mihal,Mihal@7rkd12.onmicrosoft.com,,,Mihal,Mihal@7rkd12.onmicrosoft.com,2026-08-14 07:52:42,,,,2026-08-13 19:23:58,EDRMS Service,Dynamic service,https://7rkd12.sharepoint.com/teams/prj_dane-ddos-40,[For Creating Test Sites] Create Project Site,API,,,,,,,,,,,,,,,,,,,,,,,,,,,,,,,,,,,,,,,,,,,
5281,[For Creating Test Sites] Create Project Site 20260813102652,Completed,,Mihal,Mihal@7rkd12.onmicrosoft.com,,,Mihal,Mihal@7rkd12.onmicrosoft.com,2026-08-14 07:50:00,,,,2026-08-13 19:26:52,EDRMS Service,Dynamic service,https://7rkd12.sharepoint.com/teams/prj_dane-ddos-84,[For Creating Test Sites] Create Project Site,API,,,,,,,,,,,,,,,,,,,,,,,,,,,,,,,,,,,,,,,,,,,
5251,[For Creating Test Sites] Create Project Site 20260813102437,Completed,,Mihal,Mihal@7rkd12.onmicrosoft.com,,,Mihal,Mihal@7rkd12.onmicrosoft.com,2026-08-14 07:43:51,,,,2026-08-13 19:24:37,EDRMS Service,Dynamic service,https://7rkd12.sharepoint.com/teams/prj_dane-ddos-54,[For Creating Test Sites] Create Project Site,API,,,,,,,,,,,,,,,,,,,,,,,,,,,,,,,,,,,,,,,,,,,
5252,[For Creating Test Sites] Create Project Site 20260813102439,Problem encountered ,,Mihal,Mihal@7rkd12.onmicrosoft.com,Mihal,Mihal@7rkd12.onmicrosoft.com,Mihal,Mihal@7rkd12.onmicrosoft.com,2026-08-14 07:34:25,,,,2026-08-13 19:24:39,EDRMS Service,Dynamic service,,[For Creating Test Sites] Create Project Site,API,,,,,,,,,,,,,,,,,,,,,,,,,,,,,,,,,,,,,,,,,,,
5278,[For Creating Test Sites] Create Project Site 20260813102640,Completed,,Mihal,Mihal@7rkd12.onmicrosoft.com,,,Mihal,Mihal@7rkd12.onmicrosoft.com,2026-08-14 07:34:20,,,,2026-08-13 19:26:40,EDRMS Service,Dynamic service,https://7rkd12.sharepoint.com/teams/prj_dane-ddos-81,[For Creating Test Sites] Create Project Site,API,,,,,,,,,,,,,,,,,,,,,,,,,,,,,,,,,,,,,,,,,,,
5280,[For Creating Test Sites] Create Project Site 20260813102648,Problem encountered ,,Mihal,Mihal@7rkd12.onmicrosoft.com,Mihal,Mihal@7rkd12.onmicrosoft.com,Mihal,Mihal@7rkd12.onmicrosoft.com,2026-08-14 07:22:37,,,,2026-08-13 19:26:48,EDRMS Service,Dynamic service,,[For Creating Test Sites] Create Project Site,API,,,,,,,,,,,,,,,,,,,,,,,,,,,,,,,,,,,,,,,,,,,
5250,[For Creating Test Sites] Create Project Site 20260813102434,Problem encountered ,,Mihal,Mihal@7rkd12.onmicrosoft.com,Mihal,Mihal@7rkd12.onmicrosoft.com,Mihal,Mihal@7rkd12.onmicrosoft.com,2026-08-14 07:16:34,,,,2026-08-13 19:24:34,EDRMS Service,Dynamic service,,[For Creating Test Sites] Create Project Site,API,,,,,,,,,,,,,,,,,,,,,,,,,,,,,,,,,,,,,,,,,,,
5285,[For Creating Test Sites] Create Project Site 20260813102711,Problem encountered ,,Mihal,Mihal@7rkd12.onmicrosoft.com,Mihal,Mihal@7rkd12.onmicrosoft.com,Mihal,Mihal@7rkd12.onmicrosoft.com,2026-08-14 07:01:57,,,,2026-08-13 19:27:11,EDRMS Service,Dynamic service,,[For Creating Test Sites] Create Project Site,API,,,,,,,,,,,,,,,,,,,,,,,,,,,,,,,,,,,,,,,,,,,
5279,[For Creating Test Sites] Create Project Site 20260813102645,Problem encountered ,,Mihal,Mihal@7rkd12.onmicrosoft.com,Mihal,Mihal@7rkd12.onmicrosoft.com,Mihal,Mihal@7rkd12.onmicrosoft.com,2026-08-14 07:01:17,,,,2026-08-13 19:26:45,EDRMS Service,Dynamic service,,[For Creating Test Sites] Create Project Site,API,,,,,,,,,,,,,,,,,,,,,,,,,,,,,,,,,,,,,,,,,,,
5286,[For Creating Test Sites] Create Project Site 20260813102713,Completed,,Mihal,Mihal@7rkd12.onmicrosoft.com,,,Mihal,Mihal@7rkd12.onmicrosoft.com,2026-08-14 06:43:50,,,,2026-08-13 19:27:13,EDRMS Service,Dynamic service,https://7rkd12.sharepoint.com/teams/prj_dane-ddos-89,[For Creating Test Sites] Create Project Site,API,,,,,,,,,,,,,,,,,,,,,,,,,,,,,,,,,,,,,,,,,,,
5283,[For Creating Test Sites] Create Project Site 20260813102704,Problem encountered ,,Mihal,Mihal@7rkd12.onmicrosoft.com,Mihal,Mihal@7rkd12.onmicrosoft.com,Mihal,Mihal@7rkd12.onmicrosoft.com,2026-08-14 06:36:45,,,,2026-08-13 19:27:04,EDRMS Service,Dynamic service,,[For Creating Test Sites] Create Project Site,API,,,,,,,,,,,,,,,,,,,,,,,,,,,,,,,,,,,,,,,,,,,
5282,[For Creating Test Sites] Create Project Site 20260813102701,Completed,,Mihal,Mihal@7rkd12.onmicrosoft.com,,,Mihal,Mihal@7rkd12.onmicrosoft.com,2026-08-14 06:34:15,,,,2026-08-13 19:27:01,EDRMS Service,Dynamic service,https://7rkd12.sharepoint.com/teams/prj_dane-ddos-85,[For Creating Test Sites] Create Project Site,API,,,,,,,,,,,,,,,,,,,,,,,,,,,,,,,,,,,,,,,,,,,
5284,[For Creating Test Sites] Create Project Site 20260813102708,Problem encountered ,,Mihal,Mihal@7rkd12.onmicrosoft.com,Mihal,Mihal@7rkd12.onmicrosoft.com,Mihal,Mihal@7rkd12.onmicrosoft.com,2026-08-14 06:34:02,,,,2026-08-13 19:27:08,EDRMS Service,Dynamic service,,[For Creating Test Sites] Create Project Site,API,,,,,,,,,,,,,,,,,,,,,,,,,,,,,,,,,,,,,,,,,,,
5264,[For Creating Test Sites] Create Project Site 20260813102534,Problem encountered ,,Mihal,Mihal@7rkd12.onmicrosoft.com,Mihal,Mihal@7rkd12.onmicrosoft.com,Mihal,Mihal@7rkd12.onmicrosoft.com,2026-08-14 06:32:32,,,,2026-08-13 19:25:34,EDRMS Service,Dynamic service,,[For Creating Test Sites] Create Project Site,API,,,,,,,,,,,,,,,,,,,,,,,,,,,,,,,,,,,,,,,,,,,
5289,[For Creating Test Sites] Create Project Site 20260813102723,Completed,,Mihal,Mihal@7rkd12.onmicrosoft.com,,,Mihal,Mihal@7rkd12.onmicrosoft.com,2026-08-14 06:16:59,,,,2026-08-13 19:27:23,EDRMS Service,Dynamic service,https://7rkd12.sharepoint.com/teams/prj_dane-ddos-92,[For Creating Test Sites] Create Project Site,API,,,,,,,,,,,,,,,,,,,,,,,,,,,,,,,,,,,,,,,,,,,
5287,[For Creating Test Sites] Create Project Site 20260813102717,Completed,,Mihal,Mihal@7rkd12.onmicrosoft.com,,,Mihal,Mihal@7rkd12.onmicrosoft.com,2026-08-14 06:10:49,,,,2026-08-13 19:27:17,EDRMS Service,Dynamic service,https://7rkd12.sharepoint.com/teams/prj_dane-ddos-90,[For Creating Test Sites] Create Project Site,API,,,,,,,,,,,,,,,,,,,,,,,,,,,,,,,,,,,,,,,,,,,
5296,[For Creating Test Sites] Create Project Site 20260813102757,Problem encountered ,,Mihal,Mihal@7rkd12.onmicrosoft.com,Mihal,Mihal@7rkd12.onmicrosoft.com,Mihal,Mihal@7rkd12.onmicrosoft.com,2026-08-14 06:03:22,,,,2026-08-13 19:27:57,EDRMS Service,Dynamic service,,[For Creating Test Sites] Create Project Site,API,,,,,,,,,,,,,,,,,,,,,,,,,,,,,,,,,,,,,,,,,,,
5272,[For Creating Test Sites] Create Project Site 20260813102606,Problem encountered ,,Mihal,Mihal@7rkd12.onmicrosoft.com,Mihal,Mihal@7rkd12.onmicrosoft.com,Mihal,Mihal@7rkd12.onmicrosoft.com,2026-08-14 05:57:06,,,,2026-08-13 19:26:06,EDRMS Service,Dynamic service,,[For Creating Test Sites] Create Project Site,API,,,,,,,,,,,,,,,,,,,,,,,,,,,,,,,,,,,,,,,,,,,
5295,[For Creating Test Sites] Create Project Site 20260813102754,Completed,,Mihal,Mihal@7rkd12.onmicrosoft.com,,,Mihal,Mihal@7rkd12.onmicrosoft.com,2026-08-14 05:46:49,,,,2026-08-13 19:27:54,EDRMS Service,Dynamic service,https://7rkd12.sharepoint.com/teams/prj_dane-ddos-98,[For Creating Test Sites] Create Project Site,API,,,,,,,,,,,,,,,,,,,,,,,,,,,,,,,,,,,,,,,,,,,
5268,[For Creating Test Sites] Create Project Site 20260813102552,Completed,,Mihal,Mihal@7rkd12.onmicrosoft.com,,,Mihal,Mihal@7rkd12.onmicrosoft.com,2026-08-14 05:44:17,,,,2026-08-13 19:25:52,EDRMS Service,Dynamic service,https://7rkd12.sharepoint.com/teams/prj_dane-ddos-71,[For Creating Test Sites] Create Project Site,API,,,,,,,,,,,,,,,,,,,,,,,,,,,,,,,,,,,,,,,,,,,
5236,[For Creating Test Sites] Create Project Site 20260813102355,Completed,,Mihal,Mihal@7rkd12.onmicrosoft.com,,,Mihal,Mihal@7rkd12.onmicrosoft.com,2026-08-14 05:43:07,,,,2026-08-13 19:23:55,EDRMS Service,Dynamic service,https://7rkd12.sharepoint.com/teams/prj_dane-ddos-39,[For Creating Test Sites] Create Project Site,API,,,,,,,,,,,,,,,,,,,,,,,,,,,,,,,,,,,,,,,,,,,
5299,[For Creating Test Sites] Create Project Site 20260813102805,Completed,,Mihal,Mihal@7rkd12.onmicrosoft.com,,,Mihal,Mihal@7rkd12.onmicrosoft.com,2026-08-14 05:38:13,,,,2026-08-13 19:28:05,EDRMS Service,Dynamic service,https://7rkd12.sharepoint.com/teams/prj_dane-ddos-102,[For Creating Test Sites] Create Project Site,API,,,,,,,,,,,,,,,,,,,,,,,,,,,,,,,,,,,,,,,,,,,
5271,[For Creating Test Sites] Create Project Site 20260813102601,Completed,,Mihal,Mihal@7rkd12.onmicrosoft.com,,,Mihal,Mihal@7rkd12.onmicrosoft.com,2026-08-14 05:38:05,,,,2026-08-13 19:26:01,EDRMS Service,Dynamic service,https://7rkd12.sharepoint.com/teams/prj_dane-ddos-74,[For Creating Test Sites] Create Project Site,API,,,,,,,,,,,,,,,,,,,,,,,,,,,,,,,,,,,,,,,,,,,
5301,[For Creating Test Sites] Create Project Site 20260813102810,Completed,,Mihal,Mihal@7rkd12.onmicrosoft.com,,,Mihal,Mihal@7rkd12.onmicrosoft.com,2026-08-14 05:23:50,,,,2026-08-13 19:28:10,EDRMS Service,Dynamic service,https://7rkd12.sharepoint.com/teams/prj_dane-ddos-104,[For Creating Test Sites] Create Project Site,API,,,,,,,,,,,,,,,,,,,,,,,,,,,,,,,,,,,,,,,,,,,
5300,[For Creating Test Sites] Create Project Site 20260813102807,Completed,,Mihal,Mihal@7rkd12.onmicrosoft.com,,,Mihal,Mihal@7rkd12.onmicrosoft.com,2026-08-14 05:05:20,,,,2026-08-13 19:28:07,EDRMS Service,Dynamic service,https://7rkd12.sharepoint.com/teams/prj_dane-ddos-103,[For Creating Test Sites] Create Project Site,API,,,,,,,,,,,,,,,,,,,,,,,,,,,,,,,,,,,,,,,,,,,
5298,[For Creating Test Sites] Create Project Site 20260813102802,Completed,,Mihal,Mihal@7rkd12.onmicrosoft.com,,,Mihal,Mihal@7rkd12.onmicrosoft.com,2026-08-14 04:58:22,,,,2026-08-13 19:28:02,EDRMS Service,Dynamic service,https://7rkd12.sharepoint.com/teams/prj_dane-ddos-101,[For Creating Test Sites] Create Project Site,API,,,,,,,,,,,,,,,,,,,,,,,,,,,,,,,,,,,,,,,,,,,
5297,[For Creating Test Sites] Create Project Site 20260813102759,Completed,,Mihal,Mihal@7rkd12.onmicrosoft.com,,,Mihal,Mihal@7rkd12.onmicrosoft.com,2026-08-14 04:50:01,,,,2026-08-13 19:27:59,EDRMS Service,Dynamic service,https://7rkd12.sharepoint.com/teams/prj_dane-ddos-100,[For Creating Test Sites] Create Project Site,API,,,,,,,,,,,,,,,,,,,,,,,,,,,,,,,,,,,,,,,,,,,
5270,[For Creating Test Sites] Create Project Site 20260813102558,Completed,,Mihal,Mihal@7rkd12.onmicrosoft.com,,,Mihal,Mihal@7rkd12.onmicrosoft.com,2026-08-14 04:41:10,,,,2026-08-13 19:25:58,EDRMS Service,Dynamic service,https://7rkd12.sharepoint.com/teams/prj_dane-ddos-73,[For Creating Test Sites] Create Project Site,API,,,,,,,,,,,,,,,,,,,,,,,,,,,,,,,,,,,,,,,,,,,
5302,[For Creating Test Sites] Create Project Site 20260813102819,Completed,,Mihal,Mihal@7rkd12.onmicrosoft.com,,,Mihal,Mihal@7rkd12.onmicrosoft.com,2026-08-14 04:30:58,,,,2026-08-13 19:28:19,EDRMS Service,Dynamic service,https://7rkd12.sharepoint.com/teams/prj_dane-ddos-105,[For Creating Test Sites] Create Project Site,API,,,,,,,,,,,,,,,,,,,,,,,,,,,,,,,,,,,,,,,,,,,
5307,[For Creating Test Sites] Create Project Site 20260813102832,Completed,,Mihal,Mihal@7rkd12.onmicrosoft.com,,,Mihal,Mihal@7rkd12.onmicrosoft.com,2026-08-14 04:26:02,,,,2026-08-13 19:28:32,EDRMS Service,Dynamic service,https://7rkd12.sharepoint.com/teams/prj_dane-ddos-110,[For Creating Test Sites] Create Project Site,API,,,,,,,,,,,,,,,,,,,,,,,,,,,,,,,,,,,,,,,,,,,
5244,[For Creating Test Sites] Create Project Site 20260813102417,Completed,,Mihal,Mihal@7rkd12.onmicrosoft.com,,,Mihal,Mihal@7rkd12.onmicrosoft.com,2026-08-14 04:16:55,,,,2026-08-13 19:24:17,EDRMS Service,Dynamic service,https://7rkd12.sharepoint.com/teams/prj_dane-ddos-47,[For Creating Test Sites] Create Project Site,API,,,,,,,,,,,,,,,,,,,,,,,,,,,,,,,,,,,,,,,,,,,
5243,[For Creating Test Sites] Create Project Site 20260813102414,Completed,,Mihal,Mihal@7rkd12.onmicrosoft.com,,,Mihal,Mihal@7rkd12.onmicrosoft.com,2026-08-14 04:15:55,,,,2026-08-13 19:24:14,EDRMS Service,Dynamic service,https://7rkd12.sharepoint.com/teams/prj_dane-ddos-46,[For Creating Test Sites] Create Project Site,API,,,,,,,,,,,,,,,,,,,,,,,,,,,,,,,,,,,,,,,,,,,
5304,[For Creating Test Sites] Create Project Site 20260813102824,Completed,,Mihal,Mihal@7rkd12.onmicrosoft.com,,,Mihal,Mihal@7rkd12.onmicrosoft.com,2026-08-14 04:00:15,,,,2026-08-13 19:28:24,EDRMS Service,Dynamic service,https://7rkd12.sharepoint.com/teams/prj_dane-ddos-107,[For Creating Test Sites] Create Project Site,API,,,,,,,,,,,,,,,,,,,,,,,,,,,,,,,,,,,,,,,,,,,
5305,[For Creating Test Sites] Create Project Site 20260813102828,Completed,,Mihal,Mihal@7rkd12.onmicrosoft.com,,,Mihal,Mihal@7rkd12.onmicrosoft.com,2026-08-14 03:58:47,,,,2026-08-13 19:28:28,EDRMS Service,Dynamic service,https://7rkd12.sharepoint.com/teams/prj_dane-ddos-108,[For Creating Test Sites] Create Project Site,API,,,,,,,,,,,,,,,,,,,,,,,,,,,,,,,,,,,,,,,,,,,
5306,[For Creating Test Sites] Create Project Site 20260813102830,Completed,,Mihal,Mihal@7rkd12.onmicrosoft.com,,,Mihal,Mihal@7rkd12.onmicrosoft.com,2026-08-14 03:53:16,,,,2026-08-13 19:28:30,EDRMS Service,Dynamic service,https://7rkd12.sharepoint.com/teams/prj_dane-ddos-109,[For Creating Test Sites] Create Project Site,API,,,,,,,,,,,,,,,,,,,,,,,,,,,,,,,,,,,,,,,,,,,
5245,[For Creating Test Sites] Create Project Site 20260813102420,Completed,,Mihal,Mihal@7rkd12.onmicrosoft.com,,,Mihal,Mihal@7rkd12.onmicrosoft.com,2026-08-14 03:49:44,,,,2026-08-13 19:24:20,EDRMS Service,Dynamic service,https://7rkd12.sharepoint.com/teams/prj_dane-ddos-48,[For Creating Test Sites] Create Project Site,API,,,,,,,,,,,,,,,,,,,,,,,,,,,,,,,,,,,,,,,,,,,
5320,[For Creating Test Sites] Create Project Site 20260813102913,Problem encountered ,,Mihal,Mihal@7rkd12.onmicrosoft.com,Mihal,Mihal@7rkd12.onmicrosoft.com,Mihal,Mihal@7rkd12.onmicrosoft.com,2026-08-14 03:31:52,,,,2026-08-13 19:29:13,EDRMS Service,Dynamic service,,[For Creating Test Sites] Create Project Site,API,,,,,,,,,,,,,,,,,,,,,,,,,,,,,,,,,,,,,,,,,,,
5303,[For Creating Test Sites] Create Project Site 20260813102822,Problem encountered ,,Mihal,Mihal@7rkd12.onmicrosoft.com,Mihal,Mihal@7rkd12.onmicrosoft.com,Mihal,Mihal@7rkd12.onmicrosoft.com,2026-08-14 03:28:17,,,,2026-08-13 19:28:22,EDRMS Service,Dynamic service,,[For Creating Test Sites] Create Project Site,API,,,,,,,,,,,,,,,,,,,,,,,,,,,,,,,,,,,,,,,,,,,
5316,[For Creating Test Sites] Create Project Site 20260813102900,Completed,,Mihal,Mihal@7rkd12.onmicrosoft.com,,,Mihal,Mihal@7rkd12.onmicrosoft.com,2026-08-14 03:19:07,,,,2026-08-13 19:29:00,EDRMS Service,Dynamic service,https://7rkd12.sharepoint.com/teams/prj_dane-ddos-119,[For Creating Test Sites] Create Project Site,API,,,,,,,,,,,,,,,,,,,,,,,,,,,,,,,,,,,,,,,,,,,
5230,[For Creating Test Sites] Create Project Site 20260813102340,Completed,,Mihal,Mihal@7rkd12.onmicrosoft.com,,,Mihal,Mihal@7rkd12.onmicrosoft.com,2026-08-14 02:58:48,,,,2026-08-13 19:23:40,EDRMS Service,Dynamic service,https://7rkd12.sharepoint.com/teams/prj_dane-ddos-33,[For Creating Test Sites] Create Project Site,API,,,,,,,,,,,,,,,,,,,,,,,,,,,,,,,,,,,,,,,,,,,
5220,[For Creating Test Sites] Create Project Site 20260813102310,Problem encountered ,,Mihal,Mihal@7rkd12.onmicrosoft.com,Mihal,Mihal@7rkd12.onmicrosoft.com,Mihal,Mihal@7rkd12.onmicrosoft.com,2026-08-14 02:58:35,,,,2026-08-13 19:23:10,EDRMS Service,Dynamic service,,[For Creating Test Sites] Create Project Site,API,,,,,,,,,,,,,,,,,,,,,,,,,,,,,,,,,,,,,,,,,,,
5321,[For Creating Test Sites] Create Project Site 20260813102915,Problem encountered ,,Mihal,Mihal@7rkd12.onmicrosoft.com,Mihal,Mihal@7rkd12.onmicrosoft.com,Mihal,Mihal@7rkd12.onmicrosoft.com,2026-08-14 02:49:22,,,,2026-08-13 19:29:15,EDRMS Service,Dynamic service,,[For Creating Test Sites] Create Project Site,API,,,,,,,,,,,,,,,,,,,,,,,,,,,,,,,,,,,,,,,,,,,
5221,[For Creating Test Sites] Create Project Site 20260813102313,Completed,,Mihal,Mihal@7rkd12.onmicrosoft.com,,,Mihal,Mihal@7rkd12.onmicrosoft.com,2026-08-14 02:36:29,,,,2026-08-13 19:23:13,EDRMS Service,Dynamic service,https://7rkd12.sharepoint.com/teams/prj_dane-ddos-24,[For Creating Test Sites] Create Project Site,API,,,,,,,,,,,,,,,,,,,,,,,,,,,,,,,,,,,,,,,,,,,
5222,[For Creating Test Sites] Create Project Site 20260813102316,Completed,,Mihal,Mihal@7rkd12.onmicrosoft.com,,,Mihal,Mihal@7rkd12.onmicrosoft.com,2026-08-14 02:31:46,,,,2026-08-13 19:23:16,EDRMS Service,Dynamic service,https://7rkd12.sharepoint.com/teams/prj_dane-ddos-25,[For Creating Test Sites] Create Project Site,API,,,,,,,,,,,,,,,,,,,,,,,,,,,,,,,,,,,,,,,,,,,
5292,[For Creating Test Sites] Create Project Site 20260813102732,Completed,,Mihal,Mihal@7rkd12.onmicrosoft.com,,,Mihal,Mihal@7rkd12.onmicrosoft.com,2026-08-14 02:28:15,,,,2026-08-13 19:27:32,EDRMS Service,Dynamic service,https://7rkd12.sharepoint.com/teams/prj_dane-ddos-95,[For Creating Test Sites] Create Project Site,API,,,,,,,,,,,,,,,,,,,,,,,,,,,,,,,,,,,,,,,,,,,
5322,[For Creating Test Sites] Create Project Site 20260813102919,Completed,,Mihal,Mihal@7rkd12.onmicrosoft.com,,,Mihal,Mihal@7rkd12.onmicrosoft.com,2026-08-14 02:24:11,,,,2026-08-13 19:29:19,EDRMS Service,Dynamic service,https://7rkd12.sharepoint.com/teams/prj_dane-ddos-125,[For Creating Test Sites] Create Project Site,API,,,,,,,,,,,,,,,,,,,,,,,,,,,,,,,,,,,,,,,,,,,
5288,[For Creating Test Sites] Create Project Site 20260813102719,Completed,,Mihal,Mihal@7rkd12.onmicrosoft.com,,,Mihal,Mihal@7rkd12.onmicrosoft.com,2026-08-14 02:06:01,,,,2026-08-13 19:27:19,EDRMS Service,Dynamic service,https://7rkd12.sharepoint.com/teams/prj_dane-ddos-91,[For Creating Test Sites] Create Project Site,API,,,,,,,,,,,,,,,,,,,,,,,,,,,,,,,,,,,,,,,,,,,
5290,[For Creating Test Sites] Create Project Site 20260813102725,Completed,,Mihal,Mihal@7rkd12.onmicrosoft.com,,,Mihal,Mihal@7rkd12.onmicrosoft.com,2026-08-14 02:04:31,,,,2026-08-13 19:27:25,EDRMS Service,Dynamic service,https://7rkd12.sharepoint.com/teams/prj_dane-ddos-93,[For Creating Test Sites] Create Project Site,API,,,,,,,,,,,,,,,,,,,,,,,,,,,,,,,,,,,,,,,,,,,
5223,[For Creating Test Sites] Create Project Site 20260813102319,Completed,,Mihal,Mihal@7rkd12.onmicrosoft.com,,,Mihal,Mihal@7rkd12.onmicrosoft.com,2026-08-14 02:04:27,,,,2026-08-13 19:23:19,EDRMS Service,Dynamic service,https://7rkd12.sharepoint.com/teams/prj_dane-ddos-26,[For Creating Test Sites] Create Project Site,API,,,,,,,,,,,,,,,,,,,,,,,,,,,,,,,,,,,,,,,,,,,
5291,[For Creating Test Sites] Create Project Site 20260813102728,Completed,,Mihal,Mihal@7rkd12.onmicrosoft.com,,,Mihal,Mihal@7rkd12.onmicrosoft.com,2026-08-14 01:41:42,,,,2026-08-13 19:27:28,EDRMS Service,Dynamic service,https://7rkd12.sharepoint.com/teams/prj_dane-ddos-94,[For Creating Test Sites] Create Project Site,API,,,,,,,,,,,,,,,,,,,,,,,,,,,,,,,,,,,,,,,,,,,
5293,[For Creating Test Sites] Create Project Site 20260813102736,Completed,,Mihal,Mihal@7rkd12.onmicrosoft.com,,,Mihal,Mihal@7rkd12.onmicrosoft.com,2026-08-14 01:33:22,,,,2026-08-13 19:27:36,EDRMS Service,Dynamic service,https://7rkd12.sharepoint.com/teams/prj_dane-ddos-96,[For Creating Test Sites] Create Project Site,API,,,,,,,,,,,,,,,,,,,,,,,,,,,,,,,,,,,,,,,,,,,
5224,[For Creating Test Sites] Create Project Site 20260813102322,Completed,,Mihal,Mihal@7rkd12.onmicrosoft.com,,,Mihal,Mihal@7rkd12.onmicrosoft.com,2026-08-14 01:25:57,,,,2026-08-13 19:23:22,EDRMS Service,Dynamic service,https://7rkd12.sharepoint.com/teams/prj_dane-ddos-27,[For Creating Test Sites] Create Project Site,API,,,,,,,,,,,,,,,,,,,,,,,,,,,,,,,,,,,,,,,,,,,
5267,[For Creating Test Sites] Create Project Site 20260813102543,Completed,,Mihal,Mihal@7rkd12.onmicrosoft.com,,,Mihal,Mihal@7rkd12.onmicrosoft.com,2026-08-14 01:12:36,,,,2026-08-13 19:25:43,EDRMS Service,Dynamic service,https://7rkd12.sharepoint.com/teams/prj_dane-ddos-70,[For Creating Test Sites] Create Project Site,API,,,,,,,,,,,,,,,,,,,,,,,,,,,,,,,,,,,,,,,,,,,
5227,[For Creating Test Sites] Create Project Site 20260813102332,Completed,,Mihal,Mihal@7rkd12.onmicrosoft.com,,,Mihal,Mihal@7rkd12.onmicrosoft.com,2026-08-14 01:11:37,,,,2026-08-13 19:23:32,EDRMS Service,Dynamic service,https://7rkd12.sharepoint.com/teams/prj_dane-ddos-30,[For Creating Test Sites] Create Project Site,API,,,,,,,,,,,,,,,,,,,,,,,,,,,,,,,,,,,,,,,,,,,
5225,[For Creating Test Sites] Create Project Site 20260813102326,Completed,,Mihal,Mihal@7rkd12.onmicrosoft.com,,,Mihal,Mihal@7rkd12.onmicrosoft.com,2026-08-14 01:06:32,,,,2026-08-13 19:23:26,EDRMS Service,Dynamic service,https://7rkd12.sharepoint.com/teams/prj_dane-ddos-28,[For Creating Test Sites] Create Project Site,API,,,,,,,,,,,,,,,,,,,,,,,,,,,,,,,,,,,,,,,,,,,
5226,[For Creating Test Sites] Create Project Site 20260813102328,Problem encountered ,,Mihal,Mihal@7rkd12.onmicrosoft.com,Mihal,Mihal@7rkd12.onmicrosoft.com,Mihal,Mihal@7rkd12.onmicrosoft.com,2026-08-14 01:00:18,,,,2026-08-13 19:23:28,EDRMS Service,Dynamic service,,[For Creating Test Sites] Create Project Site,API,,,,,,,,,,,,,,,,,,,,,,,,,,,,,,,,,,,,,,,,,,,
5273,[For Creating Test Sites] Create Project Site 20260813102608,Completed,,Mihal,Mihal@7rkd12.onmicrosoft.com,,,Mihal,Mihal@7rkd12.onmicrosoft.com,2026-08-14 00:39:26,,,,2026-08-13 19:26:08,EDRMS Service,Dynamic service,https://7rkd12.sharepoint.com/teams/prj_dane-ddos-76,[For Creating Test Sites] Create Project Site,API,,,,,,,,,,,,,,,,,,,,,,,,,,,,,,,,,,,,,,,,,,,
5265,[For Creating Test Sites] Create Project Site 20260813102538,Problem encountered ,,Mihal,Mihal@7rkd12.onmicrosoft.com,Mihal,Mihal@7rkd12.onmicrosoft.com,Mihal,Mihal@7rkd12.onmicrosoft.com,2026-08-14 00:39:11,,,,2026-08-13 19:25:38,EDRMS Service,Dynamic service,,[For Creating Test Sites] Create Project Site,API,,,,,,,,,,,,,,,,,,,,,,,,,,,,,,,,,,,,,,,,,,,
5266,[For Creating Test Sites] Create Project Site 20260813102541,Completed,,Mihal,Mihal@7rkd12.onmicrosoft.com,,,Mihal,Mihal@7rkd12.onmicrosoft.com,2026-08-14 00:32:11,,,,2026-08-13 19:25:41,EDRMS Service,Dynamic service,https://7rkd12.sharepoint.com/teams/prj_dane-ddos-69,[For Creating Test Sites] Create Project Site,API,,,,,,,,,,,,,,,,,,,,,,,,,,,,,,,,,,,,,,,,,,,
5274,[For Creating Test Sites] Create Project Site 20260813102611,Completed,,Mihal,Mihal@7rkd12.onmicrosoft.com,,,Mihal,Mihal@7rkd12.onmicrosoft.com,2026-08-14 00:08:13,,,,2026-08-13 19:26:11,EDRMS Service,Dynamic service,https://7rkd12.sharepoint.com/teams/prj_dane-ddos-77,[For Creating Test Sites] Create Project Site,API,,,,,,,,,,,,,,,,,,,,,,,,,,,,,,,,,,,,,,,,,,,
5308,[For Creating Test Sites] Create Project Site 20260813102835,Completed,,Mihal,Mihal@7rkd12.onmicrosoft.com,,,Mihal,Mihal@7rkd12.onmicrosoft.com,2026-08-14 00:06:44,,,,2026-08-13 19:28:35,EDRMS Service,Dynamic service,https://7rkd12.sharepoint.com/teams/prj_dane-ddos-111,[For Creating Test Sites] Create Project Site,API,,,,,,,,,,,,,,,,,,,,,,,,,,,,,,,,,,,,,,,,,,,
5275,[For Creating Test Sites] Create Project Site 20260813102617,Problem encountered ,,Mihal,Mihal@7rkd12.onmicrosoft.com,Mihal,Mihal@7rkd12.onmicrosoft.com,Mihal,Mihal@7rkd12.onmicrosoft.com,2026-08-14 00:03:00,,,,2026-08-13 19:26:17,EDRMS Service,Dynamic service,,[For Creating Test Sites] Create Project Site,API,,,,,,,,,,,,,,,,,,,,,,,,,,,,,,,,,,,,,,,,,,,
5309,[For Creating Test Sites] Create Project Site 20260813102840,Completed,,Mihal,Mihal@7rkd12.onmicrosoft.com,,,Mihal,Mihal@7rkd12.onmicrosoft.com,2026-08-13 23:52:27,,,,2026-08-13 19:28:40,EDRMS Service,Dynamic service,https://7rkd12.sharepoint.com/teams/prj_dane-ddos-112,[For Creating Test Sites] Create Project Site,API,,,,,,,,,,,,,,,,,,,,,,,,,,,,,,,,,,,,,,,,,,,
5310,[For Creating Test Sites] Create Project Site 20260813102842,Completed,,Mihal,Mihal@7rkd12.onmicrosoft.com,,,Mihal,Mihal@7rkd12.onmicrosoft.com,2026-08-13 23:52:26,,,,2026-08-13 19:28:42,EDRMS Service,Dynamic service,https://7rkd12.sharepoint.com/teams/prj_dane-ddos-113,[For Creating Test Sites] Create Project Site,API,,,,,,,,,,,,,,,,,,,,,,,,,,,,,,,,,,,,,,,,,,,
5311,[For Creating Test Sites] Create Project Site 20260813102844,Completed,,Mihal,Mihal@7rkd12.onmicrosoft.com,,,Mihal,Mihal@7rkd12.onmicrosoft.com,2026-08-13 23:45:13,,,,2026-08-13 19:28:44,EDRMS Service,Dynamic service,https://7rkd12.sharepoint.com/teams/prj_dane-ddos-114,[For Creating Test Sites] Create Project Site,API,,,,,,,,,,,,,,,,,,,,,,,,,,,,,,,,,,,,,,,,,,,
5312,[For Creating Test Sites] Create Project Site 20260813102847,Completed,,Mihal,Mihal@7rkd12.onmicrosoft.com,,,Mihal,Mihal@7rkd12.onmicrosoft.com,2026-08-13 23:43:19,,,,2026-08-13 19:28:47,EDRMS Service,Dynamic service,https://7rkd12.sharepoint.com/teams/prj_dane-ddos-115,[For Creating Test Sites] Create Project Site,API,,,,,,,,,,,,,,,,,,,,,,,,,,,,,,,,,,,,,,,,,,,
5294,[For Creating Test Sites] Create Project Site 20260813102739,Completed,,Mihal,Mihal@7rkd12.onmicrosoft.com,,,Mihal,Mihal@7rkd12.onmicrosoft.com,2026-08-13 23:19:09,,,,2026-08-13 19:27:39,EDRMS Service,Dynamic service,https://7rkd12.sharepoint.com/teams/prj_dane-ddos-97,[For Creating Test Sites] Create Project Site,API,,,,,,,,,,,,,,,,,,,,,,,,,,,,,,,,,,,,,,,,,,,
5228,[For Creating Test Sites] Create Project Site 20260813102335,Completed,,Mihal,Mihal@7rkd12.onmicrosoft.com,,,Mihal,Mihal@7rkd12.onmicrosoft.com,2026-08-13 23:10:01,,,,2026-08-13 19:23:35,EDRMS Service,Dynamic service,https://7rkd12.sharepoint.com/teams/prj_dane-ddos-31,[For Creating Test Sites] Create Project Site,API,,,,,,,,,,,,,,,,,,,,,,,,,,,,,,,,,,,,,,,,,,,
5255,[For Creating Test Sites] Create Project Site 20260813102449,Completed,,Mihal,Mihal@7rkd12.onmicrosoft.com,,,Mihal,Mihal@7rkd12.onmicrosoft.com,2026-08-13 23:08:50,,,,2026-08-13 19:24:49,EDRMS Service,Dynamic service,https://7rkd12.sharepoint.com/teams/prj_dane-ddos-58,[For Creating Test Sites] Create Project Site,API,,,,,,,,,,,,,,,,,,,,,,,,,,,,,,,,,,,,,,,,,,,
5313,[For Creating Test Sites] Create Project Site 20260813102850,Completed,,Mihal,Mihal@7rkd12.onmicrosoft.com,,,Mihal,Mihal@7rkd12.onmicrosoft.com,2026-08-13 22:48:13,,,,2026-08-13 19:28:50,EDRMS Service,Dynamic service,https://7rkd12.sharepoint.com/teams/prj_dane-ddos-116,[For Creating Test Sites] Create Project Site,API,,,,,,,,,,,,,,,,,,,,,,,,,,,,,,,,,,,,,,,,,,,
5256,[For Creating Test Sites] Create Project Site 20260813102453,Completed,,Mihal,Mihal@7rkd12.onmicrosoft.com,,,Mihal,Mihal@7rkd12.onmicrosoft.com,2026-08-13 22:44:58,,,,2026-08-13 19:24:53,EDRMS Service,Dynamic service,https://7rkd12.sharepoint.com/teams/prj_dane-ddos-59,[For Creating Test Sites] Create Project Site,API,,,,,,,,,,,,,,,,,,,,,,,,,,,,,,,,,,,,,,,,,,,
5229,[For Creating Test Sites] Create Project Site 20260813102337,Completed,,Mihal,Mihal@7rkd12.onmicrosoft.com,,,Mihal,Mihal@7rkd12.onmicrosoft.com,2026-08-13 22:43:03,,,,2026-08-13 19:23:37,EDRMS Service,Dynamic service,https://7rkd12.sharepoint.com/teams/prj_dane-ddos-32,[For Creating Test Sites] Create Project Site,API,,,,,,,,,,,,,,,,,,,,,,,,,,,,,,,,,,,,,,,,,,,
5314,[For Creating Test Sites] Create Project Site 20260813102854,Completed,,Mihal,Mihal@7rkd12.onmicrosoft.com,,,Mihal,Mihal@7rkd12.onmicrosoft.com,2026-08-13 22:34:09,,,,2026-08-13 19:28:54,EDRMS Service,Dynamic service,https://7rkd12.sharepoint.com/teams/prj_dane-ddos-117,[For Creating Test Sites] Create Project Site,API,,,,,,,,,,,,,,,,,,,,,,,,,,,,,,,,,,,,,,,,,,,
5254,[For Creating Test Sites] Create Project Site 20260813102446,Completed,,Mihal,Mihal@7rkd12.onmicrosoft.com,,,Mihal,Mihal@7rkd12.onmicrosoft.com,2026-08-13 22:25:44,,,,2026-08-13 19:24:46,EDRMS Service,Dynamic service,https://7rkd12.sharepoint.com/teams/prj_dane-ddos-57,[For Creating Test Sites] Create Project Site,API,,,,,,,,,,,,,,,,,,,,,,,,,,,,,,,,,,,,,,,,,,,
5257,[For Creating Test Sites] Create Project Site 20260813102456,Completed,,Mihal,Mihal@7rkd12.onmicrosoft.com,,,Mihal,Mihal@7rkd12.onmicrosoft.com,2026-08-13 22:24:39,,,,2026-08-13 19:24:56,EDRMS Service,Dynamic service,https://7rkd12.sharepoint.com/teams/prj_dane-ddos-60,[For Creating Test Sites] Create Project Site,API,,,,,,,,,,,,,,,,,,,,,,,,,,,,,,,,,,,,,,,,,,,
5253,[For Creating Test Sites] Create Project Site 20260813102442,Completed,,Mihal,Mihal@7rkd12.onmicrosoft.com,,,Mihal,Mihal@7rkd12.onmicrosoft.com,2026-08-13 22:09:31,,,,2026-08-13 19:24:42,EDRMS Service,Dynamic service,https://7rkd12.sharepoint.com/teams/prj_dane-ddos-56,[For Creating Test Sites] Create Project Site,API,,,,,,,,,,,,,,,,,,,,,,,,,,,,,,,,,,,,,,,,,,,
5315,[For Creating Test Sites] Create Project Site 20260813102858,Completed,,Mihal,Mihal@7rkd12.onmicrosoft.com,,,Mihal,Mihal@7rkd12.onmicrosoft.com,2026-08-13 22:04:08,,,,2026-08-13 19:28:58,EDRMS Service,Dynamic service,https://7rkd12.sharepoint.com/teams/prj_dane-ddos-118,[For Creating Test Sites] Create Project Site,API,,,,,,,,,,,,,,,,,,,,,,,,,,,,,,,,,,,,,,,,,,,
5318,[For Creating Test Sites] Create Project Site 20260813102905,Problem encountered ,,Mihal,Mihal@7rkd12.onmicrosoft.com,Mihal,Mihal@7rkd12.onmicrosoft.com,Mihal,Mihal@7rkd12.onmicrosoft.com,2026-08-13 21:25:15,,,,2026-08-13 19:29:05,EDRMS Service,Dynamic service,,[For Creating Test Sites] Create Project Site,API,,,,,,,,,,,,,,,,,,,,,,,,,,,,,,,,,,,,,,,,,,,
5317,[For Creating Test Sites] Create Project Site 20260813102903,Problem encountered ,,Mihal,Mihal@7rkd12.onmicrosoft.com,Mihal,Mihal@7rkd12.onmicrosoft.com,Mihal,Mihal@7rkd12.onmicrosoft.com,2026-08-13 21:25:04,,,,2026-08-13 19:29:03,EDRMS Service,Dynamic service,,[For Creating Test Sites] Create Project Site,API,,,,,,,,,,,,,,,,,,,,,,,,,,,,,,,,,,,,,,,,,,,
5319,[For Creating Test Sites] Create Project Site 20260813102910,Completed,,Mihal,Mihal@7rkd12.onmicrosoft.com,,,Mihal,Mihal@7rkd12.onmicrosoft.com,2026-08-13 21:22:17,,,,2026-08-13 19:29:10,EDRMS Service,Dynamic service,https://7rkd12.sharepoint.com/teams/prj_dane-ddos-122,[For Creating Test Sites] Create Project Site,API,,,,,,,,,,,,,,,,,,,,,,,,,,,,,,,,,,,,,,,,,,,
5057,[For Creating Test Sites] Create Project Site 20260813064423,Completed,,Mihal,Mihal@7rkd12.onmicrosoft.com,,,Mihal,Mihal@7rkd12.onmicrosoft.com,2026-08-13 20:22:08,,,,2026-08-13 15:44:23,EDRMS Service,Dynamic service,https://7rkd12.sharepoint.com/teams/prj_danegroupsite-059,[For Creating Test Sites] Create Project Site,API,,,,,,,,,,,,,,,,,,,,,,,,,,,,,,,,,,,,,,,,,,,
5119,Create 500 Project Sites 20260813101506,In Progress,,Mihal,Mihal@7rkd12.onmicrosoft.com,,,Mihal,Mihal@7rkd12.onmicrosoft.com,2026-08-13 19:21:34,,,,2026-08-13 19:15:06,EDRMS Service,Dynamic service,,Create 500 Project Sites,API,,,,,,,,,,,,,,,,,,,,,,,,,,,,,,,,,,,,,,,,,,,
5115,Create 500 Project Sites 20260813101454,In Progress,,Mihal,Mihal@7rkd12.onmicrosoft.com,,,Mihal,Mihal@7rkd12.onmicrosoft.com,2026-08-13 19:21:28,,,,2026-08-13 19:14:54,EDRMS Service,Dynamic service,,Create 500 Project Sites,API,,,,,,,,,,,,,,,,,,,,,,,,,,,,,,,,,,,,,,,,,,,
5117,Create 500 Project Sites 20260813101500,In Progress,,Mihal,Mihal@7rkd12.onmicrosoft.com,,,Mihal,Mihal@7rkd12.onmicrosoft.com,2026-08-13 19:21:28,,,,2026-08-13 19:15:00,EDRMS Service,Dynamic service,,Create 500 Project Sites,API,,,,,,,,,,,,,,,,,,,,,,,,,,,,,,,,,,,,,,,,,,,
5197,Create 500 Project Sites 20260813101907,In Progress,,Mihal,Mihal@7rkd12.onmicrosoft.com,,,Mihal,Mihal@7rkd12.onmicrosoft.com,2026-08-13 19:21:26,,,,2026-08-13 19:19:07,EDRMS Service,Dynamic service,,Create 500 Project Sites,API,,,,,,,,,,,,,,,,,,,,,,,,,,,,,,,,,,,,,,,,,,,
5195,Create 500 Project Sites 20260813101902,In Progress,,Mihal,Mihal@7rkd12.onmicrosoft.com,,,Mihal,Mihal@7rkd12.onmicrosoft.com,2026-08-13 19:21:23,,,,2026-08-13 19:19:02,EDRMS Service,Dynamic service,,Create 500 Project Sites,API,,,,,,,,,,,,,,,,,,,,,,,,,,,,,,,,,,,,,,,,,,,
5194,Create 500 Project Sites 20260813101900,In Progress,,Mihal,Mihal@7rkd12.onmicrosoft.com,,,Mihal,Mihal@7rkd12.onmicrosoft.com,2026-08-13 19:21:23,,,,2026-08-13 19:19:00,EDRMS Service,Dynamic service,,Create 500 Project Sites,API,,,,,,,,,,,,,,,,,,,,,,,,,,,,,,,,,,,,,,,,,,,
5193,Create 500 Project Sites 20260813101857,In Progress,,Mihal,Mihal@7rkd12.onmicrosoft.com,,,Mihal,Mihal@7rkd12.onmicrosoft.com,2026-08-13 19:21:18,,,,2026-08-13 19:18:57,EDRMS Service,Dynamic service,,Create 500 Project Sites,API,,,,,,,,,,,,,,,,,,,,,,,,,,,,,,,,,,,,,,,,,,,
5190,Create 500 Project Sites 20260813101850,In Progress,,Mihal,Mihal@7rkd12.onmicrosoft.com,,,Mihal,Mihal@7rkd12.onmicrosoft.com,2026-08-13 19:21:16,,,,2026-08-13 19:18:50,EDRMS Service,Dynamic service,,Create 500 Project Sites,API,,,,,,,,,,,,,,,,,,,,,,,,,,,,,,,,,,,,,,,,,,,
5192,Create 500 Project Sites 20260813101855,In Progress,,Mihal,Mihal@7rkd12.onmicrosoft.com,,,Mihal,Mihal@7rkd12.onmicrosoft.com,2026-08-13 19:21:16,,,,2026-08-13 19:18:55,EDRMS Service,Dynamic service,,Create 500 Project Sites,API,,,,,,,,,,,,,,,,,,,,,,,,,,,,,,,,,,,,,,,,,,,
5191,Create 500 Project Sites 20260813101852,In Progress,,Mihal,Mihal@7rkd12.onmicrosoft.com,,,Mihal,Mihal@7rkd12.onmicrosoft.com,2026-08-13 19:21:15,,,,2026-08-13 19:18:52,EDRMS Service,Dynamic service,,Create 500 Project Sites,API,,,,,,,,,,,,,,,,,,,,,,,,,,,,,,,,,,,,,,,,,,,
5189,Create 500 Project Sites 20260813101848,In Progress,,Mihal,Mihal@7rkd12.onmicrosoft.com,,,Mihal,Mihal@7rkd12.onmicrosoft.com,2026-08-13 19:21:08,,,,2026-08-13 19:18:48,EDRMS Service,Dynamic service,,Create 500 Project Sites,API,,,,,,,,,,,,,,,,,,,,,,,,,,,,,,,,,,,,,,,,,,,
5187,Create 500 Project Sites 20260813101843,In Progress,,Mihal,Mihal@7rkd12.onmicrosoft.com,,,Mihal,Mihal@7rkd12.onmicrosoft.com,2026-08-13 19:21:06,,,,2026-08-13 19:18:43,EDRMS Service,Dynamic service,,Create 500 Project Sites,API,,,,,,,,,,,,,,,,,,,,,,,,,,,,,,,,,,,,,,,,,,,
5188,Create 500 Project Sites 20260813101845,In Progress,,Mihal,Mihal@7rkd12.onmicrosoft.com,,,Mihal,Mihal@7rkd12.onmicrosoft.com,2026-08-13 19:21:04,,,,2026-08-13 19:18:45,EDRMS Service,Dynamic service,,Create 500 Project Sites,API,,,,,,,,,,,,,,,,,,,,,,,,,,,,,,,,,,,,,,,,,,,
5186,Create 500 Project Sites 20260813101840,In Progress,,Mihal,Mihal@7rkd12.onmicrosoft.com,,,Mihal,Mihal@7rkd12.onmicrosoft.com,2026-08-13 19:21:03,,,,2026-08-13 19:18:40,EDRMS Service,Dynamic service,,Create 500 Project Sites,API,,,,,,,,,,,,,,,,,,,,,,,,,,,,,,,,,,,,,,,,,,,
5185,Create 500 Project Sites 20260813101838,In Progress,,Mihal,Mihal@7rkd12.onmicrosoft.com,,,Mihal,Mihal@7rkd12.onmicrosoft.com,2026-08-13 19:21:02,,,,2026-08-13 19:18:38,EDRMS Service,Dynamic service,,Create 500 Project Sites,API,,,,,,,,,,,,,,,,,,,,,,,,,,,,,,,,,,,,,,,,,,,
5183,Create 500 Project Sites 20260813101833,In Progress,,Mihal,Mihal@7rkd12.onmicrosoft.com,,,Mihal,Mihal@7rkd12.onmicrosoft.com,2026-08-13 19:20:56,,,,2026-08-13 19:18:33,EDRMS Service,Dynamic service,,Create 500 Project Sites,API,,,,,,,,,,,,,,,,,,,,,,,,,,,,,,,,,,,,,,,,,,,
5184,Create 500 Project Sites 20260813101836,In Progress,,Mihal,Mihal@7rkd12.onmicrosoft.com,,,Mihal,Mihal@7rkd12.onmicrosoft.com,2026-08-13 19:20:54,,,,2026-08-13 19:18:36,EDRMS Service,Dynamic service,,Create 500 Project Sites,API,,,,,,,,,,,,,,,,,,,,,,,,,,,,,,,,,,,,,,,,,,,
5141,Create 500 Project Sites 20260813101604,In Progress,,Mihal,Mihal@7rkd12.onmicrosoft.com,,,Mihal,Mihal@7rkd12.onmicrosoft.com,2026-08-13 19:20:45,,,,2026-08-13 19:16:04,EDRMS Service,Dynamic service,,Create 500 Project Sites,API,,,,,,,,,,,,,,,,,,,,,,,,,,,,,,,,,,,,,,,,,,,
5182,Create 500 Project Sites 20260813101821,In Progress,,Mihal,Mihal@7rkd12.onmicrosoft.com,,,Mihal,Mihal@7rkd12.onmicrosoft.com,2026-08-13 19:20:43,,,,2026-08-13 19:18:21,EDRMS Service,Dynamic service,,Create 500 Project Sites,API,,,,,,,,,,,,,,,,,,,,,,,,,,,,,,,,,,,,,,,,,,,
5140,Create 500 Project Sites 20260813101601,In Progress,,Mihal,Mihal@7rkd12.onmicrosoft.com,,,Mihal,Mihal@7rkd12.onmicrosoft.com,2026-08-13 19:20:37,,,,2026-08-13 19:16:01,EDRMS Service,Dynamic service,,Create 500 Project Sites,API,,,,,,,,,,,,,,,,,,,,,,,,,,,,,,,,,,,,,,,,,,,
5174,Create 500 Project Sites 20260813101758,In Progress,,Mihal,Mihal@7rkd12.onmicrosoft.com,,,Mihal,Mihal@7rkd12.onmicrosoft.com,2026-08-13 19:20:18,,,,2026-08-13 19:17:58,EDRMS Service,Dynamic service,,Create 500 Project Sites,API,,,,,,,,,,,,,,,,,,,,,,,,,,,,,,,,,,,,,,,,,,,
5171,Create 500 Project Sites 20260813101750,In Progress,,Mihal,Mihal@7rkd12.onmicrosoft.com,,,Mihal,Mihal@7rkd12.onmicrosoft.com,2026-08-13 19:20:17,,,,2026-08-13 19:17:50,EDRMS Service,Dynamic service,,Create 500 Project Sites,API,,,,,,,,,,,,,,,,,,,,,,,,,,,,,,,,,,,,,,,,,,,
5172,Create 500 Project Sites 20260813101753,In Progress,,Mihal,Mihal@7rkd12.onmicrosoft.com,,,Mihal,Mihal@7rkd12.onmicrosoft.com,2026-08-13 19:20:16,,,,2026-08-13 19:17:53,EDRMS Service,Dynamic service,,Create 500 Project Sites,API,,,,,,,,,,,,,,,,,,,,,,,,,,,,,,,,,,,,,,,,,,,
5173,Create 500 Project Sites 20260813101755,In Progress,,Mihal,Mihal@7rkd12.onmicrosoft.com,,,Mihal,Mihal@7rkd12.onmicrosoft.com,2026-08-13 19:20:16,,,,2026-08-13 19:17:55,EDRMS Service,Dynamic service,,Create 500 Project Sites,API,,,,,,,,,,,,,,,,,,,,,,,,,,,,,,,,,,,,,,,,,,,
5170,Create 500 Project Sites 20260813101748,In Progress,,Mihal,Mihal@7rkd12.onmicrosoft.com,,,Mihal,Mihal@7rkd12.onmicrosoft.com,2026-08-13 19:20:10,,,,2026-08-13 19:17:48,EDRMS Service,Dynamic service,,Create 500 Project Sites,API,,,,,,,,,,,,,,,,,,,,,,,,,,,,,,,,,,,,,,,,,,,
5169,Create 500 Project Sites 20260813101745,In Progress,,Mihal,Mihal@7rkd12.onmicrosoft.com,,,Mihal,Mihal@7rkd12.onmicrosoft.com,2026-08-13 19:20:07,,,,2026-08-13 19:17:45,EDRMS Service,Dynamic service,,Create 500 Project Sites,API,,,,,,,,,,,,,,,,,,,,,,,,,,,,,,,,,,,,,,,,,,,
5167,Create 500 Project Sites 20260813101740,In Progress,,Mihal,Mihal@7rkd12.onmicrosoft.com,,,Mihal,Mihal@7rkd12.onmicrosoft.com,2026-08-13 19:20:05,,,,2026-08-13 19:17:40,EDRMS Service,Dynamic service,,Create 500 Project Sites,API,,,,,,,,,,,,,,,,,,,,,,,,,,,,,,,,,,,,,,,,,,,
5168,Create 500 Project Sites 20260813101743,In Progress,,Mihal,Mihal@7rkd12.onmicrosoft.com,,,Mihal,Mihal@7rkd12.onmicrosoft.com,2026-08-13 19:20:03,,,,2026-08-13 19:17:43,EDRMS Service,Dynamic service,,Create 500 Project Sites,API,,,,,,,,,,,,,,,,,,,,,,,,,,,,,,,,,,,,,,,,,,,
5165,Create 500 Project Sites 20260813101735,In Progress,,Mihal,Mihal@7rkd12.onmicrosoft.com,,,Mihal,Mihal@7rkd12.onmicrosoft.com,2026-08-13 19:20:01,,,,2026-08-13 19:17:35,EDRMS Service,Dynamic service,,Create 500 Project Sites,API,,,,,,,,,,,,,,,,,,,,,,,,,,,,,,,,,,,,,,,,,,,
5166,Create 500 Project Sites 20260813101738,In Progress,,Mihal,Mihal@7rkd12.onmicrosoft.com,,,Mihal,Mihal@7rkd12.onmicrosoft.com,2026-08-13 19:20:01,,,,2026-08-13 19:17:38,EDRMS Service,Dynamic service,,Create 500 Project Sites,API,,,,,,,,,,,,,,,,,,,,,,,,,,,,,,,,,,,,,,,,,,,
5126,Create 500 Project Sites 20260813101524,In Progress,,Mihal,Mihal@7rkd12.onmicrosoft.com,,,Mihal,Mihal@7rkd12.onmicrosoft.com,2026-08-13 19:19:54,,,,2026-08-13 19:15:24,EDRMS Service,Dynamic service,,Create 500 Project Sites,API,,,,,,,,,,,,,,,,,,,,,,,,,,,,,,,,,,,,,,,,,,,
5164,Create 500 Project Sites 20260813101732,In Progress,,Mihal,Mihal@7rkd12.onmicrosoft.com,,,Mihal,Mihal@7rkd12.onmicrosoft.com,2026-08-13 19:19:53,,,,2026-08-13 19:17:32,EDRMS Service,Dynamic service,,Create 500 Project Sites,API,,,,,,,,,,,,,,,,,,,,,,,,,,,,,,,,,,,,,,,,,,,
5129,Create 500 Project Sites 20260813101531,In Progress,,Mihal,Mihal@7rkd12.onmicrosoft.com,,,Mihal,Mihal@7rkd12.onmicrosoft.com,2026-08-13 19:19:52,,,,2026-08-13 19:15:31,EDRMS Service,Dynamic service,,Create 500 Project Sites,API,,,,,,,,,,,,,,,,,,,,,,,,,,,,,,,,,,,,,,,,,,,
5127,Create 500 Project Sites 20260813101526,In Progress,,Mihal,Mihal@7rkd12.onmicrosoft.com,,,Mihal,Mihal@7rkd12.onmicrosoft.com,2026-08-13 19:19:52,,,,2026-08-13 19:15:26,EDRMS Service,Dynamic service,,Create 500 Project Sites,API,,,,,,,,,,,,,,,,,,,,,,,,,,,,,,,,,,,,,,,,,,,
5163,Create 500 Project Sites 20260813101730,In Progress,,Mihal,Mihal@7rkd12.onmicrosoft.com,,,Mihal,Mihal@7rkd12.onmicrosoft.com,2026-08-13 19:19:52,,,,2026-08-13 19:17:30,EDRMS Service,Dynamic service,,Create 500 Project Sites,API,,,,,,,,,,,,,,,,,,,,,,,,,,,,,,,,,,,,,,,,,,,
5162,Create 500 Project Sites 20260813101727,In Progress,,Mihal,Mihal@7rkd12.onmicrosoft.com,,,Mihal,Mihal@7rkd12.onmicrosoft.com,2026-08-13 19:19:49,,,,2026-08-13 19:17:27,EDRMS Service,Dynamic service,,Create 500 Project Sites,API,,,,,,,,,,,,,,,,,,,,,,,,,,,,,,,,,,,,,,,,,,,
5161,Create 500 Project Sites 20260813101722,In Progress,,Mihal,Mihal@7rkd12.onmicrosoft.com,,,Mihal,Mihal@7rkd12.onmicrosoft.com,2026-08-13 19:19:45,,,,2026-08-13 19:17:22,EDRMS Service,Dynamic service,,Create 500 Project Sites,API,,,,,,,,,,,,,,,,,,,,,,,,,,,,,,,,,,,,,,,,,,,
5122,Create 500 Project Sites 20260813101514,In Progress,,Mihal,Mihal@7rkd12.onmicrosoft.com,,,Mihal,Mihal@7rkd12.onmicrosoft.com,2026-08-13 19:19:43,,,,2026-08-13 19:15:14,EDRMS Service,Dynamic service,,Create 500 Project Sites,API,,,,,,,,,,,,,,,,,,,,,,,,,,,,,,,,,,,,,,,,,,,
5160,Create 500 Project Sites 20260813101708,In Progress,,Mihal,Mihal@7rkd12.onmicrosoft.com,,,Mihal,Mihal@7rkd12.onmicrosoft.com,2026-08-13 19:19:39,,,,2026-08-13 19:17:08,EDRMS Service,Dynamic service,,Create 500 Project Sites,API,,,,,,,,,,,,,,,,,,,,,,,,,,,,,,,,,,,,,,,,,,,
5159,Create 500 Project Sites 20260813101702,In Progress,,Mihal,Mihal@7rkd12.onmicrosoft.com,,,Mihal,Mihal@7rkd12.onmicrosoft.com,2026-08-13 19:19:38,,,,2026-08-13 19:17:02,EDRMS Service,Dynamic service,,Create 500 Project Sites,API,,,,,,,,,,,,,,,,,,,,,,,,,,,,,,,,,,,,,,,,,,,
5118,Create 500 Project Sites 20260813101503,In Progress,,Mihal,Mihal@7rkd12.onmicrosoft.com,,,Mihal,Mihal@7rkd12.onmicrosoft.com,2026-08-13 19:19:30,,,,2026-08-13 19:15:03,EDRMS Service,Dynamic service,,Create 500 Project Sites,API,,,,,,,,,,,,,,,,,,,,,,,,,,,,,,,,,,,,,,,,,,,
5116,Create 500 Project Sites 20260813101457,In Progress,,Mihal,Mihal@7rkd12.onmicrosoft.com,,,Mihal,Mihal@7rkd12.onmicrosoft.com,2026-08-13 19:19:29,,,,2026-08-13 19:14:57,EDRMS Service,Dynamic service,,Create 500 Project Sites,API,,,,,,,,,,,,,,,,,,,,,,,,,,,,,,,,,,,,,,,,,,,
5114,Create 500 Project Sites 20260813101452,In Progress,,Mihal,Mihal@7rkd12.onmicrosoft.com,,,Mihal,Mihal@7rkd12.onmicrosoft.com,2026-08-13 19:19:24,,,,2026-08-13 19:14:52,EDRMS Service,Dynamic service,,Create 500 Project Sites,API,,,,,,,,,,,,,,,,,,,,,,,,,,,,,,,,,,,,,,,,,,,
5112,Create 500 Project Sites 20260813101446,In Progress,,Mihal,Mihal@7rkd12.onmicrosoft.com,,,Mihal,Mihal@7rkd12.onmicrosoft.com,2026-08-13 19:19:24,,,,2026-08-13 19:14:46,EDRMS Service,Dynamic service,,Create 500 Project Sites,API,,,,,,,,,,,,,,,,,,,,,,,,,,,,,,,,,,,,,,,,,,,
5157,Create 500 Project Sites 20260813101652,In Progress,,Mihal,Mihal@7rkd12.onmicrosoft.com,,,Mihal,Mihal@7rkd12.onmicrosoft.com,2026-08-13 19:19:20,,,,2026-08-13 19:16:52,EDRMS Service,Dynamic service,,Create 500 Project Sites,API,,,,,,,,,,,,,,,,,,,,,,,,,,,,,,,,,,,,,,,,,,,
5158,Create 500 Project Sites 20260813101659,In Progress,,Mihal,Mihal@7rkd12.onmicrosoft.com,,,Mihal,Mihal@7rkd12.onmicrosoft.com,2026-08-13 19:19:19,,,,2026-08-13 19:16:59,EDRMS Service,Dynamic service,,Create 500 Project Sites,API,,,,,,,,,,,,,,,,,,,,,,,,,,,,,,,,,,,,,,,,,,,
5111,Create 500 Project Sites 20260813101444,In Progress,,Mihal,Mihal@7rkd12.onmicrosoft.com,,,Mihal,Mihal@7rkd12.onmicrosoft.com,2026-08-13 19:19:19,,,,2026-08-13 19:14:44,EDRMS Service,Dynamic service,,Create 500 Project Sites,API,,,,,,,,,,,,,,,,,,,,,,,,,,,,,,,,,,,,,,,,,,,
5113,Create 500 Project Sites 20260813101449,In Progress,,Mihal,Mihal@7rkd12.onmicrosoft.com,,,Mihal,Mihal@7rkd12.onmicrosoft.com,2026-08-13 19:19:19,,,,2026-08-13 19:14:49,EDRMS Service,Dynamic service,,Create 500 Project Sites,API,,,,,,,,,,,,,,,,,,,,,,,,,,,,,,,,,,,,,,,,,,,
5156,Create 500 Project Sites 20260813101649,In Progress,,Mihal,Mihal@7rkd12.onmicrosoft.com,,,Mihal,Mihal@7rkd12.onmicrosoft.com,2026-08-13 19:19:15,,,,2026-08-13 19:16:49,EDRMS Service,Dynamic service,,Create 500 Project Sites,API,,,,,,,,,,,,,,,,,,,,,,,,,,,,,,,,,,,,,,,,,,,
5155,Create 500 Project Sites 20260813101647,In Progress,,Mihal,Mihal@7rkd12.onmicrosoft.com,,,Mihal,Mihal@7rkd12.onmicrosoft.com,2026-08-13 19:19:15,,,,2026-08-13 19:16:47,EDRMS Service,Dynamic service,,Create 500 Project Sites,API,,,,,,,,,,,,,,,,,,,,,,,,,,,,,,,,,,,,,,,,,,,
5154,Create 500 Project Sites 20260813101644,In Progress,,Mihal,Mihal@7rkd12.onmicrosoft.com,,,Mihal,Mihal@7rkd12.onmicrosoft.com,2026-08-13 19:19:13,,,,2026-08-13 19:16:44,EDRMS Service,Dynamic service,,Create 500 Project Sites,API,,,,,,,,,,,,,,,,,,,,,,,,,,,,,,,,,,,,,,,,,,,
5153,Create 500 Project Sites 20260813101642,In Progress,,Mihal,Mihal@7rkd12.onmicrosoft.com,,,Mihal,Mihal@7rkd12.onmicrosoft.com,2026-08-13 19:19:11,,,,2026-08-13 19:16:42,EDRMS Service,Dynamic service,,Create 500 Project Sites,API,,,,,,,,,,,,,,,,,,,,,,,,,,,,,,,,,,,,,,,,,,,
5152,Create 500 Project Sites 20260813101639,In Progress,,Mihal,Mihal@7rkd12.onmicrosoft.com,,,Mihal,Mihal@7rkd12.onmicrosoft.com,2026-08-13 19:18:58,,,,2026-08-13 19:16:39,EDRMS Service,Dynamic service,,Create 500 Project Sites,API,,,,,,,,,,,,,,,,,,,,,,,,,,,,,,,,,,,,,,,,,,,
5151,Create 500 Project Sites 20260813101636,In Progress,,Mihal,Mihal@7rkd12.onmicrosoft.com,,,Mihal,Mihal@7rkd12.onmicrosoft.com,2026-08-13 19:18:58,,,,2026-08-13 19:16:36,EDRMS Service,Dynamic service,,Create 500 Project Sites,API,,,,,,,,,,,,,,,,,,,,,,,,,,,,,,,,,,,,,,,,,,,
5150,Create 500 Project Sites 20260813101633,In Progress,,Mihal,Mihal@7rkd12.onmicrosoft.com,,,Mihal,Mihal@7rkd12.onmicrosoft.com,2026-08-13 19:18:54,,,,2026-08-13 19:16:33,EDRMS Service,Dynamic service,,Create 500 Project Sites,API,,,,,,,,,,,,,,,,,,,,,,,,,,,,,,,,,,,,,,,,,,,
5149,Create 500 Project Sites 20260813101628,In Progress,,Mihal,Mihal@7rkd12.onmicrosoft.com,,,Mihal,Mihal@7rkd12.onmicrosoft.com,2026-08-13 19:18:54,,,,2026-08-13 19:16:28,EDRMS Service,Dynamic service,,Create 500 Project Sites,API,,,,,,,,,,,,,,,,,,,,,,,,,,,,,,,,,,,,,,,,,,,
5148,Create 500 Project Sites 20260813101622,In Progress,,Mihal,Mihal@7rkd12.onmicrosoft.com,,,Mihal,Mihal@7rkd12.onmicrosoft.com,2026-08-13 19:18:50,,,,2026-08-13 19:16:22,EDRMS Service,Dynamic service,,Create 500 Project Sites,API,,,,,,,,,,,,,,,,,,,,,,,,,,,,,,,,,,,,,,,,,,,
5138,Create 500 Project Sites 20260813101556,In Progress,,Mihal,Mihal@7rkd12.onmicrosoft.com,,,Mihal,Mihal@7rkd12.onmicrosoft.com,2026-08-13 19:18:18,,,,2026-08-13 19:15:56,EDRMS Service,Dynamic service,,Create 500 Project Sites,API,,,,,,,,,,,,,,,,,,,,,,,,,,,,,,,,,,,,,,,,,,,
5137,Create 500 Project Sites 20260813101553,In Progress,,Mihal,Mihal@7rkd12.onmicrosoft.com,,,Mihal,Mihal@7rkd12.onmicrosoft.com,2026-08-13 19:18:18,,,,2026-08-13 19:15:53,EDRMS Service,Dynamic service,,Create 500 Project Sites,API,,,,,,,,,,,,,,,,,,,,,,,,,,,,,,,,,,,,,,,,,,,
5136,Create 500 Project Sites 20260813101550,In Progress,,Mihal,Mihal@7rkd12.onmicrosoft.com,,,Mihal,Mihal@7rkd12.onmicrosoft.com,2026-08-13 19:18:15,,,,2026-08-13 19:15:50,EDRMS Service,Dynamic service,,Create 500 Project Sites,API,,,,,,,,,,,,,,,,,,,,,,,,,,,,,,,,,,,,,,,,,,,
5134,Create 500 Project Sites 20260813101545,In Progress,,Mihal,Mihal@7rkd12.onmicrosoft.com,,,Mihal,Mihal@7rkd12.onmicrosoft.com,2026-08-13 19:18:13,,,,2026-08-13 19:15:45,EDRMS Service,Dynamic service,,Create 500 Project Sites,API,,,,,,,,,,,,,,,,,,,,,,,,,,,,,,,,,,,,,,,,,,,
5135,Create 500 Project Sites 20260813101548,In Progress,,Mihal,Mihal@7rkd12.onmicrosoft.com,,,Mihal,Mihal@7rkd12.onmicrosoft.com,2026-08-13 19:18:13,,,,2026-08-13 19:15:48,EDRMS Service,Dynamic service,,Create 500 Project Sites,API,,,,,,,,,,,,,,,,,,,,,,,,,,,,,,,,,,,,,,,,,,,
5130,Create 500 Project Sites 20260813101534,In Progress,,Mihal,Mihal@7rkd12.onmicrosoft.com,,,Mihal,Mihal@7rkd12.onmicrosoft.com,2026-08-13 19:17:55,,,,2026-08-13 19:15:34,EDRMS Service,Dynamic service,,Create 500 Project Sites,API,,,,,,,,,,,,,,,,,,,,,,,,,,,,,,,,,,,,,,,,,,,
5128,Create 500 Project Sites 20260813101528,In Progress,,Mihal,Mihal@7rkd12.onmicrosoft.com,,,Mihal,Mihal@7rkd12.onmicrosoft.com,2026-08-13 19:17:55,,,,2026-08-13 19:15:28,EDRMS Service,Dynamic service,,Create 500 Project Sites,API,,,,,,,,,,,,,,,,,,,,,,,,,,,,,,,,,,,,,,,,,,,
5125,Create 500 Project Sites 20260813101521,In Progress,,Mihal,Mihal@7rkd12.onmicrosoft.com,,,Mihal,Mihal@7rkd12.onmicrosoft.com,2026-08-13 19:17:47,,,,2026-08-13 19:15:21,EDRMS Service,Dynamic service,,Create 500 Project Sites,API,,,,,,,,,,,,,,,,,,,,,,,,,,,,,,,,,,,,,,,,,,,
5124,Create 500 Project Sites 20260813101519,In Progress,,Mihal,Mihal@7rkd12.onmicrosoft.com,,,Mihal,Mihal@7rkd12.onmicrosoft.com,2026-08-13 19:17:46,,,,2026-08-13 19:15:19,EDRMS Service,Dynamic service,,Create 500 Project Sites,API,,,,,,,,,,,,,,,,,,,,,,,,,,,,,,,,,,,,,,,,,,,
5123,Create 500 Project Sites 20260813101517,In Progress,,Mihal,Mihal@7rkd12.onmicrosoft.com,,,Mihal,Mihal@7rkd12.onmicrosoft.com,2026-08-13 19:17:42,,,,2026-08-13 19:15:17,EDRMS Service,Dynamic service,,Create 500 Project Sites,API,,,,,,,,,,,,,,,,,,,,,,,,,,,,,,,,,,,,,,,,,,,
5121,Create 500 Project Sites 20260813101511,In Progress,,Mihal,Mihal@7rkd12.onmicrosoft.com,,,Mihal,Mihal@7rkd12.onmicrosoft.com,2026-08-13 19:17:38,,,,2026-08-13 19:15:11,EDRMS Service,Dynamic service,,Create 500 Project Sites,API,,,,,,,,,,,,,,,,,,,,,,,,,,,,,,,,,,,,,,,,,,,
5120,Create 500 Project Sites 20260813101509,In Progress,,Mihal,Mihal@7rkd12.onmicrosoft.com,,,Mihal,Mihal@7rkd12.onmicrosoft.com,2026-08-13 19:17:38,,,,2026-08-13 19:15:09,EDRMS Service,Dynamic service,,Create 500 Project Sites,API,,,,,,,,,,,,,,,,,,,,,,,,,,,,,,,,,,,,,,,,,,,
5109,Create 500 Project Sites 20260813101439,In Progress,,Mihal,Mihal@7rkd12.onmicrosoft.com,,,Mihal,Mihal@7rkd12.onmicrosoft.com,2026-08-13 19:17:10,,,,2026-08-13 19:14:39,EDRMS Service,Dynamic service,,Create 500 Project Sites,API,,,,,,,,,,,,,,,,,,,,,,,,,,,,,,,,,,,,,,,,,,,
5108,Create 500 Project Sites 20260813101437,In Progress,,Mihal,Mihal@7rkd12.onmicrosoft.com,,,Mihal,Mihal@7rkd12.onmicrosoft.com,2026-08-13 19:17:09,,,,2026-08-13 19:14:37,EDRMS Service,Dynamic service,,Create 500 Project Sites,API,,,,,,,,,,,,,,,,,,,,,,,,,,,,,,,,,,,,,,,,,,,
5110,Create 500 Project Sites 20260813101442,In Progress,,Mihal,Mihal@7rkd12.onmicrosoft.com,,,Mihal,Mihal@7rkd12.onmicrosoft.com,2026-08-13 19:17:08,,,,2026-08-13 19:14:42,EDRMS Service,Dynamic service,,Create 500 Project Sites,API,,,,,,,,,,,,,,,,,,,,,,,,,,,,,,,,,,,,,,,,,,,
5107,Create 500 Project Sites 20260813101435,In Progress,,Mihal,Mihal@7rkd12.onmicrosoft.com,,,Mihal,Mihal@7rkd12.onmicrosoft.com,2026-08-13 19:17:00,,,,2026-08-13 19:14:35,EDRMS Service,Dynamic service,,Create 500 Project Sites,API,,,,,,,,,,,,,,,,,,,,,,,,,,,,,,,,,,,,,,,,,,,
5106,Create 500 Project Sites 20260813101432,In Progress,,Mihal,Mihal@7rkd12.onmicrosoft.com,,,Mihal,Mihal@7rkd12.onmicrosoft.com,2026-08-13 19:16:59,,,,2026-08-13 19:14:32,EDRMS Service,Dynamic service,,Create 500 Project Sites,API,,,,,,,,,,,,,,,,,,,,,,,,,,,,,,,,,,,,,,,,,,,
5105,Create 500 Project Sites 20260813101430,In Progress,,Mihal,Mihal@7rkd12.onmicrosoft.com,,,Mihal,Mihal@7rkd12.onmicrosoft.com,2026-08-13 19:16:58,,,,2026-08-13 19:14:30,EDRMS Service,Dynamic service,,Create 500 Project Sites,API,,,,,,,,,,,,,,,,,,,,,,,,,,,,,,,,,,,,,,,,,,,
5104,Create 500 Project Sites 20260813101427,In Progress,,Mihal,Mihal@7rkd12.onmicrosoft.com,,,Mihal,Mihal@7rkd12.onmicrosoft.com,2026-08-13 19:16:50,,,,2026-08-13 19:14:27,EDRMS Service,Dynamic service,,Create 500 Project Sites,API,,,,,,,,,,,,,,,,,,,,,,,,,,,,,,,,,,,,,,,,,,,
5103,Create 500 Project Sites 20260813101425,In Progress,,Mihal,Mihal@7rkd12.onmicrosoft.com,,,Mihal,Mihal@7rkd12.onmicrosoft.com,2026-08-13 19:16:49,,,,2026-08-13 19:14:25,EDRMS Service,Dynamic service,,Create 500 Project Sites,API,,,,,,,,,,,,,,,,,,,,,,,,,,,,,,,,,,,,,,,,,,,
5102,Create 500 Project Sites 20260813101421,In Progress,,Mihal,Mihal@7rkd12.onmicrosoft.com,,,Mihal,Mihal@7rkd12.onmicrosoft.com,2026-08-13 19:16:49,,,,2026-08-13 19:14:21,EDRMS Service,Dynamic service,,Create 500 Project Sites,API,,,,,,,,,,,,,,,,,,,,,,,,,,,,,,,,,,,,,,,,,,,
5101,Create 500 Project Sites 20260813101418,In Progress,,Mihal,Mihal@7rkd12.onmicrosoft.com,,,Mihal,Mihal@7rkd12.onmicrosoft.com,2026-08-13 19:16:46,,,,2026-08-13 19:14:18,EDRMS Service,Dynamic service,,Create 500 Project Sites,API,,,,,,,,,,,,,,,,,,,,,,,,,,,,,,,,,,,,,,,,,,,
5100,Create 500 Project Sites 20260813101416,In Progress,,Mihal,Mihal@7rkd12.onmicrosoft.com,,,Mihal,Mihal@7rkd12.onmicrosoft.com,2026-08-13 19:16:45,,,,2026-08-13 19:14:16,EDRMS Service,Dynamic service,,Create 500 Project Sites,API,,,,,,,,,,,,,,,,,,,,,,,,,,,,,,,,,,,,,,,,,,,
5099,Create 500 Project Sites 20260813101413,In Progress,,Mihal,Mihal@7rkd12.onmicrosoft.com,,,Mihal,Mihal@7rkd12.onmicrosoft.com,2026-08-13 19:16:39,,,,2026-08-13 19:14:13,EDRMS Service,Dynamic service,,Create 500 Project Sites,API,,,,,,,,,,,,,,,,,,,,,,,,,,,,,,,,,,,,,,,,,,,
5098,Create 500 Project Sites 20260813101409,In Progress,,Mihal,Mihal@7rkd12.onmicrosoft.com,,,Mihal,Mihal@7rkd12.onmicrosoft.com,2026-08-13 19:16:35,,,,2026-08-13 19:14:09,EDRMS Service,Dynamic service,,Create 500 Project Sites,API,,,,,,,,,,,,,,,,,,,,,,,,,,,,,,,,,,,,,,,,,,,
5064,[For Creating Test Sites] Create Project Site 20260813064522,Problem encountered ,,Mihal,Mihal@7rkd12.onmicrosoft.com,John Rick D. Navoa,AdaLu@7rkd12.onmicrosoft.com,Mihal,Mihal@7rkd12.onmicrosoft.com,2026-08-13 18:53:05,,,,2026-08-13 15:45:22,EDRMS Service,Dynamic service,,[For Creating Test Sites] Create Project Site,API,,,,,,,,,,,,,,,,,,,,,,,,,,,,,,,,,,,,,,,,,,,
5023,[For Creating Test Sites] Create Project Site 20260813064139,Completed,,Mihal,Mihal@7rkd12.onmicrosoft.com,,,Mihal,Mihal@7rkd12.onmicrosoft.com,2026-08-13 18:39:03,,,,2026-08-13 15:41:39,EDRMS Service,Dynamic service,https://7rkd12.sharepoint.com/teams/prj_danegroupsite-025,[For Creating Test Sites] Create Project Site,API,,,,,,,,,,,,,,,,,,,,,,,,,,,,,,,,,,,,,,,,,,,
5063,[For Creating Test Sites] Create Project Site 20260813064519,Completed,,Mihal,Mihal@7rkd12.onmicrosoft.com,,,Mihal,Mihal@7rkd12.onmicrosoft.com,2026-08-13 18:34:36,,,,2026-08-13 15:45:19,EDRMS Service,Dynamic service,https://7rkd12.sharepoint.com/teams/prj_danegroupsite-065,[For Creating Test Sites] Create Project Site,API,,,,,,,,,,,,,,,,,,,,,,,,,,,,,,,,,,,,,,,,,,,
5071,[For Creating Test Sites] Create Project Site 20260813064541,Completed,,Mihal,Mihal@7rkd12.onmicrosoft.com,,,Mihal,Mihal@7rkd12.onmicrosoft.com,2026-08-13 17:58:45,,,,2026-08-13 15:45:41,EDRMS Service,Dynamic service,https://7rkd12.sharepoint.com/teams/prj_danegroupsite-073,[For Creating Test Sites] Create Project Site,API,,,,,,,,,,,,,,,,,,,,,,,,,,,,,,,,,,,,,,,,,,,
5067,[For Creating Test Sites] Create Project Site 20260813064530,Completed,,Mihal,Mihal@7rkd12.onmicrosoft.com,,,Mihal,Mihal@7rkd12.onmicrosoft.com,2026-08-13 17:55:42,,,,2026-08-13 15:45:30,EDRMS Service,Dynamic service,https://7rkd12.sharepoint.com/teams/prj_danegroupsite-069,[For Creating Test Sites] Create Project Site,API,,,,,,,,,,,,,,,,,,,,,,,,,,,,,,,,,,,,,,,,,,,
5066,[For Creating Test Sites] Create Project Site 20260813064527,Completed,,Mihal,Mihal@7rkd12.onmicrosoft.com,,,Mihal,Mihal@7rkd12.onmicrosoft.com,2026-08-13 17:54:27,,,,2026-08-13 15:45:27,EDRMS Service,Dynamic service,https://7rkd12.sharepoint.com/teams/prj_danegroupsite-068,[For Creating Test Sites] Create Project Site,API,,,,,,,,,,,,,,,,,,,,,,,,,,,,,,,,,,,,,,,,,,,
5060,[For Creating Test Sites] Create Project Site 20260813064512,Completed,,Mihal,Mihal@7rkd12.onmicrosoft.com,,,Mihal,Mihal@7rkd12.onmicrosoft.com,2026-08-13 17:43:35,,,,2026-08-13 15:45:12,EDRMS Service,Dynamic service,https://7rkd12.sharepoint.com/teams/prj_danegroupsite-062,[For Creating Test Sites] Create Project Site,API,,,,,,,,,,,,,,,,,,,,,,,,,,,,,,,,,,,,,,,,,,,
5080,[For Creating Test Sites] Create Project Site 20260813064706,Completed,,Mihal,Mihal@7rkd12.onmicrosoft.com,,,Mihal,Mihal@7rkd12.onmicrosoft.com,2026-08-13 17:23:26,,,,2026-08-13 15:47:06,EDRMS Service,Dynamic service,https://7rkd12.sharepoint.com/teams/prj_danegroupsite-082,[For Creating Test Sites] Create Project Site,API,,,,,,,,,,,,,,,,,,,,,,,,,,,,,,,,,,,,,,,,,,,
5065,[For Creating Test Sites] Create Project Site 20260813064525,Completed,,Mihal,Mihal@7rkd12.onmicrosoft.com,,,Mihal,Mihal@7rkd12.onmicrosoft.com,2026-08-13 17:19:19,,,,2026-08-13 15:45:25,EDRMS Service,Dynamic service,https://7rkd12.sharepoint.com/teams/prj_danegroupsite-067,[For Creating Test Sites] Create Project Site,API,,,,,,,,,,,,,,,,,,,,,,,,,,,,,,,,,,,,,,,,,,,
4451,Create 500 Project Sites 20260810064617,In Progress,,AdaTest,AdaTest@7rkd12.onmicrosoft.com,,,AdaTest;Bonnie Test,AdaTest@7rkd12.onmicrosoft.com;BonnieTest@7rkd12.onmicrosoft.com,2026-08-13 17:07:46,,,,2026-08-10 15:46:17,EDRMS Service,Dynamic service,,Create 500 Project Sites,API,,,,,,,,,,,,,,,,,,,,,,,,,,,,,,,,,,,,,,,,,,,
4467,Create 500 Project Sites 20260810064736,In Progress,,AdaTest,AdaTest@7rkd12.onmicrosoft.com,,,AdaTest;Bonnie Test,AdaTest@7rkd12.onmicrosoft.com;BonnieTest@7rkd12.onmicrosoft.com,2026-08-13 17:07:46,,,,2026-08-10 15:47:36,EDRMS Service,Dynamic service,,Create 500 Project Sites,API,,,,,,,,,,,,,,,,,,,,,,,,,,,,,,,,,,,,,,,,,,,
4469,Create 500 Project Sites 20260810064744,In Progress,,AdaTest,AdaTest@7rkd12.onmicrosoft.com,,,AdaTest;Bonnie Test,AdaTest@7rkd12.onmicrosoft.com;BonnieTest@7rkd12.onmicrosoft.com,2026-08-13 17:07:44,,,,2026-08-10 15:47:44,EDRMS Service,Dynamic service,,Create 500 Project Sites,API,,,,,,,,,,,,,,,,,,,,,,,,,,,,,,,,,,,,,,,,,,,
4465,Create 500 Project Sites 20260810064729,In Progress,,AdaTest,AdaTest@7rkd12.onmicrosoft.com,,,AdaTest;Bonnie Test,AdaTest@7rkd12.onmicrosoft.com;BonnieTest@7rkd12.onmicrosoft.com,2026-08-13 17:07:44,,,,2026-08-10 15:47:29,EDRMS Service,Dynamic service,,Create 500 Project Sites,API,,,,,,,,,,,,,,,,,,,,,,,,,,,,,,,,,,,,,,,,,,,
4477,Create 500 Project Sites 20260810064815,In Progress,,AdaTest,AdaTest@7rkd12.onmicrosoft.com,,,AdaTest;Bonnie Test,AdaTest@7rkd12.onmicrosoft.com;BonnieTest@7rkd12.onmicrosoft.com,2026-08-13 17:07:44,,,,2026-08-10 15:48:15,EDRMS Service,Dynamic service,,Create 500 Project Sites,API,,,,,,,,,,,,,,,,,,,,,,,,,,,,,,,,,,,,,,,,,,,
4468,Create 500 Project Sites 20260810064740,In Progress,,AdaTest,AdaTest@7rkd12.onmicrosoft.com,,,AdaTest;Bonnie Test,AdaTest@7rkd12.onmicrosoft.com;BonnieTest@7rkd12.onmicrosoft.com,2026-08-13 17:07:44,,,,2026-08-10 15:47:40,EDRMS Service,Dynamic service,,Create 500 Project Sites,API,,,,,,,,,,,,,,,,,,,,,,,,,,,,,,,,,,,,,,,,,,,
4478,Create 500 Project Sites 20260810064818,In Progress,,AdaTest,AdaTest@7rkd12.onmicrosoft.com,,,AdaTest;Bonnie Test,AdaTest@7rkd12.onmicrosoft.com;BonnieTest@7rkd12.onmicrosoft.com,2026-08-13 17:07:44,,,,2026-08-10 15:48:18,EDRMS Service,Dynamic service,,Create 500 Project Sites,API,,,,,,,,,,,,,,,,,,,,,,,,,,,,,,,,,,,,,,,,,,,
4471,Create 500 Project Sites 20260810064752,In Progress,,AdaTest,AdaTest@7rkd12.onmicrosoft.com,,,AdaTest;Bonnie Test,AdaTest@7rkd12.onmicrosoft.com;BonnieTest@7rkd12.onmicrosoft.com,2026-08-13 17:07:44,,,,2026-08-10 15:47:52,EDRMS Service,Dynamic service,,Create 500 Project Sites,API,,,,,,,,,,,,,,,,,,,,,,,,,,,,,,,,,,,,,,,,,,,
4454,Create 500 Project Sites 20260810064630,In Progress,,AdaTest,AdaTest@7rkd12.onmicrosoft.com,,,AdaTest;Bonnie Test,AdaTest@7rkd12.onmicrosoft.com;BonnieTest@7rkd12.onmicrosoft.com,2026-08-13 17:07:44,,,,2026-08-10 15:46:30,EDRMS Service,Dynamic service,,Create 500 Project Sites,API,,,,,,,,,,,,,,,,,,,,,,,,,,,,,,,,,,,,,,,,,,,
4472,Create 500 Project Sites 20260810064756,In Progress,,AdaTest,AdaTest@7rkd12.onmicrosoft.com,,,AdaTest;Bonnie Test,AdaTest@7rkd12.onmicrosoft.com;BonnieTest@7rkd12.onmicrosoft.com,2026-08-13 17:07:44,,,,2026-08-10 15:47:56,EDRMS Service,Dynamic service,,Create 500 Project Sites,API,,,,,,,,,,,,,,,,,,,,,,,,,,,,,,,,,,,,,,,,,,,
4475,Create 500 Project Sites 20260810064807,In Progress,,AdaTest,AdaTest@7rkd12.onmicrosoft.com,,,AdaTest;Bonnie Test,AdaTest@7rkd12.onmicrosoft.com;BonnieTest@7rkd12.onmicrosoft.com,2026-08-13 17:07:44,,,,2026-08-10 15:48:07,EDRMS Service,Dynamic service,,Create 500 Project Sites,API,,,,,,,,,,,,,,,,,,,,,,,,,,,,,,,,,,,,,,,,,,,
4476,Create 500 Project Sites 20260810064811,In Progress,,AdaTest,AdaTest@7rkd12.onmicrosoft.com,,,AdaTest;Bonnie Test,AdaTest@7rkd12.onmicrosoft.com;BonnieTest@7rkd12.onmicrosoft.com,2026-08-13 17:07:44,,,,2026-08-10 15:48:11,EDRMS Service,Dynamic service,,Create 500 Project Sites,API,,,,,,,,,,,,,,,,,,,,,,,,,,,,,,,,,,,,,,,,,,,
4480,Create 500 Project Sites 20260810064826,In Progress,,AdaTest,AdaTest@7rkd12.onmicrosoft.com,,,AdaTest;Bonnie Test,AdaTest@7rkd12.onmicrosoft.com;BonnieTest@7rkd12.onmicrosoft.com,2026-08-13 17:07:43,,,,2026-08-10 15:48:26,EDRMS Service,Dynamic service,,Create 500 Project Sites,API,,,,,,,,,,,,,,,,,,,,,,,,,,,,,,,,,,,,,,,,,,,
4496,Create 500 Project Sites 20260810064952,In Progress,,AdaTest,AdaTest@7rkd12.onmicrosoft.com,,,AdaTest;Bonnie Test,AdaTest@7rkd12.onmicrosoft.com;BonnieTest@7rkd12.onmicrosoft.com,2026-08-13 17:07:43,,,,2026-08-10 15:49:52,EDRMS Service,Dynamic service,,Create 500 Project Sites,API,,,,,,,,,,,,,,,,,,,,,,,,,,,,,,,,,,,,,,,,,,,
4473,Create 500 Project Sites 20260810064759,In Progress,,AdaTest,AdaTest@7rkd12.onmicrosoft.com,,,AdaTest;Bonnie Test,AdaTest@7rkd12.onmicrosoft.com;BonnieTest@7rkd12.onmicrosoft.com,2026-08-13 17:07:43,,,,2026-08-10 15:47:59,EDRMS Service,Dynamic service,,Create 500 Project Sites,API,,,,,,,,,,,,,,,,,,,,,,,,,,,,,,,,,,,,,,,,,,,
4481,Create 500 Project Sites 20260810064831,In Progress,,AdaTest,AdaTest@7rkd12.onmicrosoft.com,,,AdaTest;Bonnie Test,AdaTest@7rkd12.onmicrosoft.com;BonnieTest@7rkd12.onmicrosoft.com,2026-08-13 17:07:42,,,,2026-08-10 15:48:31,EDRMS Service,Dynamic service,,Create 500 Project Sites,API,,,,,,,,,,,,,,,,,,,,,,,,,,,,,,,,,,,,,,,,,,,
4482,Create 500 Project Sites 20260810064835,In Progress,,AdaTest,AdaTest@7rkd12.onmicrosoft.com,,,AdaTest;Bonnie Test,AdaTest@7rkd12.onmicrosoft.com;BonnieTest@7rkd12.onmicrosoft.com,2026-08-13 17:07:42,,,,2026-08-10 15:48:35,EDRMS Service,Dynamic service,,Create 500 Project Sites,API,,,,,,,,,,,,,,,,,,,,,,,,,,,,,,,,,,,,,,,,,,,
4493,Create 500 Project Sites 20260810064940,In Progress,,AdaTest,AdaTest@7rkd12.onmicrosoft.com,,,AdaTest;Bonnie Test,AdaTest@7rkd12.onmicrosoft.com;BonnieTest@7rkd12.onmicrosoft.com,2026-08-13 17:07:42,,,,2026-08-10 15:49:40,EDRMS Service,Dynamic service,,Create 500 Project Sites,API,,,,,,,,,,,,,,,,,,,,,,,,,,,,,,,,,,,,,,,,,,,
4486,Create 500 Project Sites 20260810064907,In Progress,,AdaTest,AdaTest@7rkd12.onmicrosoft.com,,,AdaTest;Bonnie Test,AdaTest@7rkd12.onmicrosoft.com;BonnieTest@7rkd12.onmicrosoft.com,2026-08-13 17:07:39,,,,2026-08-10 15:49:07,EDRMS Service,Dynamic service,,Create 500 Project Sites,API,,,,,,,,,,,,,,,,,,,,,,,,,,,,,,,,,,,,,,,,,,,
4494,Create 500 Project Sites 20260810064944,In Progress,,AdaTest,AdaTest@7rkd12.onmicrosoft.com,,,AdaTest;Bonnie Test,AdaTest@7rkd12.onmicrosoft.com;BonnieTest@7rkd12.onmicrosoft.com,2026-08-13 17:07:39,,,,2026-08-10 15:49:44,EDRMS Service,Dynamic service,,Create 500 Project Sites,API,,,,,,,,,,,,,,,,,,,,,,,,,,,,,,,,,,,,,,,,,,,
4499,Create 500 Project Sites 20260810065009,In Progress,,AdaTest,AdaTest@7rkd12.onmicrosoft.com,,,AdaTest;Bonnie Test,AdaTest@7rkd12.onmicrosoft.com;BonnieTest@7rkd12.onmicrosoft.com,2026-08-13 17:07:39,,,,2026-08-10 15:50:09,EDRMS Service,Dynamic service,,Create 500 Project Sites,API,,,,,,,,,,,,,,,,,,,,,,,,,,,,,,,,,,,,,,,,,,,
4498,Create 500 Project Sites 20260810065005,In Progress,,AdaTest,AdaTest@7rkd12.onmicrosoft.com,,,AdaTest;Bonnie Test,AdaTest@7rkd12.onmicrosoft.com;BonnieTest@7rkd12.onmicrosoft.com,2026-08-13 17:07:36,,,,2026-08-10 15:50:05,EDRMS Service,Dynamic service,,Create 500 Project Sites,API,,,,,,,,,,,,,,,,,,,,,,,,,,,,,,,,,,,,,,,,,,,
4508,Create 500 Project Sites 20260810065056,In Progress,,AdaTest,AdaTest@7rkd12.onmicrosoft.com,,,AdaTest;Bonnie Test,AdaTest@7rkd12.onmicrosoft.com;BonnieTest@7rkd12.onmicrosoft.com,2026-08-13 17:07:36,,,,2026-08-10 15:50:56,EDRMS Service,Dynamic service,,Create 500 Project Sites,API,,,,,,,,,,,,,,,,,,,,,,,,,,,,,,,,,,,,,,,,,,,
4529,Create 500 Project Sites 20260810065357,In Progress,,AdaTest,AdaTest@7rkd12.onmicrosoft.com,,,AdaTest;Bonnie Test,AdaTest@7rkd12.onmicrosoft.com;BonnieTest@7rkd12.onmicrosoft.com,2026-08-13 17:07:36,,,,2026-08-10 15:53:57,EDRMS Service,Dynamic service,,Create 500 Project Sites,API,,,,,,,,,,,,,,,,,,,,,,,,,,,,,,,,,,,,,,,,,,,
4528,Create 500 Project Sites 20260810065353,In Progress,,AdaTest,AdaTest@7rkd12.onmicrosoft.com,,,AdaTest;Bonnie Test,AdaTest@7rkd12.onmicrosoft.com;BonnieTest@7rkd12.onmicrosoft.com,2026-08-13 17:07:36,,,,2026-08-10 15:53:53,EDRMS Service,Dynamic service,,Create 500 Project Sites,API,,,,,,,,,,,,,,,,,,,,,,,,,,,,,,,,,,,,,,,,,,,
4502,Create 500 Project Sites 20260810065021,In Progress,,AdaTest,AdaTest@7rkd12.onmicrosoft.com,,,AdaTest;Bonnie Test,AdaTest@7rkd12.onmicrosoft.com;BonnieTest@7rkd12.onmicrosoft.com,2026-08-13 17:07:36,,,,2026-08-10 15:50:21,EDRMS Service,Dynamic service,,Create 500 Project Sites,API,,,,,,,,,,,,,,,,,,,,,,,,,,,,,,,,,,,,,,,,,,,
4509,Create 500 Project Sites 20260810065100,In Progress,,AdaTest,AdaTest@7rkd12.onmicrosoft.com,,,AdaTest;Bonnie Test,AdaTest@7rkd12.onmicrosoft.com;BonnieTest@7rkd12.onmicrosoft.com,2026-08-13 17:07:36,,,,2026-08-10 15:51:00,EDRMS Service,Dynamic service,,Create 500 Project Sites,API,,,,,,,,,,,,,,,,,,,,,,,,,,,,,,,,,,,,,,,,,,,
4503,Create 500 Project Sites 20260810065025,In Progress,,AdaTest,AdaTest@7rkd12.onmicrosoft.com,,,AdaTest;Bonnie Test,AdaTest@7rkd12.onmicrosoft.com;BonnieTest@7rkd12.onmicrosoft.com,2026-08-13 17:07:36,,,,2026-08-10 15:50:25,EDRMS Service,Dynamic service,,Create 500 Project Sites,API,,,,,,,,,,,,,,,,,,,,,,,,,,,,,,,,,,,,,,,,,,,
4506,Create 500 Project Sites 20260810065048,In Progress,,AdaTest,AdaTest@7rkd12.onmicrosoft.com,,,AdaTest;Bonnie Test,AdaTest@7rkd12.onmicrosoft.com;BonnieTest@7rkd12.onmicrosoft.com,2026-08-13 17:07:36,,,,2026-08-10 15:50:48,EDRMS Service,Dynamic service,,Create 500 Project Sites,API,,,,,,,,,,,,,,,,,,,,,,,,,,,,,,,,,,,,,,,,,,,
4507,Create 500 Project Sites 20260810065052,In Progress,,AdaTest,AdaTest@7rkd12.onmicrosoft.com,,,AdaTest;Bonnie Test,AdaTest@7rkd12.onmicrosoft.com;BonnieTest@7rkd12.onmicrosoft.com,2026-08-13 17:07:36,,,,2026-08-10 15:50:52,EDRMS Service,Dynamic service,,Create 500 Project Sites,API,,,,,,,,,,,,,,,,,,,,,,,,,,,,,,,,,,,,,,,,,,,
4532,Create 500 Project Sites 20260810065430,In Progress,,AdaTest,AdaTest@7rkd12.onmicrosoft.com,,,AdaTest;Bonnie Test,AdaTest@7rkd12.onmicrosoft.com;BonnieTest@7rkd12.onmicrosoft.com,2026-08-13 17:07:35,,,,2026-08-10 15:54:30,EDRMS Service,Dynamic service,,Create 500 Project Sites,API,,,,,,,,,,,,,,,,,,,,,,,,,,,,,,,,,,,,,,,,,,,
4533,Create 500 Project Sites 20260810065433,In Progress,,AdaTest,AdaTest@7rkd12.onmicrosoft.com,,,AdaTest;Bonnie Test,AdaTest@7rkd12.onmicrosoft.com;BonnieTest@7rkd12.onmicrosoft.com,2026-08-13 17:07:34,,,,2026-08-10 15:54:33,EDRMS Service,Dynamic service,,Create 500 Project Sites,API,,,,,,,,,,,,,,,,,,,,,,,,,,,,,,,,,,,,,,,,,,,
4952,[For Creating Test Sites] Create Project Site 20260811152456,In Progress,,Mihal,Mihal@7rkd12.onmicrosoft.com,,,Mihal;Bonnie Test,Mihal@7rkd12.onmicrosoft.com;BonnieTest@7rkd12.onmicrosoft.com,2026-08-13 17:07:23,,,,2026-08-12 00:24:56,EDRMS Service,Dynamic service,,[For Creating Test Sites] Create Project Site,API,,,,,,,,,,,,,,,,,,,,,,,,,,,,,,,,,,,,,,,,,,,
4961,[For Creating Test Sites] Create Project Site 20260812110134,In Progress,,Mihal,Mihal@7rkd12.onmicrosoft.com,,,Mihal;Bonnie Test,Mihal@7rkd12.onmicrosoft.com;BonnieTest@7rkd12.onmicrosoft.com,2026-08-13 17:07:23,,,,2026-08-12 20:01:34,EDRMS Service,Dynamic service,,[For Creating Test Sites] Create Project Site,API,,,,,,,,,,,,,,,,,,,,,,,,,,,,,,,,,,,,,,,,,,,
4969,[For Creating Test Sites] Create Project Site 20260813031031,In Progress,,Mihal,Mihal@7rkd12.onmicrosoft.com,,,Mihal;Bonnie Test,Mihal@7rkd12.onmicrosoft.com;BonnieTest@7rkd12.onmicrosoft.com,2026-08-13 17:07:23,,,,2026-08-13 12:10:31,EDRMS Service,Dynamic service,,[For Creating Test Sites] Create Project Site,API,,,,,,,,,,,,,,,,,,,,,,,,,,,,,,,,,,,,,,,,,,,
5086,[For Creating Test Sites] Create Project Site 20260813064747,Completed,,Mihal,Mihal@7rkd12.onmicrosoft.com,,,Mihal,Mihal@7rkd12.onmicrosoft.com,2026-08-13 17:05:53,,,,2026-08-13 15:47:47,EDRMS Service,Dynamic service,https://7rkd12.sharepoint.com/teams/prj_danegroupsite-088,[For Creating Test Sites] Create Project Site,API,,,,,,,,,,,,,,,,,,,,,,,,,,,,,,,,,,,,,,,,,,,
5014,[For Creating Test Sites] Create Project Site 20260813064034,In Progress,,Mihal,Mihal@7rkd12.onmicrosoft.com,,,Mihal,Mihal@7rkd12.onmicrosoft.com,2026-08-13 16:01:31,,,,2026-08-13 15:40:34,EDRMS Service,Dynamic service,,[For Creating Test Sites] Create Project Site,API,,,,,,,,,,,,,,,,,,,,,,,,,,,,,,,,,,,,,,,,,,,
5053,[For Creating Test Sites] Create Project Site 20260813064411,In Progress,,Mihal,Mihal@7rkd12.onmicrosoft.com,,,Mihal,Mihal@7rkd12.onmicrosoft.com,2026-08-13 16:01:29,,,,2026-08-13 15:44:11,EDRMS Service,Dynamic service,,[For Creating Test Sites] Create Project Site,API,,,,,,,,,,,,,,,,,,,,,,,,,,,,,,,,,,,,,,,,,,,
5055,[For Creating Test Sites] Create Project Site 20260813064417,In Progress,,Mihal,Mihal@7rkd12.onmicrosoft.com,,,Mihal,Mihal@7rkd12.onmicrosoft.com,2026-08-13 16:01:23,,,,2026-08-13 15:44:17,EDRMS Service,Dynamic service,,[For Creating Test Sites] Create Project Site,API,,,,,,,,,,,,,,,,,,,,,,,,,,,,,,,,,,,,,,,,,,,
5056,[For Creating Test Sites] Create Project Site 20260813064420,In Progress,,Mihal,Mihal@7rkd12.onmicrosoft.com,,,Mihal,Mihal@7rkd12.onmicrosoft.com,2026-08-13 16:00:35,,,,2026-08-13 15:44:20,EDRMS Service,Dynamic service,,[For Creating Test Sites] Create Project Site,API,,,,,,,,,,,,,,,,,,,,,,,,,,,,,,,,,,,,,,,,,,,
5054,[For Creating Test Sites] Create Project Site 20260813064414,In Progress,,Mihal,Mihal@7rkd12.onmicrosoft.com,,,Mihal,Mihal@7rkd12.onmicrosoft.com,2026-08-13 16:00:35,,,,2026-08-13 15:44:14,EDRMS Service,Dynamic service,,[For Creating Test Sites] Create Project Site,API,,,,,,,,,,,,,,,,,,,,,,,,,,,,,,,,,,,,,,,,,,,
5073,[For Creating Test Sites] Create Project Site 20260813064601,In Progress,,Mihal,Mihal@7rkd12.onmicrosoft.com,,,Mihal,Mihal@7rkd12.onmicrosoft.com,2026-08-13 16:00:32,,,,2026-08-13 15:46:01,EDRMS Service,Dynamic service,,[For Creating Test Sites] Create Project Site,API,,,,,,,,,,,,,,,,,,,,,,,,,,,,,,,,,,,,,,,,,,,
5030,[For Creating Test Sites] Create Project Site 20260813064157,In Progress,,Mihal,Mihal@7rkd12.onmicrosoft.com,,,Mihal,Mihal@7rkd12.onmicrosoft.com,2026-08-13 16:00:26,,,,2026-08-13 15:41:57,EDRMS Service,Dynamic service,,[For Creating Test Sites] Create Project Site,API,,,,,,,,,,,,,,,,,,,,,,,,,,,,,,,,,,,,,,,,,,,
5072,[For Creating Test Sites] Create Project Site 20260813064543,In Progress,,Mihal,Mihal@7rkd12.onmicrosoft.com,,,Mihal,Mihal@7rkd12.onmicrosoft.com,2026-08-13 16:00:22,,,,2026-08-13 15:45:43,EDRMS Service,Dynamic service,,[For Creating Test Sites] Create Project Site,API,,,,,,,,,,,,,,,,,,,,,,,,,,,,,,,,,,,,,,,,,,,
5027,[For Creating Test Sites] Create Project Site 20260813064150,In Progress,,Mihal,Mihal@7rkd12.onmicrosoft.com,,,Mihal,Mihal@7rkd12.onmicrosoft.com,2026-08-13 16:00:22,,,,2026-08-13 15:41:50,EDRMS Service,Dynamic service,,[For Creating Test Sites] Create Project Site,API,,,,,,,,,,,,,,,,,,,,,,,,,,,,,,,,,,,,,,,,,,,
5047,[For Creating Test Sites] Create Project Site 20260813064324,In Progress,,Mihal,Mihal@7rkd12.onmicrosoft.com,,,Mihal,Mihal@7rkd12.onmicrosoft.com,2026-08-13 15:59:08,,,,2026-08-13 15:43:24,EDRMS Service,Dynamic service,,[For Creating Test Sites] Create Project Site,API,,,,,,,,,,,,,,,,,,,,,,,,,,,,,,,,,,,,,,,,,,,
5015,[For Creating Test Sites] Create Project Site 20260813064037,In Progress,,Mihal,Mihal@7rkd12.onmicrosoft.com,,,Mihal,Mihal@7rkd12.onmicrosoft.com,2026-08-13 15:59:02,,,,2026-08-13 15:40:37,EDRMS Service,Dynamic service,,[For Creating Test Sites] Create Project Site,API,,,,,,,,,,,,,,,,,,,,,,,,,,,,,,,,,,,,,,,,,,,
5081,[For Creating Test Sites] Create Project Site 20260813064733,In Progress,,Mihal,Mihal@7rkd12.onmicrosoft.com,,,Mihal,Mihal@7rkd12.onmicrosoft.com,2026-08-13 15:58:00,,,,2026-08-13 15:47:33,EDRMS Service,Dynamic service,,[For Creating Test Sites] Create Project Site,API,,,,,,,,,,,,,,,,,,,,,,,,,,,,,,,,,,,,,,,,,,,
5021,[For Creating Test Sites] Create Project Site 20260813064054,In Progress,,Mihal,Mihal@7rkd12.onmicrosoft.com,,,Mihal,Mihal@7rkd12.onmicrosoft.com,2026-08-13 15:58:00,,,,2026-08-13 15:40:54,EDRMS Service,Dynamic service,,[For Creating Test Sites] Create Project Site,API,,,,,,,,,,,,,,,,,,,,,,,,,,,,,,,,,,,,,,,,,,,
5008,[For Creating Test Sites] Create Project Site 20260813063934,In Progress,,Mihal,Mihal@7rkd12.onmicrosoft.com,,,Mihal,Mihal@7rkd12.onmicrosoft.com,2026-08-13 15:57:59,,,,2026-08-13 15:39:34,EDRMS Service,Dynamic service,,[For Creating Test Sites] Create Project Site,API,,,,,,,,,,,,,,,,,,,,,,,,,,,,,,,,,,,,,,,,,,,
5085,[For Creating Test Sites] Create Project Site 20260813064744,In Progress,,Mihal,Mihal@7rkd12.onmicrosoft.com,,,Mihal,Mihal@7rkd12.onmicrosoft.com,2026-08-13 15:56:22,,,,2026-08-13 15:47:44,EDRMS Service,Dynamic service,,[For Creating Test Sites] Create Project Site,API,,,,,,,,,,,,,,,,,,,,,,,,,,,,,,,,,,,,,,,,,,,
5058,[For Creating Test Sites] Create Project Site 20260813064426,In Progress,,Mihal,Mihal@7rkd12.onmicrosoft.com,,,Mihal,Mihal@7rkd12.onmicrosoft.com,2026-08-13 15:55:31,,,,2026-08-13 15:44:26,EDRMS Service,Dynamic service,,[For Creating Test Sites] Create Project Site,API,,,,,,,,,,,,,,,,,,,,,,,,,,,,,,,,,,,,,,,,,,,
5020,[For Creating Test Sites] Create Project Site 20260813064050,In Progress,,Mihal,Mihal@7rkd12.onmicrosoft.com,,,Mihal,Mihal@7rkd12.onmicrosoft.com,2026-08-13 15:55:28,,,,2026-08-13 15:40:50,EDRMS Service,Dynamic service,,[For Creating Test Sites] Create Project Site,API,,,,,,,,,,,,,,,,,,,,,,,,,,,,,,,,,,,,,,,,,,,
5096,[For Creating Test Sites] Create Project Site 20260813064855,In Progress,,Mihal,Mihal@7rkd12.onmicrosoft.com,,,Mihal,Mihal@7rkd12.onmicrosoft.com,2026-08-13 15:55:21,,,,2026-08-13 15:48:55,EDRMS Service,Dynamic service,,[For Creating Test Sites] Create Project Site,API,,,,,,,,,,,,,,,,,,,,,,,,,,,,,,,,,,,,,,,,,,,
5097,[For Creating Test Sites] Create Project Site 20260813064858,In Progress,,Mihal,Mihal@7rkd12.onmicrosoft.com,,,Mihal,Mihal@7rkd12.onmicrosoft.com,2026-08-13 15:55:21,,,,2026-08-13 15:48:58,EDRMS Service,Dynamic service,,[For Creating Test Sites] Create Project Site,API,,,,,,,,,,,,,,,,,,,,,,,,,,,,,,,,,,,,,,,,,,,
5013,[For Creating Test Sites] Create Project Site 20260813064032,In Progress,,Mihal,Mihal@7rkd12.onmicrosoft.com,,,Mihal,Mihal@7rkd12.onmicrosoft.com,2026-08-13 15:55:21,,,,2026-08-13 15:40:32,EDRMS Service,Dynamic service,,[For Creating Test Sites] Create Project Site,API,,,,,,,,,,,,,,,,,,,,,,,,,,,,,,,,,,,,,,,,,,,
5095,[For Creating Test Sites] Create Project Site 20260813064852,In Progress,,Mihal,Mihal@7rkd12.onmicrosoft.com,,,Mihal,Mihal@7rkd12.onmicrosoft.com,2026-08-13 15:55:20,,,,2026-08-13 15:48:52,EDRMS Service,Dynamic service,,[For Creating Test Sites] Create Project Site,API,,,,,,,,,,,,,,,,,,,,,,,,,,,,,,,,,,,,,,,,,,,
5094,[For Creating Test Sites] Create Project Site 20260813064850,In Progress,,Mihal,Mihal@7rkd12.onmicrosoft.com,,,Mihal,Mihal@7rkd12.onmicrosoft.com,2026-08-13 15:55:19,,,,2026-08-13 15:48:50,EDRMS Service,Dynamic service,,[For Creating Test Sites] Create Project Site,API,,,,,,,,,,,,,,,,,,,,,,,,,,,,,,,,,,,,,,,,,,,
5025,[For Creating Test Sites] Create Project Site 20260813064144,In Progress,,Mihal,Mihal@7rkd12.onmicrosoft.com,,,Mihal,Mihal@7rkd12.onmicrosoft.com,2026-08-13 15:54:19,,,,2026-08-13 15:41:44,EDRMS Service,Dynamic service,,[For Creating Test Sites] Create Project Site,API,,,,,,,,,,,,,,,,,,,,,,,,,,,,,,,,,,,,,,,,,,,
5088,[For Creating Test Sites] Create Project Site 20260813064752,In Progress,,Mihal,Mihal@7rkd12.onmicrosoft.com,,,Mihal,Mihal@7rkd12.onmicrosoft.com,2026-08-13 15:54:19,,,,2026-08-13 15:47:52,EDRMS Service,Dynamic service,,[For Creating Test Sites] Create Project Site,API,,,,,,,,,,,,,,,,,,,,,,,,,,,,,,,,,,,,,,,,,,,
5087,[For Creating Test Sites] Create Project Site 20260813064750,In Progress,,Mihal,Mihal@7rkd12.onmicrosoft.com,,,Mihal,Mihal@7rkd12.onmicrosoft.com,2026-08-13 15:54:19,,,,2026-08-13 15:47:50,EDRMS Service,Dynamic service,,[For Creating Test Sites] Create Project Site,API,,,,,,,,,,,,,,,,,,,,,,,,,,,,,,,,,,,,,,,,,,,
5083,[For Creating Test Sites] Create Project Site 20260813064739,In Progress,,Mihal,Mihal@7rkd12.onmicrosoft.com,,,Mihal,Mihal@7rkd12.onmicrosoft.com,2026-08-13 15:54:12,,,,2026-08-13 15:47:39,EDRMS Service,Dynamic service,,[For Creating Test Sites] Create Project Site,API,,,,,,,,,,,,,,,,,,,,,,,,,,,,,,,,,,,,,,,,,,,
5084,[For Creating Test Sites] Create Project Site 20260813064741,In Progress,,Mihal,Mihal@7rkd12.onmicrosoft.com,,,Mihal,Mihal@7rkd12.onmicrosoft.com,2026-08-13 15:54:11,,,,2026-08-13 15:47:41,EDRMS Service,Dynamic service,,[For Creating Test Sites] Create Project Site,API,,,,,,,,,,,,,,,,,,,,,,,,,,,,,,,,,,,,,,,,,,,
5082,[For Creating Test Sites] Create Project Site 20260813064736,In Progress,,Mihal,Mihal@7rkd12.onmicrosoft.com,,,Mihal,Mihal@7rkd12.onmicrosoft.com,2026-08-13 15:54:09,,,,2026-08-13 15:47:36,EDRMS Service,Dynamic service,,[For Creating Test Sites] Create Project Site,API,,,,,,,,,,,,,,,,,,,,,,,,,,,,,,,,,,,,,,,,,,,
5036,[For Creating Test Sites] Create Project Site 20260813064229,In Progress,,Mihal,Mihal@7rkd12.onmicrosoft.com,,,Mihal,Mihal@7rkd12.onmicrosoft.com,2026-08-13 15:52:58,,,,2026-08-13 15:42:29,EDRMS Service,Dynamic service,,[For Creating Test Sites] Create Project Site,API,,,,,,,,,,,,,,,,,,,,,,,,,,,,,,,,,,,,,,,,,,,
5075,[For Creating Test Sites] Create Project Site 20260813064632,In Progress,,Mihal,Mihal@7rkd12.onmicrosoft.com,,,Mihal,Mihal@7rkd12.onmicrosoft.com,2026-08-13 15:52:57,,,,2026-08-13 15:46:32,EDRMS Service,Dynamic service,,[For Creating Test Sites] Create Project Site,API,,,,,,,,,,,,,,,,,,,,,,,,,,,,,,,,,,,,,,,,,,,
5076,[For Creating Test Sites] Create Project Site 20260813064635,In Progress,,Mihal,Mihal@7rkd12.onmicrosoft.com,,,Mihal,Mihal@7rkd12.onmicrosoft.com,2026-08-13 15:52:57,,,,2026-08-13 15:46:35,EDRMS Service,Dynamic service,,[For Creating Test Sites] Create Project Site,API,,,,,,,,,,,,,,,,,,,,,,,,,,,,,,,,,,,,,,,,,,,
5074,[For Creating Test Sites] Create Project Site 20260813064629,In Progress,,Mihal,Mihal@7rkd12.onmicrosoft.com,,,Mihal,Mihal@7rkd12.onmicrosoft.com,2026-08-13 15:52:52,,,,2026-08-13 15:46:29,EDRMS Service,Dynamic service,,[For Creating Test Sites] Create Project Site,API,,,,,,,,,,,,,,,,,,,,,,,,,,,,,,,,,,,,,,,,,,,
5000,[For Creating Test Sites] Create Project Site 20260813063914,In Progress,,Mihal,Mihal@7rkd12.onmicrosoft.com,,,Mihal,Mihal@7rkd12.onmicrosoft.com,2026-08-13 15:52:51,,,,2026-08-13 15:39:14,EDRMS Service,Dynamic service,,[For Creating Test Sites] Create Project Site,API,,,,,,,,,,,,,,,,,,,,,,,,,,,,,,,,,,,,,,,,,,,
5093,[For Creating Test Sites] Create Project Site 20260813064826,In Progress,,Mihal,Mihal@7rkd12.onmicrosoft.com,,,Mihal,Mihal@7rkd12.onmicrosoft.com,2026-08-13 15:52:50,,,,2026-08-13 15:48:26,EDRMS Service,Dynamic service,,[For Creating Test Sites] Create Project Site,API,,,,,,,,,,,,,,,,,,,,,,,,,,,,,,,,,,,,,,,,,,,
5022,[For Creating Test Sites] Create Project Site 20260813064112,In Progress,,Mihal,Mihal@7rkd12.onmicrosoft.com,,,Mihal,Mihal@7rkd12.onmicrosoft.com,2026-08-13 15:51:45,,,,2026-08-13 15:41:12,EDRMS Service,Dynamic service,,[For Creating Test Sites] Create Project Site,API,,,,,,,,,,,,,,,,,,,,,,,,,,,,,,,,,,,,,,,,,,,
5019,[For Creating Test Sites] Create Project Site 20260813064047,In Progress,,Mihal,Mihal@7rkd12.onmicrosoft.com,,,Mihal,Mihal@7rkd12.onmicrosoft.com,2026-08-13 15:51:44,,,,2026-08-13 15:40:47,EDRMS Service,Dynamic service,,[For Creating Test Sites] Create Project Site,API,,,,,,,,,,,,,,,,,,,,,,,,,,,,,,,,,,,,,,,,,,,
5061,[For Creating Test Sites] Create Project Site 20260813064515,In Progress,,Mihal,Mihal@7rkd12.onmicrosoft.com,,,Mihal,Mihal@7rkd12.onmicrosoft.com,2026-08-13 15:51:40,,,,2026-08-13 15:45:15,EDRMS Service,Dynamic service,,[For Creating Test Sites] Create Project Site,API,,,,,,,,,,,,,,,,,,,,,,,,,,,,,,,,,,,,,,,,,,,
5062,[For Creating Test Sites] Create Project Site 20260813064517,In Progress,,Mihal,Mihal@7rkd12.onmicrosoft.com,,,Mihal,Mihal@7rkd12.onmicrosoft.com,2026-08-13 15:51:39,,,,2026-08-13 15:45:17,EDRMS Service,Dynamic service,,[For Creating Test Sites] Create Project Site,API,,,,,,,,,,,,,,,,,,,,,,,,,,,,,,,,,,,,,,,,,,,
5079,[For Creating Test Sites] Create Project Site 20260813064658,In Progress,,Mihal,Mihal@7rkd12.onmicrosoft.com,,,Mihal,Mihal@7rkd12.onmicrosoft.com,2026-08-13 15:51:36,,,,2026-08-13 15:46:58,EDRMS Service,Dynamic service,,[For Creating Test Sites] Create Project Site,API,,,,,,,,,,,,,,,,,,,,,,,,,,,,,,,,,,,,,,,,,,,
5039,[For Creating Test Sites] Create Project Site 20260813064252,In Progress,,Mihal,Mihal@7rkd12.onmicrosoft.com,,,Mihal,Mihal@7rkd12.onmicrosoft.com,2026-08-13 15:51:34,,,,2026-08-13 15:42:52,EDRMS Service,Dynamic service,,[For Creating Test Sites] Create Project Site,API,,,,,,,,,,,,,,,,,,,,,,,,,,,,,,,,,,,,,,,,,,,
5037,[For Creating Test Sites] Create Project Site 20260813064247,In Progress,,Mihal,Mihal@7rkd12.onmicrosoft.com,,,Mihal,Mihal@7rkd12.onmicrosoft.com,2026-08-13 15:51:30,,,,2026-08-13 15:42:47,EDRMS Service,Dynamic service,,[For Creating Test Sites] Create Project Site,API,,,,,,,,,,,,,,,,,,,,,,,,,,,,,,,,,,,,,,,,,,,
5041,[For Creating Test Sites] Create Project Site 20260813064257,In Progress,,Mihal,Mihal@7rkd12.onmicrosoft.com,,,Mihal,Mihal@7rkd12.onmicrosoft.com,2026-08-13 15:51:29,,,,2026-08-13 15:42:57,EDRMS Service,Dynamic service,,[For Creating Test Sites] Create Project Site,API,,,,,,,,,,,,,,,,,,,,,,,,,,,,,,,,,,,,,,,,,,,
5059,[For Creating Test Sites] Create Project Site 20260813064459,In Progress,,Mihal,Mihal@7rkd12.onmicrosoft.com,,,Mihal,Mihal@7rkd12.onmicrosoft.com,2026-08-13 15:51:29,,,,2026-08-13 15:44:59,EDRMS Service,Dynamic service,,[For Creating Test Sites] Create Project Site,API,,,,,,,,,,,,,,,,,,,,,,,,,,,,,,,,,,,,,,,,,,,
5042,[For Creating Test Sites] Create Project Site 20260813064300,In Progress,,Mihal,Mihal@7rkd12.onmicrosoft.com,,,Mihal,Mihal@7rkd12.onmicrosoft.com,2026-08-13 15:51:28,,,,2026-08-13 15:43:00,EDRMS Service,Dynamic service,,[For Creating Test Sites] Create Project Site,API,,,,,,,,,,,,,,,,,,,,,,,,,,,,,,,,,,,,,,,,,,,
5040,[For Creating Test Sites] Create Project Site 20260813064255,In Progress,,Mihal,Mihal@7rkd12.onmicrosoft.com,,,Mihal,Mihal@7rkd12.onmicrosoft.com,2026-08-13 15:51:28,,,,2026-08-13 15:42:55,EDRMS Service,Dynamic service,,[For Creating Test Sites] Create Project Site,API,,,,,,,,,,,,,,,,,,,,,,,,,,,,,,,,,,,,,,,,,,,
5038,[For Creating Test Sites] Create Project Site 20260813064250,In Progress,,Mihal,Mihal@7rkd12.onmicrosoft.com,,,Mihal,Mihal@7rkd12.onmicrosoft.com,2026-08-13 15:51:26,,,,2026-08-13 15:42:50,EDRMS Service,Dynamic service,,[For Creating Test Sites] Create Project Site,API,,,,,,,,,,,,,,,,,,,,,,,,,,,,,,,,,,,,,,,,,,,
5092,[For Creating Test Sites] Create Project Site 20260813064818,In Progress,,Mihal,Mihal@7rkd12.onmicrosoft.com,,,Mihal,Mihal@7rkd12.onmicrosoft.com,2026-08-13 15:50:39,,,,2026-08-13 15:48:18,EDRMS Service,Dynamic service,,[For Creating Test Sites] Create Project Site,API,,,,,,,,,,,,,,,,,,,,,,,,,,,,,,,,,,,,,,,,,,,
5048,[For Creating Test Sites] Create Project Site 20260813064357,In Progress,,Mihal,Mihal@7rkd12.onmicrosoft.com,,,Mihal,Mihal@7rkd12.onmicrosoft.com,2026-08-13 15:50:31,,,,2026-08-13 15:43:57,EDRMS Service,Dynamic service,,[For Creating Test Sites] Create Project Site,API,,,,,,,,,,,,,,,,,,,,,,,,,,,,,,,,,,,,,,,,,,,
5050,[For Creating Test Sites] Create Project Site 20260813064403,In Progress,,Mihal,Mihal@7rkd12.onmicrosoft.com,,,Mihal,Mihal@7rkd12.onmicrosoft.com,2026-08-13 15:50:31,,,,2026-08-13 15:44:03,EDRMS Service,Dynamic service,,[For Creating Test Sites] Create Project Site,API,,,,,,,,,,,,,,,,,,,,,,,,,,,,,,,,,,,,,,,,,,,
5090,[For Creating Test Sites] Create Project Site 20260813064758,In Progress,,Mihal,Mihal@7rkd12.onmicrosoft.com,,,Mihal,Mihal@7rkd12.onmicrosoft.com,2026-08-13 15:50:27,,,,2026-08-13 15:47:58,EDRMS Service,Dynamic service,,[For Creating Test Sites] Create Project Site,API,,,,,,,,,,,,,,,,,,,,,,,,,,,,,,,,,,,,,,,,,,,
5026,[For Creating Test Sites] Create Project Site 20260813064147,In Progress,,Mihal,Mihal@7rkd12.onmicrosoft.com,,,Mihal,Mihal@7rkd12.onmicrosoft.com,2026-08-13 15:50:26,,,,2026-08-13 15:41:47,EDRMS Service,Dynamic service,,[For Creating Test Sites] Create Project Site,API,,,,,,,,,,,,,,,,,,,,,,,,,,,,,,,,,,,,,,,,,,,
5091,[For Creating Test Sites] Create Project Site 20260813064800,In Progress,,Mihal,Mihal@7rkd12.onmicrosoft.com,,,Mihal,Mihal@7rkd12.onmicrosoft.com,2026-08-13 15:50:23,,,,2026-08-13 15:48:00,EDRMS Service,Dynamic service,,[For Creating Test Sites] Create Project Site,API,,,,,,,,,,,,,,,,,,,,,,,,,,,,,,,,,,,,,,,,,,,
5049,[For Creating Test Sites] Create Project Site 20260813064400,In Progress,,Mihal,Mihal@7rkd12.onmicrosoft.com,,,Mihal,Mihal@7rkd12.onmicrosoft.com,2026-08-13 15:50:22,,,,2026-08-13 15:44:00,EDRMS Service,Dynamic service,,[For Creating Test Sites] Create Project Site,API,,,,,,,,,,,,,,,,,,,,,,,,,,,,,,,,,,,,,,,,,,,
5024,[For Creating Test Sites] Create Project Site 20260813064142,In Progress,,Mihal,Mihal@7rkd12.onmicrosoft.com,,,Mihal,Mihal@7rkd12.onmicrosoft.com,2026-08-13 15:50:22,,,,2026-08-13 15:41:42,EDRMS Service,Dynamic service,,[For Creating Test Sites] Create Project Site,API,,,,,,,,,,,,,,,,,,,,,,,,,,,,,,,,,,,,,,,,,,,
5089,[For Creating Test Sites] Create Project Site 20260813064755,In Progress,,Mihal,Mihal@7rkd12.onmicrosoft.com,,,Mihal,Mihal@7rkd12.onmicrosoft.com,2026-08-13 15:50:21,,,,2026-08-13 15:47:55,EDRMS Service,Dynamic service,,[For Creating Test Sites] Create Project Site,API,,,,,,,,,,,,,,,,,,,,,,,,,,,,,,,,,,,,,,,,,,,
5070,[For Creating Test Sites] Create Project Site 20260813064538,In Progress,,Mihal,Mihal@7rkd12.onmicrosoft.com,,,Mihal,Mihal@7rkd12.onmicrosoft.com,2026-08-13 15:50:11,,,,2026-08-13 15:45:38,EDRMS Service,Dynamic service,,[For Creating Test Sites] Create Project Site,API,,,,,,,,,,,,,,,,,,,,,,,,,,,,,,,,,,,,,,,,,,,
5003,[For Creating Test Sites] Create Project Site 20260813063921,In Progress,,Mihal,Mihal@7rkd12.onmicrosoft.com,,,Mihal,Mihal@7rkd12.onmicrosoft.com,2026-08-13 15:50:06,,,,2026-08-13 15:39:21,EDRMS Service,Dynamic service,,[For Creating Test Sites] Create Project Site,API,,,,,,,,,,,,,,,,,,,,,,,,,,,,,,,,,,,,,,,,,,,
5068,[For Creating Test Sites] Create Project Site 20260813064533,In Progress,,Mihal,Mihal@7rkd12.onmicrosoft.com,,,Mihal,Mihal@7rkd12.onmicrosoft.com,2026-08-13 15:50:05,,,,2026-08-13 15:45:33,EDRMS Service,Dynamic service,,[For Creating Test Sites] Create Project Site,API,,,,,,,,,,,,,,,,,,,,,,,,,,,,,,,,,,,,,,,,,,,
5002,[For Creating Test Sites] Create Project Site 20260813063919,In Progress,,Mihal,Mihal@7rkd12.onmicrosoft.com,,,Mihal,Mihal@7rkd12.onmicrosoft.com,2026-08-13 15:50:05,,,,2026-08-13 15:39:19,EDRMS Service,Dynamic service,,[For Creating Test Sites] Create Project Site,API,,,,,,,,,,,,,,,,,,,,,,,,,,,,,,,,,,,,,,,,,,,
5011,[For Creating Test Sites] Create Project Site 20260813064027,In Progress,,Mihal,Mihal@7rkd12.onmicrosoft.com,,,Mihal,Mihal@7rkd12.onmicrosoft.com,2026-08-13 15:49:06,,,,2026-08-13 15:40:27,EDRMS Service,Dynamic service,,[For Creating Test Sites] Create Project Site,API,,,,,,,,,,,,,,,,,,,,,,,,,,,,,,,,,,,,,,,,,,,
5077,[For Creating Test Sites] Create Project Site 20260813064637,In Progress,,Mihal,Mihal@7rkd12.onmicrosoft.com,,,Mihal,Mihal@7rkd12.onmicrosoft.com,2026-08-13 15:49:04,,,,2026-08-13 15:46:37,EDRMS Service,Dynamic service,,[For Creating Test Sites] Create Project Site,API,,,,,,,,,,,,,,,,,,,,,,,,,,,,,,,,,,,,,,,,,,,
5078,[For Creating Test Sites] Create Project Site 20260813064640,In Progress,,Mihal,Mihal@7rkd12.onmicrosoft.com,,,Mihal,Mihal@7rkd12.onmicrosoft.com,2026-08-13 15:49:04,,,,2026-08-13 15:46:40,EDRMS Service,Dynamic service,,[For Creating Test Sites] Create Project Site,API,,,,,,,,,,,,,,,,,,,,,,,,,,,,,,,,,,,,,,,,,,,
5010,[For Creating Test Sites] Create Project Site 20260813064024,In Progress,,Mihal,Mihal@7rkd12.onmicrosoft.com,,,Mihal,Mihal@7rkd12.onmicrosoft.com,2026-08-13 15:48:58,,,,2026-08-13 15:40:24,EDRMS Service,Dynamic service,,[For Creating Test Sites] Create Project Site,API,,,,,,,,,,,,,,,,,,,,,,,,,,,,,,,,,,,,,,,,,,,
5012,[For Creating Test Sites] Create Project Site 20260813064029,In Progress,,Mihal,Mihal@7rkd12.onmicrosoft.com,,,Mihal,Mihal@7rkd12.onmicrosoft.com,2026-08-13 15:48:54,,,,2026-08-13 15:40:29,EDRMS Service,Dynamic service,,[For Creating Test Sites] Create Project Site,API,,,,,,,,,,,,,,,,,,,,,,,,,,,,,,,,,,,,,,,,,,,
5069,[For Creating Test Sites] Create Project Site 20260813064535,In Progress,,Mihal,Mihal@7rkd12.onmicrosoft.com,,,Mihal,Mihal@7rkd12.onmicrosoft.com,2026-08-13 15:47:56,,,,2026-08-13 15:45:35,EDRMS Service,Dynamic service,,[For Creating Test Sites] Create Project Site,API,,,,,,,,,,,,,,,,,,,,,,,,,,,,,,,,,,,,,,,,,,,
5046,[For Creating Test Sites] Create Project Site 20260813064322,In Progress,,Mihal,Mihal@7rkd12.onmicrosoft.com,,,Mihal,Mihal@7rkd12.onmicrosoft.com,2026-08-13 15:47:55,,,,2026-08-13 15:43:22,EDRMS Service,Dynamic service,,[For Creating Test Sites] Create Project Site,API,,,,,,,,,,,,,,,,,,,,,,,,,,,,,,,,,,,,,,,,,,,
5004,[For Creating Test Sites] Create Project Site 20260813063924,In Progress,,Mihal,Mihal@7rkd12.onmicrosoft.com,,,Mihal,Mihal@7rkd12.onmicrosoft.com,2026-08-13 15:47:55,,,,2026-08-13 15:39:24,EDRMS Service,Dynamic service,,[For Creating Test Sites] Create Project Site,API,,,,,,,,,,,,,,,,,,,,,,,,,,,,,,,,,,,,,,,,,,,
5044,[For Creating Test Sites] Create Project Site 20260813064316,In Progress,,Mihal,Mihal@7rkd12.onmicrosoft.com,,,Mihal,Mihal@7rkd12.onmicrosoft.com,2026-08-13 15:47:45,,,,2026-08-13 15:43:16,EDRMS Service,Dynamic service,,[For Creating Test Sites] Create Project Site,API,,,,,,,,,,,,,,,,,,,,,,,,,,,,,,,,,,,,,,,,,,,
5051,[For Creating Test Sites] Create Project Site 20260813064406,In Progress,,Mihal,Mihal@7rkd12.onmicrosoft.com,,,Mihal,Mihal@7rkd12.onmicrosoft.com,2026-08-13 15:46:44,,,,2026-08-13 15:44:06,EDRMS Service,Dynamic service,,[For Creating Test Sites] Create Project Site,API,,,,,,,,,,,,,,,,,,,,,,,,,,,,,,,,,,,,,,,,,,,
5052,[For Creating Test Sites] Create Project Site 20260813064408,In Progress,,Mihal,Mihal@7rkd12.onmicrosoft.com,,,Mihal,Mihal@7rkd12.onmicrosoft.com,2026-08-13 15:46:43,,,,2026-08-13 15:44:08,EDRMS Service,Dynamic service,,[For Creating Test Sites] Create Project Site,API,,,,,,,,,,,,,,,,,,,,,,,,,,,,,,,,,,,,,,,,,,,
5035,[For Creating Test Sites] Create Project Site 20260813064211,In Progress,,Mihal,Mihal@7rkd12.onmicrosoft.com,,,Mihal,Mihal@7rkd12.onmicrosoft.com,2026-08-13 15:46:41,,,,2026-08-13 15:42:11,EDRMS Service,Dynamic service,,[For Creating Test Sites] Create Project Site,API,,,,,,,,,,,,,,,,,,,,,,,,,,,,,,,,,,,,,,,,,,,
5034,[For Creating Test Sites] Create Project Site 20260813064208,In Progress,,Mihal,Mihal@7rkd12.onmicrosoft.com,,,Mihal,Mihal@7rkd12.onmicrosoft.com,2026-08-13 15:46:41,,,,2026-08-13 15:42:08,EDRMS Service,Dynamic service,,[For Creating Test Sites] Create Project Site,API,,,,,,,,,,,,,,,,,,,,,,,,,,,,,,,,,,,,,,,,,,,
5009,[For Creating Test Sites] Create Project Site 20260813064007,In Progress,,Mihal,Mihal@7rkd12.onmicrosoft.com,,,Mihal,Mihal@7rkd12.onmicrosoft.com,2026-08-13 15:46:38,,,,2026-08-13 15:40:07,EDRMS Service,Dynamic service,,[For Creating Test Sites] Create Project Site,API,,,,,,,,,,,,,,,,,,,,,,,,,,,,,,,,,,,,,,,,,,,
5032,[For Creating Test Sites] Create Project Site 20260813064202,In Progress,,Mihal,Mihal@7rkd12.onmicrosoft.com,,,Mihal,Mihal@7rkd12.onmicrosoft.com,2026-08-13 15:46:29,,,,2026-08-13 15:42:02,EDRMS Service,Dynamic service,,[For Creating Test Sites] Create Project Site,API,,,,,,,,,,,,,,,,,,,,,,,,,,,,,,,,,,,,,,,,,,,
5033,[For Creating Test Sites] Create Project Site 20260813064205,In Progress,,Mihal,Mihal@7rkd12.onmicrosoft.com,,,Mihal,Mihal@7rkd12.onmicrosoft.com,2026-08-13 15:46:29,,,,2026-08-13 15:42:05,EDRMS Service,Dynamic service,,[For Creating Test Sites] Create Project Site,API,,,,,,,,,,,,,,,,,,,,,,,,,,,,,,,,,,,,,,,,,,,
5031,[For Creating Test Sites] Create Project Site 20260813064200,In Progress,,Mihal,Mihal@7rkd12.onmicrosoft.com,,,Mihal,Mihal@7rkd12.onmicrosoft.com,2026-08-13 15:46:29,,,,2026-08-13 15:42:00,EDRMS Service,Dynamic service,,[For Creating Test Sites] Create Project Site,API,,,,,,,,,,,,,,,,,,,,,,,,,,,,,,,,,,,,,,,,,,,
5001,[For Creating Test Sites] Create Project Site 20260813063916,In Progress,,Mihal,Mihal@7rkd12.onmicrosoft.com,,,Mihal,Mihal@7rkd12.onmicrosoft.com,2026-08-13 15:45:44,,,,2026-08-13 15:39:16,EDRMS Service,Dynamic service,,[For Creating Test Sites] Create Project Site,API,,,,,,,,,,,,,,,,,,,,,,,,,,,,,,,,,,,,,,,,,,,
5045,[For Creating Test Sites] Create Project Site 20260813064319,In Progress,,Mihal,Mihal@7rkd12.onmicrosoft.com,,,Mihal,Mihal@7rkd12.onmicrosoft.com,2026-08-13 15:45:40,,,,2026-08-13 15:43:19,EDRMS Service,Dynamic service,,[For Creating Test Sites] Create Project Site,API,,,,,,,,,,,,,,,,,,,,,,,,,,,,,,,,,,,,,,,,,,,
4999,[For Creating Test Sites] Create Project Site 20260813063911,In Progress,,Mihal,Mihal@7rkd12.onmicrosoft.com,,,Mihal,Mihal@7rkd12.onmicrosoft.com,2026-08-13 15:45:39,,,,2026-08-13 15:39:11,EDRMS Service,Dynamic service,,[For Creating Test Sites] Create Project Site,API,,,,,,,,,,,,,,,,,,,,,,,,,,,,,,,,,,,,,,,,,,,
5043,[For Creating Test Sites] Create Project Site 20260813064313,In Progress,,Mihal,Mihal@7rkd12.onmicrosoft.com,,,Mihal,Mihal@7rkd12.onmicrosoft.com,2026-08-13 15:45:36,,,,2026-08-13 15:43:13,EDRMS Service,Dynamic service,,[For Creating Test Sites] Create Project Site,API,,,,,,,,,,,,,,,,,,,,,,,,,,,,,,,,,,,,,,,,,,,
5029,[For Creating Test Sites] Create Project Site 20260813064155,In Progress,,Mihal,Mihal@7rkd12.onmicrosoft.com,,,Mihal,Mihal@7rkd12.onmicrosoft.com,2026-08-13 15:44:27,,,,2026-08-13 15:41:55,EDRMS Service,Dynamic service,,[For Creating Test Sites] Create Project Site,API,,,,,,,,,,,,,,,,,,,,,,,,,,,,,,,,,,,,,,,,,,,
5028,[For Creating Test Sites] Create Project Site 20260813064152,In Progress,,Mihal,Mihal@7rkd12.onmicrosoft.com,,,Mihal,Mihal@7rkd12.onmicrosoft.com,2026-08-13 15:44:26,,,,2026-08-13 15:41:52,EDRMS Service,Dynamic service,,[For Creating Test Sites] Create Project Site,API,,,,,,,,,,,,,,,,,,,,,,,,,,,,,,,,,,,,,,,,,,,
5018,[For Creating Test Sites] Create Project Site 20260813064044,In Progress,,Mihal,Mihal@7rkd12.onmicrosoft.com,,,Mihal,Mihal@7rkd12.onmicrosoft.com,2026-08-13 15:43:08,,,,2026-08-13 15:40:44,EDRMS Service,Dynamic service,,[For Creating Test Sites] Create Project Site,API,,,,,,,,,,,,,,,,,,,,,,,,,,,,,,,,,,,,,,,,,,,
5017,[For Creating Test Sites] Create Project Site 20260813064042,In Progress,,Mihal,Mihal@7rkd12.onmicrosoft.com,,,Mihal,Mihal@7rkd12.onmicrosoft.com,2026-08-13 15:43:05,,,,2026-08-13 15:40:42,EDRMS Service,Dynamic service,,[For Creating Test Sites] Create Project Site,API,,,,,,,,,,,,,,,,,,,,,,,,,,,,,,,,,,,,,,,,,,,
5016,[For Creating Test Sites] Create Project Site 20260813064039,In Progress,,Mihal,Mihal@7rkd12.onmicrosoft.com,,,Mihal,Mihal@7rkd12.onmicrosoft.com,2026-08-13 15:43:04,,,,2026-08-13 15:40:39,EDRMS Service,Dynamic service,,[For Creating Test Sites] Create Project Site,API,,,,,,,,,,,,,,,,,,,,,,,,,,,,,,,,,,,,,,,,,,,
5006,[For Creating Test Sites] Create Project Site 20260813063929,In Progress,,Mihal,Mihal@7rkd12.onmicrosoft.com,,,Mihal,Mihal@7rkd12.onmicrosoft.com,2026-08-13 15:41:54,,,,2026-08-13 15:39:29,EDRMS Service,Dynamic service,,[For Creating Test Sites] Create Project Site,API,,,,,,,,,,,,,,,,,,,,,,,,,,,,,,,,,,,,,,,,,,,
5007,[For Creating Test Sites] Create Project Site 20260813063932,In Progress,,Mihal,Mihal@7rkd12.onmicrosoft.com,,,Mihal,Mihal@7rkd12.onmicrosoft.com,2026-08-13 15:41:54,,,,2026-08-13 15:39:32,EDRMS Service,Dynamic service,,[For Creating Test Sites] Create Project Site,API,,,,,,,,,,,,,,,,,,,,,,,,,,,,,,,,,,,,,,,,,,,
5005,[For Creating Test Sites] Create Project Site 20260813063926,In Progress,,Mihal,Mihal@7rkd12.onmicrosoft.com,,,Mihal,Mihal@7rkd12.onmicrosoft.com,2026-08-13 15:41:53,,,,2026-08-13 15:39:26,EDRMS Service,Dynamic service,,[For Creating Test Sites] Create Project Site,API,,,,,,,,,,,,,,,,,,,,,,,,,,,,,,,,,,,,,,,,,,,
4987,[For Creating Test Sites] Create Project Site 20260813031157,Completed,,Mihal,Mihal@7rkd12.onmicrosoft.com,,,Mihal,Mihal@7rkd12.onmicrosoft.com,2026-08-13 15:21:40,,,,2026-08-13 12:11:57,EDRMS Service,Dynamic service,https://7rkd12.sharepoint.com/teams/prj_dane-c-19,[For Creating Test Sites] Create Project Site,API,,,,,,,,,,,,,,,,,,,,,,,,,,,,,,,,,,,,,,,,,,,
4983,[For Creating Test Sites] Create Project Site 20260813031147,Completed,,Mihal,Mihal@7rkd12.onmicrosoft.com,,,Mihal,Mihal@7rkd12.onmicrosoft.com,2026-08-13 15:21:09,,,,2026-08-13 12:11:47,EDRMS Service,Dynamic service,https://7rkd12.sharepoint.com/teams/prj_dane-c-15,[For Creating Test Sites] Create Project Site,API,,,,,,,,,,,,,,,,,,,,,,,,,,,,,,,,,,,,,,,,,,,
4984,[For Creating Test Sites] Create Project Site 20260813031149,Completed,,Mihal,Mihal@7rkd12.onmicrosoft.com,,,Mihal,Mihal@7rkd12.onmicrosoft.com,2026-08-13 15:18:02,,,,2026-08-13 12:11:49,EDRMS Service,Dynamic service,https://7rkd12.sharepoint.com/teams/prj_dane-c-16,[For Creating Test Sites] Create Project Site,API,,,,,,,,,,,,,,,,,,,,,,,,,,,,,,,,,,,,,,,,,,,
4976,[For Creating Test Sites] Create Project Site 20260813031047,Completed,,Mihal,Mihal@7rkd12.onmicrosoft.com,,,Mihal,Mihal@7rkd12.onmicrosoft.com,2026-08-13 14:59:02,,,,2026-08-13 12:10:47,EDRMS Service,Dynamic service,https://7rkd12.sharepoint.com/teams/prj_dane-c-8,[For Creating Test Sites] Create Project Site,API,,,,,,,,,,,,,,,,,,,,,,,,,,,,,,,,,,,,,,,,,,,
4972,[For Creating Test Sites] Create Project Site 20260813031038,Completed,,Mihal,Mihal@7rkd12.onmicrosoft.com,,,Mihal,Mihal@7rkd12.onmicrosoft.com,2026-08-13 14:52:54,,,,2026-08-13 12:10:38,EDRMS Service,Dynamic service,https://7rkd12.sharepoint.com/teams/prj_dane-c-4,[For Creating Test Sites] Create Project Site,API,,,,,,,,,,,,,,,,,,,,,,,,,,,,,,,,,,,,,,,,,,,
4973,[For Creating Test Sites] Create Project Site 20260813031040,Completed,,Mihal,Mihal@7rkd12.onmicrosoft.com,,,Mihal,Mihal@7rkd12.onmicrosoft.com,2026-08-13 14:38:51,,,,2026-08-13 12:10:40,EDRMS Service,Dynamic service,https://7rkd12.sharepoint.com/teams/prj_dane-c-5,[For Creating Test Sites] Create Project Site,API,,,,,,,,,,,,,,,,,,,,,,,,,,,,,,,,,,,,,,,,,,,
4974,[For Creating Test Sites] Create Project Site 20260813031043,Completed,,Mihal,Mihal@7rkd12.onmicrosoft.com,,,Mihal,Mihal@7rkd12.onmicrosoft.com,2026-08-13 14:37:50,,,,2026-08-13 12:10:43,EDRMS Service,Dynamic service,https://7rkd12.sharepoint.com/teams/prj_dane-c-6,[For Creating Test Sites] Create Project Site,API,,,,,,,,,,,,,,,,,,,,,,,,,,,,,,,,,,,,,,,,,,,
4975,[For Creating Test Sites] Create Project Site 20260813031045,Completed,,Mihal,Mihal@7rkd12.onmicrosoft.com,,,Mihal,Mihal@7rkd12.onmicrosoft.com,2026-08-13 14:29:09,,,,2026-08-13 12:10:45,EDRMS Service,Dynamic service,https://7rkd12.sharepoint.com/teams/prj_dane-c-7,[For Creating Test Sites] Create Project Site,API,,,,,,,,,,,,,,,,,,,,,,,,,,,,,,,,,,,,,,,,,,,
4979,[For Creating Test Sites] Create Project Site 20260813031054,Completed,,Mihal,Mihal@7rkd12.onmicrosoft.com,,,Mihal,Mihal@7rkd12.onmicrosoft.com,2026-08-13 14:17:08,,,,2026-08-13 12:10:54,EDRMS Service,Dynamic service,https://7rkd12.sharepoint.com/teams/prj_dane-c-11,[For Creating Test Sites] Create Project Site,API,,,,,,,,,,,,,,,,,,,,,,,,,,,,,,,,,,,,,,,,,,,
4618,Create 500 Project Sites 20260810070349,In Progress,,AdaTest,AdaTest@7rkd12.onmicrosoft.com,,,AdaTest;Bonnie Test,AdaTest@7rkd12.onmicrosoft.com;BonnieTest@7rkd12.onmicrosoft.com,2026-08-13 14:13:51,,,,2026-08-10 16:03:49,EDRMS Service,Dynamic service,,Create 500 Project Sites,API,,,,,,,,,,,,,,,,,,,,,,,,,,,,,,,,,,,,,,,,,,,
4457,Create 500 Project Sites 20260810064642,In Progress,,AdaTest,AdaTest@7rkd12.onmicrosoft.com,,,AdaTest;Bonnie Test,AdaTest@7rkd12.onmicrosoft.com;BonnieTest@7rkd12.onmicrosoft.com,2026-08-13 14:13:51,,,,2026-08-10 15:46:42,EDRMS Service,Dynamic service,,Create 500 Project Sites,API,,,,,,,,,,,,,,,,,,,,,,,,,,,,,,,,,,,,,,,,,,,
4458,Create 500 Project Sites 20260810064646,In Progress,,AdaTest,AdaTest@7rkd12.onmicrosoft.com,,,AdaTest;Bonnie Test,AdaTest@7rkd12.onmicrosoft.com;BonnieTest@7rkd12.onmicrosoft.com,2026-08-13 14:13:50,,,,2026-08-10 15:46:46,EDRMS Service,Dynamic service,,Create 500 Project Sites,API,,,,,,,,,,,,,,,,,,,,,,,,,,,,,,,,,,,,,,,,,,,
4720,Create 500 Project Sites 20260810071600,In Progress,,AdaTest,AdaTest@7rkd12.onmicrosoft.com,,,AdaTest;Bonnie Test,AdaTest@7rkd12.onmicrosoft.com;BonnieTest@7rkd12.onmicrosoft.com,2026-08-13 14:13:50,,,,2026-08-10 16:16:00,EDRMS Service,Dynamic service,,Create 500 Project Sites,API,,,,,,,,,,,,,,,,,,,,,,,,,,,,,,,,,,,,,,,,,,,
4464,Create 500 Project Sites 20260810064725,In Progress,,AdaTest,AdaTest@7rkd12.onmicrosoft.com,,,AdaTest;Bonnie Test,AdaTest@7rkd12.onmicrosoft.com;BonnieTest@7rkd12.onmicrosoft.com,2026-08-13 14:13:50,,,,2026-08-10 15:47:25,EDRMS Service,Dynamic service,,Create 500 Project Sites,API,,,,,,,,,,,,,,,,,,,,,,,,,,,,,,,,,,,,,,,,,,,
4816,Create 500 Project Sites 20260810072450,In Progress,,AdaTest,AdaTest@7rkd12.onmicrosoft.com,,,AdaTest;Bonnie Test,AdaTest@7rkd12.onmicrosoft.com;BonnieTest@7rkd12.onmicrosoft.com,2026-08-13 14:13:49,,,,2026-08-10 16:24:50,EDRMS Service,Dynamic service,,Create 500 Project Sites,API,,,,,,,,,,,,,,,,,,,,,,,,,,,,,,,,,,,,,,,,,,,
4742,Create 500 Project Sites 20260810071723,In Progress,,AdaTest,AdaTest@7rkd12.onmicrosoft.com,,,AdaTest;Bonnie Test,AdaTest@7rkd12.onmicrosoft.com;BonnieTest@7rkd12.onmicrosoft.com,2026-08-13 14:13:49,,,,2026-08-10 16:17:23,EDRMS Service,Dynamic service,,Create 500 Project Sites,API,,,,,,,,,,,,,,,,,,,,,,,,,,,,,,,,,,,,,,,,,,,
4462,Create 500 Project Sites 20260810064702,In Progress,,AdaTest,AdaTest@7rkd12.onmicrosoft.com,,,AdaTest;Bonnie Test,AdaTest@7rkd12.onmicrosoft.com;BonnieTest@7rkd12.onmicrosoft.com,2026-08-13 14:13:49,,,,2026-08-10 15:47:02,EDRMS Service,Dynamic service,,Create 500 Project Sites,API,,,,,,,,,,,,,,,,,,,,,,,,,,,,,,,,,,,,,,,,,,,
4729,Create 500 Project Sites 20260810071635,In Progress,,AdaTest,AdaTest@7rkd12.onmicrosoft.com,,,AdaTest;Bonnie Test,AdaTest@7rkd12.onmicrosoft.com;BonnieTest@7rkd12.onmicrosoft.com,2026-08-13 14:13:49,,,,2026-08-10 16:16:35,EDRMS Service,Dynamic service,,Create 500 Project Sites,API,,,,,,,,,,,,,,,,,,,,,,,,,,,,,,,,,,,,,,,,,,,
4741,Create 500 Project Sites 20260810071720,In Progress,,AdaTest,AdaTest@7rkd12.onmicrosoft.com,,,AdaTest;Bonnie Test,AdaTest@7rkd12.onmicrosoft.com;BonnieTest@7rkd12.onmicrosoft.com,2026-08-13 14:13:49,,,,2026-08-10 16:17:20,EDRMS Service,Dynamic service,,Create 500 Project Sites,API,,,,,,,,,,,,,,,,,,,,,,,,,,,,,,,,,,,,,,,,,,,
4691,Create 500 Project Sites 20260810071214,In Progress,,AdaTest,AdaTest@7rkd12.onmicrosoft.com,,,AdaTest;Bonnie Test,AdaTest@7rkd12.onmicrosoft.com;BonnieTest@7rkd12.onmicrosoft.com,2026-08-13 14:13:49,,,,2026-08-10 16:12:14,EDRMS Service,Dynamic service,,Create 500 Project Sites,API,,,,,,,,,,,,,,,,,,,,,,,,,,,,,,,,,,,,,,,,,,,
4567,Create 500 Project Sites 20260810065716,In Progress,,AdaTest,AdaTest@7rkd12.onmicrosoft.com,,,AdaTest;Bonnie Test,AdaTest@7rkd12.onmicrosoft.com;BonnieTest@7rkd12.onmicrosoft.com,2026-08-13 14:13:49,,,,2026-08-10 15:57:16,EDRMS Service,Dynamic service,,Create 500 Project Sites,API,,,,,,,,,,,,,,,,,,,,,,,,,,,,,,,,,,,,,,,,,,,
4685,Create 500 Project Sites 20260810071108,In Progress,,AdaTest,AdaTest@7rkd12.onmicrosoft.com,,,AdaTest;Bonnie Test,AdaTest@7rkd12.onmicrosoft.com;BonnieTest@7rkd12.onmicrosoft.com,2026-08-13 14:13:48,,,,2026-08-10 16:11:08,EDRMS Service,Dynamic service,,Create 500 Project Sites,API,,,,,,,,,,,,,,,,,,,,,,,,,,,,,,,,,,,,,,,,,,,
4693,Create 500 Project Sites 20260810071222,In Progress,,AdaTest,AdaTest@7rkd12.onmicrosoft.com,,,AdaTest;Bonnie Test,AdaTest@7rkd12.onmicrosoft.com;BonnieTest@7rkd12.onmicrosoft.com,2026-08-13 14:13:48,,,,2026-08-10 16:12:22,EDRMS Service,Dynamic service,,Create 500 Project Sites,API,,,,,,,,,,,,,,,,,,,,,,,,,,,,,,,,,,,,,,,,,,,
4692,Create 500 Project Sites 20260810071218,In Progress,,AdaTest,AdaTest@7rkd12.onmicrosoft.com,,,AdaTest;Bonnie Test,AdaTest@7rkd12.onmicrosoft.com;BonnieTest@7rkd12.onmicrosoft.com,2026-08-13 14:13:48,,,,2026-08-10 16:12:18,EDRMS Service,Dynamic service,,Create 500 Project Sites,API,,,,,,,,,,,,,,,,,,,,,,,,,,,,,,,,,,,,,,,,,,,
4811,Create 500 Project Sites 20260810072430,In Progress,,AdaTest,AdaTest@7rkd12.onmicrosoft.com,,,AdaTest;Bonnie Test,AdaTest@7rkd12.onmicrosoft.com;BonnieTest@7rkd12.onmicrosoft.com,2026-08-13 14:13:48,,,,2026-08-10 16:24:30,EDRMS Service,Dynamic service,,Create 500 Project Sites,API,,,,,,,,,,,,,,,,,,,,,,,,,,,,,,,,,,,,,,,,,,,
4815,Create 500 Project Sites 20260810072445,In Progress,,AdaTest,AdaTest@7rkd12.onmicrosoft.com,,,AdaTest;Bonnie Test,AdaTest@7rkd12.onmicrosoft.com;BonnieTest@7rkd12.onmicrosoft.com,2026-08-13 14:13:47,,,,2026-08-10 16:24:45,EDRMS Service,Dynamic service,,Create 500 Project Sites,API,,,,,,,,,,,,,,,,,,,,,,,,,,,,,,,,,,,,,,,,,,,
4773,Create 500 Project Sites 20260810072033,In Progress,,AdaTest,AdaTest@7rkd12.onmicrosoft.com,,,AdaTest;Bonnie Test,AdaTest@7rkd12.onmicrosoft.com;BonnieTest@7rkd12.onmicrosoft.com,2026-08-13 14:13:47,,,,2026-08-10 16:20:33,EDRMS Service,Dynamic service,,Create 500 Project Sites,API,,,,,,,,,,,,,,,,,,,,,,,,,,,,,,,,,,,,,,,,,,,
4826,Create 500 Project Sites 20260810072608,In Progress,,AdaTest,AdaTest@7rkd12.onmicrosoft.com,,,AdaTest;Bonnie Test,AdaTest@7rkd12.onmicrosoft.com;BonnieTest@7rkd12.onmicrosoft.com,2026-08-13 14:13:46,,,,2026-08-10 16:26:08,EDRMS Service,Dynamic service,,Create 500 Project Sites,API,,,,,,,,,,,,,,,,,,,,,,,,,,,,,,,,,,,,,,,,,,,
4819,Create 500 Project Sites 20260810072504,In Progress,,AdaTest,AdaTest@7rkd12.onmicrosoft.com,,,AdaTest;Bonnie Test,AdaTest@7rkd12.onmicrosoft.com;BonnieTest@7rkd12.onmicrosoft.com,2026-08-13 14:13:46,,,,2026-08-10 16:25:04,EDRMS Service,Dynamic service,,Create 500 Project Sites,API,,,,,,,,,,,,,,,,,,,,,,,,,,,,,,,,,,,,,,,,,,,
4837,Create 500 Project Sites 20260810072728,In Progress,,AdaTest,AdaTest@7rkd12.onmicrosoft.com,,,AdaTest;Bonnie Test,AdaTest@7rkd12.onmicrosoft.com;BonnieTest@7rkd12.onmicrosoft.com,2026-08-13 14:13:46,,,,2026-08-10 16:27:28,EDRMS Service,Dynamic service,,Create 500 Project Sites,API,,,,,,,,,,,,,,,,,,,,,,,,,,,,,,,,,,,,,,,,,,,
4830,Create 500 Project Sites 20260810072626,In Progress,,AdaTest,AdaTest@7rkd12.onmicrosoft.com,,,AdaTest;Bonnie Test,AdaTest@7rkd12.onmicrosoft.com;BonnieTest@7rkd12.onmicrosoft.com,2026-08-13 14:13:45,,,,2026-08-10 16:26:26,EDRMS Service,Dynamic service,,Create 500 Project Sites,API,,,,,,,,,,,,,,,,,,,,,,,,,,,,,,,,,,,,,,,,,,,
4838,Create 500 Project Sites 20260810072733,In Progress,,AdaTest,AdaTest@7rkd12.onmicrosoft.com,,,AdaTest;Bonnie Test,AdaTest@7rkd12.onmicrosoft.com;BonnieTest@7rkd12.onmicrosoft.com,2026-08-13 14:13:44,,,,2026-08-10 16:27:33,EDRMS Service,Dynamic service,,Create 500 Project Sites,API,,,,,,,,,,,,,,,,,,,,,,,,,,,,,,,,,,,,,,,,,,,
4843,Create 500 Project Sites 20260810072753,In Progress,,AdaTest,AdaTest@7rkd12.onmicrosoft.com,,,AdaTest;Bonnie Test,AdaTest@7rkd12.onmicrosoft.com;BonnieTest@7rkd12.onmicrosoft.com,2026-08-13 14:13:44,,,,2026-08-10 16:27:53,EDRMS Service,Dynamic service,,Create 500 Project Sites,API,,,,,,,,,,,,,,,,,,,,,,,,,,,,,,,,,,,,,,,,,,,
4820,Create 500 Project Sites 20260810072538,In Progress,,AdaTest,AdaTest@7rkd12.onmicrosoft.com,,,AdaTest;Bonnie Test,AdaTest@7rkd12.onmicrosoft.com;BonnieTest@7rkd12.onmicrosoft.com,2026-08-13 14:13:44,,,,2026-08-10 16:25:38,EDRMS Service,Dynamic service,,Create 500 Project Sites,API,,,,,,,,,,,,,,,,,,,,,,,,,,,,,,,,,,,,,,,,,,,
4857,Create 500 Project Sites 20260810072851,In Progress,,AdaTest,AdaTest@7rkd12.onmicrosoft.com,,,AdaTest;Bonnie Test,AdaTest@7rkd12.onmicrosoft.com;BonnieTest@7rkd12.onmicrosoft.com,2026-08-13 14:13:44,,,,2026-08-10 16:28:51,EDRMS Service,Dynamic service,,Create 500 Project Sites,API,,,,,,,,,,,,,,,,,,,,,,,,,,,,,,,,,,,,,,,,,,,
4863,Create 500 Project Sites 20260810072913,In Progress,,AdaTest,AdaTest@7rkd12.onmicrosoft.com,,,AdaTest;Bonnie Test,AdaTest@7rkd12.onmicrosoft.com;BonnieTest@7rkd12.onmicrosoft.com,2026-08-13 14:13:44,,,,2026-08-10 16:29:13,EDRMS Service,Dynamic service,,Create 500 Project Sites,API,,,,,,,,,,,,,,,,,,,,,,,,,,,,,,,,,,,,,,,,,,,
4874,Create 500 Project Sites 20260810073042,In Progress,,AdaTest,AdaTest@7rkd12.onmicrosoft.com,,,AdaTest;Bonnie Test,AdaTest@7rkd12.onmicrosoft.com;BonnieTest@7rkd12.onmicrosoft.com,2026-08-13 14:13:44,,,,2026-08-10 16:30:42,EDRMS Service,Dynamic service,,Create 500 Project Sites,API,,,,,,,,,,,,,,,,,,,,,,,,,,,,,,,,,,,,,,,,,,,
4849,Create 500 Project Sites 20260810072820,In Progress,,AdaTest,AdaTest@7rkd12.onmicrosoft.com,,,AdaTest;Bonnie Test,AdaTest@7rkd12.onmicrosoft.com;BonnieTest@7rkd12.onmicrosoft.com,2026-08-13 14:13:42,,,,2026-08-10 16:28:20,EDRMS Service,Dynamic service,,Create 500 Project Sites,API,,,,,,,,,,,,,,,,,,,,,,,,,,,,,,,,,,,,,,,,,,,
4872,Create 500 Project Sites 20260810073023,In Progress,,AdaTest,AdaTest@7rkd12.onmicrosoft.com,,,AdaTest;Bonnie Test,AdaTest@7rkd12.onmicrosoft.com;BonnieTest@7rkd12.onmicrosoft.com,2026-08-13 14:13:42,,,,2026-08-10 16:30:23,EDRMS Service,Dynamic service,,Create 500 Project Sites,API,,,,,,,,,,,,,,,,,,,,,,,,,,,,,,,,,,,,,,,,,,,
4864,Create 500 Project Sites 20260810072917,In Progress,,AdaTest,AdaTest@7rkd12.onmicrosoft.com,,,AdaTest;Bonnie Test,AdaTest@7rkd12.onmicrosoft.com;BonnieTest@7rkd12.onmicrosoft.com,2026-08-13 14:13:41,,,,2026-08-10 16:29:17,EDRMS Service,Dynamic service,,Create 500 Project Sites,API,,,,,,,,,,,,,,,,,,,,,,,,,,,,,,,,,,,,,,,,,,,
4876,Create 500 Project Sites 20260810073050,In Progress,,AdaTest,AdaTest@7rkd12.onmicrosoft.com,,,AdaTest;Bonnie Test,AdaTest@7rkd12.onmicrosoft.com;BonnieTest@7rkd12.onmicrosoft.com,2026-08-13 14:13:41,,,,2026-08-10 16:30:50,EDRMS Service,Dynamic service,,Create 500 Project Sites,API,,,,,,,,,,,,,,,,,,,,,,,,,,,,,,,,,,,,,,,,,,,
4891,Create 500 Project Sites 20260810073220,In Progress,,AdaTest,AdaTest@7rkd12.onmicrosoft.com,,,AdaTest;Bonnie Test,AdaTest@7rkd12.onmicrosoft.com;BonnieTest@7rkd12.onmicrosoft.com,2026-08-13 14:13:39,,,,2026-08-10 16:32:20,EDRMS Service,Dynamic service,,Create 500 Project Sites,API,,,,,,,,,,,,,,,,,,,,,,,,,,,,,,,,,,,,,,,,,,,
4886,Create 500 Project Sites 20260810073134,In Progress,,AdaTest,AdaTest@7rkd12.onmicrosoft.com,,,AdaTest;Bonnie Test,AdaTest@7rkd12.onmicrosoft.com;BonnieTest@7rkd12.onmicrosoft.com,2026-08-13 14:13:39,,,,2026-08-10 16:31:34,EDRMS Service,Dynamic service,,Create 500 Project Sites,API,,,,,,,,,,,,,,,,,,,,,,,,,,,,,,,,,,,,,,,,,,,
4890,Create 500 Project Sites 20260810073216,In Progress,,AdaTest,AdaTest@7rkd12.onmicrosoft.com,,,AdaTest;Bonnie Test,AdaTest@7rkd12.onmicrosoft.com;BonnieTest@7rkd12.onmicrosoft.com,2026-08-13 14:13:39,,,,2026-08-10 16:32:16,EDRMS Service,Dynamic service,,Create 500 Project Sites,API,,,,,,,,,,,,,,,,,,,,,,,,,,,,,,,,,,,,,,,,,,,
4911,Create 500 Project Sites 20260810073445,In Progress,,AdaTest,AdaTest@7rkd12.onmicrosoft.com,,,AdaTest;Bonnie Test,AdaTest@7rkd12.onmicrosoft.com;BonnieTest@7rkd12.onmicrosoft.com,2026-08-13 14:13:39,,,,2026-08-10 16:34:45,EDRMS Service,Dynamic service,,Create 500 Project Sites,API,,,,,,,,,,,,,,,,,,,,,,,,,,,,,,,,,,,,,,,,,,,
4940,Create 500 Project Sites 20260810073840,In Progress,,AdaTest,AdaTest@7rkd12.onmicrosoft.com,,,AdaTest;Bonnie Test,AdaTest@7rkd12.onmicrosoft.com;BonnieTest@7rkd12.onmicrosoft.com,2026-08-13 14:13:39,,,,2026-08-10 16:38:40,EDRMS Service,Dynamic service,,Create 500 Project Sites,API,,,,,,,,,,,,,,,,,,,,,,,,,,,,,,,,,,,,,,,,,,,
4882,Create 500 Project Sites 20260810073115,In Progress,,AdaTest,AdaTest@7rkd12.onmicrosoft.com,,,AdaTest;Bonnie Test,AdaTest@7rkd12.onmicrosoft.com;BonnieTest@7rkd12.onmicrosoft.com,2026-08-13 14:13:39,,,,2026-08-10 16:31:15,EDRMS Service,Dynamic service,,Create 500 Project Sites,API,,,,,,,,,,,,,,,,,,,,,,,,,,,,,,,,,,,,,,,,,,,
4920,Create 500 Project Sites 20260810073557,In Progress,,AdaTest,AdaTest@7rkd12.onmicrosoft.com,,,AdaTest;Bonnie Test,AdaTest@7rkd12.onmicrosoft.com;BonnieTest@7rkd12.onmicrosoft.com,2026-08-13 14:13:39,,,,2026-08-10 16:35:57,EDRMS Service,Dynamic service,,Create 500 Project Sites,API,,,,,,,,,,,,,,,,,,,,,,,,,,,,,,,,,,,,,,,,,,,
4912,Create 500 Project Sites 20260810073449,In Progress,,AdaTest,AdaTest@7rkd12.onmicrosoft.com,,,AdaTest;Bonnie Test,AdaTest@7rkd12.onmicrosoft.com;BonnieTest@7rkd12.onmicrosoft.com,2026-08-13 14:13:39,,,,2026-08-10 16:34:49,EDRMS Service,Dynamic service,,Create 500 Project Sites,API,,,,,,,,,,,,,,,,,,,,,,,,,,,,,,,,,,,,,,,,,,,
4901,Create 500 Project Sites 20260810073331,In Progress,,AdaTest,AdaTest@7rkd12.onmicrosoft.com,,,AdaTest;Bonnie Test,AdaTest@7rkd12.onmicrosoft.com;BonnieTest@7rkd12.onmicrosoft.com,2026-08-13 14:13:39,,,,2026-08-10 16:33:31,EDRMS Service,Dynamic service,,Create 500 Project Sites,API,,,,,,,,,,,,,,,,,,,,,,,,,,,,,,,,,,,,,,,,,,,
4906,Create 500 Project Sites 20260810073402,In Progress,,AdaTest,AdaTest@7rkd12.onmicrosoft.com,,,AdaTest;Bonnie Test,AdaTest@7rkd12.onmicrosoft.com;BonnieTest@7rkd12.onmicrosoft.com,2026-08-13 14:13:39,,,,2026-08-10 16:34:02,EDRMS Service,Dynamic service,,Create 500 Project Sites,API,,,,,,,,,,,,,,,,,,,,,,,,,,,,,,,,,,,,,,,,,,,
4883,Create 500 Project Sites 20260810073120,In Progress,,AdaTest,AdaTest@7rkd12.onmicrosoft.com,,,AdaTest;Bonnie Test,AdaTest@7rkd12.onmicrosoft.com;BonnieTest@7rkd12.onmicrosoft.com,2026-08-13 14:13:39,,,,2026-08-10 16:31:20,EDRMS Service,Dynamic service,,Create 500 Project Sites,API,,,,,,,,,,,,,,,,,,,,,,,,,,,,,,,,,,,,,,,,,,,
4937,Create 500 Project Sites 20260810073825,In Progress,,AdaTest,AdaTest@7rkd12.onmicrosoft.com,,,AdaTest;Bonnie Test,AdaTest@7rkd12.onmicrosoft.com;BonnieTest@7rkd12.onmicrosoft.com,2026-08-13 14:13:39,,,,2026-08-10 16:38:25,EDRMS Service,Dynamic service,,Create 500 Project Sites,API,,,,,,,,,,,,,,,,,,,,,,,,,,,,,,,,,,,,,,,,,,,
4941,Create 500 Project Sites 20260810073844,In Progress,,AdaTest,AdaTest@7rkd12.onmicrosoft.com,,,AdaTest;Bonnie Test,AdaTest@7rkd12.onmicrosoft.com;BonnieTest@7rkd12.onmicrosoft.com,2026-08-13 14:13:38,,,,2026-08-10 16:38:44,EDRMS Service,Dynamic service,,Create 500 Project Sites,API,,,,,,,,,,,,,,,,,,,,,,,,,,,,,,,,,,,,,,,,,,,
4942,Create 500 Project Sites 20260810073849,In Progress,,AdaTest,AdaTest@7rkd12.onmicrosoft.com,,,AdaTest;Bonnie Test,AdaTest@7rkd12.onmicrosoft.com;BonnieTest@7rkd12.onmicrosoft.com,2026-08-13 14:13:38,,,,2026-08-10 16:38:49,EDRMS Service,Dynamic service,,Create 500 Project Sites,API,,,,,,,,,,,,,,,,,,,,,,,,,,,,,,,,,,,,,,,,,,,
4894,Create 500 Project Sites 20260810073232,In Progress,,AdaTest,AdaTest@7rkd12.onmicrosoft.com,,,AdaTest;Bonnie Test,AdaTest@7rkd12.onmicrosoft.com;BonnieTest@7rkd12.onmicrosoft.com,2026-08-13 14:13:38,,,,2026-08-10 16:32:32,EDRMS Service,Dynamic service,,Create 500 Project Sites,API,,,,,,,,,,,,,,,,,,,,,,,,,,,,,,,,,,,,,,,,,,,
4910,Create 500 Project Sites 20260810073442,In Progress,,AdaTest,AdaTest@7rkd12.onmicrosoft.com,,,AdaTest;Bonnie Test,AdaTest@7rkd12.onmicrosoft.com;BonnieTest@7rkd12.onmicrosoft.com,2026-08-13 14:13:38,,,,2026-08-10 16:34:42,EDRMS Service,Dynamic service,,Create 500 Project Sites,API,,,,,,,,,,,,,,,,,,,,,,,,,,,,,,,,,,,,,,,,,,,
4557,Create 500 Project Sites 20260810065629,In Progress,,AdaTest,AdaTest@7rkd12.onmicrosoft.com,,,AdaTest;Bonnie Test,AdaTest@7rkd12.onmicrosoft.com;BonnieTest@7rkd12.onmicrosoft.com,2026-08-13 14:13:07,,,,2026-08-10 15:56:29,EDRMS Service,Dynamic service,,Create 500 Project Sites,API,,,,,,,,,,,,,,,,,,,,,,,,,,,,,,,,,,,,,,,,,,,
4488,Create 500 Project Sites 20260810064916,In Progress,,AdaTest,AdaTest@7rkd12.onmicrosoft.com,,,AdaTest;Bonnie Test,AdaTest@7rkd12.onmicrosoft.com;BonnieTest@7rkd12.onmicrosoft.com,2026-08-13 14:13:07,,,,2026-08-10 15:49:16,EDRMS Service,Dynamic service,,Create 500 Project Sites,API,,,,,,,,,,,,,,,,,,,,,,,,,,,,,,,,,,,,,,,,,,,
4492,Create 500 Project Sites 20260810064936,In Progress,,AdaTest,AdaTest@7rkd12.onmicrosoft.com,,,AdaTest;Bonnie Test,AdaTest@7rkd12.onmicrosoft.com;BonnieTest@7rkd12.onmicrosoft.com,2026-08-13 14:13:07,,,,2026-08-10 15:49:36,EDRMS Service,Dynamic service,,Create 500 Project Sites,API,,,,,,,,,,,,,,,,,,,,,,,,,,,,,,,,,,,,,,,,,,,
4539,Create 500 Project Sites 20260810065511,In Progress,,AdaTest,AdaTest@7rkd12.onmicrosoft.com,,,AdaTest;Bonnie Test,AdaTest@7rkd12.onmicrosoft.com;BonnieTest@7rkd12.onmicrosoft.com,2026-08-13 14:13:07,,,,2026-08-10 15:55:11,EDRMS Service,Dynamic service,,Create 500 Project Sites,API,,,,,,,,,,,,,,,,,,,,,,,,,,,,,,,,,,,,,,,,,,,
4517,Create 500 Project Sites 20260810065143,In Progress,,AdaTest,AdaTest@7rkd12.onmicrosoft.com,,,AdaTest;Bonnie Test,AdaTest@7rkd12.onmicrosoft.com;BonnieTest@7rkd12.onmicrosoft.com,2026-08-13 14:13:07,,,,2026-08-10 15:51:43,EDRMS Service,Dynamic service,,Create 500 Project Sites,API,,,,,,,,,,,,,,,,,,,,,,,,,,,,,,,,,,,,,,,,,,,
4518,Create 500 Project Sites 20260810065157,In Progress,,AdaTest,AdaTest@7rkd12.onmicrosoft.com,,,AdaTest;Bonnie Test,AdaTest@7rkd12.onmicrosoft.com;BonnieTest@7rkd12.onmicrosoft.com,2026-08-13 14:13:06,,,,2026-08-10 15:51:57,EDRMS Service,Dynamic service,,Create 500 Project Sites,API,,,,,,,,,,,,,,,,,,,,,,,,,,,,,,,,,,,,,,,,,,,
4516,Create 500 Project Sites 20260810065134,In Progress,,AdaTest,AdaTest@7rkd12.onmicrosoft.com,,,AdaTest;Bonnie Test,AdaTest@7rkd12.onmicrosoft.com;BonnieTest@7rkd12.onmicrosoft.com,2026-08-13 14:13:06,,,,2026-08-10 15:51:34,EDRMS Service,Dynamic service,,Create 500 Project Sites,API,,,,,,,,,,,,,,,,,,,,,,,,,,,,,,,,,,,,,,,,,,,
4514,Create 500 Project Sites 20260810065125,In Progress,,AdaTest,AdaTest@7rkd12.onmicrosoft.com,,,AdaTest;Bonnie Test,AdaTest@7rkd12.onmicrosoft.com;BonnieTest@7rkd12.onmicrosoft.com,2026-08-13 14:13:06,,,,2026-08-10 15:51:25,EDRMS Service,Dynamic service,,Create 500 Project Sites,API,,,,,,,,,,,,,,,,,,,,,,,,,,,,,,,,,,,,,,,,,,,
4527,Create 500 Project Sites 20260810065349,In Progress,,AdaTest,AdaTest@7rkd12.onmicrosoft.com,,,AdaTest;Bonnie Test,AdaTest@7rkd12.onmicrosoft.com;BonnieTest@7rkd12.onmicrosoft.com,2026-08-13 14:13:06,,,,2026-08-10 15:53:49,EDRMS Service,Dynamic service,,Create 500 Project Sites,API,,,,,,,,,,,,,,,,,,,,,,,,,,,,,,,,,,,,,,,,,,,
4555,Create 500 Project Sites 20260810065621,In Progress,,AdaTest,AdaTest@7rkd12.onmicrosoft.com,,,AdaTest;Bonnie Test,AdaTest@7rkd12.onmicrosoft.com;BonnieTest@7rkd12.onmicrosoft.com,2026-08-13 14:13:06,,,,2026-08-10 15:56:21,EDRMS Service,Dynamic service,,Create 500 Project Sites,API,,,,,,,,,,,,,,,,,,,,,,,,,,,,,,,,,,,,,,,,,,,
4566,Create 500 Project Sites 20260810065712,In Progress,,AdaTest,AdaTest@7rkd12.onmicrosoft.com,,,AdaTest;Bonnie Test,AdaTest@7rkd12.onmicrosoft.com;BonnieTest@7rkd12.onmicrosoft.com,2026-08-13 14:13:06,,,,2026-08-10 15:57:12,EDRMS Service,Dynamic service,,Create 500 Project Sites,API,,,,,,,,,,,,,,,,,,,,,,,,,,,,,,,,,,,,,,,,,,,
4552,Create 500 Project Sites 20260810065609,In Progress,,AdaTest,AdaTest@7rkd12.onmicrosoft.com,,,AdaTest;Bonnie Test,AdaTest@7rkd12.onmicrosoft.com;BonnieTest@7rkd12.onmicrosoft.com,2026-08-13 14:13:06,,,,2026-08-10 15:56:09,EDRMS Service,Dynamic service,,Create 500 Project Sites,API,,,,,,,,,,,,,,,,,,,,,,,,,,,,,,,,,,,,,,,,,,,
4513,Create 500 Project Sites 20260810065121,In Progress,,AdaTest,AdaTest@7rkd12.onmicrosoft.com,,,AdaTest;Bonnie Test,AdaTest@7rkd12.onmicrosoft.com;BonnieTest@7rkd12.onmicrosoft.com,2026-08-13 14:13:06,,,,2026-08-10 15:51:21,EDRMS Service,Dynamic service,,Create 500 Project Sites,API,,,,,,,,,,,,,,,,,,,,,,,,,,,,,,,,,,,,,,,,,,,
4535,Create 500 Project Sites 20260810065441,In Progress,,AdaTest,AdaTest@7rkd12.onmicrosoft.com,,,AdaTest;Bonnie Test,AdaTest@7rkd12.onmicrosoft.com;BonnieTest@7rkd12.onmicrosoft.com,2026-08-13 14:13:06,,,,2026-08-10 15:54:41,EDRMS Service,Dynamic service,,Create 500 Project Sites,API,,,,,,,,,,,,,,,,,,,,,,,,,,,,,,,,,,,,,,,,,,,
4561,Create 500 Project Sites 20260810065643,In Progress,,AdaTest,AdaTest@7rkd12.onmicrosoft.com,,,AdaTest;Bonnie Test,AdaTest@7rkd12.onmicrosoft.com;BonnieTest@7rkd12.onmicrosoft.com,2026-08-13 14:13:06,,,,2026-08-10 15:56:43,EDRMS Service,Dynamic service,,Create 500 Project Sites,API,,,,,,,,,,,,,,,,,,,,,,,,,,,,,,,,,,,,,,,,,,,
4583,Create 500 Project Sites 20260810065846,In Progress,,AdaTest,AdaTest@7rkd12.onmicrosoft.com,,,AdaTest;Bonnie Test,AdaTest@7rkd12.onmicrosoft.com;BonnieTest@7rkd12.onmicrosoft.com,2026-08-13 14:13:06,,,,2026-08-10 15:58:46,EDRMS Service,Dynamic service,,Create 500 Project Sites,API,,,,,,,,,,,,,,,,,,,,,,,,,,,,,,,,,,,,,,,,,,,
4554,Create 500 Project Sites 20260810065617,In Progress,,AdaTest,AdaTest@7rkd12.onmicrosoft.com,,,AdaTest;Bonnie Test,AdaTest@7rkd12.onmicrosoft.com;BonnieTest@7rkd12.onmicrosoft.com,2026-08-13 14:13:06,,,,2026-08-10 15:56:17,EDRMS Service,Dynamic service,,Create 500 Project Sites,API,,,,,,,,,,,,,,,,,,,,,,,,,,,,,,,,,,,,,,,,,,,
4570,Create 500 Project Sites 20260810065727,In Progress,,AdaTest,AdaTest@7rkd12.onmicrosoft.com,,,AdaTest;Bonnie Test,AdaTest@7rkd12.onmicrosoft.com;BonnieTest@7rkd12.onmicrosoft.com,2026-08-13 14:13:06,,,,2026-08-10 15:57:27,EDRMS Service,Dynamic service,,Create 500 Project Sites,API,,,,,,,,,,,,,,,,,,,,,,,,,,,,,,,,,,,,,,,,,,,
4588,Create 500 Project Sites 20260810065905,In Progress,,AdaTest,AdaTest@7rkd12.onmicrosoft.com,,,AdaTest;Bonnie Test,AdaTest@7rkd12.onmicrosoft.com;BonnieTest@7rkd12.onmicrosoft.com,2026-08-13 14:12:58,,,,2026-08-10 15:59:05,EDRMS Service,Dynamic service,,Create 500 Project Sites,API,,,,,,,,,,,,,,,,,,,,,,,,,,,,,,,,,,,,,,,,,,,
4597,Create 500 Project Sites 20260810070025,In Progress,,AdaTest,AdaTest@7rkd12.onmicrosoft.com,,,AdaTest;Bonnie Test,AdaTest@7rkd12.onmicrosoft.com;BonnieTest@7rkd12.onmicrosoft.com,2026-08-13 14:12:58,,,,2026-08-10 16:00:25,EDRMS Service,Dynamic service,,Create 500 Project Sites,API,,,,,,,,,,,,,,,,,,,,,,,,,,,,,,,,,,,,,,,,,,,
4573,Create 500 Project Sites 20260810065739,In Progress,,AdaTest,AdaTest@7rkd12.onmicrosoft.com,,,AdaTest;Bonnie Test,AdaTest@7rkd12.onmicrosoft.com;BonnieTest@7rkd12.onmicrosoft.com,2026-08-13 14:12:58,,,,2026-08-10 15:57:39,EDRMS Service,Dynamic service,,Create 500 Project Sites,API,,,,,,,,,,,,,,,,,,,,,,,,,,,,,,,,,,,,,,,,,,,
4607,Create 500 Project Sites 20260810070224,In Progress,,AdaTest,AdaTest@7rkd12.onmicrosoft.com,,,AdaTest;Bonnie Test,AdaTest@7rkd12.onmicrosoft.com;BonnieTest@7rkd12.onmicrosoft.com,2026-08-13 14:12:58,,,,2026-08-10 16:02:24,EDRMS Service,Dynamic service,,Create 500 Project Sites,API,,,,,,,,,,,,,,,,,,,,,,,,,,,,,,,,,,,,,,,,,,,
4600,Create 500 Project Sites 20260810070113,In Progress,,AdaTest,AdaTest@7rkd12.onmicrosoft.com,,,AdaTest;Bonnie Test,AdaTest@7rkd12.onmicrosoft.com;BonnieTest@7rkd12.onmicrosoft.com,2026-08-13 14:12:57,,,,2026-08-10 16:01:13,EDRMS Service,Dynamic service,,Create 500 Project Sites,API,,,,,,,,,,,,,,,,,,,,,,,,,,,,,,,,,,,,,,,,,,,
4602,Create 500 Project Sites 20260810070129,In Progress,,AdaTest,AdaTest@7rkd12.onmicrosoft.com,,,AdaTest;Bonnie Test,AdaTest@7rkd12.onmicrosoft.com;BonnieTest@7rkd12.onmicrosoft.com,2026-08-13 14:12:57,,,,2026-08-10 16:01:29,EDRMS Service,Dynamic service,,Create 500 Project Sites,API,,,,,,,,,,,,,,,,,,,,,,,,,,,,,,,,,,,,,,,,,,,
4697,Create 500 Project Sites 20260810071239,In Progress,,AdaTest,AdaTest@7rkd12.onmicrosoft.com,,,AdaTest;Bonnie Test,AdaTest@7rkd12.onmicrosoft.com;BonnieTest@7rkd12.onmicrosoft.com,2026-08-13 14:12:57,,,,2026-08-10 16:12:39,EDRMS Service,Dynamic service,,Create 500 Project Sites,API,,,,,,,,,,,,,,,,,,,,,,,,,,,,,,,,,,,,,,,,,,,
4619,Create 500 Project Sites 20260810070352,In Progress,,AdaTest,AdaTest@7rkd12.onmicrosoft.com,,,AdaTest;Bonnie Test,AdaTest@7rkd12.onmicrosoft.com;BonnieTest@7rkd12.onmicrosoft.com,2026-08-13 14:12:57,,,,2026-08-10 16:03:52,EDRMS Service,Dynamic service,,Create 500 Project Sites,API,,,,,,,,,,,,,,,,,,,,,,,,,,,,,,,,,,,,,,,,,,,
4687,Create 500 Project Sites 20260810071117,In Progress,,AdaTest,AdaTest@7rkd12.onmicrosoft.com,,,AdaTest;Bonnie Test,AdaTest@7rkd12.onmicrosoft.com;BonnieTest@7rkd12.onmicrosoft.com,2026-08-13 14:12:57,,,,2026-08-10 16:11:17,EDRMS Service,Dynamic service,,Create 500 Project Sites,API,,,,,,,,,,,,,,,,,,,,,,,,,,,,,,,,,,,,,,,,,,,
4614,Create 500 Project Sites 20260810070335,In Progress,,AdaTest,AdaTest@7rkd12.onmicrosoft.com,,,AdaTest;Bonnie Test,AdaTest@7rkd12.onmicrosoft.com;BonnieTest@7rkd12.onmicrosoft.com,2026-08-13 14:12:57,,,,2026-08-10 16:03:35,EDRMS Service,Dynamic service,,Create 500 Project Sites,API,,,,,,,,,,,,,,,,,,,,,,,,,,,,,,,,,,,,,,,,,,,
4624,Create 500 Project Sites 20260810070440,In Progress,,AdaTest,AdaTest@7rkd12.onmicrosoft.com,,,AdaTest;Bonnie Test,AdaTest@7rkd12.onmicrosoft.com;BonnieTest@7rkd12.onmicrosoft.com,2026-08-13 14:12:57,,,,2026-08-10 16:04:40,EDRMS Service,Dynamic service,,Create 500 Project Sites,API,,,,,,,,,,,,,,,,,,,,,,,,,,,,,,,,,,,,,,,,,,,
4706,Create 500 Project Sites 20260810071355,In Progress,,AdaTest,AdaTest@7rkd12.onmicrosoft.com,,,AdaTest;Bonnie Test,AdaTest@7rkd12.onmicrosoft.com;BonnieTest@7rkd12.onmicrosoft.com,2026-08-13 14:12:57,,,,2026-08-10 16:13:55,EDRMS Service,Dynamic service,,Create 500 Project Sites,API,,,,,,,,,,,,,,,,,,,,,,,,,,,,,,,,,,,,,,,,,,,
4688,Create 500 Project Sites 20260810071121,In Progress,,AdaTest,AdaTest@7rkd12.onmicrosoft.com,,,AdaTest;Bonnie Test,AdaTest@7rkd12.onmicrosoft.com;BonnieTest@7rkd12.onmicrosoft.com,2026-08-13 14:12:57,,,,2026-08-10 16:11:21,EDRMS Service,Dynamic service,,Create 500 Project Sites,API,,,,,,,,,,,,,,,,,,,,,,,,,,,,,,,,,,,,,,,,,,,
4660,Create 500 Project Sites 20260810070742,In Progress,,AdaTest,AdaTest@7rkd12.onmicrosoft.com,,,AdaTest;Bonnie Test,AdaTest@7rkd12.onmicrosoft.com;BonnieTest@7rkd12.onmicrosoft.com,2026-08-13 14:12:57,,,,2026-08-10 16:07:42,EDRMS Service,Dynamic service,,Create 500 Project Sites,API,,,,,,,,,,,,,,,,,,,,,,,,,,,,,,,,,,,,,,,,,,,
4659,Create 500 Project Sites 20260810070738,In Progress,,AdaTest,AdaTest@7rkd12.onmicrosoft.com,,,AdaTest;Bonnie Test,AdaTest@7rkd12.onmicrosoft.com;BonnieTest@7rkd12.onmicrosoft.com,2026-08-13 14:12:57,,,,2026-08-10 16:07:38,EDRMS Service,Dynamic service,,Create 500 Project Sites,API,,,,,,,,,,,,,,,,,,,,,,,,,,,,,,,,,,,,,,,,,,,
4611,Create 500 Project Sites 20260810070240,In Progress,,AdaTest,AdaTest@7rkd12.onmicrosoft.com,,,AdaTest;Bonnie Test,AdaTest@7rkd12.onmicrosoft.com;BonnieTest@7rkd12.onmicrosoft.com,2026-08-13 14:12:57,,,,2026-08-10 16:02:40,EDRMS Service,Dynamic service,,Create 500 Project Sites,API,,,,,,,,,,,,,,,,,,,,,,,,,,,,,,,,,,,,,,,,,,,
4676,Create 500 Project Sites 20260810071002,In Progress,,AdaTest,AdaTest@7rkd12.onmicrosoft.com,,,AdaTest;Bonnie Test,AdaTest@7rkd12.onmicrosoft.com;BonnieTest@7rkd12.onmicrosoft.com,2026-08-13 14:12:57,,,,2026-08-10 16:10:02,EDRMS Service,Dynamic service,,Create 500 Project Sites,API,,,,,,,,,,,,,,,,,,,,,,,,,,,,,,,,,,,,,,,,,,,
4695,Create 500 Project Sites 20260810071231,In Progress,,AdaTest,AdaTest@7rkd12.onmicrosoft.com,,,AdaTest;Bonnie Test,AdaTest@7rkd12.onmicrosoft.com;BonnieTest@7rkd12.onmicrosoft.com,2026-08-13 14:12:57,,,,2026-08-10 16:12:31,EDRMS Service,Dynamic service,,Create 500 Project Sites,API,,,,,,,,,,,,,,,,,,,,,,,,,,,,,,,,,,,,,,,,,,,
4639,Create 500 Project Sites 20260810070603,In Progress,,AdaTest,AdaTest@7rkd12.onmicrosoft.com,,,AdaTest;Bonnie Test,AdaTest@7rkd12.onmicrosoft.com;BonnieTest@7rkd12.onmicrosoft.com,2026-08-13 14:12:57,,,,2026-08-10 16:06:03,EDRMS Service,Dynamic service,,Create 500 Project Sites,API,,,,,,,,,,,,,,,,,,,,,,,,,,,,,,,,,,,,,,,,,,,
4696,Create 500 Project Sites 20260810071235,In Progress,,AdaTest,AdaTest@7rkd12.onmicrosoft.com,,,AdaTest;Bonnie Test,AdaTest@7rkd12.onmicrosoft.com;BonnieTest@7rkd12.onmicrosoft.com,2026-08-13 14:12:56,,,,2026-08-10 16:12:35,EDRMS Service,Dynamic service,,Create 500 Project Sites,API,,,,,,,,,,,,,,,,,,,,,,,,,,,,,,,,,,,,,,,,,,,
4620,Create 500 Project Sites 20260810070355,In Progress,,AdaTest,AdaTest@7rkd12.onmicrosoft.com,,,AdaTest;Bonnie Test,AdaTest@7rkd12.onmicrosoft.com;BonnieTest@7rkd12.onmicrosoft.com,2026-08-13 14:12:56,,,,2026-08-10 16:03:55,EDRMS Service,Dynamic service,,Create 500 Project Sites,API,,,,,,,,,,,,,,,,,,,,,,,,,,,,,,,,,,,,,,,,,,,
4689,Create 500 Project Sites 20260810071125,In Progress,,AdaTest,AdaTest@7rkd12.onmicrosoft.com,,,AdaTest;Bonnie Test,AdaTest@7rkd12.onmicrosoft.com;BonnieTest@7rkd12.onmicrosoft.com,2026-08-13 14:12:56,,,,2026-08-10 16:11:25,EDRMS Service,Dynamic service,,Create 500 Project Sites,API,,,,,,,,,,,,,,,,,,,,,,,,,,,,,,,,,,,,,,,,,,,
4978,[For Creating Test Sites] Create Project Site 20260813031052,Completed,,Mihal,Mihal@7rkd12.onmicrosoft.com,,,Mihal,Mihal@7rkd12.onmicrosoft.com,2026-08-13 14:09:58,,,,2026-08-13 12:10:52,EDRMS Service,Dynamic service,https://7rkd12.sharepoint.com/teams/prj_dane-c-10,[For Creating Test Sites] Create Project Site,API,,,,,,,,,,,,,,,,,,,,,,,,,,,,,,,,,,,,,,,,,,,
4995,[For Creating Test Sites] Create Project Site 20260813031217,Completed,,Mihal,Mihal@7rkd12.onmicrosoft.com,,,Mihal,Mihal@7rkd12.onmicrosoft.com,2026-08-13 14:09:57,,,,2026-08-13 12:12:17,EDRMS Service,Dynamic service,https://7rkd12.sharepoint.com/teams/prj_dane-c-27,[For Creating Test Sites] Create Project Site,API,,,,,,,,,,,,,,,,,,,,,,,,,,,,,,,,,,,,,,,,,,,
4997,[For Creating Test Sites] Create Project Site 20260813031222,Completed,,Mihal,Mihal@7rkd12.onmicrosoft.com,,,Mihal,Mihal@7rkd12.onmicrosoft.com,2026-08-13 13:56:59,,,,2026-08-13 12:12:22,EDRMS Service,Dynamic service,https://7rkd12.sharepoint.com/teams/prj_dane-c-29,[For Creating Test Sites] Create Project Site,API,,,,,,,,,,,,,,,,,,,,,,,,,,,,,,,,,,,,,,,,,,,
4998,[For Creating Test Sites] Create Project Site 20260813031224,Completed,,Mihal,Mihal@7rkd12.onmicrosoft.com,,,Mihal,Mihal@7rkd12.onmicrosoft.com,2026-08-13 13:51:09,,,,2026-08-13 12:12:24,EDRMS Service,Dynamic service,https://7rkd12.sharepoint.com/teams/prj_dane-c-30,[For Creating Test Sites] Create Project Site,API,,,,,,,,,,,,,,,,,,,,,,,,,,,,,,,,,,,,,,,,,,,
4977,[For Creating Test Sites] Create Project Site 20260813031049,Completed,,Mihal,Mihal@7rkd12.onmicrosoft.com,,,Mihal,Mihal@7rkd12.onmicrosoft.com,2026-08-13 13:41:47,,,,2026-08-13 12:10:49,EDRMS Service,Dynamic service,https://7rkd12.sharepoint.com/teams/prj_dane-c-9,[For Creating Test Sites] Create Project Site,API,,,,,,,,,,,,,,,,,,,,,,,,,,,,,,,,,,,,,,,,,,,
4991,[For Creating Test Sites] Create Project Site 20260813031206,Completed,,Mihal,Mihal@7rkd12.onmicrosoft.com,,,Mihal,Mihal@7rkd12.onmicrosoft.com,2026-08-13 13:38:56,,,,2026-08-13 12:12:06,EDRMS Service,Dynamic service,https://7rkd12.sharepoint.com/teams/prj_dane-c-23,[For Creating Test Sites] Create Project Site,API,,,,,,,,,,,,,,,,,,,,,,,,,,,,,,,,,,,,,,,,,,,
4963,[For Creating Test Sites] Create Project Site 20260813021027,Completed,,Mihal,Mihal@7rkd12.onmicrosoft.com,,,Mihal,Mihal@7rkd12.onmicrosoft.com,2026-08-13 13:23:14,,,,2026-08-13 11:10:27,EDRMS Service,Dynamic service,https://7rkd12.sharepoint.com/teams/prj_kendrick-t-1,[For Creating Test Sites] Create Project Site,API,,,,,,,,,,,,,,,,,,,,,,,,,,,,,,,,,,,,,,,,,,,
4968,[For Creating Test Sites] Create Project Site 20260813021040,Completed,,Mihal,Mihal@7rkd12.onmicrosoft.com,,,Mihal,Mihal@7rkd12.onmicrosoft.com,2026-08-13 13:07:38,,,,2026-08-13 11:10:40,EDRMS Service,Dynamic service,https://7rkd12.sharepoint.com/teams/prj_kendrick-t-6,[For Creating Test Sites] Create Project Site,API,,,,,,,,,,,,,,,,,,,,,,,,,,,,,,,,,,,,,,,,,,,
4967,[For Creating Test Sites] Create Project Site 20260813021037,Completed,,Mihal,Mihal@7rkd12.onmicrosoft.com,,,Mihal,Mihal@7rkd12.onmicrosoft.com,2026-08-13 13:00:40,,,,2026-08-13 11:10:37,EDRMS Service,Dynamic service,https://7rkd12.sharepoint.com/teams/prj_kendrick-t-5,[For Creating Test Sites] Create Project Site,API,,,,,,,,,,,,,,,,,,,,,,,,,,,,,,,,,,,,,,,,,,,
4965,[For Creating Test Sites] Create Project Site 20260813021032,Completed,,Mihal,Mihal@7rkd12.onmicrosoft.com,,,Mihal,Mihal@7rkd12.onmicrosoft.com,2026-08-13 12:54:39,,,,2026-08-13 11:10:32,EDRMS Service,Dynamic service,https://7rkd12.sharepoint.com/teams/prj_kendrick-t-3,[For Creating Test Sites] Create Project Site,API,,,,,,,,,,,,,,,,,,,,,,,,,,,,,,,,,,,,,,,,,,,
4966,[For Creating Test Sites] Create Project Site 20260813021035,Completed,,Mihal,Mihal@7rkd12.onmicrosoft.com,,,Mihal,Mihal@7rkd12.onmicrosoft.com,2026-08-13 12:37:32,,,,2026-08-13 11:10:35,EDRMS Service,Dynamic service,https://7rkd12.sharepoint.com/teams/prj_kendrick-t-4,[For Creating Test Sites] Create Project Site,API,,,,,,,,,,,,,,,,,,,,,,,,,,,,,,,,,,,,,,,,,,,
4964,[For Creating Test Sites] Create Project Site 20260813021030,Completed,,Mihal,Mihal@7rkd12.onmicrosoft.com,,,Mihal,Mihal@7rkd12.onmicrosoft.com,2026-08-13 12:37:32,,,,2026-08-13 11:10:30,EDRMS Service,Dynamic service,https://7rkd12.sharepoint.com/teams/prj_kendrick-t-2,[For Creating Test Sites] Create Project Site,API,,,,,,,,,,,,,,,,,,,,,,,,,,,,,,,,,,,,,,,,,,,
4986,[For Creating Test Sites] Create Project Site 20260813031154,In Progress,,Mihal,Mihal@7rkd12.onmicrosoft.com,,,Mihal,Mihal@7rkd12.onmicrosoft.com,2026-08-13 12:18:18,,,,2026-08-13 12:11:54,EDRMS Service,Dynamic service,,[For Creating Test Sites] Create Project Site,API,,,,,,,,,,,,,,,,,,,,,,,,,,,,,,,,,,,,,,,,,,,
4985,[For Creating Test Sites] Create Project Site 20260813031152,In Progress,,Mihal,Mihal@7rkd12.onmicrosoft.com,,,Mihal,Mihal@7rkd12.onmicrosoft.com,2026-08-13 12:18:14,,,,2026-08-13 12:11:52,EDRMS Service,Dynamic service,,[For Creating Test Sites] Create Project Site,API,,,,,,,,,,,,,,,,,,,,,,,,,,,,,,,,,,,,,,,,,,,
4981,[For Creating Test Sites] Create Project Site 20260813031143,In Progress,,Mihal,Mihal@7rkd12.onmicrosoft.com,,,Mihal,Mihal@7rkd12.onmicrosoft.com,2026-08-13 12:18:07,,,,2026-08-13 12:11:43,EDRMS Service,Dynamic service,,[For Creating Test Sites] Create Project Site,API,,,,,,,,,,,,,,,,,,,,,,,,,,,,,,,,,,,,,,,,,,,
4982,[For Creating Test Sites] Create Project Site 20260813031145,In Progress,,Mihal,Mihal@7rkd12.onmicrosoft.com,,,Mihal,Mihal@7rkd12.onmicrosoft.com,2026-08-13 12:18:05,,,,2026-08-13 12:11:45,EDRMS Service,Dynamic service,,[For Creating Test Sites] Create Project Site,API,,,,,,,,,,,,,,,,,,,,,,,,,,,,,,,,,,,,,,,,,,,
4971,[For Creating Test Sites] Create Project Site 20260813031036,In Progress,,Mihal,Mihal@7rkd12.onmicrosoft.com,,,Mihal,Mihal@7rkd12.onmicrosoft.com,2026-08-13 12:16:59,,,,2026-08-13 12:10:36,EDRMS Service,Dynamic service,,[For Creating Test Sites] Create Project Site,API,,,,,,,,,,,,,,,,,,,,,,,,,,,,,,,,,,,,,,,,,,,
4970,[For Creating Test Sites] Create Project Site 20260813031033,In Progress,,Mihal,Mihal@7rkd12.onmicrosoft.com,,,Mihal,Mihal@7rkd12.onmicrosoft.com,2026-08-13 12:16:59,,,,2026-08-13 12:10:33,EDRMS Service,Dynamic service,,[For Creating Test Sites] Create Project Site,API,,,,,,,,,,,,,,,,,,,,,,,,,,,,,,,,,,,,,,,,,,,
4996,[For Creating Test Sites] Create Project Site 20260813031219,In Progress,,Mihal,Mihal@7rkd12.onmicrosoft.com,,,Mihal,Mihal@7rkd12.onmicrosoft.com,2026-08-13 12:16:46,,,,2026-08-13 12:12:19,EDRMS Service,Dynamic service,,[For Creating Test Sites] Create Project Site,API,,,,,,,,,,,,,,,,,,,,,,,,,,,,,,,,,,,,,,,,,,,
4980,[For Creating Test Sites] Create Project Site 20260813031126,In Progress,,Mihal,Mihal@7rkd12.onmicrosoft.com,,,Mihal,Mihal@7rkd12.onmicrosoft.com,2026-08-13 12:15:51,,,,2026-08-13 12:11:26,EDRMS Service,Dynamic service,,[For Creating Test Sites] Create Project Site,API,,,,,,,,,,,,,,,,,,,,,,,,,,,,,,,,,,,,,,,,,,,
4994,[For Creating Test Sites] Create Project Site 20260813031214,In Progress,,Mihal,Mihal@7rkd12.onmicrosoft.com,,,Mihal,Mihal@7rkd12.onmicrosoft.com,2026-08-13 12:14:34,,,,2026-08-13 12:12:14,EDRMS Service,Dynamic service,,[For Creating Test Sites] Create Project Site,API,,,,,,,,,,,,,,,,,,,,,,,,,,,,,,,,,,,,,,,,,,,
4993,[For Creating Test Sites] Create Project Site 20260813031212,In Progress,,Mihal,Mihal@7rkd12.onmicrosoft.com,,,Mihal,Mihal@7rkd12.onmicrosoft.com,2026-08-13 12:14:33,,,,2026-08-13 12:12:12,EDRMS Service,Dynamic service,,[For Creating Test Sites] Create Project Site,API,,,,,,,,,,,,,,,,,,,,,,,,,,,,,,,,,,,,,,,,,,,
4992,[For Creating Test Sites] Create Project Site 20260813031209,In Progress,,Mihal,Mihal@7rkd12.onmicrosoft.com,,,Mihal,Mihal@7rkd12.onmicrosoft.com,2026-08-13 12:14:30,,,,2026-08-13 12:12:09,EDRMS Service,Dynamic service,,[For Creating Test Sites] Create Project Site,API,,,,,,,,,,,,,,,,,,,,,,,,,,,,,,,,,,,,,,,,,,,
4990,[For Creating Test Sites] Create Project Site 20260813031204,In Progress,,Mihal,Mihal@7rkd12.onmicrosoft.com,,,Mihal,Mihal@7rkd12.onmicrosoft.com,2026-08-13 12:14:27,,,,2026-08-13 12:12:04,EDRMS Service,Dynamic service,,[For Creating Test Sites] Create Project Site,API,,,,,,,,,,,,,,,,,,,,,,,,,,,,,,,,,,,,,,,,,,,
4989,[For Creating Test Sites] Create Project Site 20260813031202,In Progress,,Mihal,Mihal@7rkd12.onmicrosoft.com,,,Mihal,Mihal@7rkd12.onmicrosoft.com,2026-08-13 12:14:25,,,,2026-08-13 12:12:02,EDRMS Service,Dynamic service,,[For Creating Test Sites] Create Project Site,API,,,,,,,,,,,,,,,,,,,,,,,,,,,,,,,,,,,,,,,,,,,
4988,[For Creating Test Sites] Create Project Site 20260813031159,In Progress,,Mihal,Mihal@7rkd12.onmicrosoft.com,,,Mihal,Mihal@7rkd12.onmicrosoft.com,2026-08-13 12:14:22,,,,2026-08-13 12:11:59,EDRMS Service,Dynamic service,,[For Creating Test Sites] Create Project Site,API,,,,,,,,,,,,,,,,,,,,,,,,,,,,,,,,,,,,,,,,,,,
4962,[For Creating Test Sites] Create Project Site 20260812110137,Completed,,Mihal,Mihal@7rkd12.onmicrosoft.com,,,Mihal,Mihal@7rkd12.onmicrosoft.com,2026-08-12 23:29:00,,,,2026-08-12 20:01:37,EDRMS Service,Dynamic service,https://7rkd12.sharepoint.com/teams/prj_dane-d-6,[For Creating Test Sites] Create Project Site,API,,,,,,,,,,,,,,,,,,,,,,,,,,,,,,,,,,,,,,,,,,,
4959,[For Creating Test Sites] Create Project Site 20260812110049,Completed,,Mihal,Mihal@7rkd12.onmicrosoft.com,,,Mihal,Mihal@7rkd12.onmicrosoft.com,2026-08-12 23:19:17,,,,2026-08-12 20:00:49,EDRMS Service,Dynamic service,https://7rkd12.sharepoint.com/teams/prj_dane-d-3,[For Creating Test Sites] Create Project Site,API,,,,,,,,,,,,,,,,,,,,,,,,,,,,,,,,,,,,,,,,,,,
4957,[For Creating Test Sites] Create Project Site 20260812110044,Completed,,Mihal,Mihal@7rkd12.onmicrosoft.com,,,Mihal,Mihal@7rkd12.onmicrosoft.com,2026-08-12 23:08:58,,,,2026-08-12 20:00:44,EDRMS Service,Dynamic service,https://7rkd12.sharepoint.com/teams/prj_dane-d-1,[For Creating Test Sites] Create Project Site,API,,,,,,,,,,,,,,,,,,,,,,,,,,,,,,,,,,,,,,,,,,,
4958,[For Creating Test Sites] Create Project Site 20260812110047,Completed,,Mihal,Mihal@7rkd12.onmicrosoft.com,,,Mihal,Mihal@7rkd12.onmicrosoft.com,2026-08-12 23:05:13,,,,2026-08-12 20:00:47,EDRMS Service,Dynamic service,https://7rkd12.sharepoint.com/teams/prj_dane-d-2,[For Creating Test Sites] Create Project Site,API,,,,,,,,,,,,,,,,,,,,,,,,,,,,,,,,,,,,,,,,,,,
4960,[For Creating Test Sites] Create Project Site 20260812110107,Completed,,Mihal,Mihal@7rkd12.onmicrosoft.com,,,Mihal,Mihal@7rkd12.onmicrosoft.com,2026-08-12 23:04:26,,,,2026-08-12 20:01:07,EDRMS Service,Dynamic service,https://7rkd12.sharepoint.com/teams/prj_dane-d-4,[For Creating Test Sites] Create Project Site,API,,,,,,,,,,,,,,,,,,,,,,,,,,,,,,,,,,,,,,,,,,,
4951,[For Creating Test Sites] Create Project Site 20260811152452,Completed,,Mihal,Mihal@7rkd12.onmicrosoft.com,,,Mihal,Mihal@7rkd12.onmicrosoft.com,2026-08-12 02:20:58,,,,2026-08-12 00:24:52,EDRMS Service,Dynamic service,https://7rkd12.sharepoint.com/teams/prj_kendrick-d-1,[For Creating Test Sites] Create Project Site,API,,,,,,,,,,,,,,,,,,,,,,,,,,,,,,,,,,,,,,,,,,,
4955,[For Creating Test Sites] Create Project Site 20260811152504,Completed,,Mihal,Mihal@7rkd12.onmicrosoft.com,,,Mihal,Mihal@7rkd12.onmicrosoft.com,2026-08-12 02:20:40,,,,2026-08-12 00:25:04,EDRMS Service,Dynamic service,https://7rkd12.sharepoint.com/teams/prj_kendrick-d-5,[For Creating Test Sites] Create Project Site,API,,,,,,,,,,,,,,,,,,,,,,,,,,,,,,,,,,,,,,,,,,,
4954,[For Creating Test Sites] Create Project Site 20260811152502,Completed,,Mihal,Mihal@7rkd12.onmicrosoft.com,,,Mihal,Mihal@7rkd12.onmicrosoft.com,2026-08-12 02:16:57,,,,2026-08-12 00:25:02,EDRMS Service,Dynamic service,https://7rkd12.sharepoint.com/teams/prj_kendrick-d-4,[For Creating Test Sites] Create Project Site,API,,,,,,,,,,,,,,,,,,,,,,,,,,,,,,,,,,,,,,,,,,,
4953,[For Creating Test Sites] Create Project Site 20260811152459,Completed,,Mihal,Mihal@7rkd12.onmicrosoft.com,,,Mihal,Mihal@7rkd12.onmicrosoft.com,2026-08-12 02:14:44,,,,2026-08-12 00:24:59,EDRMS Service,Dynamic service,https://7rkd12.sharepoint.com/teams/prj_kendrick-d-3,[For Creating Test Sites] Create Project Site,API,,,,,,,,,,,,,,,,,,,,,,,,,,,,,,,,,,,,,,,,,,,
4956,[For Creating Test Sites] Create Project Site 20260811152538,Completed,,Mihal,Mihal@7rkd12.onmicrosoft.com,,,Mihal,Mihal@7rkd12.onmicrosoft.com,2026-08-12 01:50:50,,,,2026-08-12 00:25:38,EDRMS Service,Dynamic service,https://7rkd12.sharepoint.com/teams/prj_kendrick-d-6,[For Creating Test Sites] Create Project Site,API,,,,,,,,,,,,,,,,,,,,,,,,,,,,,,,,,,,,,,,,,,,
4950,Change DPM Plan 20260811104016,Completed,,Bonnie Test,BonnieTest@7rkd12.onmicrosoft.com,,,Bonnie Test,BonnieTest@7rkd12.onmicrosoft.com,2026-08-11 13:01:14,,,,2026-08-11 11:40:16,EDRMS Service,Change Site Settings,https://7rkd12.sharepoint.com/teams/prj_edrms-001,[For Existing Sites] Apply Project Site Template,MyHub web portal,,,,,,,,,,,,,,,,,,,,,,,,,,,,,,,,,,,,,,,,,,,
737,convert group to team 20260707105931,Completed,,Bonnie Test,BonnieTest@7rkd12.onmicrosoft.com,,,Bonnie Test,BonnieTest@7rkd12.onmicrosoft.com,2026-07-07 12:00:04,,,,2026-07-07 11:59:31,EDRMS Service,Dynamic service,prj_temp-001@7rkd12.onmicrosoft.com,convert group to team,MyHub web portal,,,,,,,,,,,,,,,,,,,,,,,,,,,,,,,,,,,,,,,,,,,
733,copy logan permission to citest166,Completed,,Admin ADB,Admin@7rkd12.onmicrosoft.com,,,Admin ADB,Admin@7rkd12.onmicrosoft.com,2026-06-29 15:28:40,,,,2026-06-29 15:18:10,Security,Clone or Transfer User Permissions,https://7rkd12.sharepoint.com/sites/org_csd_1.3testsite;https://7rkd12-my.sharepoint.com/personal/logantest_7rkd12_onmicrosoft_com,Clone Permission,MyHub web portal,,,,,,,,,,,,,,,,,,,,,,,,,,,,,,,,,,,,,,,,,,,
724,A - Create SharePoint Site 20260609152815,Completed,,Bonnie Test,BonnieTest@7rkd12.onmicrosoft.com,,,Bonnie Test,BonnieTest@7rkd12.onmicrosoft.com,2026-06-09 17:07:17,,,,2026-06-09 16:28:15,EDRMS Service,Dynamic service,https://7rkd12.sharepoint.com/sites/add-in05,A - Create SharePoint Site,MyHub web portal,,,,,,,,,,,,,,,,,,,,,,,,,,,,,Administrative Site,,,,,,,,,,,,,,
723,A - Create SharePoint Site 20260609131310,Completed,,Mihal,Mihal@7rkd12.onmicrosoft.com,,,Mihal,Mihal@7rkd12.onmicrosoft.com,2026-06-09 13:53:29,,,,2026-06-09 13:13:10,EDRMS Service,Dynamic service,https://7rkd12.sharepoint.com/sites/org_adbi_testsite,A - Create SharePoint Site,MyHub web portal,,,,,,,,,,,,,,,,,,,,,,,,,,,,,Administrative Site,,,,,,,,,,,,,,
722,A - Create SharePoint Site 20260608133614,Completed,,Mihal,Mihal@7rkd12.onmicrosoft.com,,,Mihal,Mihal@7rkd12.onmicrosoft.com,2026-06-08 14:05:39,,,,2026-06-08 13:36:14,EDRMS Service,Dynamic service,https://7rkd12.sharepoint.com/sites/org_adbi_victorcloud,A - Create SharePoint Site,MyHub web portal,,,,,,,,,,,,,,,,,,,,,,,,,,,,,People Management Site,,,,,,,,,,,,,,
702,create sc 20260522175648,Completed,,Bonnie Test,BonnieTest@7rkd12.onmicrosoft.com,,,Bonnie Test,BonnieTest@7rkd12.onmicrosoft.com,2026-05-22 18:59:44,,,,2026-05-22 18:56:49,Administration,Dynamic service,https://7rkd12.sharepoint.com/sites/no,create sc,MyHub web portal,,,,,,,,,,,,,,,,,,,,,,,,,,,,,,,,,,,,,,,,,,,
700,A - Create SharePoint Site 20260522163343,Completed,,Bonnie Test,BonnieTest@7rkd12.onmicrosoft.com,,,Bonnie Test,BonnieTest@7rkd12.onmicrosoft.com,2026-05-22 18:11:15,Bonnie Test,BonnieTest@7rkd12.onmicrosoft.com,2026-05-22 17:46:56,2026-05-22 17:33:43,EDRMS Service,Dynamic service,https://7rkd12.sharepoint.com/teams/scteams-'._,A - Create SharePoint Site,MyHub web portal,,,,,,,,,,,,,,,,,,,,,,,,,,,,,Function Site,,,,,,,,,,,,,,
689,A - Create SharePoint Site 20260520144314,Completed,,Admin ADB,Admin@7rkd12.onmicrosoft.com,,,Admin ADB,Admin@7rkd12.onmicrosoft.com,2026-05-20 16:05:17,,,,2026-05-20 15:43:14,EDRMS Service,Dynamic service,https://7rkd12.sharepoint.com/sites/org_csd_demo0520,A - Create SharePoint Site,MyHub web portal,,,,,,,,,,,,,,,,,,,,,,,,,,,,,Administrative Site,,,,,,,,,,,,,,
688,create lib 20260511142119,Completed,,Bonnie Test,BonnieTest@7rkd12.onmicrosoft.com,,,Bonnie Test,BonnieTest@7rkd12.onmicrosoft.com,2026-05-11 15:21:27,,,,2026-05-11 15:21:19,Administration,Create Library/List,https://7rkd12.sharepoint.com/sites/org_csd_1.4testsite/testlib,create lib,MyHub web portal,,,,,,,,,,,,,,,,,CGAdoption,,,,,,,,,,,,,,,,,,,,,,,,,,
687,change lib 20260511141642,Completed,,Bonnie Test,BonnieTest@7rkd12.onmicrosoft.com,,,Bonnie Test,BonnieTest@7rkd12.onmicrosoft.com,2026-05-11 15:16:44,,,,2026-05-11 15:16:42,Administration,Change Library/List Settings,https://7rkd12.sharepoint.com/sites/org_csd_1.4testsite/OOTB  Blank,change lib,MyHub web portal,,,,,,,,,,,,,,,,,CGAdoption,,,,,,,,,,,,,,,,,,,,,,,,,,
686,change lib 20260511141613,Completed,,Bonnie Test,BonnieTest@7rkd12.onmicrosoft.com,,,Bonnie Test,BonnieTest@7rkd12.onmicrosoft.com,2026-05-11 15:16:16,,,,2026-05-11 15:16:13,Administration,Change Library/List Settings,https://7rkd12.sharepoint.com/sites/org_csd_1.4testsite/AnnualMeet,change lib,MyHub web portal,,,,,,,,,,,,,,,,,CGAdoption,,,,,,,,,,,,,,,,,,,,,,,,,,
684,A - Create SharePoint Site 20260508101532,Completed,,Bonnie Test,BonnieTest@7rkd12.onmicrosoft.com,,,Bonnie Test,BonnieTest@7rkd12.onmicrosoft.com,2026-05-08 11:34:28,,,,2026-05-08 11:15:32,EDRMS Service,Dynamic service,https://7rkd12.sharepoint.com/sites/addin04,A - Create SharePoint Site,MyHub web portal,,,,,,,,,,,,,,,,,,,,,,,,,,,,,Function Site,,,,,,,,,,,,,,
683,A - Create SharePoint Site 20260508101144,Completed,,Bonnie Test,BonnieTest@7rkd12.onmicrosoft.com,,,Bonnie Test,BonnieTest@7rkd12.onmicrosoft.com,2026-05-08 11:34:28,,,,2026-05-08 11:11:44,EDRMS Service,Dynamic service,https://7rkd12.sharepoint.com/teams/addin03,A - Create SharePoint Site,MyHub web portal,,,,,,,,,,,,,,,,,,,,,,,,,,,,,Function Site,,,,,,,,,,,,,,
681,A - Create SharePoint Site 20260508100957,Completed,,Bonnie Test,BonnieTest@7rkd12.onmicrosoft.com,,,Bonnie Test,BonnieTest@7rkd12.onmicrosoft.com,2026-05-08 11:30:43,,,,2026-05-08 11:09:57,EDRMS Service,Dynamic service,https://7rkd12.sharepoint.com/teams/addin01,A - Create SharePoint Site,MyHub web portal,,,,,,,,,,,,,,,,,,,,,,,,,,,,,Function Site,,,,,,,,,,,,,,
682,A - Create SharePoint Site 20260508101043,Completed,,Bonnie Test,BonnieTest@7rkd12.onmicrosoft.com,,,Bonnie Test,BonnieTest@7rkd12.onmicrosoft.com,2026-05-08 11:30:42,,,,2026-05-08 11:10:43,EDRMS Service,Dynamic service,https://7rkd12.sharepoint.com/teams/addin02,A - Create SharePoint Site,MyHub web portal,,,,,,,,,,,,,,,,,,,,,,,,,,,,,Function Site,,,,,,,,,,,,,,
680,https://7rkd12.sharepoint.com/sites/CSD_managefiles_2,Completed,,Bonnie Test,BonnieTest@7rkd12.onmicrosoft.com,,,Bonnie Test,BonnieTest@7rkd12.onmicrosoft.com,2026-05-08 10:37:51,,,,2026-05-08 10:37:38,Administration,Dynamic service,https://7rkd12.sharepoint.com/sites/CSD_managefiles_2,Update Metadata,MyHub web portal,,,,,,,,,,,,,,,,,,,,,,,,,,,,,,,,,,,,,,,,,,,
679,https://7rkd12.sharepoint.com/sites/CSD_managefiles_2,Completed,,Bonnie Test,BonnieTest@7rkd12.onmicrosoft.com,,,Bonnie Test,BonnieTest@7rkd12.onmicrosoft.com,2026-05-08 10:33:40,,,,2026-05-08 10:33:27,Administration,Dynamic service,https://7rkd12.sharepoint.com/sites/CSD_managefiles_2,Update Metadata,MyHub web portal,,,,,,,,,,,,,,,,,,,,,,,,,,,,,,,,,,,,,,,,,,,
678,https://7rkd12.sharepoint.com/sites/CSD_managefiles_3,Completed,,Bonnie Test,BonnieTest@7rkd12.onmicrosoft.com,,,Bonnie Test,BonnieTest@7rkd12.onmicrosoft.com,2026-05-08 10:31:08,,,,2026-05-08 10:30:53,Administration,Dynamic service,https://7rkd12.sharepoint.com/sites/CSD_managefiles_3,Update Metadata,MyHub web portal,,,,,,,,,,,,,,,,,,,,,,,,,,,,,,,,,,,,,,,,,,,
677,https://7rkd12.sharepoint.com/sites/CSD_SiteA01,Completed,,Bonnie Test,BonnieTest@7rkd12.onmicrosoft.com,,,Bonnie Test,BonnieTest@7rkd12.onmicrosoft.com,2026-05-08 10:26:38,,,,2026-05-08 10:26:26,Administration,Dynamic service,https://7rkd12.sharepoint.com/sites/CSD_SiteA01,Update Metadata,MyHub web portal,,,,,,,,,,,,,,,,,,,,,,,,,,,,,,,,,,,,,,,,,,,
676,https://7rkd12.sharepoint.com/sites/CSD_SiteA01,Completed,,Bonnie Test,BonnieTest@7rkd12.onmicrosoft.com,,,Bonnie Test,BonnieTest@7rkd12.onmicrosoft.com,2026-05-08 10:26:11,,,,2026-05-08 10:26:03,Administration,Dynamic service,https://7rkd12.sharepoint.com/sites/CSD_SiteA01,Update Metadata,MyHub web portal,,,,,,,,,,,,,,,,,,,,,,,,,,,,,,,,,,,,,,,,,,,
675,https://7rkd12.sharepoint.com/sites/CSD_managefiles_2,Completed,,Bonnie Test,BonnieTest@7rkd12.onmicrosoft.com,,,Bonnie Test,BonnieTest@7rkd12.onmicrosoft.com,2026-05-08 10:17:49,,,,2026-05-08 10:17:34,Administration,Dynamic service,https://7rkd12.sharepoint.com/sites/CSD_managefiles_2,Update Metadata,MyHub web portal,,,,,,,,,,,,,,,,,,,,,,,,,,,,,,,,,,,,,,,,,,,
674,https://7rkd12.sharepoint.com/sites/CSD_managefiles_3,Completed,,Bonnie Test,BonnieTest@7rkd12.onmicrosoft.com,,,Bonnie Test,BonnieTest@7rkd12.onmicrosoft.com,2026-05-08 10:17:28,,,,2026-05-08 10:17:08,Administration,Dynamic service,https://7rkd12.sharepoint.com/sites/CSD_managefiles_3,Update Metadata,MyHub web portal,,,,,,,,,,,,,,,,,,,,,,,,,,,,,,,,,,,,,,,,,,,
659,Demo-Create SharePoint Site 20260430112316,Completed,,Ryan Test,RyanTest@7rkd12.onmicrosoft.com,,,Ryan Test,RyanTest@7rkd12.onmicrosoft.com,2026-04-30 12:40:24,,,,2026-04-30 12:23:16,Provisioning,Dynamic service,https://7rkd12.sharepoint.com/sites/org_csd_noaccessleah,Demo-Create SharePoint Site,MyHub web portal,,,,,,,,,,,,,,,,,,,,,,,,,,,,,Function Site,,,,,,,,,,,,,,
657,1,Completed,,Bonnie Test,BonnieTest@7rkd12.onmicrosoft.com,,,Bonnie Test,BonnieTest@7rkd12.onmicrosoft.com,2026-04-21 19:01:54,,,,2026-04-21 19:01:48,Administration,Dynamic service,ProjectSite02@7rkd12.onmicrosoft.com,Update Metadata,MyHub web portal,,,,,,,,,,,,,,,,,,,,,,,,,,,,,,,,,,,,,,,,,,,
654,Create Library Service 20260413173520,Completed,,Admin ADB,Admin@7rkd12.onmicrosoft.com,,,Admin ADB,Admin@7rkd12.onmicrosoft.com,2026-04-13 18:35:26,,,,2026-04-13 18:35:20,Provisioning,Dynamic service,https://7rkd12.sharepoint.com/sites/ProjectA/test,Create Library Service,MyHub web portal,,,,,,,,,,,,,,,,,,,,,,,,,,,,,,,,,,,,,,,,,,,
653,Create Library Service 20260413172358,Completed,,Admin ADB,Admin@7rkd12.onmicrosoft.com,,,Admin ADB,Admin@7rkd12.onmicrosoft.com,2026-04-13 18:24:03,,,,2026-04-13 18:23:58,Provisioning,Dynamic service,https://7rkd12.sharepoint.com/sites/testa/test1,Create Library Service,MyHub web portal,,,,,,,,,,,,,,,,,,,,,,,,,,,,,,,,,,,,,,,,,,,
652,Create Library Service 20260413171428,Completed,,Admin ADB,Admin@7rkd12.onmicrosoft.com,,,Admin ADB,Admin@7rkd12.onmicrosoft.com,2026-04-13 18:14:34,,,,2026-04-13 18:14:28,Provisioning,Dynamic service,https://7rkd12.sharepoint.com/sites/BonnieTeam1/test1,Create Library Service,MyHub web portal,,,,,,,,,,,,,,,,,,,,,,,,,,,,,,,,,,,,,,,,,,,
650,A - Create SharePoint Site 20260413145738,Completed,,Mihal,Mihal@7rkd12.onmicrosoft.com,,,Mihal;Admin ADB,Mihal@7rkd12.onmicrosoft.com;Admin@7rkd12.onmicrosoft.com,2026-04-13 15:25:37,,,,2026-04-13 14:57:38,EDRMS Service,Dynamic service,https://7rkd12.sharepoint.com/sites/test413,A - Create SharePoint Site,MyHub web portal,,,,,,,,,,,,,,,,,,,,,,,,,,,,,Administrative Site,,,,,,,,,,,,,,
649,Create subsite 20260409172727,Completed,,Admin ADB,Admin@7rkd12.onmicrosoft.com,,,Admin ADB,Admin@7rkd12.onmicrosoft.com,2026-04-09 18:27:41,,,,2026-04-09 18:27:27,Administration,Create Site,https://7rkd12.sharepoint.com/sites/projectsite01/SubSite01,Create subsite,MyHub web portal,,,,,,,,,,,,,,,,,,,,,,,,,,,,,,,,,,,,,,,,,,,
648,community01,Completed,,Admin ADB,Admin@7rkd12.onmicrosoft.com,,,Admin ADB,Admin@7rkd12.onmicrosoft.com,2026-04-09 18:27:02,,,,2026-04-09 18:24:38,Administration,Dynamic service,community01@7rkd12.onmicrosoft.com,Create yammer,MyHub web portal,,,,,,,,,,,,,,,,,,,,,,,,,,,,,,,,,,,,,,,,,,,
647,A - Create SharePoint Site 20260409170414,Completed,,Admin ADB,Admin@7rkd12.onmicrosoft.com,,,Admin ADB,Admin@7rkd12.onmicrosoft.com,2026-04-09 18:19:09,,,,2026-04-09 18:04:14,EDRMS Service,Dynamic service,https://7rkd12.sharepoint.com/sites/teams-1_2.3'4'5,A - Create SharePoint Site,MyHub web portal,,,,,,,,,,,,,,,,,,,,,,,,,,,,,Function Site,,,,,,,,,,,,,,
646,Demo-Create SharePoint Site 20260409165916,Completed,,Admin ADB,Admin@7rkd12.onmicrosoft.com,,,Admin ADB,Admin@7rkd12.onmicrosoft.com,2026-04-09 18:14:20,,,,2026-04-09 17:59:16,Provisioning,Dynamic service,https://7rkd12.sharepoint.com/sites/scurl-1_2.3'4'5,Demo-Create SharePoint Site,MyHub web portal,,,,,,,,,,,,,,,,,,,,,,,,,,,,,Function Site,,,,,,,,,,,,,,
645,Test323,Completed,,Admin ADB,Admin@7rkd12.onmicrosoft.com,,,Admin ADB,Admin@7rkd12.onmicrosoft.com,2026-03-23 17:07:36,,,,2026-03-23 16:44:16,Administration,Dynamic service,https://7rkd12.sharepoint.com/sites/org_csd_1.4testsite/DocLib266f712e36b3433a86ca7f061a1dc631,Test323,MyHub web portal,,,,,,,,,,,,,,,,,,,,,,,,,,,,,,,,,,,,,,,,,,,
644,4,Completed,,Admin ADB,Admin@7rkd12.onmicrosoft.com,,,Admin ADB,Admin@7rkd12.onmicrosoft.com,2026-03-06 16:51:32,,,,2026-03-06 16:51:23,Administration,Dynamic service,https://7rkd12.sharepoint.com/teams/grp_csd_test2,Update Metadata,MyHub web portal,,,,,,,,,,,,,,,,,,,,,,,,,,,,,,,,,,,,,,,,,,,
643,3,Completed,,Admin ADB,Admin@7rkd12.onmicrosoft.com,,,Admin ADB,Admin@7rkd12.onmicrosoft.com,2026-03-06 16:51:03,,,,2026-03-06 16:50:59,Administration,Dynamic service,https://7rkd12.sharepoint.com/teams/grp_csd_sample,Update Metadata,MyHub web portal,,,,,,,,,,,,,,,,,,,,,,,,,,,,,,,,,,,,,,,,,,,
642,2,Completed,,Admin ADB,Admin@7rkd12.onmicrosoft.com,,,Admin ADB,Admin@7rkd12.onmicrosoft.com,2026-03-06 16:38:03,,,,2026-03-06 16:37:56,Administration,Dynamic service,https://7rkd12.sharepoint.com/teams/grp_csd_test2,Update Metadata,MyHub web portal,,,,,,,,,,,,,,,,,,,,,,,,,,,,,,,,,,,,,,,,,,,
641,1,Completed,,Admin ADB,Admin@7rkd12.onmicrosoft.com,,,Admin ADB,Admin@7rkd12.onmicrosoft.com,2026-03-06 16:37:38,,,,2026-03-06 16:37:28,Administration,Dynamic service,https://7rkd12.sharepoint.com/teams/grp_csd_sample,Update Metadata,MyHub web portal,,,,,,,,,,,,,,,,,,,,,,,,,,,,,,,,,,,,,,,,,,,
640,Archive site traditionalsite02 as an escalation action of an overdue renewal task,Completed,,System Account,,,,Admin ADB,Admin@7rkd12.onmicrosoft.com,2026-03-06 11:29:37,,,,2026-03-06 11:14:50,,Site Lifecycle Management,https://7rkd12.sharepoint.com/sites/traditionalsite02,,No record,,,,,,,,,,,,,,,,,,,,,,,,,,,,,,,,,,,,,,,,,,,
639,Archive site traditionalsite01,Completed,,Admin ADB,Admin@7rkd12.onmicrosoft.com,,,Admin ADB,Admin@7rkd12.onmicrosoft.com,2026-03-06 11:19:48,,,,2026-03-06 11:11:58,,Site Lifecycle Management,https://7rkd12.sharepoint.com/sites/traditionalsite01,,No record,,,,,,,,,,,,,,,,,,,,,,,,,,,,,,,,,,,,,,,,,,,
638,Copy Service 20260305161112,Completed,,Bonnie Test,BonnieTest@7rkd12.onmicrosoft.com,,,Bonnie Test;Admin ADB,BonnieTest@7rkd12.onmicrosoft.com;Admin@7rkd12.onmicrosoft.com,2026-03-05 17:36:29,,,,2026-03-05 17:11:12,EDRMS Service,Dynamic service,https://7rkd12.sharepoint.com/sites/traditionalsite02,Copy Service,MyHub web portal,,,,,,,,,,,,,,,,,,,,,,,,,,,,,Function Site,,,,,,,,,,,,,,
636,A - Create SharePoint Site 20260305133018,Completed,,Admin ADB,Admin@7rkd12.onmicrosoft.com,,,Admin ADB,Admin@7rkd12.onmicrosoft.com,2026-03-05 14:58:14,,,,2026-03-05 14:30:18,EDRMS Service,Dynamic service,https://7rkd12.sharepoint.com/sites/traditionalsite01,A - Create SharePoint Site,MyHub web portal,,,,,,,,,,,,,,,,,,,,,,,,,,,,,Function Site,,,,,,,,,,,,,,
637,SC Lifecycle1 20260305134409,Completed,,Admin ADB,Admin@7rkd12.onmicrosoft.com,,,Admin ADB,Admin@7rkd12.onmicrosoft.com,2026-03-05 14:50:34,,,,2026-03-05 14:44:09,Administration,Dynamic service,https://7rkd12.sharepoint.com/sites/traditionalsite,SC Lifecycle1,MyHub web portal,,,,,,,,,,,,,,,,,,,,,,,,,,,,,,,,,,,,,,,,,,,
635,A - Create SharePoint Site 20260305120641,Completed,,Admin ADB,Admin@7rkd12.onmicrosoft.com,,,Admin ADB,Admin@7rkd12.onmicrosoft.com,2026-03-05 13:26:29,,,,2026-03-05 13:06:41,EDRMS Service,Dynamic service,https://7rkd12.sharepoint.com/sites/traditionalsite,A - Create SharePoint Site,MyHub web portal,,,,,,,,,,,,,,,,,,,,,,,,,,,,,Function Site,,,,,,,,,,,,,,
634,1,Completed,,Admin ADB,Admin@7rkd12.onmicrosoft.com,,,Admin ADB,Admin@7rkd12.onmicrosoft.com,2026-03-02 19:58:00,,,,2026-03-02 19:57:52,Administration,Dynamic service,R1.4devsite@7rkd12.onmicrosoft.com,Update Metadata,MyHub web portal,,,,,,,,,,,,,,,,,,,,,,,,,,,,,,,,,,,,,,,,,,,
630,test4,Completed,,Leah Test,LeahTest@7rkd12.onmicrosoft.com,,,Leah Test,LeahTest@7rkd12.onmicrosoft.com,2026-02-27 17:57:23,,,,2026-02-27 17:20:07,Training,Dynamic service,https://7rkd12.sharepoint.com/sites/training_test4,[Lea] Training,MyHub web portal,,,,,,,,,,,,,,,,,,,,,,,,,,,,,Administrative Site,,,,,,,,,,,,,,
629,test3,Completed,,Leah Test,LeahTest@7rkd12.onmicrosoft.com,,,Leah Test,LeahTest@7rkd12.onmicrosoft.com,2026-02-27 17:51:53,,,,2026-02-27 17:14:57,Training,Dynamic service,https://7rkd12.sharepoint.com/sites/training_test3,[Lea] Training,MyHub web portal,,,,,,,,,,,,,,,,,,,,,,,,,,,,,Administrative Site,,,,,,,,,,,,,,
628,test2,Completed,,Leah Test,LeahTest@7rkd12.onmicrosoft.com,,,Leah Test,LeahTest@7rkd12.onmicrosoft.com,2026-02-27 17:49:43,,,,2026-02-27 17:10:39,Training,Dynamic service,https://7rkd12.sharepoint.com/sites/training_tets,[Lea] Training,MyHub web portal,,,,,,,,,,,,,,,,,,,,,,,,,,,,,Administrative Site,,,,,,,,,,,,,,
627,erwr,Completed,,Leah Test,LeahTest@7rkd12.onmicrosoft.com,,,Leah Test,LeahTest@7rkd12.onmicrosoft.com,2026-02-27 17:39:17,,,,2026-02-27 16:55:56,Training,Dynamic service,https://7rkd12.sharepoint.com/sites/training_test,[Lea] Training,MyHub web portal,,,,,,,,,,,,,,,,,,,,,,,,,,,,,Administrative Site,,,,,,,,,,,,,,
626,Test Project Site 0227,Completed,,Admin ADB,Admin@7rkd12.onmicrosoft.com,,,Admin ADB,Admin@7rkd12.onmicrosoft.com,2026-02-27 14:32:30,,,,2026-02-27 14:32:21,Administration,Dynamic service,https://7rkd12.sharepoint.com/sites/org_csd_testadb0825,Update Metadata,MyHub web portal,,,,,,,,,,,,,,,,,,,,,,,,,,,,,,,,,,,,,,,,,,,
625,A - Create SharePoint Site 20260213155437,Completed,,Admin ADB,Admin@7rkd12.onmicrosoft.com,,,Admin ADB,Admin@7rkd12.onmicrosoft.com,2026-02-13 17:17:35,,,,2026-02-13 16:54:37,EDRMS Service,Dynamic service,https://7rkd12.sharepoint.com/sites/org_csd_edrmsopus02,A - Create SharePoint Site,MyHub web portal,,,,,,,,,,,,,,,,,,,,,,,,,,,,,Administrative Site,,,,,,,,,,,,,,
624,A - Create SharePoint Site 20260213101822,Completed,,Admin ADB,Admin@7rkd12.onmicrosoft.com,,,Admin ADB,Admin@7rkd12.onmicrosoft.com,2026-02-13 11:37:27,,,,2026-02-13 11:18:22,EDRMS Service,Dynamic service,https://7rkd12.sharepoint.com/sites/org_csd_edrmsopus01,A - Create SharePoint Site,MyHub web portal,,,,,,,,,,,,,,,,,,,,,,,,,,,,,People Management Site,,,,,,,,,,,,,,
622,1,Completed,,Admin ADB,Admin@7rkd12.onmicrosoft.com,,,Admin ADB,Admin@7rkd12.onmicrosoft.com,2026-02-12 16:43:27,,,,2026-02-12 16:43:17,Administration,Dynamic service,https://7rkd12.sharepoint.com/sites/org_csd_1.4testsite,Update Metadata,MyHub web portal,,,,,,,,,,,,,,,,,,,,,,,,,,,,,,,,,,,,,,,,,,,
619,4,Completed,,Admin ADB,Admin@7rkd12.onmicrosoft.com,,,Admin ADB,Admin@7rkd12.onmicrosoft.com,2026-02-10 11:44:23,,,,2026-02-10 11:44:20,Administration,Dynamic service,https://7rkd12.sharepoint.com/sites/projectsite04,Update Metadata,MyHub web portal,,,,,,,,,,,,,,,,,,,,,,,,,,,,,,,,,,,,,,,,,,,
617,3,Completed,,Admin ADB,Admin@7rkd12.onmicrosoft.com,,,Admin ADB,Admin@7rkd12.onmicrosoft.com,2026-02-10 11:43:51,,,,2026-02-10 11:43:48,Administration,Dynamic service,https://7rkd12.sharepoint.com/sites/projectsite03,Update Metadata,MyHub web portal,,,,,,,,,,,,,,,,,,,,,,,,,,,,,,,,,,,,,,,,,,,
615,1,Completed,,Admin ADB,Admin@7rkd12.onmicrosoft.com,,,Admin ADB,Admin@7rkd12.onmicrosoft.com,2026-02-10 11:43:21,,,,2026-02-10 11:43:18,Administration,Dynamic service,https://7rkd12.sharepoint.com/sites/projectsite01,Update Metadata,MyHub web portal,,,,,,,,,,,,,,,,,,,,,,,,,,,,,,,,,,,,,,,,,,,
596,A - Create SharePoint Site 20260205091425,Completed,,Admin ADB,Admin@7rkd12.onmicrosoft.com,,,Admin ADB,Admin@7rkd12.onmicrosoft.com,2026-02-05 12:52:47,,,,2026-02-05 10:14:25,EDRMS Service,Dynamic service,https://7rkd12.sharepoint.com/sites/projectsite01,A - Create SharePoint Site,MyHub web portal,,,,,,,,,,,,,,,,,,,,,,,,,,,,,People Management Site,,,,,,,,,,,,,,
599,A - Create SharePoint Site 20260205095630,Completed,,Admin ADB,Admin@7rkd12.onmicrosoft.com,,,Admin ADB,Admin@7rkd12.onmicrosoft.com,2026-02-05 12:48:44,,,,2026-02-05 10:56:30,EDRMS Service,Dynamic service,https://7rkd12.sharepoint.com/sites/projectsite04,A - Create SharePoint Site,MyHub web portal,,,,,,,,,,,,,,,,,,,,,,,,,,,,,People Management Site,,,,,,,,,,,,,,
598,A - Create SharePoint Site 20260205091732,Completed,,Admin ADB,Admin@7rkd12.onmicrosoft.com,,,Admin ADB,Admin@7rkd12.onmicrosoft.com,2026-02-05 12:24:54,,,,2026-02-05 10:17:32,EDRMS Service,Dynamic service,https://7rkd12.sharepoint.com/sites/projectsite03,A - Create SharePoint Site,MyHub web portal,,,,,,,,,,,,,,,,,,,,,,,,,,,,,Function Site,,,,,,,,,,,,,,
595,Demo-Create SharePoint Site 20260126150220,Completed,,Admin ADB,Admin@7rkd12.onmicrosoft.com,,,Admin ADB,Admin@7rkd12.onmicrosoft.com,2026-01-26 16:19:30,,,,2026-01-26 16:02:20,Provisioning,Dynamic service,https://7rkd12.sharepoint.com/sites/org_adbi_test,Demo-Create SharePoint Site,MyHub web portal,,,,,,,,,,,,,,,,,,,,,,,,,,,,,People Management Site,,,,,,,,,,,,,,
592,Create Library Service 20260120201932,Completed,,Admin ADB,Admin@7rkd12.onmicrosoft.com,,,Admin ADB,Admin@7rkd12.onmicrosoft.com,2026-01-20 21:19:44,,,,2026-01-20 21:19:32,Provisioning,Dynamic service,https://7rkd12.sharepoint.com/sites/org_csd_1.3testsite/test1,Create Library Service,MyHub web portal,,,,,,,,,,,,,,,,,,,,,,,,,,,,,,,,,,,,,,,,,,,
588,1,Completed,,Bonnie Test,BonnieTest@7rkd12.onmicrosoft.com,,,Bonnie Test,BonnieTest@7rkd12.onmicrosoft.com,2026-01-16 20:56:41,,,,2026-01-16 20:55:54,Administration,Change Site Contact or Administrator,https://7rkd12.sharepoint.com/sites/org_csd_test097,Change site admin,MyHub web portal,,,,,,,,,,,,,,,,,,,,,,,,,,,,,,,,,,,,,,,,,,,
554,A- Create SharePoint Site 20250925103332,Completed,,Bonnie Test,BonnieTest@7rkd12.onmicrosoft.com,,,Bonnie Test,BonnieTest@7rkd12.onmicrosoft.com,2025-09-25 11:47:08,,,,2025-09-25 11:33:32,EDRMS Service,Dynamic service,https://7rkd12.sharepoint.com/sites/org_csd_1.4testsite,A - Create SharePoint Site,MyHub web portal,,,,,,,,,,,,,,,,,,,,,,,,,,,,,Function Site,,,,,,,,,,,,,,
552,A- Create SharePoint Site 20250910132023,Completed,,Leah Test,LeahTest@7rkd12.onmicrosoft.com,,,Leah Test,LeahTest@7rkd12.onmicrosoft.com,2025-09-10 14:38:45,,,,2025-09-10 14:20:23,EDRMS Service,Dynamic service,https://7rkd12.sharepoint.com/sites/org_csd_leatest,A - Create SharePoint Site,MyHub web portal,,,,,,,,,,,,,,,,,,,,,,,,,,,,,Administrative Site,,,,,,,,,,,,,,
553,A - Library Creation Request 20250910132449,Completed,,Leah Test,LeahTest@7rkd12.onmicrosoft.com,,,Leah Test,LeahTest@7rkd12.onmicrosoft.com,2025-09-10 14:25:07,,,,2025-09-10 14:24:49,EDRMS Service,Dynamic service,,A - Library Creation Request,MyHub web portal,,,,,,,i need this for xyz,,,Finance and Asset Management;Information Management and Technology;Programs and Operations;Institutional Management,,,,,,,,,,,,,,,,,,,,,,,,,,,,,,,,,https://7rkd12.sharepoint.com/sites/org_csd_leatest
551,Ada Test 20250909141600,Completed,,Bonnie Test,BonnieTest@7rkd12.onmicrosoft.com,,,Bonnie Test,BonnieTest@7rkd12.onmicrosoft.com,2025-09-09 15:26:54,,,,2025-09-09 15:16:00,Provisioning,Dynamic service,https://7rkd12.sharepoint.com/sites/org_csd_1.3testsite-blank/Comms,Ada Test,MyHub web portal,,,,,,,,,,,,,,,,,,,,,,,Communications activities,Comms,,,,Common Document Library,,,,,,,,,,,,,,,
550,Ada Test 20250909134713,Completed,,Bonnie Test,BonnieTest@7rkd12.onmicrosoft.com,,,Bonnie Test,BonnieTest@7rkd12.onmicrosoft.com,2025-09-09 14:58:01,,,,2025-09-09 14:47:13,Provisioning,Dynamic service,https://7rkd12.sharepoint.com/sites/org_csd_1.3testsite-blank/Audit,Ada Test,MyHub web portal,,,,,,,,,,,,,,,,,,,,,,,Auditing,Audit,,,,Common Document Library,,,,,,,,,,,,,,,
549,Ada Test 20250909132943,Completed,,Bonnie Test,BonnieTest@7rkd12.onmicrosoft.com,,,Bonnie Test,BonnieTest@7rkd12.onmicrosoft.com,2025-09-09 14:40:31,,,,2025-09-09 14:29:43,Provisioning,Dynamic service,https://7rkd12.sharepoint.com/sites/org_csd_1.3testsite-blank/AnnualMeet,Ada Test,MyHub web portal,,,,,,,,,,,,,,,,,,,,,,,Annual Meetings​,AnnualMeet,,,,Common Document Library,,,,,,,,,,,,,,,
526,1,Completed,,Bonnie Test,BonnieTest@7rkd12.onmicrosoft.com,,,Bonnie Test,BonnieTest@7rkd12.onmicrosoft.com,2025-09-03 13:54:29,,,,2025-09-03 13:54:15,Security,Manage Permissions,https://7rkd12.sharepoint.com/sites/csd_000006,Manage Permissions service,MyHub web portal,,,,,,,,,,Public Relations,,,,,,,,,,,,,,,,,,,,,,,,,,,,,,,,,
524,ADB - Create SharePoint Site 20250825212517,Completed,,Savannah Test,Savannah@7rkd12.onmicrosoft.com,,,Savannah Test;Admin ADB,Savannah@7rkd12.onmicrosoft.com;Admin@7rkd12.onmicrosoft.com,2025-08-25 21:56:04,,,,2025-08-25 21:25:17,EDRMS Service,Dynamic service,https://7rkd12.sharepoint.com/sites/org_csd_testadb0825,A - Create SharePoint Site,MyHub web portal,,,,,,,,,,,,,,,,,,,,,,,,,,,,,Administrative Site,,,,,,,,,,,,,,
522,ADB - Create SharePoint Site 20250825171404,Completed,,Bonnie Test,BonnieTest@7rkd12.onmicrosoft.com,,,Bonnie Test,BonnieTest@7rkd12.onmicrosoft.com,2025-08-25 18:27:47,,,,2025-08-25 18:14:04,EDRMS Service,Dynamic service,https://7rkd12.sharepoint.com/sites/org_csd_adaae,A - Create SharePoint Site,MyHub web portal,,,,,,,,,,,,,,,,,,,,,,,,,,,,,Function Site,,,,,,,,,,,,,,
523,ADB - Library Creation Request 20250825171659,Completed,,Bonnie Test,BonnieTest@7rkd12.onmicrosoft.com,,,Bonnie Test,BonnieTest@7rkd12.onmicrosoft.com,2025-08-25 18:22:12,,,,2025-08-25 18:16:59,EDRMS Service,Dynamic service,,A - Library Creation Request,MyHub web portal,,,,,,,adsfasd,,,Programs and Operations;Institutional Management;Information Management and Technology;Finance and Asset Management;Public Relations,,,,,,,,,,,,,,,,,,,,,,,,,,,,,,,,,https://7rkd12.sharepoint.com/sites/org_csd_test04
521,Training test,Completed,,Leah Test,LeahTest@7rkd12.onmicrosoft.com,,,Leah Test,LeahTest@7rkd12.onmicrosoft.com,2025-08-19 16:40:56,,,,2025-08-19 16:23:42,Training,Dynamic service,https://7rkd12.sharepoint.com/sites/training_adbi_lea,[Lea] Training,MyHub web portal,,,,,,,,,,,,,,,,,,,,,,,,,,,,,Administrative Site,,,,,,,,,,,,,,
520,Create Library Service 20250819152525,Completed,,HazelTest (Inactive),HazelTest@7rkd12.onmicrosoft.com,,,HazelTest (Inactive),HazelTest@7rkd12.onmicrosoft.com,2025-08-19 15:25:34,,,,2025-08-19 15:25:25,Provisioning,Dynamic service,https://7rkd12.sharepoint.com/sites/app_edrms_data/8019test,Create Library Service,MyHub web portal,,,,,,,,,,,,,,,,,,,,,,,,,,,,,,,,,,,,,,,,,,,
519,ADB - Create SharePoint Site 20250808154306,Completed,,Bonnie Test,BonnieTest@7rkd12.onmicrosoft.com,,,Bonnie Test,BonnieTest@7rkd12.onmicrosoft.com,2025-08-08 17:00:14,,,,2025-08-08 16:43:06,EDRMS Service,Dynamic service,https://7rkd12.sharepoint.com/sites/org_csd_1.3testsite-people,A - Create SharePoint Site,MyHub web portal,,,,,,,,,,,,,,,,,,,,,,,,,,,,,People Management Site,,,,,,,,,,,,,,
518,ADB - Create SharePoint Site 20250808153853,Completed,,Bonnie Test,BonnieTest@7rkd12.onmicrosoft.com,,,Bonnie Test,BonnieTest@7rkd12.onmicrosoft.com,2025-08-08 17:00:13,,,,2025-08-08 16:38:53,EDRMS Service,Dynamic service,https://7rkd12.sharepoint.com/sites/org_csd_1.3testsite,A - Create SharePoint Site,MyHub web portal,,,,,,,,,,,,,,,,,,,,,,,,,,,,,Administrative Site,,,,,,,,,,,,,,
517,CM01 20250805095406,Completed,,Bonnie Test,BonnieTest@7rkd12.onmicrosoft.com,,,Bonnie Test,BonnieTest@7rkd12.onmicrosoft.com,2025-08-05 10:57:43,,,,2025-08-05 10:54:06,Administration,Content Move,https://7rkd12.sharepoint.com/sites/org_csd_testlink/Lists/Retention Label Mapping,CM01,MyHub web portal,,,,,,,,,,,,,,,,,,,,,,,,,,,,,,,,,,,,,,,,,,,
516,ADB - Create SharePoint Site 20250801171051,Completed,,Bonnie Test,BonnieTest@7rkd12.onmicrosoft.com,,,Bonnie Test,BonnieTest@7rkd12.onmicrosoft.com,2025-08-01 18:28:07,,,,2025-08-01 18:10:51,EDRMS Service,Dynamic service,https://7rkd12.sharepoint.com/sites/org_csd_testlink,A - Create SharePoint Site,MyHub web portal,,,,,,,,,,,,,,,,,,,,,,,,,,,,,People Management Site,,,,,,,,,,,,,,
503,ADB - Create SharePoint Site 20250626094847,Completed,,Bonnie Test,BonnieTest@7rkd12.onmicrosoft.com,,,Bonnie Test,BonnieTest@7rkd12.onmicrosoft.com,2025-06-26 11:02:22,,,,2025-06-26 10:48:47,EDRMS Service,Dynamic service,https://7rkd12.sharepoint.com/sites/CSD_DRMDemo41,A - Create SharePoint Site,MyHub web portal,,,,,,,,,,,,,,,,,,,,,,,,,,,,,Function Site,,,,,,,,,,,,,,
494,Change DPM Plan 20250625141937,Completed,,Bonnie Test,BonnieTest@7rkd12.onmicrosoft.com,,,Bonnie Test,BonnieTest@7rkd12.onmicrosoft.com,2025-06-25 16:21:52,,,,2025-06-25 15:19:37,EDRMS Service,Change Site Settings,https://7rkd12.sharepoint.com/sites/org_csd_test09,[For Existing Sites] Apply Project Site Template,MyHub web portal,,,,,,,,,,,,,,,,,,,,,,,,,,,,,,,,,,,,,,,,,,,
466,ADB - Create SharePoint Site 20250624190858,Completed,,Bonnie Test,BonnieTest@7rkd12.onmicrosoft.com,,,Bonnie Test,BonnieTest@7rkd12.onmicrosoft.com,2025-06-24 20:46:31,,,,2025-06-24 20:08:58,EDRMS Service,Dynamic service,https://7rkd12.sharepoint.com/sites/org_csd_test1,A - Create SharePoint Site,MyHub web portal,,,,,,,,,,,,,,,,,,,,,,,,,,,,,Administrative Site,,,,,,,,,,,,,,
438,ADB - Create SharePoint Site 20250619154959,Completed,,Bonnie Test,BonnieTest@7rkd12.onmicrosoft.com,,,Bonnie Test,BonnieTest@7rkd12.onmicrosoft.com,2025-06-24 20:36:50,,,,2025-06-19 16:49:59,EDRMS Service,Dynamic service,https://7rkd12.sharepoint.com/sites/org_csd_asdfa,A - Create SharePoint Site,MyHub web portal,,,,,,,,,,,,,,,,,,,,,,,,,,,,,Administrative Site,,,,,,,,,,,,,,
441,ADB - Create SharePoint Site 20250624154639,Completed,,Bonnie Test,BonnieTest@7rkd12.onmicrosoft.com,,,Bonnie Test,BonnieTest@7rkd12.onmicrosoft.com,2025-06-24 16:55:37,,,,2025-06-24 16:46:39,EDRMS Service,Dynamic service,https://7rkd12.sharepoint.com/sites/org_csd_thetestsite01,A - Create SharePoint Site,MyHub web portal,,,,,,,,,,,,,,,,,,,,,,,,,,,,,Function Site,,,,,,,,,,,,,,
440,ADB - Create SharePoint Site 20250623152328,Completed,,Bonnie Test,BonnieTest@7rkd12.onmicrosoft.com,,,Bonnie Test,BonnieTest@7rkd12.onmicrosoft.com,2025-06-23 16:34:42,,,,2025-06-23 16:23:28,EDRMS Service,Dynamic service,https://7rkd12.sharepoint.com/sites/org_csd_demo-623,A - Create SharePoint Site,MyHub web portal,,,,,,,,,,,,,,,,,,,,,,,,,,,,,Function Site,,,,,,,,,,,,,,
439,add column to library 20250623131349,Completed,,Bonnie Test,BonnieTest@7rkd12.onmicrosoft.com,,,Bonnie Test,BonnieTest@7rkd12.onmicrosoft.com,2025-06-23 14:13:55,,,,2025-06-23 14:13:49,Administration,Dynamic service,https://7rkd12.sharepoint.com/sites/CSD_GAOSite/AnnualMeet,add column to library,MyHub web portal,,,,,,,,,,,,,,,,,,,,,,,,,,,,,,,,,,,,,,,,,,,
433,HY Test Site 20250606155352,Completed,,HazelTest (Inactive),HazelTest@7rkd12.onmicrosoft.com,,,HazelTest (Inactive),HazelTest@7rkd12.onmicrosoft.com,2025-06-06 16:19:20,,,,2025-06-06 15:53:52,HY Test,Dynamic service,https://7rkd12.sharepoint.com/sites/test_hy,HY Test Site,MyHub web portal,,,,,,,,,,,,,,,,,,,,,,,,,,,,,,,,,,,,,,,,,,,
431,ADB - Create SharePoint Site 20250606104342,Completed,,Bonnie Test,BonnieTest@7rkd12.onmicrosoft.com,,,Bonnie Test,BonnieTest@7rkd12.onmicrosoft.com,2025-06-06 12:05:11,,,,2025-06-06 11:43:42,EDRMS Service,Dynamic service,https://7rkd12.sharepoint.com/sites/org_csd_testsite03,A - Create SharePoint Site,MyHub web portal,,,,,,,,,,,,,,,,,,,,,,,,,,,,,Administrative Site,,,,,,,,,,,,,,
427,ADB - Create SharePoint Site 20250605143335,Completed,,Bonnie Test,BonnieTest@7rkd12.onmicrosoft.com,,,Bonnie Test,BonnieTest@7rkd12.onmicrosoft.com,2025-06-05 16:01:24,,,,2025-06-05 15:33:35,EDRMS Service,Dynamic service,https://7rkd12.sharepoint.com/sites/org_csd_testsite01,A - Create SharePoint Site,MyHub web portal,,,,,,,,,,,,,,,,,,,,,,,,,,,,,Administrative Site,,,,,,,,,,,,,,
428,ADB - Create SharePoint Site 20250605143423,Completed,,Bonnie Test,BonnieTest@7rkd12.onmicrosoft.com,,,Bonnie Test,BonnieTest@7rkd12.onmicrosoft.com,2025-06-05 16:01:21,,,,2025-06-05 15:34:23,EDRMS Service,Dynamic service,https://7rkd12.sharepoint.com/sites/org_csd_testsite02,A - Create SharePoint Site,MyHub web portal,,,,,,,,,,,,,,,,,,,,,,,,,,,,,Administrative Site,,,,,,,,,,,,,,
426,create a sc,Completed,,Bonnie Test,BonnieTest@7rkd12.onmicrosoft.com,,,Bonnie Test,BonnieTest@7rkd12.onmicrosoft.com,2025-06-05 10:57:56,,,,2025-06-05 10:34:50,Hazel Test,Dynamic service,https://7rkd12.sharepoint.com/sites/hazelsc,Hazel Test,MyHub web portal,,,,,,,,,,,,,,,,,,,,,,,,,,,,,,,,,,,,,,,,,,,
425,ADB - Create SharePoint Site 20250530141444,Completed,,Admin ADB,Admin@7rkd12.onmicrosoft.com,,,Admin ADB,Admin@7rkd12.onmicrosoft.com,2025-05-30 15:28:07,,,,2025-05-30 15:14:44,EDRMS Service,Dynamic service,https://7rkd12.sharepoint.com/sites/org_csd_doris530listexperience,A - Create SharePoint Site,MyHub web portal,,,,,,,,,,,,,,,,,,,,,,,,,,,,,People Management Site,,,,,,,,,,,,,,
422,ADB - Library Creation Request 20250527141840,Completed,,Nigel test,Nigeltest@7rkd12.onmicrosoft.com,,,Nigel test,Nigeltest@7rkd12.onmicrosoft.com,2025-05-27 14:29:59,,,,2025-05-27 14:18:40,EDRMS Service,Dynamic service,,A - Library Creation Request,MyHub web portal,,,,,,,Library,,,Public Relations;People Management,,,,,,,,,,,,,,,,,,,,,,,,,,,,,,,,,https://7rkd12.sharepoint.com/sites/org_csd_whatever/SitePages/Home.aspx
423,Create Library Service 20250527142611,Completed,,Nigel test,Nigeltest@7rkd12.onmicrosoft.com,,,Nigel test,Nigeltest@7rkd12.onmicrosoft.com,2025-05-27 14:26:18,,,,2025-05-27 14:26:11,Provisioning,Dynamic service,https://7rkd12.sharepoint.com/sites/org_csd_whatever/testinglibrary01,Create Library Service,MyHub web portal,,,,,,,,,,,,,,,,,,,,,,,,,,,,,,,,,,,,,,,,,,,
421,ADB - Create SharePoint Site 20250527115505,Completed,,Nigel test,Nigeltest@7rkd12.onmicrosoft.com,,,Nigel test,Nigeltest@7rkd12.onmicrosoft.com,2025-05-27 12:10:32,,,,2025-05-27 11:55:05,EDRMS Service,Dynamic service,https://7rkd12.sharepoint.com/sites/org_csd_whatever,A - Create SharePoint Site,MyHub web portal,,,,,,,,,,,,,,,,,,,,,,,,,,,,,Administrative Site,,,,,,,,,,,,,,
420,Create Library Service 20250522201404,Completed,,Admin ADB,Admin@7rkd12.onmicrosoft.com,,,Admin ADB,Admin@7rkd12.onmicrosoft.com,2025-05-22 21:14:10,,,,2025-05-22 21:14:04,Provisioning,Dynamic service,https://7rkd12.sharepoint.com/sites/CSD_ada01/gaotest,Create Library Service,MyHub web portal,,,,,,,,,,,,,,,,,,,,,,,,,,,,,,,,,,,,,,,,,,,
418,ADB - Create SharePoint Site 20250513135524,Completed,,Bonnie Test,BonnieTest@7rkd12.onmicrosoft.com,,,Bonnie Test,BonnieTest@7rkd12.onmicrosoft.com,2025-05-13 15:06:12,,,,2025-05-13 14:55:24,EDRMS Service,Dynamic service,https://7rkd12.sharepoint.com/sites/CSD_GAOSite,A - Create SharePoint Site,MyHub web portal,,,,,,,,,,,,,,,,,,,,,,,,,,,,,People Management Site,,,,,,,,,,,,,,
417,demo 20250513111803,Completed,,Bonnie Test,BonnieTest@7rkd12.onmicrosoft.com,,,Bonnie Test,BonnieTest@7rkd12.onmicrosoft.com,2025-05-13 12:19:15,,,,2025-05-13 12:18:03,Provisioning,Dynamic service,https://7rkd12.sharepoint.com/sites/CSD_AdaTest/TestABC,demo,MyHub web portal,,,,,,,,,,,,,,,,,,,,,,,,,,,,,,,,,,,,,,,,,,,
416,ADB - Create SharePoint Site 20250512181227,Completed,,Bonnie Test,BonnieTest@7rkd12.onmicrosoft.com,,,Bonnie Test,BonnieTest@7rkd12.onmicrosoft.com,2025-05-12 19:24:59,,,,2025-05-12 19:12:27,EDRMS Service,Dynamic service,https://7rkd12.sharepoint.com/sites/CSD_AdaTest,A - Create SharePoint Site,MyHub web portal,,,,,,,,,,,,,,,,,,,,,,,,,,,,,People Management Site,,,,,,,,,,,,,,
413,Demo - Create Library Service (RAC Team) 20250502181114,Completed,,Bonnie Test,BonnieTest@7rkd12.onmicrosoft.com,,,Bonnie Test,BonnieTest@7rkd12.onmicrosoft.com,2025-05-02 19:21:39,,,,2025-05-02 19:11:14,EDRMS Service,Dynamic service,https://7rkd12.sharepoint.com/sites/CSD_DemoPeople/Policies,A - Create Library Service (RAC Team),MyHub web portal,,,,,,,,,,,,,,,,,,,,,,,Policies,Policies,,,,Common Document Library,,,,,,,,,,,,,,,
412,Demo - Create Library Service (RAC Team) 20250502181047,Completed,,Bonnie Test,BonnieTest@7rkd12.onmicrosoft.com,,,Bonnie Test,BonnieTest@7rkd12.onmicrosoft.com,2025-05-02 19:21:21,,,,2025-05-02 19:10:47,EDRMS Service,Dynamic service,https://7rkd12.sharepoint.com/sites/CSD_DemoPeople/Policies,A - Create Library Service (RAC Team),MyHub web portal,,,,,,,,,,,,,,,,,,,,,,,Policies,Policies,,,,Common Document Library,,,,,,,,,,,,,,,
410,Demo - Create Library Service (RAC Team) 20250502180902,Completed,,Bonnie Test,BonnieTest@7rkd12.onmicrosoft.com,,,Bonnie Test,BonnieTest@7rkd12.onmicrosoft.com,2025-05-02 19:19:39,,,,2025-05-02 19:09:02,EDRMS Service,Dynamic service,https://7rkd12.sharepoint.com/sites/CSD_Wednesday-People/Policies,A - Create Library Service (RAC Team),MyHub web portal,,,,,,,,,,,,,,,,,,,,,,,Policies,Policies,,,,Common Document Library,,,,,,,,,,,,,,,
411,Demo - Create Library Service (RAC Team) 20250502181019,Completed,,Bonnie Test,BonnieTest@7rkd12.onmicrosoft.com,,,Bonnie Test,BonnieTest@7rkd12.onmicrosoft.com,2025-05-02 19:10:56,,,,2025-05-02 19:10:19,EDRMS Service,Dynamic service,https://7rkd12.sharepoint.com/sites/CSD_DemoPeopleSite01/Policies,A - Create Library Service (RAC Team),MyHub web portal,,,,,,,,,,,,,,,,,,,,,,,Policies,Policies,,,,Common Document Library,,,,,,,,,,,,,,,
409,Demo - Create Library Service (RAC Team) 20250502180739,Completed,,Bonnie Test,BonnieTest@7rkd12.onmicrosoft.com,,,Bonnie Test,BonnieTest@7rkd12.onmicrosoft.com,2025-05-02 19:08:15,,,,2025-05-02 19:07:39,EDRMS Service,Dynamic service,https://7rkd12.sharepoint.com/sites/CSD_423/Policies,A - Create Library Service (RAC Team),MyHub web portal,,,,,,,,,,,,,,,,,,,,,,,Policies,Policies,,,,Common Document Library,,,,,,,,,,,,,,,
408,Demo - Create Library Service (RAC Team) 20250502180710,Completed,,Bonnie Test,BonnieTest@7rkd12.onmicrosoft.com,,,Bonnie Test,BonnieTest@7rkd12.onmicrosoft.com,2025-05-02 19:07:47,,,,2025-05-02 19:07:10,EDRMS Service,Dynamic service,https://7rkd12.sharepoint.com/sites/CSD_SiteA01/Policies,A - Create Library Service (RAC Team),MyHub web portal,,,,,,,,,,,,,,,,,,,,,,,Policies,Policies,,,,Common Document Library,,,,,,,,,,,,,,,
407,Demo - Create Library Service (RAC Team) 20250502180624,Completed,,Bonnie Test,BonnieTest@7rkd12.onmicrosoft.com,,,Bonnie Test,BonnieTest@7rkd12.onmicrosoft.com,2025-05-02 19:07:01,,,,2025-05-02 19:06:24,EDRMS Service,Dynamic service,https://7rkd12.sharepoint.com/sites/CSD_Duck_Test/Policies,A - Create Library Service (RAC Team),MyHub web portal,,,,,,,,,,,,,,,,,,,,,,,Policies,Policies,,,,Common Document Library,,,,,,,,,,,,,,,
406,Demo - Create Library Service (RAC Team) 20250502160058,Completed,,Bonnie Test,BonnieTest@7rkd12.onmicrosoft.com,,,Bonnie Test,BonnieTest@7rkd12.onmicrosoft.com,2025-05-02 17:01:36,,,,2025-05-02 17:00:58,EDRMS Service,Dynamic service,https://7rkd12.sharepoint.com/sites/CSD_HotfixR11/AnnualMeet,A - Create Library Service (RAC Team),MyHub web portal,,,,,,,,,,,,,,,,,,,,,,,Annual meetings,AnnualMeet,,,,Common Document Library,,,,,,,,,,,,,,,
405,ADB - Create SharePoint Site 20250502152433,Completed,,Bonnie Test,BonnieTest@7rkd12.onmicrosoft.com,,,Bonnie Test,BonnieTest@7rkd12.onmicrosoft.com,2025-05-02 16:35:29,,,,2025-05-02 16:24:33,EDRMS Service,Dynamic service,https://7rkd12.sharepoint.com/sites/CSD_HotfixR11,A - Create SharePoint Site,MyHub web portal,,,,,,,,,,,,,,,,,,,,,,,,,,,,,Division Site,,,,,,,,,,,,,,
403,Demo - Create Library Service (RAC Team) 20250502104337,Completed,,Bonnie Test,BonnieTest@7rkd12.onmicrosoft.com,,,Bonnie Test,BonnieTest@7rkd12.onmicrosoft.com,2025-05-02 11:54:11,,,,2025-05-02 11:43:37,EDRMS Service,Dynamic service,https://7rkd12.sharepoint.com/sites/CSD_DemoPeople/ADB Test,A - Create Library Service (RAC Team),MyHub web portal,,,,,,,,,,,,,,,,,,,,,,,ADB Test,ADB Test,,,,Common Document Library,,,,,,,,,,,,,,,
402,Demo - Create Library Service (RAC Team) 20250502092123,Completed,,Bonnie Test,BonnieTest@7rkd12.onmicrosoft.com,,,Bonnie Test,BonnieTest@7rkd12.onmicrosoft.com,2025-05-02 10:31:38,,,,2025-05-02 10:21:23,EDRMS Service,Dynamic service,https://7rkd12.sharepoint.com/sites/CSD_DemoPeople/ADB Test,A - Create Library Service (RAC Team),MyHub web portal,,,,,,,,,,,,,,,,,,,,,,,ADB Test,ADB Test,,,,Common Document Library,,,,,,,,,,,,,,,
401,ADB - Library Creation Request 20250429122045,Completed,,HazelTest (Inactive),HazelTest@7rkd12.onmicrosoft.com,,,HazelTest (Inactive),HazelTest@7rkd12.onmicrosoft.com,2025-04-29 12:45:02,,,,2025-04-29 12:20:45,EDRMS Service,Dynamic service,,A - Library Creation Request,MyHub web portal,,,,,,,qqq,,,Public Relations,,,,,,,,,,,,,,,,,,,,,,,,,,,,,,,,,https://7rkd12.sharepoint.com/sites/CSD_DemoDivision/
398,ADB - Create SharePoint Site 20250426111828,Completed,,Bonnie Test,BonnieTest@7rkd12.onmicrosoft.com,,,Bonnie Test,BonnieTest@7rkd12.onmicrosoft.com,2025-04-26 12:27:19,,,,2025-04-26 12:18:28,EDRMS Service,Dynamic service,https://7rkd12.sharepoint.com/sites/CSD_DemoDivision,A - Create SharePoint Site,MyHub web portal,,,,,,,,,,,,,,,,,,,,,,,,,,,,,Division Site,,,,,,,,,,,,,,
397,Copy 20250426111313,Completed,,Bonnie Test,BonnieTest@7rkd12.onmicrosoft.com,,,Bonnie Test,BonnieTest@7rkd12.onmicrosoft.com,2025-04-26 12:23:39,,,,2025-04-26 12:13:13,Provisioning,Dynamic service,https://7rkd12.sharepoint.com/sites/AdministrativeSiteTemplate/PhotoAV,Copy,MyHub web portal,,,,,,,,,,,,,,,,,,,,,,,,,,,,,,,,,,,,,,,,,,,
379,Create library by ada 20250423200305,Completed,,Bonnie Test,BonnieTest@7rkd12.onmicrosoft.com,,,Bonnie Test,BonnieTest@7rkd12.onmicrosoft.com,2025-04-23 21:13:35,,,,2025-04-23 21:03:05,Provisioning,Dynamic service,https://7rkd12.sharepoint.com/sites/CSD_423/SDA,Create library by ada,MyHub web portal,,,,,,,,,,,,,,,,,,,,,,,,,,,,,,,,,,,,,,,,,,,
377,ADB - Create SharePoint Site 20250423175814,Completed,,Admin ADB,Admin@7rkd12.onmicrosoft.com,,,Admin ADB,Admin@7rkd12.onmicrosoft.com,2025-04-23 19:11:26,,,,2025-04-23 18:58:14,EDRMS Service,Dynamic service,https://7rkd12.sharepoint.com/sites/CSD_Wednesday-People,A - Create SharePoint Site,MyHub web portal,,,,,,,,,,,,,,,,,,,,,,,,,,,,,People Management Site,,,,,,,,,,,,,,
366,1,Completed,,Bonnie Test,BonnieTest@7rkd12.onmicrosoft.com,,,Bonnie Test,BonnieTest@7rkd12.onmicrosoft.com,2025-04-17 12:48:50,,,,2025-04-17 12:48:46,Security,Manage Permissions,https://7rkd12.sharepoint.com/sites/CSD_AdministrativeSiteTemplate_3,Manage Permissions service,MyHub web portal,,,,,,,,,,,,,,,,,,,,,,,,,,,,,,,,,,,,,,,,,,,
361,Create Library Service (RAC Team) 20250408154249,Completed,,ADBDRM Test04,ADBDRMTest04@7rkd12.onmicrosoft.com,,,ADBDRM Test04,ADBDRMTest04@7rkd12.onmicrosoft.com,2025-04-08 16:43:12,,,,2025-04-08 16:42:49,Provisioning,Dynamic service,https://7rkd12.sharepoint.com/sites/CSD_TAP/Meow 2,Create Library Service (RAC Team),MyHub web portal,,,,,,,,,,,,,,,,,,,,,,,,,,,,,,,,,,,,,,,,,,,
360,Create Library Service (RAC Team) 20250408152429,Completed,,ADBDRM Test04,ADBDRMTest04@7rkd12.onmicrosoft.com,,,ADBDRM Test04,ADBDRMTest04@7rkd12.onmicrosoft.com,2025-04-08 16:24:54,,,,2025-04-08 16:24:29,Provisioning,Dynamic service,https://7rkd12.sharepoint.com/sites/CSD_TAP/Meow_2,Create Library Service (RAC Team),MyHub web portal,,,,,,,,,,,,,,,,,,,,,,,,,,,,,,,,,,,,,,,,,,,
359,Create Library Service (RAC Team) 20250408152420,Completed,,ADBDRM Test01,ADBDRMTest01@7rkd12.onmicrosoft.com,,,ADBDRM Test01,ADBDRMTest01@7rkd12.onmicrosoft.com,2025-04-08 16:24:41,,,,2025-04-08 16:24:20,Provisioning,Dynamic service,https://7rkd12.sharepoint.com/sites/CSD_Duck_Test/DuckyLibrary test,Create Library Service (RAC Team),MyHub web portal,,,,,,,,,,,,,,,,,,,,,,,,,,,,,,,,,,,,,,,,,,,
358,Create Library Service (RAC Team) 20250408152410,Completed,,ADBDRM Test03,,,,ADBDRM Test03,,2025-04-08 16:24:34,,,,2025-04-08 16:24:10,Provisioning,Dynamic service,https://7rkd12.sharepoint.com/sites/CSD_Test_TRA_Admin/ASDFGH,Create Library Service (RAC Team),MyHub web portal,,,,,,,,,,,,,,,,,,,,,,,,,,,,,,,,,,,,,,,,,,,
298,ADB - Create SharePoint Site 20250325114913,Completed,,ADBDRM Test10,,,,ADBDRM Test10;ADBDRM Test03;ADBDRM Test07;ADBDRM Test04,;ADBDRMTest04@7rkd12.onmicrosoft.com,2025-04-08 15:54:44,ADBDRM Test10,,2025-03-25 12:58:23,2025-03-25 12:49:13,EDRMS Service,Dynamic service,https://7rkd12.sharepoint.com/sites/CSD_DivSiteJas,A - Create SharePoint Site,MyHub web portal,,,,,,,,,,,,,,,,,,,,,,,,,,,,,Division Site,,,,,,,,,,,,,,
352,ADB - Create SharePoint Site 20250408143733,Completed,,ADBDRM Test03,,,,ADBDRM Test03;ADBDRM Test01;ADBDRM Test04,;ADBDRMTest01@7rkd12.onmicrosoft.com;ADBDRMTest04@7rkd12.onmicrosoft.com,2025-04-08 15:54:43,,,,2025-04-08 15:37:33,EDRMS Service,Dynamic service,https://7rkd12.sharepoint.com/sites/CSD_Test_TRA_Admin,A - Create SharePoint Site,MyHub web portal,,,,,,,,,,,,,,,,,,,,,,,,,,,,,Administrative Site,,,,,,,,,,,,,,
354,ADB - Create SharePoint Site 20250408143752,Completed,,ADBDRM Test01,ADBDRMTest01@7rkd12.onmicrosoft.com,,,ADBDRM Test01;ADBDRM Test04,ADBDRMTest01@7rkd12.onmicrosoft.com;ADBDRMTest04@7rkd12.onmicrosoft.com,2025-04-08 15:54:40,,,,2025-04-08 15:37:52,EDRMS Service,Dynamic service,https://7rkd12.sharepoint.com/sites/CSD_Duck_Test,A - Create SharePoint Site,MyHub web portal,,,,,,,,,,,,,,,,,,,,,,,,,,,,,Division Site,,,,,,,,,,,,,,
353,ADB - Create SharePoint Site 20250408143734,Completed,,ADBDRM Test04,ADBDRMTest04@7rkd12.onmicrosoft.com,,,ADBDRM Test04;ADBDRM Test03;ADBDRM Test01,ADBDRMTest04@7rkd12.onmicrosoft.com;;ADBDRMTest01@7rkd12.onmicrosoft.com,2025-04-08 15:54:12,,,,2025-04-08 15:37:34,EDRMS Service,Dynamic service,https://7rkd12.sharepoint.com/sites/CSD_TAP,A - Create SharePoint Site,MyHub web portal,,,,,,,,,,,,,,,,,,,,,,,,,,,,,People Management Site,,,,,,,,,,,,,,
351,Create site by ada 20250407150914,Completed,,Bonnie Test,BonnieTest@7rkd12.onmicrosoft.com,,,Bonnie Test,BonnieTest@7rkd12.onmicrosoft.com,2025-04-07 16:24:11,,,,2025-04-07 16:09:14,Provisioning,Dynamic service,https://7rkd12.sharepoint.com/sites/CSD_qjlu_ada13,Create site by ada,MyHub web portal,,,,,,,,,,,,,,,,,,,,,,,,,,,,,Administrative Site,,,,,,,,,,,,,,
338,ADB - Library Creation Request 20250403180003,Completed,,Bonnie Test,BonnieTest@7rkd12.onmicrosoft.com,,,Bonnie Test,BonnieTest@7rkd12.onmicrosoft.com,2025-04-03 19:00:16,,,,2025-04-03 19:00:03,EDRMS Service,Dynamic service,,A - Library Creation Request,MyHub web portal,,,,,,,demo,,,Board Management;Information Management and Technology;People Management;Public Relations,,,,,,,,,,,,,,,,,,,,,,,,,,,,,,,,,https://asiandevbank.sharepoint.com/teams/CSD_Demo-2
337,Create Library Service (RAC Team) 20250403175624,Completed,,Bonnie Test,BonnieTest@7rkd12.onmicrosoft.com,,,Bonnie Test,BonnieTest@7rkd12.onmicrosoft.com,2025-04-03 18:56:48,,,,2025-04-03 18:56:24,Provisioning,Dynamic service,https://7rkd12.sharepoint.com/sites/CSD_DemoDivisionSite/lib01,Create Library Service (RAC Team),MyHub web portal,,,,,,,,,,,,,,,,,,,,,,,,,,,,,,,,,,,,,,,,,,,
335,ADB - Create SharePoint Site 20250403143849,Completed,,Ryan Test,RyanTest@7rkd12.onmicrosoft.com,,,Ryan Test,RyanTest@7rkd12.onmicrosoft.com,2025-04-03 15:49:41,,,,2025-04-03 15:38:49,EDRMS Service,Dynamic service,https://7rkd12.sharepoint.com/sites/CSD_RyanPeople,A - Create SharePoint Site,MyHub web portal,,,,,,,,,,,,,,,,,,,,,,,,,,,,,People Management Site,,,,,,,,,,,,,,
334,ADB - Create SharePoint Site 20250403143144,Completed,,Ryan Test,RyanTest@7rkd12.onmicrosoft.com,,,Ryan Test,RyanTest@7rkd12.onmicrosoft.com,2025-04-03 15:47:49,,,,2025-04-03 15:31:44,EDRMS Service,Dynamic service,https://7rkd12.sharepoint.com/sites/CSD_RyanDiv,A - Create SharePoint Site,MyHub web portal,,,,,,,,,,,,,,,,,,,,,,,,,,,,,Division Site,,,,,,,,,,,,,,
332,ADB - Create SharePoint Site 20250403135403,Completed,,Ryan Test,RyanTest@7rkd12.onmicrosoft.com,,,Ryan Test,RyanTest@7rkd12.onmicrosoft.com,2025-04-03 15:05:01,,,,2025-04-03 14:54:03,EDRMS Service,Dynamic service,https://7rkd12.sharepoint.com/sites/CSD_RyanAdmin,A - Create SharePoint Site,MyHub web portal,,,,,,,,,,,,,,,,,,,,,,,,,,,,,Administrative Site,,,,,,,,,,,,,,
329,Create site by ada 20250401114958,Completed,,Bonnie Test,BonnieTest@7rkd12.onmicrosoft.com,,,Bonnie Test,BonnieTest@7rkd12.onmicrosoft.com,2025-04-02 11:09:28,,,,2025-04-01 12:49:58,Provisioning,Dynamic service,https://7rkd12.sharepoint.com/sites/CSD_ada04,Create site by ada,MyHub web portal,,,,,,,,,,,,,,,,,,,,,,,,,,,,,Administrative Site,,,,,,,,,,,,,,
328,Create library by ada 20250401114136,Completed,,Bonnie Test,BonnieTest@7rkd12.onmicrosoft.com,,,Bonnie Test,BonnieTest@7rkd12.onmicrosoft.com,2025-04-01 12:42:10,,,,2025-04-01 12:41:36,Provisioning,Dynamic service,https://7rkd12.sharepoint.com/sites/CSD_UATTEST_2/by ada,Create library by ada,MyHub web portal,,,,,,,,,,,,,,,,,,,,,,,,,,,,,,,,,,,,,,,,,,,
327,Create library by ada 20250401114049,Completed,,Bonnie Test,BonnieTest@7rkd12.onmicrosoft.com,,,Bonnie Test,BonnieTest@7rkd12.onmicrosoft.com,2025-04-01 12:41:25,,,,2025-04-01 12:40:49,Provisioning,Dynamic service,https://7rkd12.sharepoint.com/sites/CSD_ada03/lib001,Create library by ada,MyHub web portal,,,,,,,,,,,,,,,,,,,,,,,,,,,,,,,,,,,,,,,,,,,
323,Copy test 20250401105457,Completed,,Bonnie Test,BonnieTest@7rkd12.onmicrosoft.com,,,Bonnie Test,BonnieTest@7rkd12.onmicrosoft.com,2025-04-01 12:35:49,,,,2025-04-01 11:54:57,Provisioning,Dynamic service,https://7rkd12.sharepoint.com/sites/CSD_ada03,Create site by ada,MyHub web portal,,,,,,,,,,,,,,,,,,,,,,,,,,,,,Administrative Site,,,,,,,,,,,,,,
320,Copy test 20250401093810,Completed,,Bonnie Test,BonnieTest@7rkd12.onmicrosoft.com,,,Bonnie Test,BonnieTest@7rkd12.onmicrosoft.com,2025-04-01 10:50:22,,,,2025-04-01 10:38:10,Provisioning,Dynamic service,https://7rkd12.sharepoint.com/sites/CSD_ada01,Create site by ada,MyHub web portal,,,,,,,,,,,,,,,,,,,,,,,,,,,,,Administrative Site,,,,,,,,,,,,,,
318,Test library 20250331180658,Completed,,Bonnie Test,BonnieTest@7rkd12.onmicrosoft.com,,,Bonnie Test,BonnieTest@7rkd12.onmicrosoft.com,2025-03-31 19:07:29,,,,2025-03-31 19:06:58,Provisioning,Dynamic service,https://7rkd12.sharepoint.com/sites/CSD_DeployCSD_UATTEST_2/Test library1,Create library by ada,MyHub web portal,,,,,,,,,,,,,,,,,,,,,,,,,,,,,,,,,,,,,,,,,,,
317,Test library 20250331180452,Completed,,Bonnie Test,BonnieTest@7rkd12.onmicrosoft.com,,,Bonnie Test,BonnieTest@7rkd12.onmicrosoft.com,2025-03-31 19:04:57,,,,2025-03-31 19:04:52,Provisioning,Dynamic service,https://7rkd12.sharepoint.com/sites/CSD_DeployCSD_UATTEST_2/Testlib01,Create library by ada,MyHub web portal,,,,,,,,,,,,,,,,,,,,,,,,,,,,,,,,,,,,,,,,,,,
312,ADB - Library Creation Request 20250327160259,Completed,,ADB DRM Guest,,,,ADB DRM Guest,,2025-03-27 17:42:02,,,,2025-03-27 17:02:59,EDRMS Service,Dynamic service,,A - Library Creation Request,MyHub web portal,,,,,,,"The IT Operations team needs a centralized site to enhance its ability to manage IT systems, infrastructure, and incident resolution efficiently. This site will ensure better resource allocation, improve tracking of ongoing operations, and provide a platform for collaboration between different teams. It is also crucial for automating key operational workflows, ensuring timely updates, and maintaining the stability of IT services by facilitating real-time monitoring and reporting.",,,Board Management,,,,,,,,,,,,,,,,,,,,,,,,,,,,,,,,,https://7rkd12.sharepoint.com/sites/CSD_IT_Gov-Compl
309,ADB - Create SharePoint Site 20250327105936,Completed,,ADB DRM Guest,,,,ADB DRM Guest,,2025-03-27 12:23:59,,,,2025-03-27 11:59:36,EDRMS Service,Dynamic service,https://7rkd12.sharepoint.com/sites/CSD_ITOp_1,A - Create SharePoint Site,MyHub web portal,,,,,,,,,,,,,,,,,,,,,,,,,,,,,Division Site,,,,,,,,,,,,,,
308,ADB - Create SharePoint Site 20250327100632,Completed,,ADB DRM Guest,,,,ADB DRM Guest,,2025-03-27 11:37:03,,,,2025-03-27 11:06:32,EDRMS Service,Dynamic service,https://7rkd12.sharepoint.com/sites/CSD_IT_Gov-Compl,A - Create SharePoint Site,MyHub web portal,,,,,,,,,,,,,,,,,,,,,,,,,,,,,Administrative Site,,,,,,,,,,,,,,
293,ADB - Library Creation Request 20250321162906,Completed,,ADBDRM Test10,,,,ADBDRM Test10;Ryan Test,;RyanTest@7rkd12.onmicrosoft.com,2025-03-21 17:31:39,,,,2025-03-21 17:29:06,EDRMS Service,Dynamic service,,A - Library Creation Request,MyHub web portal,,,,,,,Library creation,,,Board Management;Information Management and Technology;People Management,,,,,,,,,,,,,,,,,,,,,,,,,,,,,,,,,DRM_AdminSite_JP
292,ADB - Create SharePoint Site 20250321133536,Completed,,ADBDRM Test10,,,,ADBDRM Test10;Ryan Test,;RyanTest@7rkd12.onmicrosoft.com,2025-03-21 17:01:57,,,,2025-03-21 14:35:36,EDRMS Service,Dynamic service,https://7rkd12.sharepoint.com/sites/CSD_DRM_AdminSite_JP,A - Create SharePoint Site,MyHub web portal,,,,,,,,,,,,,,,,,,,,,,,,,,,,,Administrative Site,,,,,,,,,,,,,,
290,ADB - Create SharePoint Site 20250320160429,Completed,,Admin ADB,Admin@7rkd12.onmicrosoft.com,,,Admin ADB,Admin@7rkd12.onmicrosoft.com,2025-03-20 17:14:09,,,,2025-03-20 17:04:29,EDRMS Service,Dynamic service,https://7rkd12.sharepoint.com/sites/CWRD_DorisTEST,A - Create SharePoint Site,MyHub web portal,,,,,,,,,,,,,,,,,,,,,,,,,,,,,Division Site,,,,,,,,,,,,,,
287,ADB - Create SharePoint Site 20250320114016,Completed,,Ryan Test,RyanTest@7rkd12.onmicrosoft.com,,,Ryan Test,RyanTest@7rkd12.onmicrosoft.com,2025-03-20 12:49:16,,,,2025-03-20 12:40:16,EDRMS Service,Dynamic service,https://7rkd12.sharepoint.com/sites/CSD_DemoDivisionSite,A - Create SharePoint Site,MyHub web portal,,,,,,,,,,,,,,,,,,,,,,,,,,,,,Division Site,,,,,,,,,,,,,,
286,ADB - Create SharePoint Site 20250320113124,Completed,,ADBDRM Test02,ADBDRMTest02@7rkd12.onmicrosoft.com,,,ADBDRM Test02;ADBDRM Test03;ADBDRM Test04,ADBDRMTest02@7rkd12.onmicrosoft.com;;ADBDRMTest04@7rkd12.onmicrosoft.com,2025-03-20 12:43:28,,,,2025-03-20 12:31:24,EDRMS Service,Dynamic service,https://7rkd12.sharepoint.com/sites/CSD_DemoPeopleSite02,A - Create SharePoint Site,MyHub web portal,,,,,,,,,,,,,,,,,,,,,,,,,,,,,People Management Site,,,,,,,,,,,,,,
285,ADB - Create SharePoint Site 20250320111818,Completed,,ADBDRM Test06,ADBDRMTest06@7rkd12.onmicrosoft.com,,,ADBDRM Test06;ADBDRM Test07;ADBDRM Test08,ADBDRMTest06@7rkd12.onmicrosoft.com;,2025-03-20 12:32:46,,,,2025-03-20 12:18:18,EDRMS Service,Dynamic service,https://7rkd12.sharepoint.com/sites/CSD_DemoAdminSite02,A - Create SharePoint Site,MyHub web portal,,,,,,,,,,,,,,,,,,,,,,,,,,,,,Administrative Site,,,,,,,,,,,,,,
284,ADB - Create SharePoint Site 20250319164955,Completed,,ADBDRM Test07,,,,ADBDRM Test07;Ryan Test,;RyanTest@7rkd12.onmicrosoft.com,2025-03-19 18:01:05,,,,2025-03-19 17:49:55,EDRMS Service,Dynamic service,https://7rkd12.sharepoint.com/sites/CSD_DemoPeopleSite,A - Create SharePoint Site,MyHub web portal,,,,,,,,,,,,,,,,,,,,,,,,,,,,,People Management Site,,,,,,,,,,,,,,
283,ADB - Create SharePoint Site 20250319164358,Completed,,ADBDRM Test01,ADBDRMTest01@7rkd12.onmicrosoft.com,,,ADBDRM Test01;Ryan Test,ADBDRMTest01@7rkd12.onmicrosoft.com;RyanTest@7rkd12.onmicrosoft.com,2025-03-19 17:58:34,,,,2025-03-19 17:43:58,EDRMS Service,Dynamic service,https://7rkd12.sharepoint.com/sites/CSD_DemoAdminSite,A - Create SharePoint Site,MyHub web portal,,,,,,,,,,,,,,,,,,,,,,,,,,,,,Administrative Site,,,,,,,,,,,,,,
282,ADB - Create SharePoint Site 20250318164519,Completed,,Ryan Test,RyanTest@7rkd12.onmicrosoft.com,,,Ryan Test,RyanTest@7rkd12.onmicrosoft.com,2025-03-18 17:57:06,,,,2025-03-18 17:45:19,EDRMS Service,Dynamic service,https://7rkd12.sharepoint.com/sites/CSD_RyanTest250302,A - Create SharePoint Site,MyHub web portal,,,,,,,,,,,,,,,,,,,,,,,,,,,,,Administrative Site,,,,,,,,,,,,,,
281,ADB - Create SharePoint Site 20250318121149,Completed,,Ryan Test,RyanTest@7rkd12.onmicrosoft.com,,,Ryan Test,RyanTest@7rkd12.onmicrosoft.com,2025-03-18 15:42:09,,,,2025-03-18 13:11:49,EDRMS Service,Dynamic service,https://7rkd12.sharepoint.com/sites/CSD_RyanTest250301,A - Create SharePoint Site,MyHub web portal,,,,,,,,,,,,,,,,,,,,,,,,,,,,,Administrative Site,,,,,,,,,,,,,,
280,ADB - Create SharePoint Site 20250317164619,Completed,,Admin ADB,Admin@7rkd12.onmicrosoft.com,,,Admin ADB,Admin@7rkd12.onmicrosoft.com,2025-03-17 17:57:13,,,,2025-03-17 17:46:19,EDRMS Service,Dynamic service,https://7rkd12.sharepoint.com/sites/SARD_apptest,A - Create SharePoint Site,MyHub web portal,,,,,,,,,,,,,,,,,,,,,,,,,,,,,Administrative Site,,,,,,,,,,,,,,
278,ADB - Create SharePoint Site 20250316182354,Completed,,Admin ADB,Admin@7rkd12.onmicrosoft.com,,,Admin ADB,Admin@7rkd12.onmicrosoft.com,2025-03-16 19:37:43,Admin ADB,Admin@7rkd12.onmicrosoft.com,2025-03-16 19:27:39,2025-03-16 19:23:54,EDRMS Service,Dynamic service,https://7rkd12.sharepoint.com/sites/CSD_test01,A - Create SharePoint Site,MyHub web portal,,,,,,,,,,,,,,,,,,,,,,,,,,,,,People Management Site,,,,,,,,,,,,,,
276,ADB - Create SharePoint Site 20250316180232,Completed,,Admin ADB,Admin@7rkd12.onmicrosoft.com,,,Admin ADB,Admin@7rkd12.onmicrosoft.com,2025-03-16 19:11:56,,,,2025-03-16 19:02:32,EDRMS Service,Dynamic service,https://7rkd12.sharepoint.com/sites/CSD_UAT-Empty,A - Create SharePoint Site,MyHub web portal,,,,,,,,,,,,,,,,,,,,,,,,,,,,,Division Site,,,,,,,,,,,,,,
275,ADB - Create SharePoint Site 20250316180041,Completed,,Admin ADB,Admin@7rkd12.onmicrosoft.com,,,Admin ADB,Admin@7rkd12.onmicrosoft.com,2025-03-16 19:11:48,,,,2025-03-16 19:00:41,EDRMS Service,Dynamic service,https://7rkd12.sharepoint.com/sites/CSD_UATTEST1,A - Create SharePoint Site,MyHub web portal,,,,,,,,,,,,,,,,,,,,,,,,,,,,,People Management Site,,,,,,,,,,,,,,
277,ADB - Library Creation Request 20250316180856,Completed,,Admin ADB,Admin@7rkd12.onmicrosoft.com,,,Admin ADB,Admin@7rkd12.onmicrosoft.com,2025-03-16 19:09:06,,,,2025-03-16 19:08:56,EDRMS Service,Dynamic service,,A - Library Creation Request,MyHub web portal,,,,,,,test,,,Information Management and Technology;Institutional Management,,,,,,,,,,,,,,,,,,,,,,,,,,,,,,,,,https://7rkd12.sharepoint.com/sites/CSD_UATTEST_2
274,ADB - Library Creation Request 20250316175631,Completed,,Admin ADB,Admin@7rkd12.onmicrosoft.com,,,Admin ADB,Admin@7rkd12.onmicrosoft.com,2025-03-16 18:57:13,,,,2025-03-16 18:56:31,EDRMS Service,Dynamic service,,A - Library Creation Request,MyHub web portal,,,,,,,Test,,,Finance and Asset Management;Information Management and Technology;Institutional Management,,,,,,,,,,,,,,,,,,,,,,,,,,,,,,,,,https://7rkd12.sharepoint.com/sites/CSD_UATTEST_2
273,Create SharePoint site 20250314141333,Completed,,Admin ADB,Admin@7rkd12.onmicrosoft.com,,,Admin ADB,Admin@7rkd12.onmicrosoft.com,2025-03-14 15:25:19,,,,2025-03-14 15:13:33,EDRMS Service,Dynamic service,https://7rkd12.sharepoint.com/sites/CSD_UATTEST_2,A - Create SharePoint Site,MyHub web portal,,,,,,,,,,,,,,,,,,,,,,,,,,,,,,,,,,,,,,,,test,,,
272,Training and Development,Completed,,Admin ADB,Admin@7rkd12.onmicrosoft.com,,,Admin ADB,Admin@7rkd12.onmicrosoft.com,2025-03-14 15:00:54,,,,2025-03-14 15:00:31,Provisioning,Dynamic service,https://7rkd12.sharepoint.com/sites/CSD_PeopleManagementSiteTemplate_3/Training and Development,demo,MyHub web portal,,,,,,,,,,,,,,,,,,,,,,,,,,,,,,,,,,,,,,,,,,,
271,Recruitment and Employment,Completed,,Admin ADB,Admin@7rkd12.onmicrosoft.com,,,Admin ADB,Admin@7rkd12.onmicrosoft.com,2025-03-14 15:00:38,,,,2025-03-14 15:00:15,Provisioning,Dynamic service,https://7rkd12.sharepoint.com/sites/CSD_PeopleManagementSiteTemplate_3/Recruitment and Employment,demo,MyHub web portal,,,,,,,,,,,,,,,,,,,,,,,,,,,,,,,,,,,,,,,,,,,
270,Performance and Career Management,Completed,,Admin ADB,Admin@7rkd12.onmicrosoft.com,,,Admin ADB,Admin@7rkd12.onmicrosoft.com,2025-03-14 15:00:12,,,,2025-03-14 14:59:50,Provisioning,Dynamic service,https://7rkd12.sharepoint.com/sites/CSD_PeopleManagementSiteTemplate_3/Performance and Career Management,demo,MyHub web portal,,,,,,,,,,,,,,,,,,,,,,,,,,,,,,,,,,,,,,,,,,,
269,Photo and audiovisual,Completed,,Admin ADB,Admin@7rkd12.onmicrosoft.com,,,Admin ADB,Admin@7rkd12.onmicrosoft.com,2025-03-14 15:00:06,,,,2025-03-14 14:59:12,Provisioning,Dynamic service,https://7rkd12.sharepoint.com/sites/CSD_AdministrativeSiteTemplate_3/Photo and audiovisual,demo,MyHub web portal,,,,,,,,,,,,,,,,,,,,,,,,,,,,,,,,,,,,,,,,,,,
268,Procurement,Completed,,Admin ADB,Admin@7rkd12.onmicrosoft.com,,,Admin ADB,Admin@7rkd12.onmicrosoft.com,2025-03-14 14:59:08,,,,2025-03-14 14:58:49,Provisioning,Dynamic service,https://7rkd12.sharepoint.com/sites/CSD_AdministrativeSiteTemplate_3/Procurement,demo,MyHub web portal,,,,,,,,,,,,,,,,,,,,,,,,,,,,,,,,,,,,,,,,,,,
267,Procedures and Guidelines,Completed,,Admin ADB,Admin@7rkd12.onmicrosoft.com,,,Admin ADB,Admin@7rkd12.onmicrosoft.com,2025-03-14 14:59:00,,,,2025-03-14 14:58:37,Provisioning,Dynamic service,https://7rkd12.sharepoint.com/sites/CSD_AdministrativeSiteTemplate_3/Procedures and Guidelines,demo,MyHub web portal,,,,,,,,,,,,,,,,,,,,,,,,,,,,,,,,,,,,,,,,,,,
266,Policies,Completed,,Admin ADB,Admin@7rkd12.onmicrosoft.com,,,Admin ADB,Admin@7rkd12.onmicrosoft.com,2025-03-14 14:58:37,,,,2025-03-14 14:58:17,Provisioning,Dynamic service,https://7rkd12.sharepoint.com/sites/CSD_AdministrativeSiteTemplate_3/Policies,demo,MyHub web portal,,,,,,,,,,,,,,,,,,,,,,,,,,,,,,,,,,,,,,,,,,,
265,Planning and reporting,Completed,,Admin ADB,Admin@7rkd12.onmicrosoft.com,,,Admin ADB,Admin@7rkd12.onmicrosoft.com,2025-03-14 14:58:11,,,,2025-03-14 14:57:51,Provisioning,Dynamic service,https://7rkd12.sharepoint.com/sites/CSD_AdministrativeSiteTemplate_3/Planning and reporting,demo,MyHub web portal,,,,,,,,,,,,,,,,,,,,,,,,,,,,,,,,,,,,,,,,,,,
264,Organizational Review and History,Completed,,Admin ADB,Admin@7rkd12.onmicrosoft.com,,,Admin ADB,Admin@7rkd12.onmicrosoft.com,2025-03-14 14:57:58,,,,2025-03-14 14:57:35,Provisioning,Dynamic service,https://7rkd12.sharepoint.com/sites/CSD_AdministrativeSiteTemplate_3/Organizational Review and History,demo,MyHub web portal,,,,,,,,,,,,,,,,,,,,,,,,,,,,,,,,,,,,,,,,,,,
263,Contracts and Agreements,Completed,,Admin ADB,Admin@7rkd12.onmicrosoft.com,,,Admin ADB,Admin@7rkd12.onmicrosoft.com,2025-03-14 14:57:21,,,,2025-03-14 14:57:03,Provisioning,Dynamic service,https://7rkd12.sharepoint.com/sites/CSD_AdministrativeSiteTemplate_3/Contracts and Agreements,demo,MyHub web portal,,,,,,,,,,,,,,,,,,,,,,,,,,,,,,,,,,,,,,,,,,,
262,"Budgeting preparation, implementation and monitoring",Completed,,Admin ADB,Admin@7rkd12.onmicrosoft.com,,,Admin ADB,Admin@7rkd12.onmicrosoft.com,2025-03-14 14:56:55,,,,2025-03-14 14:56:32,Provisioning,Dynamic service,https://7rkd12.sharepoint.com/sites/CSD_AdministrativeSiteTemplate_3/BIM,demo,MyHub web portal,,,,,,,,,,,,,,,,,,,,,,,,,,,,,,,,,,,,,,,,,,,
259,Create SharePoint site 20250314110742,Completed,,Admin ADB,Admin@7rkd12.onmicrosoft.com,,,Admin ADB,Admin@7rkd12.onmicrosoft.com,2025-03-14 12:22:03,,,,2025-03-14 12:07:42,EDRMS Service,Dynamic service,https://7rkd12.sharepoint.com/sites/CSD_AdministrativeSiteTemplate_3,A - Create SharePoint Site,MyHub web portal,,,,,,,,,,,,,,,,,,,,,,,,,,,,,,,,,,,,,,,,test,,,
261,Create SharePoint site 20250314110857,Completed,,Admin ADB,Admin@7rkd12.onmicrosoft.com,,,Admin ADB,Admin@7rkd12.onmicrosoft.com,2025-03-14 12:21:50,,,,2025-03-14 12:08:57,EDRMS Service,Dynamic service,https://7rkd12.sharepoint.com/sites/CSD_PeopleManagementSiteTemplate_3,A - Create SharePoint Site,MyHub web portal,,,,,,,,,,,,,,,,,,,,,,,,,,,,,,,,,,,,,,,,adsfasdf,,,
260,Create SharePoint site 20250314110818,Completed,,Admin ADB,Admin@7rkd12.onmicrosoft.com,,,Admin ADB,Admin@7rkd12.onmicrosoft.com,2025-03-14 12:21:48,,,,2025-03-14 12:08:18,EDRMS Service,Dynamic service,https://7rkd12.sharepoint.com/sites/CSD_BlankSiteTemplate_3,A - Create SharePoint Site,MyHub web portal,,,,,,,,,,,,,,,,,,,,,,,,,,,,,,,,,,,,,,,,test,,,
255,Create SharePoint site 20250306160223,Completed,,Bonnie Test,BonnieTest@7rkd12.onmicrosoft.com,,,Bonnie Test,BonnieTest@7rkd12.onmicrosoft.com,2025-03-06 17:30:49,,,,2025-03-06 17:02:23,EDRMS Service,Dynamic service,https://7rkd12.sharepoint.com/sites/CSD_00A_2,A - Create SharePoint Site,MyHub web portal,,,,,,,,,,,,,,,,,,,,,,,,,,,,,,,,,,,,,,,,Tets,,,
249,Library Creation Request (End Users) 20250212100449,Completed,,Bonnie Test,BonnieTest@7rkd12.onmicrosoft.com,,,Bonnie Test;Alex Wilber,BonnieTest@7rkd12.onmicrosoft.com;AlexW@7rkd12.onmicrosoft.com,2025-02-17 17:47:20,,,,2025-02-12 11:04:49,Provisioning,Dynamic service,,Library Creation Request (End Users),MyHub web portal,,,,,,,Test,,,Finance and Asset Management,,,,,,,,,,,,,,,,,,,,,,,,,,,,,,,,, https://7rkd12.sharepoint.com/sites/CSD_Site01
253,test,Completed,,Admin ADB,Admin@7rkd12.onmicrosoft.com,,,Admin ADB,Admin@7rkd12.onmicrosoft.com,2025-02-17 11:15:20,,,,2025-02-17 11:15:17,Administration,Dynamic service,,library Change Request,MyHub web portal,,,,,,,,,,,,,,,,,,,,,,,,,,,,,,,,,,,,,,,,,,,
248,Library Creation Request (End Users) 20250212095503,Completed,,Bonnie Test,BonnieTest@7rkd12.onmicrosoft.com,,,Bonnie Test,BonnieTest@7rkd12.onmicrosoft.com,2025-02-12 10:55:05,,,,2025-02-12 10:55:03,Provisioning,Dynamic service,,Library Creation Request (End Users),MyHub web portal,,,,,,,https://7rkd12.sharepoint.com/sites/CSD_Site01_2,,,Institutional Management,,,,,,,,,,,,,,,,,,,,,,,,,,,,,,,,,https://7rkd12.sharepoint.com/sites/CSD_Site01_2
247,Library Creation Request (End Users) 20250212094948,Completed,,Bonnie Test,BonnieTest@7rkd12.onmicrosoft.com,,,Bonnie Test,BonnieTest@7rkd12.onmicrosoft.com,2025-02-12 10:49:50,,,,2025-02-12 10:49:48,Provisioning,Dynamic service,,Library Creation Request (End Users),MyHub web portal,,,,,,,Test case-1,,,Board Management;Public Relations,,,,,,,,,,,,,,,,,,,,,,,,,,,,,,,,,https://7rkd12.sharepoint.com/sites/CSD_Site01
246,Library Creation Request (End Users) 20250212094401,Completed,,Bonnie Test,BonnieTest@7rkd12.onmicrosoft.com,,,Bonnie Test,BonnieTest@7rkd12.onmicrosoft.com,2025-02-12 10:44:03,,,,2025-02-12 10:44:01,Provisioning,Dynamic service,,Library Creation Request (End Users),MyHub web portal,,,,,,,Test case,,,Finance and Asset Management;Information Management and Technology,,,,,,,,,,,,,,,,,,,,,,,,,,,,,,,,,https://7rkd12.sharepoint.com/sites/CSD_Site
245,DS-Life,Completed,,Bonnie Test,BonnieTest@7rkd12.onmicrosoft.com,,,Bonnie Test,BonnieTest@7rkd12.onmicrosoft.com,2025-02-10 18:32:57,,,,2025-02-10 18:29:41,Administration,Dynamic service,https://7rkd12.sharepoint.com/sites/001,DS-Life,MyHub web portal,,,,,,,,,,,,,,,,,,,,,,,,,,,,,,,,,,,,,,,,,,,
244,Create Library Service 20250123094704,Completed,,Admin ADB,Admin@7rkd12.onmicrosoft.com,,,Admin ADB,Admin@7rkd12.onmicrosoft.com,2025-01-23 10:57:41,,,,2025-01-23 10:47:04,Provisioning,Dynamic service,https://7rkd12.sharepoint.com/sites/csd_000006/DocLibe5caa24face1498c9df3dd15c0a7c011,Create Library Service,MyHub web portal,,,,,,,,,,,,,,,,,,,,,,,,,,,,,,,,,,,,,,,,,,,
243,Create Library Service 20250123093653,Completed,,Admin ADB,Admin@7rkd12.onmicrosoft.com,,,Admin ADB,Admin@7rkd12.onmicrosoft.com,2025-01-23 10:47:29,,,,2025-01-23 10:36:53,Provisioning,Dynamic service,https://7rkd12.sharepoint.com/sites/csd_000006/DocLibe752e69fb4fe4fa099ed754739d0232b,Create Library Service,MyHub web portal,,,,,,,,,,,,,,,,,,,,,,,,,,,,,,,,,,,,,,,,,,,
242,Create Library Service 20250123091916,Completed,,Admin ADB,Admin@7rkd12.onmicrosoft.com,,,Admin ADB,Admin@7rkd12.onmicrosoft.com,2025-01-23 10:21:37,,,,2025-01-23 10:19:16,Provisioning,Dynamic service,https://7rkd12.sharepoint.com/sites/csd_000006/DocLibce8a477d7d364d6aa4fe6459e38bab54,Create Library Service,MyHub web portal,,,,,,,,,,,,,,,,,,,,,,,,,,,,,,,,,,,,,,,,,,,
239,Create SharePoint site 20250121193253,Completed,,Bonnie Test,BonnieTest@7rkd12.onmicrosoft.com,,,Bonnie Test,BonnieTest@7rkd12.onmicrosoft.com,2025-01-21 20:35:39,,,,2025-01-21 20:32:53,EDRMS Service,Dynamic service,https://7rkd12.sharepoint.com/sites/CSD_managefiles_3,A - Create SharePoint Site,MyHub web portal,,,,,,,,,,,,,,,,,,,,,,,,,,,,,,,,,,,,,,,,"1. manage design document for CSD 
2. manage use case excel",,,
236,test11,Completed,,Admin ADB,Admin@7rkd12.onmicrosoft.com,,,Admin ADB,Admin@7rkd12.onmicrosoft.com,2025-01-21 18:26:07,,,,2025-01-21 18:20:24,Provisioning,Dynamic service,https://7rkd12.sharepoint.com/sites/csd_000003/DocLib0c7bc417581c4124adf25a1d51e580fb,Create Library Service,MyHub web portal,,,,,,,,,,,,,,,,,,,,,,,,,,,,,,,,,,,,,,,,,,,
232,Create SharePoint site 20250115115910,Completed,,Bonnie Test,BonnieTest@7rkd12.onmicrosoft.com,,,Bonnie Test,BonnieTest@7rkd12.onmicrosoft.com,2025-01-15 13:02:03,,,,2025-01-15 12:59:10,EDRMS Service,Dynamic service,https://7rkd12.sharepoint.com/sites/CSD_Test02_2,A - Create SharePoint Site,MyHub web portal,,,,,,,,,,,,,,,,,,,,,,,,,,,,,,,,,,,,,,,,,,,
231,Create SharePoint site 20250115115235,Completed,,Bonnie Test,BonnieTest@7rkd12.onmicrosoft.com,,,Bonnie Test,BonnieTest@7rkd12.onmicrosoft.com,2025-01-15 12:55:32,,,,2025-01-15 12:52:35,EDRMS Service,Dynamic service,https://7rkd12.sharepoint.com/sites/CSD_Site01_2,A - Create SharePoint Site,MyHub web portal,,,,,,,,,,,,,,,,,,,,,,,,,,,,,,,,,,,,,,,,,,,
230,Create SharePoint site 20250110134448,Completed,,Bonnie Test,BonnieTest@7rkd12.onmicrosoft.com,,,Bonnie Test,BonnieTest@7rkd12.onmicrosoft.com,2025-01-10 14:47:47,,,,2025-01-10 14:44:48,EDRMS Service,Dynamic service,https://7rkd12.sharepoint.com/sites/CSD_Site01,A - Create SharePoint Site,MyHub web portal,,,,,,,,,,,,,,,,,,,,,,,,,,,,,,,,,,,,,,,,,,,
229,001,Completed,,Bonnie Test,BonnieTest@7rkd12.onmicrosoft.com,,,Bonnie Test,BonnieTest@7rkd12.onmicrosoft.com,2025-01-10 11:56:40,,,,2025-01-10 11:54:01,EDRMS Service,Dynamic service,https://7rkd12.sharepoint.com/sites/001,A - Create SharePoint Site,MyHub web portal,,,,,,,,,,,,,,,,,,,,,,,,,,,,,,,,,,,,,,,,,,,
228,ASD,Completed,,Bonnie Test,BonnieTest@7rkd12.onmicrosoft.com,,,Bonnie Test,BonnieTest@7rkd12.onmicrosoft.com,2025-01-10 11:40:56,,,,2025-01-10 11:33:37,EDRMS Service,Dynamic service,https://7rkd12.sharepoint.com/sites/ASD,A - Create SharePoint Site,MyHub web portal,,,,,,,,,,,,,,,,,,,,,,,,,,,,,,,,,,,,,,,,,,,
227,CSD_Site,Completed,,Bonnie Test,BonnieTest@7rkd12.onmicrosoft.com,,,Bonnie Test,BonnieTest@7rkd12.onmicrosoft.com,2025-01-10 11:18:50,,,,2025-01-10 11:15:35,EDRMS Service,Dynamic service,https://7rkd12.sharepoint.com/sites/CSD_Site,A - Create SharePoint Site,MyHub web portal,,,,,,,,,,,,,,,,,,,,,,,,,,,,,,,,,,,,,,,,,,,
226,test2 20250109164335,Completed,,Leah Test,LeahTest@7rkd12.onmicrosoft.com,,,Leah Test,LeahTest@7rkd12.onmicrosoft.com,2025-01-09 17:43:39,,,,2025-01-09 17:43:35,Provisioning,Dynamic service,https://7rkd12.sharepoint.com/sites/csd_000000/testasdas,Leah Test 2,MyHub web portal,,,,,,,,,,,,,,,,,,,,,,,,,,,,,,,,,,,,,,,,,,,
224,Create CSD sites_DPM 20250106095004,Completed,,Bonnie Test,BonnieTest@7rkd12.onmicrosoft.com,,,Bonnie Test,BonnieTest@7rkd12.onmicrosoft.com,2025-01-06 11:00:39,,,,2025-01-06 10:50:04,Provisioning,Dynamic service,https://7rkd12.sharepoint.com/sites/csd_000008,Create CSD sites_DPM,MyHub web portal,,,,,,,,,,,,,,,,,,,,,,,,,,,,,,,,,,,,,,,,,,,
223,Project Site-S-AllowExternal 20250106090214,Completed,,Bonnie Test,BonnieTest@7rkd12.onmicrosoft.com,,,Bonnie Test,BonnieTest@7rkd12.onmicrosoft.com,2025-01-06 10:11:25,,,,2025-01-06 10:02:14,Provisioning,Create Site,https://7rkd12.sharepoint.com/sites/PRJ_S_DPM,Project Site-S-AllowExternal,MyHub web portal,,,,,,,,Sovereign Operations Projects,,,,,,,,,,,,Yes,,,,,,,,,,,,Bonnie Test,BonnieTest@7rkd12.onmicrosoft.com,,,,,,,,,,
222,Create Team Service 20241227093306,Completed,,Bonnie Test,BonnieTest@7rkd12.onmicrosoft.com,,,Bonnie Test;BonnieEndUser;auser3;auser1,BonnieTest@7rkd12.onmicrosoft.com;BonnieEndUser@7rkd12.onmicrosoft.com;,2024-12-27 11:18:59,Bonnie Test,BonnieTest@7rkd12.onmicrosoft.com,2024-12-27 10:34:27,2024-12-27 10:33:06,Provisioning,Dynamic service,testa@7rkd12.onmicrosoft.com,Create Team Service,MyHub web portal,,,,,,,,,,,,,,,,,,,,,,,,,,,,,,,,,,,,,,,,,,,
220,Create CSD sites 20241223150736,Completed,,Bonnie Test,BonnieTest@7rkd12.onmicrosoft.com,,,Bonnie Test,BonnieTest@7rkd12.onmicrosoft.com,2024-12-23 16:16:06,,,,2024-12-23 16:07:36,Provisioning,Dynamic service,https://7rkd12.sharepoint.com/sites/csd_000007,Create CSD sites,MyHub web portal,,,,,,,,,,,,,,,,,,,,,,,,,,,,,,,,,,,,,,,,,,,
219,test,Completed,,Admin ADB,Admin@7rkd12.onmicrosoft.com,,,Admin ADB,Admin@7rkd12.onmicrosoft.com,2024-12-06 16:04:31,,,,2024-12-06 15:54:22,Security,Clone or Transfer User Permissions,https://7rkd12.sharepoint.com/sites/ProjectA,Clone Permission,MyHub web portal,,,,,,,,,,,,,,,,,,,,,,,,,,,,,,,,,,,,,,,,,,,
218,test,Completed,,Admin ADB,Admin@7rkd12.onmicrosoft.com,,,Admin ADB,Admin@7rkd12.onmicrosoft.com,2024-12-06 15:43:23,,,,2024-12-06 15:33:09,Security,Clone or Transfer User Permissions,https://7rkd12.sharepoint.com/sites/ProjectA,Clone Permission,MyHub web portal,,,,,,,,,,,,,,,,,,,,,,,,,,,,,,,,,,,,,,,,,,,
217,test,Completed,,Admin ADB,Admin@7rkd12.onmicrosoft.com,,,Admin ADB,Admin@7rkd12.onmicrosoft.com,2024-12-06 00:01:12,,,,2024-12-05 23:50:44,Security,Clone or Transfer User Permissions,https://7rkd12.sharepoint.com/sites/ProjectA,Clone Permission,MyHub web portal,,,,,,,,,,,,,,,,,,,,,,,,,,,,,,,,,,,,,,,,,,,
216,Remove Alex,Completed,,Admin ADB,Admin@7rkd12.onmicrosoft.com,,,Admin ADB,Admin@7rkd12.onmicrosoft.com,2024-12-05 23:32:29,,,,2024-12-05 23:22:22,Security,Clone or Transfer User Permissions,https://7rkd12.sharepoint.com/sites/ProjectB;https://7rkd12.sharepoint.com/sites/ProjectA,Clone Permission,MyHub web portal,,,,,,,,,,,,,,,,,,,,,,,,,,,,,,,,,,,,,,,,,,,
215,permission control,Completed,,Admin ADB,Admin@7rkd12.onmicrosoft.com,,,Admin ADB,Admin@7rkd12.onmicrosoft.com,2024-12-05 23:29:22,,,,2024-12-05 23:19:13,Security,Clone or Transfer User Permissions,https://7rkd12.sharepoint.com/sites/ProjectA;https://7rkd12.sharepoint.com/sites/ProjectB,Clone Permission,MyHub web portal,,,,,,,,,,,,,,,,,,,,,,,,,,,,,,,,,,,,,,,,,,,
214,Create Library with default value 20241205174148,Completed,,Bonnie Test,BonnieTest@7rkd12.onmicrosoft.com,,,Bonnie Test,BonnieTest@7rkd12.onmicrosoft.com,2024-12-05 18:51:57,,,,2024-12-05 18:41:48,Provisioning,Dynamic service,https://7rkd12.sharepoint.com/sites/csd_000005/testa1,Create Library with default value,MyHub web portal,,,,,,,,,,,,,,,,,,,,,,,,,,,,,,,,,,,,,,,,,,,
213,Clone 20241205165423,Completed,,Bonnie Test,BonnieTest@7rkd12.onmicrosoft.com,,,Bonnie Test,BonnieTest@7rkd12.onmicrosoft.com,2024-12-05 18:04:44,,,,2024-12-05 17:54:23,Administration,Clone or Transfer User Permissions,https://7rkd12.sharepoint.com/sites/csd;https://7rkd12.sharepoint.com/sites/csd_000005,Clone,MyHub web portal,,,,,,,,,,,,,,,,,,,,,,,,,,,,,,,,,,,,,,,,,,,
212,Clone 20241205165008,Completed,,Bonnie Test,BonnieTest@7rkd12.onmicrosoft.com,,,Bonnie Test,BonnieTest@7rkd12.onmicrosoft.com,2024-12-05 18:00:20,,,,2024-12-05 17:50:08,Administration,Clone or Transfer User Permissions,https://7rkd12.sharepoint.com/sites/csd,Clone,MyHub web portal,,,,,,,,,,,,,,,,,,,,,,,,,,,,,,,,,,,,,,,,,,,
211,Clone 20241205164306,Completed,,Bonnie Test,BonnieTest@7rkd12.onmicrosoft.com,,,Bonnie Test,BonnieTest@7rkd12.onmicrosoft.com,2024-12-05 17:53:16,,,,2024-12-05 17:43:06,Administration,Clone or Transfer User Permissions,https://7rkd12.sharepoint.com/sites/csd,Clone,MyHub web portal,,,,,,,,,,,,,,,,,,,,,,,,,,,,,,,,,,,,,,,,,,,
209,Create Library 20241205132506,Completed,,Bonnie Test,BonnieTest@7rkd12.onmicrosoft.com,,,Bonnie Test,BonnieTest@7rkd12.onmicrosoft.com,2024-12-05 14:35:10,,,,2024-12-05 14:25:06,Provisioning,Dynamic service,https://7rkd12.sharepoint.com/sites/csd_000005/Library of IP information,Create Library,MyHub web portal,,,,,,,,,,,,,,,,,,,,,,,,,,,,,,,,,,,,,,,,,,,
210,Create Library by a template 20241205133232,Completed,,Bonnie Test,BonnieTest@7rkd12.onmicrosoft.com,,,Bonnie Test,BonnieTest@7rkd12.onmicrosoft.com,2024-12-05 14:33:01,,,,2024-12-05 14:32:32,Provisioning,Dynamic service,https://7rkd12.sharepoint.com/sites/csd_000005/DocLib74cd4630b13c4e7f9a02eb19c1e89304,Create Library by a template,MyHub web portal,,,,,,,,,,,,,,,,,,,,,,,,,,,,,,,,,,,,,,,,,,,
208,Create CSD sites 20241205113432,Completed,,Bonnie Test,BonnieTest@7rkd12.onmicrosoft.com,,,Bonnie Test,BonnieTest@7rkd12.onmicrosoft.com,2024-12-05 12:43:47,,,,2024-12-05 12:34:32,Provisioning,Dynamic service,https://7rkd12.sharepoint.com/sites/csd_000006,Create CSD sites,MyHub web portal,,,,,,,,,,,,,,,,,,,,,,,,,,,,,,,,,,,,,,,,,,,
205,Create Library with default value 20241204164227,Completed,,Bonnie Test,BonnieTest@7rkd12.onmicrosoft.com,,,Bonnie Test,BonnieTest@7rkd12.onmicrosoft.com,2024-12-04 17:52:36,,,,2024-12-04 17:42:27,Provisioning,Dynamic service,https://7rkd12.sharepoint.com/sites/csd_000005/test1,Create Library with default value,MyHub web portal,,,,,,,,,,,,,,,,,,,,,,,,,,,,,,,,,,,,,,,,,,,
206,Create Library 20241204165122,Completed,,Bonnie Test,BonnieTest@7rkd12.onmicrosoft.com,,,Bonnie Test,BonnieTest@7rkd12.onmicrosoft.com,2024-12-04 17:51:26,,,,2024-12-04 17:51:22,Provisioning,Dynamic service,https://7rkd12.sharepoint.com/sites/csd_000005/Library of Email,Create Library,MyHub web portal,,,,,,,,,,,,,,,,,,,,,,,,,,,,,,,,,,,,,,,,,,,
204,Manage Site Permission 20241203155654,Completed,,Bonnie Test,BonnieTest@7rkd12.onmicrosoft.com,,,Bonnie Test,BonnieTest@7rkd12.onmicrosoft.com,2024-12-03 16:56:58,,,,2024-12-03 16:56:54,Security,Dynamic service,https://7rkd12.sharepoint.com/sites/csd_000005,Permission Requests,MyHub web portal,,,,,,,,,,,,,,,,,,,,,,,,,,,,,,,,,,,,,,,,,,,
203,Create CSD sites 20241203153808,Completed,,Bonnie Test,BonnieTest@7rkd12.onmicrosoft.com,,,Bonnie Test,BonnieTest@7rkd12.onmicrosoft.com,2024-12-03 16:47:05,,,,2024-12-03 16:38:08,Provisioning,Dynamic service,https://7rkd12.sharepoint.com/sites/csd_000005,Create CSD sites,MyHub web portal,,,,,,,,,,,,,,,,,,,,,,,,,,,,,,,,,,,,,,,,,,,
202,Create CSD sites 20241202142703,Completed,,Admin ADB,Admin@7rkd12.onmicrosoft.com,,,Admin ADB,Admin@7rkd12.onmicrosoft.com,2024-12-02 15:35:51,,,,2024-12-02 15:27:03,Provisioning,Dynamic service,https://7rkd12.sharepoint.com/sites/csd_000004,Create CSD sites,MyHub web portal,,,,,,,,,,,,,,,,,,,,,,,,,,,,,,,,,,,,,,,,,,,
194,Create Team Service 20241127152405,Completed,,Bonnie Test,BonnieTest@7rkd12.onmicrosoft.com,,,Bonnie Test,BonnieTest@7rkd12.onmicrosoft.com,2024-11-28 14:44:43,,,,2024-11-27 16:24:05,Provisioning,Dynamic service,BonnieTeam1@7rkd12.onmicrosoft.com,Create Team Service,MyHub web portal,,,,,,,,,,,,,,,,,,,,,,,,,,,,,,,,,,,,,,,,,,,
197,Create Team Service 20241127164421,Completed,,Bonnie Test,BonnieTest@7rkd12.onmicrosoft.com,,,Bonnie Test,BonnieTest@7rkd12.onmicrosoft.com,2024-11-28 14:44:39,,,,2024-11-27 17:44:21,Provisioning,Dynamic service,BonnieTeam2@7rkd12.onmicrosoft.com,Create Team Service,MyHub web portal,,,,,,,,,,,,,,,,,,,,,,,,,,,,,,,,,,,,,,,,,,,
200,[Team]Team Lock and Delete Request 20241128103412,Completed,,Bonnie Test,BonnieTest@7rkd12.onmicrosoft.com,,,Bonnie Test,BonnieTest@7rkd12.onmicrosoft.com,2024-11-28 11:34:23,,,,2024-11-28 11:34:12,Administration,Dynamic service,BonnieTeam1@7rkd12.onmicrosoft.com,[Team]Team Lock and Delete Request,MyHub web portal,,,,,,,,,,,,,,,,,,,,,,,,,,,,,,,,,,,,,,,,,,,
198,Site Collection Lock and Delete Request 20241128103203,Completed,,Bonnie Test,BonnieTest@7rkd12.onmicrosoft.com,,,Bonnie Test,BonnieTest@7rkd12.onmicrosoft.com,2024-11-28 11:34:12,,,,2024-11-28 11:32:03,EDRMS Service,Dynamic service,https://7rkd12.sharepoint.com/sites/csd_000002,"A - Lock, unlock SharePoint Site",MyHub web portal,,,,,,,,,,,,,,,,,,,,,,,,,,,,,,,,,,,,,,,,,,,
195,Create Shared Channel 20241127160809,Completed,,Bonnie Test,BonnieTest@7rkd12.onmicrosoft.com,,,Bonnie Test,BonnieTest@7rkd12.onmicrosoft.com,2024-11-27 17:10:27,,,,2024-11-27 17:08:09,Provisioning,Dynamic service,Shared Channel1(BonnieTeam1@7rkd12.onmicrosoft.com),Create Shared Channel,MyHub web portal,,,,,,,,,,,,,,,,,,,,,,,,,,,,,,,,,,,,,,,,,,,
196,Create Private Channel 20241127160843,Completed,,Bonnie Test,BonnieTest@7rkd12.onmicrosoft.com,,,Bonnie Test,BonnieTest@7rkd12.onmicrosoft.com,2024-11-27 17:09:03,,,,2024-11-27 17:08:43,Provisioning,Create Private Channel,Private Channel1(BonnieTeam1@7rkd12.onmicrosoft.com),Create Private Channel,MyHub web portal,,,,,,,,,,,,,,,,,,,,,,,,,,,,,,,,,,,,,,,,,,,
193,Manage Site Permission 20241127132733,Completed,,Bonnie Test,BonnieTest@7rkd12.onmicrosoft.com,,,Bonnie Test,BonnieTest@7rkd12.onmicrosoft.com,2024-11-27 14:27:36,,,,2024-11-27 14:27:33,Security,Dynamic service,https://7rkd12.sharepoint.com/sites/csd_000003,Permission Requests,MyHub web portal,,,,,,,,,,,,,,,,,,,,,,,,,,,,,,,,,,,,,,,,,,,
192,Manage Site Permission 20241127132626,Completed,,Bonnie Test,BonnieTest@7rkd12.onmicrosoft.com,,,Bonnie Test,BonnieTest@7rkd12.onmicrosoft.com,2024-11-27 14:26:31,,,,2024-11-27 14:26:26,Security,Dynamic service,https://7rkd12.sharepoint.com/sites/csd_000003,Permission Requests,MyHub web portal,,,,,,,,,,,,,,,,,,,,,,,,,,,,,,,,,,,,,,,,,,,
191,Create CSD sites 20241127125749,Completed,,Bonnie Test,BonnieTest@7rkd12.onmicrosoft.com,,,Bonnie Test,BonnieTest@7rkd12.onmicrosoft.com,2024-11-27 14:06:30,,,,2024-11-27 13:57:49,Provisioning,Dynamic service,https://7rkd12.sharepoint.com/sites/csd_000003,Create CSD sites,MyHub web portal,,,,,,,,,,,,,,,,,,,,,,,,,,,,,,,,,,,,,,,,,,,
190,Create SCD sites 20241127120502,Completed,,Bonnie Test,BonnieTest@7rkd12.onmicrosoft.com,,,Bonnie Test,BonnieTest@7rkd12.onmicrosoft.com,2024-11-27 13:16:23,,,,2024-11-27 13:05:02,Provisioning,Dynamic service,https://7rkd12.sharepoint.com/sites/csd_000002,Create CSD sites,MyHub web portal,,,,,,,,,,,,,,,,,,,,,,,,,,,,,,,,,,,,,,,,,,,
189,BonnieSC2,Completed,,Bonnie Test,BonnieTest@7rkd12.onmicrosoft.com,,,Bonnie Test,BonnieTest@7rkd12.onmicrosoft.com,2024-11-27 12:19:19,,,,2024-11-27 12:10:45,Provisioning,Dynamic service,https://7rkd12.sharepoint.com/sites/csd_000001,Create CSD sites,MyHub web portal,,,,,,,,,,,,,,,,,,,,,,,,,,,,,,,,,,,,,,,,,,,
188,Bonnie Test SC,Completed,,Bonnie Test,BonnieTest@7rkd12.onmicrosoft.com,,,Bonnie Test,BonnieTest@7rkd12.onmicrosoft.com,2024-11-27 11:11:39,,,,2024-11-27 11:00:11,Provisioning,Dynamic service,https://7rkd12.sharepoint.com/sites/csd_000000,Create CSD sites,MyHub web portal,,,,,,,,,,,,,,,,,,,,,,,,,,,,,,,,,,,,,,,,,,,
187,Department Site Creation Service 20241121134955,Completed,,Admin ADB,Admin@7rkd12.onmicrosoft.com,,,Admin ADB,Admin@7rkd12.onmicrosoft.com,2024-11-21 14:58:36,,,,2024-11-21 14:49:55,Provisioning,Dynamic service,https://7rkd12.sharepoint.com/teams/grp_csd_sample,Department Site Creation Service,MyHub web portal,,,,,,,,,,,,,,CSD,,,,,,,,,,,,,,,,,,,,,,,,,,test,,,
186,Department Site Creation Service 20241120213121,Completed,,Admin ADB,Admin@7rkd12.onmicrosoft.com,,,Admin ADB,Admin@7rkd12.onmicrosoft.com,2024-11-20 22:43:42,,,,2024-11-20 22:31:21,Provisioning,Dynamic service,https://7rkd12.sharepoint.com/teams/grp_csd_test2,Department Site Creation Service,MyHub web portal,,,,,,,,,,,,,,CSD,,,,,,,,,,,,,,,,,,,,,,,,,,test2,,,
180,Project Site-S-AllowExternal 20241119155732,Completed,,Alex Wilber,AlexW@7rkd12.onmicrosoft.com,,,Alex Wilber;Admin ADB,AlexW@7rkd12.onmicrosoft.com;Admin@7rkd12.onmicrosoft.com,2024-11-19 17:09:16,,,,2024-11-19 16:57:32,Provisioning,Create Site,https://7rkd12.sharepoint.com/sites/PRJ_S_0101,Project Site-S-AllowExternal,MyHub Teams app,,,,,,,,Sovereign Operations Projects,,,,,,,,,,,,Yes,,,,,,,,,,,,Diego Siciliani,DiegoS@7rkd12.onmicrosoft.com,,,,,,,,,,
178,Project Site-S-AllowExternal 20241118205316,Completed,,Alex Wilber,AlexW@7rkd12.onmicrosoft.com,,,Alex Wilber;Admin ADB,AlexW@7rkd12.onmicrosoft.com;Admin@7rkd12.onmicrosoft.com,2024-11-18 22:05:39,,,,2024-11-18 21:53:16,Provisioning,Create Site,https://7rkd12.sharepoint.com/sites/PRJ_S_Example,Project Site-S-AllowExternal,MyHub web portal,,,,,,,,Sovereign Operations Projects,,,,,,,,,,,,Yes,,,,,,,,,,,,Adele Vance,AdeleV@7rkd12.onmicrosoft.com,,,,,,,,,,
179,Project Site-S-DenyExternal 20241118205430,Completed,,Alex Wilber,AlexW@7rkd12.onmicrosoft.com,,,Alex Wilber,AlexW@7rkd12.onmicrosoft.com,2024-11-18 22:05:38,,,,2024-11-18 21:54:30,Provisioning,Create Site,https://7rkd12.sharepoint.com/sites/PRJ_S_Example_NoExternal,Project Site-S-DenyExternal,MyHub web portal,,,,,,,,Sovereign Operations Projects,,,,,,,,,,,,No,,,,,,,,,,,,CITest95,CITest95@7rkd12.onmicrosoft.com,,,,,,,,,,
176,Project Site-N-AllowExternal 20241118205101,Completed,,Alex Wilber,AlexW@7rkd12.onmicrosoft.com,,,Alex Wilber;Admin ADB,AlexW@7rkd12.onmicrosoft.com;Admin@7rkd12.onmicrosoft.com,2024-11-18 22:01:46,,,,2024-11-18 21:51:01,Provisioning,Create Site,https://7rkd12.sharepoint.com/sites/PRJ_N_Example,Project Site-N-AllowExternal,MyHub web portal,,,,,,,,Nonsovereign Operations Projects,,,,,,,,,,,,Yes,,,,,,,,,,,,Allen,allen@7rkd12.onmicrosoft.com,,,,,,,,,,
177,Project Site-N-DenyExternal 20241118205159,Completed,,Alex Wilber,AlexW@7rkd12.onmicrosoft.com,,,Alex Wilber,AlexW@7rkd12.onmicrosoft.com,2024-11-18 22:01:40,,,,2024-11-18 21:51:59,Provisioning,Create Site,https://7rkd12.sharepoint.com/sites/PRJ_N_Example_NoExternal,Project Site-N-DenyExternal,MyHub web portal,,,,,,,,Nonsovereign Operations Projects,,,,,,,,,,,,No,,,,,,,,,,,,Admin,Admin@7rkd12.onmicrosoft.com,,,,,,,,,,
175,Project Site-N-AllowExternal 20241118203309,Completed,,Alex Wilber,AlexW@7rkd12.onmicrosoft.com,,,Alex Wilber;Admin ADB,AlexW@7rkd12.onmicrosoft.com;Admin@7rkd12.onmicrosoft.com,2024-11-18 21:41:34,,,,2024-11-18 21:33:09,Provisioning,Create Site,https://7rkd12.sharepoint.com/sites/PRJ_N_Sample,Project Site-N-AllowExternal,MyHub web portal,,,,,,,,Nonsovereign Operations Projects,,,,,,,,,,,,Yes,,,,,,,,,,,,Allen,allen@7rkd12.onmicrosoft.com,,,,,,,,,,
174,Project Site-N-DenyExternal 20241118202216,Completed,,Alex Wilber,AlexW@7rkd12.onmicrosoft.com,,,Alex Wilber,AlexW@7rkd12.onmicrosoft.com,2024-11-18 21:29:35,,,,2024-11-18 21:22:16,Provisioning,Create Site,https://7rkd12.sharepoint.com/sites/PRJ_N_04,Project Site-N-DenyExternal,MyHub web portal,,,,,,,,Nonsovereign Operations Projects,,,,,,,,,,,,No,,,,,,,,,,,,Adele Vance,AdeleV@7rkd12.onmicrosoft.com,,,,,,,,,,
173,Project Site-S-DenyExternal 20241118200445,Completed,,Alex Wilber,AlexW@7rkd12.onmicrosoft.com,,,Alex Wilber,AlexW@7rkd12.onmicrosoft.com,2024-11-18 21:13:56,,,,2024-11-18 21:04:45,Provisioning,Create Site,https://7rkd12.sharepoint.com/sites/PRJ_S_03,Project Site-S-DenyExternal,MyHub web portal,,,,,,,,Sovereign Operations Projects,,,,,,,,,,,,No,,,,,,,,,,,,Adele Vance,AdeleV@7rkd12.onmicrosoft.com,,,,,,,,,,
172,Project Site-N-AllowExternal 20241118194428,Completed,,Alex Wilber,AlexW@7rkd12.onmicrosoft.com,,,Alex Wilber;Admin ADB,AlexW@7rkd12.onmicrosoft.com;Admin@7rkd12.onmicrosoft.com,2024-11-18 20:52:26,,,,2024-11-18 20:44:28,Provisioning,Create Site,https://7rkd12.sharepoint.com/sites/PRJ_N_03,Project Site-N-AllowExternal,MyHub web portal,,,,,,,,Nonsovereign Operations Projects,,,,,,,,,,,,Yes,,,,,,,,,,,,Admin,Admin@7rkd12.onmicrosoft.com,,,,,,,,,,
170,Project Site-N-AllowExternal 20241118192834,Completed,,Alex Wilber,AlexW@7rkd12.onmicrosoft.com,,,Alex Wilber;Admin ADB,AlexW@7rkd12.onmicrosoft.com;Admin@7rkd12.onmicrosoft.com,2024-11-18 20:37:11,,,,2024-11-18 20:28:34,Provisioning,Create Site,https://7rkd12.sharepoint.com/sites/PRJ_N_01,Project Site-N-AllowExternal,MyHub Teams app,,,,,,,,Nonsovereign Operations Projects,,,,,,,,,,,,Yes,,,,,,,,,,,,Diego Siciliani,DiegoS@7rkd12.onmicrosoft.com,,,,,,,,,,
171,Project Site-N-DenyExternal 20241118192922,Completed,,Alex Wilber,AlexW@7rkd12.onmicrosoft.com,,,Alex Wilber,AlexW@7rkd12.onmicrosoft.com,2024-11-18 20:36:30,,,,2024-11-18 20:29:22,Provisioning,Create Site,https://7rkd12.sharepoint.com/sites/PRJ_N_02,Project Site-N-DenyExternal,MyHub Teams app,,,,,,,,Nonsovereign Operations Projects,,,,,,,,,,,,No,,,,,,,,,,,,Admin,Admin@7rkd12.onmicrosoft.com,,,,,,,,,,
168,Project Site-S-AllowExternal 20241118192425,Completed,,Alex Wilber,AlexW@7rkd12.onmicrosoft.com,,,Alex Wilber;Admin ADB,AlexW@7rkd12.onmicrosoft.com;Admin@7rkd12.onmicrosoft.com,2024-11-18 20:36:30,,,,2024-11-18 20:24:25,Provisioning,Create Site,https://7rkd12.sharepoint.com/sites/PRJ_S_01,Project Site-S-AllowExternal,MyHub Teams app,,,,,,,,Sovereign Operations Projects,,,,,,,,,,,,Yes,,,,,,,,,,,,Diego Siciliani,DiegoS@7rkd12.onmicrosoft.com,,,,,,,,,,
167,Project Site-S-AllowExternal 20241118133343,Completed,,Admin ADB,Admin@7rkd12.onmicrosoft.com,,,Admin ADB,Admin@7rkd12.onmicrosoft.com,2024-11-18 14:43:09,,,,2024-11-18 14:33:43,Provisioning,Create Site,https://7rkd12.sharepoint.com/sites/PRJ_S_10,Project Site-S-AllowExternal,MyHub web portal,,,,,,,,Sovereign Operations Projects,,,,,,,,,,,,Yes,,,,,,,,,,,,,,,,,,,,,,,
166,Project Site-S-AllowExternal 20241117202552,Completed,,Alex Wilber,AlexW@7rkd12.onmicrosoft.com,,,Alex Wilber;Admin ADB,AlexW@7rkd12.onmicrosoft.com;Admin@7rkd12.onmicrosoft.com,2024-11-17 21:35:43,,,,2024-11-17 21:25:52,Provisioning,Create Site,https://7rkd12.sharepoint.com/sites/PRJ_S_8,Project Site-S-AllowExternal,MyHub web portal,,,,,,,,Sovereign Operations Projects,,,,,,,,,,,,Yes,,,,,,,,,,,,,,,,,,,,,,,
165,Project Site-N-DenyExternal 20241117202457,Completed,,Alex Wilber,AlexW@7rkd12.onmicrosoft.com,,,Alex Wilber,AlexW@7rkd12.onmicrosoft.com,2024-11-17 21:34:05,,,,2024-11-17 21:24:57,Provisioning,Create Site,https://7rkd12.sharepoint.com/sites/PRJ_N_8,Project Site-N-DenyExternal,MyHub web portal,,,,,,,,Nonsovereign Operations Projects,,,,,,,,,,,,No,,,,,,,,,,,,,,,,,,,,,,,
163,Project Site-N-AllowExternal 20241117201001,Completed,,Alex Wilber,AlexW@7rkd12.onmicrosoft.com,,,Alex Wilber,AlexW@7rkd12.onmicrosoft.com,2024-11-17 21:18:25,,,,2024-11-17 21:10:01,Provisioning,Create Site,https://7rkd12.sharepoint.com/sites/PRJ_N_6,Project Site-N-AllowExternal,MyHub web portal,,,,,,,,Nonsovereign Operations Projects,,,,,,,,,,,,Yes,,,,,,,,,,,,,,,,,,,,,,,
161,Project Site-S-DenyExternal 20241117193036,Completed,,Alex Wilber,AlexW@7rkd12.onmicrosoft.com,,,Alex Wilber,AlexW@7rkd12.onmicrosoft.com,2024-11-17 20:45:45,,,,2024-11-17 20:30:36,Provisioning,Create Site,https://7rkd12.sharepoint.com/sites/PRJ_S_4,Project Site-S-DenyExternal,MyHub web portal,,,,,,,,Sovereign Operations Projects,,,,,,,,,,,,No,,,,,,,,,,,,,,,,,,,,,,,
160,Project Site-S-AllowExternal 20241117184324,Completed,,Alex Wilber,AlexW@7rkd12.onmicrosoft.com,,,Alex Wilber,AlexW@7rkd12.onmicrosoft.com,2024-11-17 19:53:01,,,,2024-11-17 19:43:24,Provisioning,Create Site,https://7rkd12.sharepoint.com/sites/PRJ_S_3,Project Site-S-AllowExternal,MyHub web portal,,,,,,,,Sovereign Operations Projects,,,,,,,,,,,,Yes,,,,,,,,,,,,,,,,,,,,,,,
155,HR Records Site 20241003183936,Completed with exception,,Admin ADB,Admin@7rkd12.onmicrosoft.com,,,Admin ADB,Admin@7rkd12.onmicrosoft.com,2024-10-04 10:38:56,,,,2024-10-03 19:39:36,Provisioning,Create Site,https://7rkd12.sharepoint.com/sites/HR_Dubai,HR Records Site,MyHub web portal,,,,,,,,,,,,,,,,,,,,,,,,,,,,,,,,,,,,,,,,,,,
156,test case: add test user in project a,Completed,,Admin ADB,Admin@7rkd12.onmicrosoft.com,,,Admin ADB,Admin@7rkd12.onmicrosoft.com,2024-10-03 20:04:14,,,,2024-10-03 20:03:58,Guest User,Dynamic service,test@test.com,Invite Guest,MyHub web portal,,,,,,,,,,,,,,,,,,,,,,,,,,,,,,,,,,,,,,,,,,,
154,please unlock it,Completed,,Admin ADB,Admin@7rkd12.onmicrosoft.com,,,Admin ADB,Admin@7rkd12.onmicrosoft.com,2024-10-03 19:27:16,,,,2024-10-03 19:24:47,Administration,Site Lifecycle Management (classic),https://7rkd12.sharepoint.com/sites/HR_Singapore,Site Collection - Unlock site collection,MyHub web portal,,,,,,,,,,,,,,,,,,,,,,,,,,,,,,,,,,,,,,,,,,,
144,HR Sites - Temporary Permission Request 20240425153840,Completed,,Grace User (Inactive),GraceUser@M365x080322.onmicrosoft.com,,,Grace User (Inactive),GraceUser@M365x080322.onmicrosoft.com,2024-04-25 16:38:46,,,,2024-04-25 16:38:40,Security,Dynamic service,https://m365x080322.sharepoint.com/sites/HR_Beijing/Documents/Legal Cases,CSD Sites - Temporary Permission Request,No record,,,,,,,,,,,,,,,,,,,,,,,,,,,,,,,,,,,,,,,,,,,
141,HR Sites - Temporary Permission Request 20240425131323,Completed,,Grace User (Inactive),GraceUser@M365x080322.onmicrosoft.com,,,Grace User (Inactive),GraceUser@M365x080322.onmicrosoft.com,2024-04-25 14:13:27,,,,2024-04-25 14:13:23,Security,Dynamic service,https://m365x080322.sharepoint.com/sites/HR_Beijing/Documents/Employee Lifecycle,CSD Sites - Temporary Permission Request,No record,,,,,,,,,,,,,,,,,,,,,,,,,,,,,,,,,,,,,,,,,,,
140,HR Sites - Temporary Permission Request 20240424212015,Completed,,Grace User (Inactive),GraceUser@M365x080322.onmicrosoft.com,,,Grace User (Inactive),GraceUser@M365x080322.onmicrosoft.com,2024-04-24 22:20:23,,,,2024-04-24 22:20:15,Security,Dynamic service,https://m365x080322.sharepoint.com/sites/HR_Beijing/Documents/Employee Lifecycle,CSD Sites - Temporary Permission Request,No record,,,,,,,,,,,,,,,,,,,,,,,,,,,,,,,,,,,,,,,,,,,
126,HR Sites - Temporary Permission Request 20240423165542,Completed,,MOD Administrator,admin@M365x080322.OnMicrosoft.com,,,MOD Administrator,admin@M365x080322.OnMicrosoft.com,2024-04-23 17:55:48,,,,2024-04-23 17:55:42,Security,Dynamic service,https://m365x080322.sharepoint.com/sites/HR_Shanghai/Documents,CSD Sites - Temporary Permission Request,No record,,,,,,,,,,,,,,,,,,,,,,,,,,,,,,,,,,,,,,,,,,,
122,want to access site permission,Completed,,MOD Administrator,admin@M365x080322.OnMicrosoft.com,,,MOD Administrator;Alex Wilber,admin@M365x080322.OnMicrosoft.com;AlexW@M365x080322.OnMicrosoft.com,2024-02-20 10:42:06,,,,2024-02-19 18:33:30,Security,Grant Permissions,https://m365x080322.sharepoint.com/sites/PermissionTest/SiteA,Permission Request,No record,,,,,,,,,,,,,,,,,,,,,,,,,,,,,,,,,,,,,,,,,,,
22,archive site,Completed with exception,,MOD Administrator,admin@M365x080322.OnMicrosoft.com,,,,,2021-12-22 15:06:56,,,,2021-09-28 13:41:48,Lifecycle Management,Site Lifecycle Management,,D- Site Life Cycle 322 - Archive,No record,,,,,,,,,,,,,,,,,,,,,,,,,,,,,,,,,,,,,,,,,,,
26,test,Completed,,MOD Administrator,admin@M365x080322.OnMicrosoft.com,,,,,2021-10-14 12:47:43,,,,2021-10-14 12:43:16,Provisioning,Create Group/Team/Community,,D -Create Teams -No External User,No record,,,,,,,,,,,,,,,,,,,,,,,,,,,,,,,,,,,,,,,,,,,
24,test1,Completed,,MOD Administrator,admin@M365x080322.OnMicrosoft.com,,,,,2021-09-30 14:11:44,,,,2021-09-30 14:08:20,Provisioning,Create Site,,D- Create Site 322,No record,,,,,,,,,,,,,,,,,,,,,,,,,,,,,,,,,,,,,,,,,,,
21,site 04,Completed,,MOD Administrator,admin@M365x080322.OnMicrosoft.com,,,,,2021-09-28 12:59:12,,,,2021-09-28 12:57:57,Provisioning,Create Site,,D- Create Site 322,No record,,,,,,,,,,,,,,,,,,,,,,,,,,,,,,,,,,,,,,,,,,,
17,delete,Completed,,MOD Administrator,admin@M365x080322.OnMicrosoft.com,,,,,2021-09-28 12:05:51,,,,2021-09-28 12:05:32,Lifecycle Management,Site Lifecycle Management,,D- Site Life Cycle 322 - Delete,No record,,,,,,,,,,,,,,,,,,,,,,,,,,,,,,,,,,,,,,,,,,,
16,site 3,Completed,,MOD Administrator,admin@M365x080322.OnMicrosoft.com,,,,,2021-09-28 12:02:28,,,,2021-09-28 12:01:16,Provisioning,Create Site,,D- Create Site 322,No record,,,,,,,,,,,,,,,,,,,,,,,,,,,,,,,,,,,,,,,,,,,
14,site1,Completed,,MOD Administrator,admin@M365x080322.OnMicrosoft.com,,,,,2021-09-28 11:12:59,,,,2021-09-28 11:11:36,Provisioning,Create Site,,D- Create Site 322,No record,,,,,,,,,,,,,,,,,,,,,,,,,,,,,,,,,,,,,,,,,,,
6,Create subsite with metadata,Completed,,MOD Administrator,admin@M365x818284.onmicrosoft.com,,,,,2021-09-16 16:04:30,,,,2021-09-16 16:03:31,Provisioning,Create Site,,D- Create Site (284),No record,,,,,,,,,,,,,,,,,,,,,,,,,,,,,,,,,,,,,,,,,,,
5,Create subsite3,Completed,,Allan Deyoung (Inactive),AllanD@M365x818284.OnMicrosoft.com,,,,,2021-09-16 12:38:40,,,,2021-09-16 12:33:12,Provisioning,Create Site,,D- Create Site (284),No record,,,,,,,,,,,,,,,,,,,,,,,,,,,,,,,,,,,,,,,,,,,
4,D- Change List Setting 20210915023834,Completed,,MOD Administrator,admin@M365x080322.OnMicrosoft.com,,,,,2021-09-15 11:38:37,,,,2021-09-15 11:38:34,Administration,Change Library/List Settings,,D- Change List Setting,No record,,,,,,,,,,,,,,,,,,,,,,,,,,,,,,,,,,,,,,,,,,,
3,Test- delete temporary group,Completed,,MOD Administrator,admin@M365x818284.onmicrosoft.com,,,,,2021-08-27 14:44:24,,,,2021-08-27 14:44:17,Security,Manage Permissions,,D- Manage Permission,No record,,,,,,,,,,,,,,,,,,,,,,,,,,,,,,,,,,,,,,,,,,,
2,test,Completed,,MOD Administrator,admin@M365x818284.onmicrosoft.com,,,,,2021-08-27 14:36:56,,,,2021-08-27 14:35:33,Security,Grant Permissions,,D- cutom grant permission,No record,,,,,,,,,,,,,,,,,,,,,,,,,,,,,,,,,,,,,,,,,,,
1,test- temporary,Completed,,MOD Administrator,admin@M365x818284.onmicrosoft.com,,,,,2021-08-27 14:32:13,,,,2021-08-27 14:31:04,Security,Grant Permissions,,D- cutom grant permission,No record,,,,,,,,,,,,,,,,,,,,,,,,,,,,,,,,,,,,,,,,,,,
