Name,Tenant domain,Container,Source,Group email,Created time,Last activity date,Description,Group type,Viva Engage connection,Hide from address list,Aliases,Team status,Synced from on-premises,Security enabled,Membership type,Privacy,Roles assignable,Roles,Site URL,Mailbox size (GB),Storage used (GB),Sensitivity label,Allow external senders to email this Group,Owners,Members,First EnPower registration time,Group ID,Registered,Primary contact,Secondary contact,Membership assignment method,Claim status,Contact election profile,Renewal profile,Phase,Phase assignee,Renewal start time,Renewal due date,Next renewal date,Last renewal time,Last renewed by,B-Department,Please Select a Site Type to Start the Site Creation Request,B-Library Short Name,B-Library name,Department,Allow External Sharing-choice,EDRMS Site Type,Please select: Lock Site / Unlock Site,Library Short Name,Library name,Please Select a Library Type to Start the Library Creation Request,Procurement library,Allow External Sharing,RefinableString00,Department22,Site Short Name,DRM Department,Business Need,Desired Outcomes,Key Risks and Considerations,Content Category,Site URL,Remarks,Records Manager,Project Owner,External Sharing Allowed?,Choose Project Site Template,Choose Site Template,Please provide business reasons for having site site.,Segment,Division,Region,Manager,Purpose of Use,Request Reason,External Company Name,GALines,Archiver,Delete Site,D- Change list setting
0331,Cloud domain: 7rkd12.onmicrosoft.com,Cloud container: Default security and distribution group container,Cloud,0331@7rkd12.onmicrosoft.com,3/31/2026 3:52:44 PM,-,0331,Mail-enabled security group,Not connected,Off,-,Teams not connected,No,Yes,Assigned,-,No,User (no admin center access),-,N/A,0.00,None,Off,1,1,6/24/2026 10:51:40 AM,cb0599df-bd68-4c28-843c-d3830b218fb7,No,-,-,N/A,-,N/A,N/A,-,-,-,-,-,-,-,-,-,-,-,-,-,-,-,-,-,-,-,-,-,-,-,-,-,-,-,-,-,-,-,-,-,-,-,-,-,-,-,-,-,-,-,-,-,-,-
adal1,Cloud domain: 7rkd12.onmicrosoft.com,Cloud container: Default Group / Team / Engage community container,Cloud,adal1@7rkd12.onmicrosoft.com,12/19/2024 9:00:56 AM,8/26/2025,adal1,Microsoft 365 Group,Not connected,Off,-,Teams not connected,No,No,Assigned,Public,No,User (no admin center access),https://7rkd12.sharepoint.com/sites/adal1,0.00,0.00,None,Off,1,0,9/6/2025 8:08:55 AM,f19da345-c204-44f5-abf3-dcbe7988efe1,No,-,-,N/A,-,N/A,N/A,-,-,-,-,-,-,-,-,-,-,-,-,-,-,-,-,-,-,-,-,-,-,-,-,-,-,-,-,-,-,-,-,-,-,-,-,-,-,-,-,-,-,-,-,-,-,-
AdaTeam,Cloud domain: 7rkd12.onmicrosoft.com,Cloud container: Default security and distribution group container,Cloud,-,5/18/2026 10:11:07 AM,-,AdaTeam,Security group,Not connected,Off,-,Teams not connected,No,Yes,Assigned,Private,Yes,User (no admin center access),-,N/A,0.00,None,Off,1,1,6/24/2026 10:51:40 AM,20661991-01dd-40e7-bf76-b614f0e7f321,No,-,-,N/A,-,N/A,N/A,-,-,-,-,-,-,-,-,-,-,-,-,-,-,-,-,-,-,-,-,-,-,-,-,-,-,-,-,-,-,-,-,-,-,-,-,-,-,-,-,-,-,-,-,-,-,-
ADB DRM Test Accounts,Cloud domain: 7rkd12.onmicrosoft.com,Cloud container: Default Group / Team / Engage community container,Cloud,adbtestaccounts@7rkd12.onmicrosoft.com,5/8/2025 4:25:32 PM,12/18/2025,Test Accounts for ADB to access and test in the Test Tenant,Microsoft 365 Group,Not connected,Off,-,Teams not connected,No,No,Assigned,Public,No,User (no admin center access),https://7rkd12.sharepoint.com/sites/adbtestaccounts,0.00,0.00,None,Off,3,14,9/6/2025 8:08:55 AM,acd26b44-0f9d-4623-aebd-11760a18a647,No,-,-,N/A,-,N/A,N/A,-,-,-,-,-,-,-,-,-,-,-,-,-,-,-,-,-,-,-,-,-,-,-,-,-,-,-,-,-,-,-,-,-,-,-,-,-,-,-,-,-,-,-,-,-,-,-
ADB Test,Cloud domain: 7rkd12.onmicrosoft.com,Cloud container: Default Group / Team / Engage community container,Cloud,ADBTest@7rkd12.onmicrosoft.com,1/9/2025 5:31:45 PM,7/8/2026,ADB Test,Microsoft 365 Group,Not connected,Off,-,Teams not connected,No,No,Assigned,Public,No,User (no admin center access),https://7rkd12.sharepoint.com/sites/ADBTest,0.00,0.04,None,Off,1,1,1/9/2025 7:04:09 PM,79f11aea-172a-4940-814f-01022864257f,No,-,-,N/A,-,N/A,N/A,-,-,-,-,-,-,-,-,-,-,-,-,-,-,-,-,-,-,-,-,-,-,-,-,-,-,-,-,-,-,-,-,-,-,-,-,-,-,-,-,-,-,-,-,-,-,-
ADB Test site,Cloud domain: 7rkd12.onmicrosoft.com,Cloud container: Default Group / Team / Engage community container,Cloud,ADBTestsite@7rkd12.onmicrosoft.com,3/13/2025 9:46:59 AM,8/28/2025,ADB Test site,Microsoft 365 Group,Not connected,Off,-,Teams not connected,No,No,Assigned,Public,No,User (no admin center access),https://7rkd12.sharepoint.com/sites/ADBTestsite,0.00,0.00,None,Off,1,3,3/13/2025 12:04:49 PM,f88d43bf-83ed-4cc6-b8b4-1a926a34876f,No,-,-,N/A,-,N/A,N/A,-,-,-,-,-,-,-,-,-,-,-,-,-,-,-,-,-,-,-,-,-,-,-,-,-,-,-,-,-,-,-,-,-,-,-,-,-,-,-,-,-,-,-,-,-,-,-
ADB-Project Template,Cloud domain: 7rkd12.onmicrosoft.com,Cloud container: Default Group / Team / Engage community container,Cloud,ADB-ProjectTemplate@7rkd12.onmicrosoft.com,11/11/2024 6:58:05 PM,3/6/2026,ADB-Project Template,Microsoft 365 Group,Not connected,Off,-,Teams not connected,No,No,Assigned,Public,No,User (no admin center access),https://7rkd12.sharepoint.com/sites/ADB-ProjectTemplate,0.00,0.00,None,Off,1,1,9/6/2025 8:08:55 AM,bdaad6f9-f2af-45ce-9f62-007a9582f8b0,No,-,-,N/A,-,N/A,N/A,-,-,-,-,-,-,-,-,-,-,-,-,-,-,-,-,-,-,-,-,-,-,-,-,-,-,-,-,-,-,-,-,-,-,-,-,-,-,-,-,-,-,-,-,-,-,-
Add-in DG,Cloud domain: 7rkd12.onmicrosoft.com,Cloud container: Default security and distribution group container,Cloud,add-inDG@7rkd12.onmicrosoft.com,4/10/2026 11:30:16 AM,-,Add-in DG,Distribution group,Not connected,Off,-,Teams not connected,No,No,Assigned,-,No,User (no admin center access),-,N/A,0.00,None,On,1,1,6/24/2026 10:51:41 AM,1764faec-7690-42c8-8f0a-a5a2aeaa5fed,No,-,-,N/A,-,N/A,N/A,-,-,-,-,-,-,-,-,-,-,-,-,-,-,-,-,-,-,-,-,-,-,-,-,-,-,-,-,-,-,-,-,-,-,-,-,-,-,-,-,-,-,-,-,-,-,-
All Company,Cloud domain: 7rkd12.onmicrosoft.com,Cloud container: Default Group / Team / Engage community container,Cloud,allcompany@7rkd12.onmicrosoft.com,5/17/2024 5:06:42 AM,4/8/2025,This is the default group for everyone in the network,Microsoft 365 Group,Connected,Off,-,Teams not connected,No,No,Assigned,Public,No,User (no admin center access),https://7rkd12.sharepoint.com/sites/allcompany,0.00,0.00,None,Off,1,1,9/6/2025 8:08:55 AM,3be6af7b-0c1e-4037-95cf-f8bde2b9ed6c,No,-,-,N/A,-,N/A,N/A,-,-,-,-,-,-,-,-,-,-,-,-,-,-,-,-,-,-,-,-,-,-,-,-,-,-,-,-,-,-,-,-,-,-,-,-,-,-,-,-,-,-,-,-,-,-,-
BonnieTeam1,Cloud domain: 7rkd12.onmicrosoft.com,Cloud container: Default Group / Team / Engage community container,Cloud,BonnieTeam1@7rkd12.onmicrosoft.com,11/27/2024 3:24:07 PM,4/28/2026,BonnieTeam1,Microsoft 365 Group,Not connected,On,-,Teams connected,No,No,Assigned,Public,No,User (no admin center access),https://7rkd12.sharepoint.com/sites/BonnieTeam1,0.00,0.00,None,Off,1,1,11/27/2024 5:03:38 PM,520825a9-6d87-4ec2-b244-9c6edcefce7a,No,-,-,N/A,-,N/A,N/A,-,-,-,-,-,-,-,-,-,-,-,-,-,-,-,-,-,-,-,-,-,-,-,-,-,-,-,-,-,-,-,-,-,-,-,-,-,-,-,-,-,-,-,-,-,-,-
BonnieTeam2,Cloud domain: 7rkd12.onmicrosoft.com,Cloud container: Default Group / Team / Engage community container,Cloud,BonnieTeam2@7rkd12.onmicrosoft.com,11/27/2024 4:44:25 PM,4/24/2026,BonnieTeam2,Microsoft 365 Group,Not connected,On,-,Teams connected,No,No,Assigned,Private,No,User (no admin center access),https://7rkd12.sharepoint.com/sites/BonnieTeam2,0.00,0.00,None,Off,1,2,11/27/2024 6:04:35 PM,4ba8ed9c-606a-403d-95e2-6b3e00cea42e,No,-,-,N/A,-,N/A,N/A,-,-,-,-,-,-,-,-,-,-,-,-,-,-,-,-,-,-,-,-,-,-,-,-,-,-,-,-,-,-,-,-,-,-,-,-,-,-,-,-,-,-,-,-,-,-,-
community01,Cloud domain: 7rkd12.onmicrosoft.com,Cloud container: Default Group / Team / Engage community container,Cloud,community01@7rkd12.onmicrosoft.com,4/9/2026 5:24:45 PM,5/8/2026,community01,Microsoft 365 Group,Connected,Off,-,Teams not connected,No,No,Assigned,Public,No,User (no admin center access),https://7rkd12.sharepoint.com/sites/community01,0.00,0.00,None,Off,2,2,6/24/2026 10:51:40 AM,af95759f-7709-4fde-8609-2adc8a797d4a,Yes,Admin ADB (Admin@7rkd12.onmicrosoft.com),Bonnie Test (BonnieTest@7rkd12.onmicrosoft.com),Manually assigned,Claimed,None,None,In compliance,-,-,-,-,-,-,-,-,-,-,-,-,-,-,-,-,-,-,-,-,-,-,-,-,-,-,-,-,-,-,-,-,-,-,-,-,-,-,-,-,-,-,-,-,-,-
CSD Template,Cloud domain: 7rkd12.onmicrosoft.com,Cloud container: Default Group / Team / Engage community container,Cloud,CSDTemplate@7rkd12.onmicrosoft.com,11/21/2024 11:39:24 AM,12/18/2025,CSD Template,Microsoft 365 Group,Not connected,Off,-,Teams not connected,No,No,Assigned,Private,No,User (no admin center access),https://7rkd12.sharepoint.com/sites/CSDTemplate,0.00,0.00,None,Off,2,1,9/6/2025 8:08:55 AM,8c1dc14f-328b-4eab-aace-00bd97e1c53f,No,-,-,N/A,-,N/A,N/A,-,-,-,-,-,-,-,-,-,-,-,-,-,-,-,-,-,-,-,-,-,-,-,-,-,-,-,-,-,-,-,-,-,-,-,-,-,-,-,-,-,-,-,-,-,-,-
CSD_00A,Cloud domain: 7rkd12.onmicrosoft.com,Cloud container: Default Group / Team / Engage community container,Cloud,CSD_00A@7rkd12.onmicrosoft.com,5/6/2025 6:45:19 PM,6/11/2026,CSD_00A,Microsoft 365 Group,Not connected,Off,-,Teams connected,No,No,Assigned,Private,No,User (no admin center access),https://7rkd12.sharepoint.com/sites/CSD_00A_2,0.00,0.00,None,Off,2,2,9/6/2025 8:08:55 AM,37af4ccc-f25b-4601-8345-7ac511232666,No,-,-,N/A,-,N/A,N/A,-,-,-,-,-,-,-,-,-,-,-,-,-,-,-,-,-,-,-,-,-,-,-,-,-,-,-,-,-,-,-,-,-,-,-,-,-,-,-,-,-,-,-,-,-,-,-
CSD_Demo Division,Cloud domain: 7rkd12.onmicrosoft.com,Cloud container: Default Group / Team / Engage community container,Cloud,CSD_DemoDivision@7rkd12.onmicrosoft.com,7/7/2026 6:13:45 PM,7/30/2026,CSD_Demo Division,Microsoft 365 Group,Not connected,Off,-,Teams not connected,No,No,Assigned,Private,No,User (no admin center access),https://7rkd12.sharepoint.com/sites/CSD_DemoDivision,0.00,47.17,None,Off,12,12,7/7/2026 9:19:03 PM,25a8007f-90f1-4eaf-bcb3-b8f5e80bccd8,No,-,-,N/A,-,N/A,N/A,-,-,-,-,-,-,-,-,-,-,-,-,-,-,-,-,-,-,-,-,-,-,-,-,-,-,-,-,-,-,-,-,-,-,-,-,-,-,-,-,-,-,-,-,-,-,-
dane-c-1,Cloud domain: 7rkd12.onmicrosoft.com,Cloud container: Default Group / Team / Engage community container,Cloud,dane-Site-Title-c-1@7rkd12.onmicrosoft.com,8/13/2026 11:20:14 AM,-,dane-c-1,Microsoft 365 Group,Not connected,Off,-,Teams connected,No,No,Assigned,Public,No,User (no admin center access),https://7rkd12.sharepoint.com/teams/prj_dane-c-1,0.00,0.00,None,Off,1,1,8/13/2026 1:40:21 PM,3b9216a5-1941-47c4-bcd1-ecae8383624f,No,-,-,N/A,-,N/A,N/A,-,-,-,-,-,-,-,-,-,-,-,-,-,-,-,-,-,-,-,-,-,-,-,-,-,-,-,-,-,-,-,-,-,-,-,-,-,-,-,-,-,-,-,-,-,-,-
dane-c-10,Cloud domain: 7rkd12.onmicrosoft.com,Cloud container: Default Group / Team / Engage community container,Cloud,dane-Site-Title-c-10@7rkd12.onmicrosoft.com,8/13/2026 12:31:40 PM,-,dane-c-10,Microsoft 365 Group,Not connected,Off,-,Teams connected,No,No,Assigned,Public,No,User (no admin center access),https://7rkd12.sharepoint.com/teams/prj_dane-c-10,0.00,0.00,None,Off,1,1,8/13/2026 1:39:52 PM,461769ac-81d3-478b-9f5f-d09df2d9eb02,No,-,-,N/A,-,N/A,N/A,-,-,-,-,-,-,-,-,-,-,-,-,-,-,-,-,-,-,-,-,-,-,-,-,-,-,-,-,-,-,-,-,-,-,-,-,-,-,-,-,-,-,-,-,-,-,-
dane-c-11,Cloud domain: 7rkd12.onmicrosoft.com,Cloud container: Default Group / Team / Engage community container,Cloud,dane-Site-Title-c-11@7rkd12.onmicrosoft.com,8/13/2026 12:31:48 PM,-,dane-c-11,Microsoft 365 Group,Not connected,Off,-,Teams connected,No,No,Assigned,Public,No,User (no admin center access),https://7rkd12.sharepoint.com/teams/prj_dane-c-11,0.00,0.00,None,Off,1,1,8/13/2026 1:39:47 PM,698a4b38-a812-484d-aee5-e66f9bb1f379,No,-,-,N/A,-,N/A,N/A,-,-,-,-,-,-,-,-,-,-,-,-,-,-,-,-,-,-,-,-,-,-,-,-,-,-,-,-,-,-,-,-,-,-,-,-,-,-,-,-,-,-,-,-,-,-,-
dane-c-12,Cloud domain: 7rkd12.onmicrosoft.com,Cloud container: Default Group / Team / Engage community container,Cloud,dane-Site-Title-c-12@7rkd12.onmicrosoft.com,8/13/2026 12:31:56 PM,-,dane-c-12,Microsoft 365 Group,Not connected,Off,-,Teams connected,No,No,Assigned,Public,No,User (no admin center access),https://7rkd12.sharepoint.com/teams/prj_dane-c-12,0.00,0.00,None,Off,1,1,8/13/2026 1:46:35 PM,f594d2af-7c6b-4c80-80ab-79e54421bf9c,No,-,-,N/A,-,N/A,N/A,-,-,-,-,-,-,-,-,-,-,-,-,-,-,-,-,-,-,-,-,-,-,-,-,-,-,-,-,-,-,-,-,-,-,-,-,-,-,-,-,-,-,-,-,-,-,-
dane-c-13,Cloud domain: 7rkd12.onmicrosoft.com,Cloud container: Default Group / Team / Engage community container,Cloud,dane-Site-Title-c-13@7rkd12.onmicrosoft.com,8/13/2026 12:32:09 PM,-,dane-c-13,Microsoft 365 Group,Not connected,Off,-,Teams connected,No,No,Assigned,Public,No,User (no admin center access),https://7rkd12.sharepoint.com/teams/prj_dane-c-13,0.00,0.00,None,Off,1,1,8/13/2026 1:47:09 PM,d008d7a4-4ec9-40d1-96d7-cb021594050d,No,-,-,N/A,-,N/A,N/A,-,-,-,-,-,-,-,-,-,-,-,-,-,-,-,-,-,-,-,-,-,-,-,-,-,-,-,-,-,-,-,-,-,-,-,-,-,-,-,-,-,-,-,-,-,-,-
dane-c-14,Cloud domain: 7rkd12.onmicrosoft.com,Cloud container: Default Group / Team / Engage community container,Cloud,dane-Site-Title-c-14@7rkd12.onmicrosoft.com,8/13/2026 12:32:20 PM,-,dane-c-14,Microsoft 365 Group,Not connected,Off,-,Teams connected,No,No,Assigned,Public,No,User (no admin center access),https://7rkd12.sharepoint.com/teams/prj_dane-c-14,0.00,0.00,None,Off,1,1,8/13/2026 1:43:06 PM,ef5dceca-c2a1-40c2-8343-cd2de6b9869d,No,-,-,N/A,-,N/A,N/A,-,-,-,-,-,-,-,-,-,-,-,-,-,-,-,-,-,-,-,-,-,-,-,-,-,-,-,-,-,-,-,-,-,-,-,-,-,-,-,-,-,-,-,-,-,-,-
dane-c-15,Cloud domain: 7rkd12.onmicrosoft.com,Cloud container: Default Group / Team / Engage community container,Cloud,dane-Site-Title-c-15@7rkd12.onmicrosoft.com,8/13/2026 12:32:29 PM,-,dane-c-15,Microsoft 365 Group,Not connected,Off,-,Teams connected,No,No,Assigned,Public,No,User (no admin center access),https://7rkd12.sharepoint.com/teams/prj_dane-c-15,0.00,0.00,None,Off,1,1,8/13/2026 1:46:35 PM,302746f6-0cf7-4b4d-a1fe-5b317696fde3,No,-,-,N/A,-,N/A,N/A,-,-,-,-,-,-,-,-,-,-,-,-,-,-,-,-,-,-,-,-,-,-,-,-,-,-,-,-,-,-,-,-,-,-,-,-,-,-,-,-,-,-,-,-,-,-,-
dane-c-16,Cloud domain: 7rkd12.onmicrosoft.com,Cloud container: Default Group / Team / Engage community container,Cloud,dane-Site-Title-c-16@7rkd12.onmicrosoft.com,8/13/2026 12:58:50 PM,-,dane-c-16,Microsoft 365 Group,Not connected,Off,-,Teams connected,No,No,Assigned,Public,No,User (no admin center access),https://7rkd12.sharepoint.com/teams/prj_dane-c-16,0.00,0.00,None,Off,1,1,8/13/2026 1:42:41 PM,45895507-756f-4ae3-8063-f28f6762f287,No,-,-,N/A,-,N/A,N/A,-,-,-,-,-,-,-,-,-,-,-,-,-,-,-,-,-,-,-,-,-,-,-,-,-,-,-,-,-,-,-,-,-,-,-,-,-,-,-,-,-,-,-,-,-,-,-
dane-c-17,Cloud domain: 7rkd12.onmicrosoft.com,Cloud container: Default Group / Team / Engage community container,Cloud,dane-Site-Title-c-17@7rkd12.onmicrosoft.com,8/13/2026 12:32:50 PM,-,dane-c-17,Microsoft 365 Group,Not connected,Off,-,Teams connected,No,No,Assigned,Public,No,User (no admin center access),https://7rkd12.sharepoint.com/teams/prj_dane-c-17,0.00,0.00,None,Off,1,1,8/13/2026 1:43:42 PM,b434d429-ac4a-43ea-b42f-5c441fa313ad,No,-,-,N/A,-,N/A,N/A,-,-,-,-,-,-,-,-,-,-,-,-,-,-,-,-,-,-,-,-,-,-,-,-,-,-,-,-,-,-,-,-,-,-,-,-,-,-,-,-,-,-,-,-,-,-,-
dane-c-18,Cloud domain: 7rkd12.onmicrosoft.com,Cloud container: Default Group / Team / Engage community container,Cloud,dane-Site-Title-c-18@7rkd12.onmicrosoft.com,8/13/2026 12:32:59 PM,-,dane-c-18,Microsoft 365 Group,Not connected,Off,-,Teams connected,No,No,Assigned,Public,No,User (no admin center access),https://7rkd12.sharepoint.com/teams/prj_dane-c-18,0.00,0.00,None,Off,1,1,8/13/2026 1:44:30 PM,334498a9-6de2-4d86-ba31-8fa107ae9c1d,No,-,-,N/A,-,N/A,N/A,-,-,-,-,-,-,-,-,-,-,-,-,-,-,-,-,-,-,-,-,-,-,-,-,-,-,-,-,-,-,-,-,-,-,-,-,-,-,-,-,-,-,-,-,-,-,-
dane-c-19,Cloud domain: 7rkd12.onmicrosoft.com,Cloud container: Default Group / Team / Engage community container,Cloud,dane-Site-Title-c-19@7rkd12.onmicrosoft.com,8/13/2026 12:33:09 PM,-,dane-c-19,Microsoft 365 Group,Not connected,Off,-,Teams connected,No,No,Assigned,Public,No,User (no admin center access),https://7rkd12.sharepoint.com/teams/prj_dane-c-19,0.00,0.00,None,Off,1,1,8/13/2026 1:43:26 PM,d2f42963-9c15-438d-a93f-0e43c8a456f3,No,-,-,N/A,-,N/A,N/A,-,-,-,-,-,-,-,-,-,-,-,-,-,-,-,-,-,-,-,-,-,-,-,-,-,-,-,-,-,-,-,-,-,-,-,-,-,-,-,-,-,-,-,-,-,-,-
dane-c-2,Cloud domain: 7rkd12.onmicrosoft.com,Cloud container: Default Group / Team / Engage community container,Cloud,dane-Site-Title-c-2@7rkd12.onmicrosoft.com,8/13/2026 11:20:27 AM,-,dane-c-2,Microsoft 365 Group,Not connected,Off,-,Teams connected,No,No,Assigned,Public,No,User (no admin center access),https://7rkd12.sharepoint.com/teams/prj_dane-c-2,0.00,0.00,None,Off,1,1,8/13/2026 1:39:02 PM,c50f2bb7-18fc-49ce-9898-7c0fa481255a,No,-,-,N/A,-,N/A,N/A,-,-,-,-,-,-,-,-,-,-,-,-,-,-,-,-,-,-,-,-,-,-,-,-,-,-,-,-,-,-,-,-,-,-,-,-,-,-,-,-,-,-,-,-,-,-,-
dane-c-20,Cloud domain: 7rkd12.onmicrosoft.com,Cloud container: Default Group / Team / Engage community container,Cloud,dane-Site-Title-c-20@7rkd12.onmicrosoft.com,8/13/2026 12:33:18 PM,-,dane-c-20,Microsoft 365 Group,Not connected,Off,-,Teams connected,No,No,Assigned,Public,No,User (no admin center access),https://7rkd12.sharepoint.com/teams/prj_dane-c-20,0.00,0.00,None,Off,1,1,8/13/2026 1:47:23 PM,283f0dba-b11d-4019-94ed-e8ac40a6a16d,No,-,-,N/A,-,N/A,N/A,-,-,-,-,-,-,-,-,-,-,-,-,-,-,-,-,-,-,-,-,-,-,-,-,-,-,-,-,-,-,-,-,-,-,-,-,-,-,-,-,-,-,-,-,-,-,-
dane-c-21,Cloud domain: 7rkd12.onmicrosoft.com,Cloud container: Default Group / Team / Engage community container,Cloud,dane-Site-Title-c-21@7rkd12.onmicrosoft.com,8/13/2026 1:51:16 PM,-,dane-c-21,Microsoft 365 Group,Not connected,Off,-,Teams connected,No,No,Assigned,Public,No,User (no admin center access),https://7rkd12.sharepoint.com/teams/prj_dane-c-21,0.00,0.00,None,Off,1,1,8/13/2026 4:46:42 PM,7844992a-795b-4ba7-988a-bc75fe884fae,No,-,-,N/A,-,N/A,N/A,-,-,-,-,-,-,-,-,-,-,-,-,-,-,-,-,-,-,-,-,-,-,-,-,-,-,-,-,-,-,-,-,-,-,-,-,-,-,-,-,-,-,-,-,-,-,-
dane-c-22,Cloud domain: 7rkd12.onmicrosoft.com,Cloud container: Default Group / Team / Engage community container,Cloud,dane-Site-Title-c-22@7rkd12.onmicrosoft.com,8/13/2026 1:51:28 PM,-,dane-c-22,Microsoft 365 Group,Not connected,Off,-,Teams connected,No,No,Assigned,Public,No,User (no admin center access),https://7rkd12.sharepoint.com/teams/prj_dane-c-22,0.00,0.00,None,Off,1,1,8/13/2026 4:47:24 PM,ce9b22bd-75ea-416c-9004-08f0296942b5,No,-,-,N/A,-,N/A,N/A,-,-,-,-,-,-,-,-,-,-,-,-,-,-,-,-,-,-,-,-,-,-,-,-,-,-,-,-,-,-,-,-,-,-,-,-,-,-,-,-,-,-,-,-,-,-,-
dane-c-23,Cloud domain: 7rkd12.onmicrosoft.com,Cloud container: Default Group / Team / Engage community container,Cloud,dane-Site-Title-c-23@7rkd12.onmicrosoft.com,8/13/2026 1:51:38 PM,-,dane-c-23,Microsoft 365 Group,Not connected,Off,-,Teams not connected,No,No,Assigned,Public,No,User (no admin center access),https://7rkd12.sharepoint.com/sites/dane-Site-Title-c-23,0.00,0.00,None,Off,1,1,8/13/2026 4:47:02 PM,80ccaaa9-c7db-4abe-b3b8-b505e98ba0a5,No,-,-,N/A,-,N/A,N/A,-,-,-,-,-,-,-,-,-,-,-,-,-,-,-,-,-,-,-,-,-,-,-,-,-,-,-,-,-,-,-,-,-,-,-,-,-,-,-,-,-,-,-,-,-,-,-
dane-c-24,Cloud domain: 7rkd12.onmicrosoft.com,Cloud container: Default Group / Team / Engage community container,Cloud,dane-Site-Title-c-24@7rkd12.onmicrosoft.com,8/13/2026 1:51:45 PM,-,dane-c-24,Microsoft 365 Group,Not connected,Off,-,Teams connected,No,No,Assigned,Public,No,User (no admin center access),https://7rkd12.sharepoint.com/teams/prj_dane-c-24,0.00,0.00,None,Off,1,1,8/13/2026 4:45:58 PM,a8038928-adfc-4094-9410-eb1f9d89b099,No,-,-,N/A,-,N/A,N/A,-,-,-,-,-,-,-,-,-,-,-,-,-,-,-,-,-,-,-,-,-,-,-,-,-,-,-,-,-,-,-,-,-,-,-,-,-,-,-,-,-,-,-,-,-,-,-
dane-c-25,Cloud domain: 7rkd12.onmicrosoft.com,Cloud container: Default Group / Team / Engage community container,Cloud,dane-Site-Title-c-25@7rkd12.onmicrosoft.com,8/13/2026 1:51:55 PM,-,dane-c-25,Microsoft 365 Group,Not connected,Off,-,Teams not connected,No,No,Assigned,Public,No,User (no admin center access),https://7rkd12.sharepoint.com/sites/dane-Site-Title-c-25,0.00,0.00,None,Off,1,1,8/13/2026 4:46:17 PM,6894bdad-40a4-4c2b-9fec-cf0081365650,No,-,-,N/A,-,N/A,N/A,-,-,-,-,-,-,-,-,-,-,-,-,-,-,-,-,-,-,-,-,-,-,-,-,-,-,-,-,-,-,-,-,-,-,-,-,-,-,-,-,-,-,-,-,-,-,-
dane-c-26,Cloud domain: 7rkd12.onmicrosoft.com,Cloud container: Default Group / Team / Engage community container,Cloud,dane-Site-Title-c-26@7rkd12.onmicrosoft.com,8/13/2026 1:52:01 PM,-,dane-c-26,Microsoft 365 Group,Not connected,Off,-,Teams connected,No,No,Assigned,Public,No,User (no admin center access),https://7rkd12.sharepoint.com/teams/prj_dane-c-26,0.00,0.00,None,Off,1,1,8/13/2026 4:48:50 PM,f0625507-27c1-4335-be1c-9670202caa31,No,-,-,N/A,-,N/A,N/A,-,-,-,-,-,-,-,-,-,-,-,-,-,-,-,-,-,-,-,-,-,-,-,-,-,-,-,-,-,-,-,-,-,-,-,-,-,-,-,-,-,-,-,-,-,-,-
dane-c-27,Cloud domain: 7rkd12.onmicrosoft.com,Cloud container: Default Group / Team / Engage community container,Cloud,dane-Site-Title-c-27@7rkd12.onmicrosoft.com,8/13/2026 1:52:11 PM,-,dane-c-27,Microsoft 365 Group,Not connected,Off,-,Teams connected,No,No,Assigned,Public,No,User (no admin center access),https://7rkd12.sharepoint.com/teams/prj_dane-c-27,0.00,0.00,None,Off,1,1,8/13/2026 4:48:27 PM,ba8406d8-d71e-4db1-bd5e-6083439662e5,No,-,-,N/A,-,N/A,N/A,-,-,-,-,-,-,-,-,-,-,-,-,-,-,-,-,-,-,-,-,-,-,-,-,-,-,-,-,-,-,-,-,-,-,-,-,-,-,-,-,-,-,-,-,-,-,-
dane-c-28,Cloud domain: 7rkd12.onmicrosoft.com,Cloud container: Default Group / Team / Engage community container,Cloud,dane-Site-Title-c-28@7rkd12.onmicrosoft.com,8/13/2026 1:52:18 PM,-,dane-c-28,Microsoft 365 Group,Not connected,Off,-,Teams not connected,No,No,Assigned,Public,No,User (no admin center access),https://7rkd12.sharepoint.com/sites/dane-Site-Title-c-28,0.00,0.00,None,Off,1,1,8/13/2026 4:47:44 PM,32d21091-7506-4c4a-9704-81c2f77388cf,No,-,-,N/A,-,N/A,N/A,-,-,-,-,-,-,-,-,-,-,-,-,-,-,-,-,-,-,-,-,-,-,-,-,-,-,-,-,-,-,-,-,-,-,-,-,-,-,-,-,-,-,-,-,-,-,-
dane-c-29,Cloud domain: 7rkd12.onmicrosoft.com,Cloud container: Default Group / Team / Engage community container,Cloud,dane-Site-Title-c-29@7rkd12.onmicrosoft.com,8/13/2026 1:52:24 PM,-,dane-c-29,Microsoft 365 Group,Not connected,Off,-,Teams connected,No,No,Assigned,Public,No,User (no admin center access),https://7rkd12.sharepoint.com/teams/prj_dane-c-29,0.00,0.00,None,Off,1,1,8/13/2026 4:49:20 PM,98a4a178-110b-4402-9bb4-7a3b11664dba,No,-,-,N/A,-,N/A,N/A,-,-,-,-,-,-,-,-,-,-,-,-,-,-,-,-,-,-,-,-,-,-,-,-,-,-,-,-,-,-,-,-,-,-,-,-,-,-,-,-,-,-,-,-,-,-,-
dane-c-3,Cloud domain: 7rkd12.onmicrosoft.com,Cloud container: Default Group / Team / Engage community container,Cloud,dane-Site-Title-c-3@7rkd12.onmicrosoft.com,8/13/2026 11:20:49 AM,-,dane-c-3,Microsoft 365 Group,Not connected,Off,-,Teams connected,No,No,Assigned,Public,No,User (no admin center access),https://7rkd12.sharepoint.com/teams/prj_dane-c-3,0.00,0.00,None,Off,1,1,8/13/2026 1:39:59 PM,14d32527-d6b1-47a1-bb3b-1412e94f4c8a,No,-,-,N/A,-,N/A,N/A,-,-,-,-,-,-,-,-,-,-,-,-,-,-,-,-,-,-,-,-,-,-,-,-,-,-,-,-,-,-,-,-,-,-,-,-,-,-,-,-,-,-,-,-,-,-,-
dane-c-30,Cloud domain: 7rkd12.onmicrosoft.com,Cloud container: Default Group / Team / Engage community container,Cloud,dane-Site-Title-c-30@7rkd12.onmicrosoft.com,8/13/2026 1:52:32 PM,-,dane-c-30,Microsoft 365 Group,Not connected,Off,-,Teams connected,No,No,Assigned,Public,No,User (no admin center access),https://7rkd12.sharepoint.com/teams/prj_dane-c-30,0.00,0.00,None,Off,1,1,8/13/2026 4:48:06 PM,addef316-1065-4870-b5e8-b788f8b64b97,No,-,-,N/A,-,N/A,N/A,-,-,-,-,-,-,-,-,-,-,-,-,-,-,-,-,-,-,-,-,-,-,-,-,-,-,-,-,-,-,-,-,-,-,-,-,-,-,-,-,-,-,-,-,-,-,-
dane-c-4,Cloud domain: 7rkd12.onmicrosoft.com,Cloud container: Default Group / Team / Engage community container,Cloud,dane-Site-Title-c-4@7rkd12.onmicrosoft.com,8/13/2026 11:24:19 AM,-,dane-c-4,Microsoft 365 Group,Not connected,Off,-,Teams connected,No,No,Assigned,Public,No,User (no admin center access),https://7rkd12.sharepoint.com/teams/prj_dane-c-4,0.00,0.00,None,Off,1,1,8/13/2026 1:40:39 PM,a19e41e4-65c6-4bf5-aa1a-34a0a37fad2b,No,-,-,N/A,-,N/A,N/A,-,-,-,-,-,-,-,-,-,-,-,-,-,-,-,-,-,-,-,-,-,-,-,-,-,-,-,-,-,-,-,-,-,-,-,-,-,-,-,-,-,-,-,-,-,-,-
dane-c-5,Cloud domain: 7rkd12.onmicrosoft.com,Cloud container: Default Group / Team / Engage community container,Cloud,dane-Site-Title-c-5@7rkd12.onmicrosoft.com,8/13/2026 11:25:40 AM,-,dane-c-5,Microsoft 365 Group,Not connected,Off,-,Teams connected,No,No,Assigned,Public,No,User (no admin center access),https://7rkd12.sharepoint.com/teams/prj_dane-c-5,0.00,0.00,None,Off,1,1,8/13/2026 1:40:19 PM,380ab970-54b2-40ba-9fba-4f8a1c4440d7,No,-,-,N/A,-,N/A,N/A,-,-,-,-,-,-,-,-,-,-,-,-,-,-,-,-,-,-,-,-,-,-,-,-,-,-,-,-,-,-,-,-,-,-,-,-,-,-,-,-,-,-,-,-,-,-,-
dane-c-6,Cloud domain: 7rkd12.onmicrosoft.com,Cloud container: Default Group / Team / Engage community container,Cloud,dane-Site-Title-c-6@7rkd12.onmicrosoft.com,8/13/2026 12:19:10 PM,-,dane-c-6,Microsoft 365 Group,Not connected,Off,-,Teams connected,No,No,Assigned,Public,No,User (no admin center access),https://7rkd12.sharepoint.com/teams/prj_dane-c-6,0.00,0.00,None,Off,1,1,8/13/2026 1:42:24 PM,9f9995a6-e3b5-4662-b2dd-a0ddfddd48ce,No,-,-,N/A,-,N/A,N/A,-,-,-,-,-,-,-,-,-,-,-,-,-,-,-,-,-,-,-,-,-,-,-,-,-,-,-,-,-,-,-,-,-,-,-,-,-,-,-,-,-,-,-,-,-,-,-
dane-c-7,Cloud domain: 7rkd12.onmicrosoft.com,Cloud container: Default Group / Team / Engage community container,Cloud,dane-Site-Title-c-7@7rkd12.onmicrosoft.com,8/13/2026 12:19:21 PM,-,dane-c-7,Microsoft 365 Group,Not connected,Off,-,Teams connected,No,No,Assigned,Public,No,User (no admin center access),https://7rkd12.sharepoint.com/teams/prj_dane-c-7,0.00,0.00,None,Off,1,1,8/13/2026 1:41:24 PM,7296cb48-fcc2-450d-935a-0bebc5b8c08b,No,-,-,N/A,-,N/A,N/A,-,-,-,-,-,-,-,-,-,-,-,-,-,-,-,-,-,-,-,-,-,-,-,-,-,-,-,-,-,-,-,-,-,-,-,-,-,-,-,-,-,-,-,-,-,-,-
dane-c-8,Cloud domain: 7rkd12.onmicrosoft.com,Cloud container: Default Group / Team / Engage community container,Cloud,dane-Site-Title-c-8@7rkd12.onmicrosoft.com,8/13/2026 12:31:24 PM,-,dane-c-8,Microsoft 365 Group,Not connected,Off,-,Teams connected,No,No,Assigned,Public,No,User (no admin center access),https://7rkd12.sharepoint.com/teams/prj_dane-c-8,0.00,0.00,None,Off,1,1,8/13/2026 1:46:01 PM,d52de272-a603-40a9-b51d-3beedc8e0441,No,-,-,N/A,-,N/A,N/A,-,-,-,-,-,-,-,-,-,-,-,-,-,-,-,-,-,-,-,-,-,-,-,-,-,-,-,-,-,-,-,-,-,-,-,-,-,-,-,-,-,-,-,-,-,-,-
dane-c-9,Cloud domain: 7rkd12.onmicrosoft.com,Cloud container: Default Group / Team / Engage community container,Cloud,dane-Site-Title-c-9@7rkd12.onmicrosoft.com,8/13/2026 12:54:28 PM,-,dane-c-9,Microsoft 365 Group,Not connected,Off,-,Teams connected,No,No,Assigned,Public,No,User (no admin center access),https://7rkd12.sharepoint.com/teams/prj_dane-c-9,0.00,0.00,None,Off,1,1,8/13/2026 3:37:59 PM,9fbb643d-286b-4a1d-bd29-0845fdff4732,No,-,-,N/A,-,N/A,N/A,-,-,-,-,-,-,-,-,-,-,-,-,-,-,-,-,-,-,-,-,-,-,-,-,-,-,-,-,-,-,-,-,-,-,-,-,-,-,-,-,-,-,-,-,-,-,-
dane-d-1,Cloud domain: 7rkd12.onmicrosoft.com,Cloud container: Default Group / Team / Engage community container,Cloud,Dane-Site-Title-d-1@7rkd12.onmicrosoft.com,8/12/2026 10:33:29 PM,-,dane-d-1,Microsoft 365 Group,Not connected,Off,-,Teams not connected,No,No,Assigned,Public,No,User (no admin center access),https://7rkd12.sharepoint.com/teams/prj_dane-d-1,0.00,0.00,None,Off,1,1,8/13/2026 1:05:24 AM,b60bb319-f737-47a2-aa4b-e83d63469cda,No,-,-,N/A,-,N/A,N/A,-,-,-,-,-,-,-,-,-,-,-,-,-,-,-,-,-,-,-,-,-,-,-,-,-,-,-,-,-,-,-,-,-,-,-,-,-,-,-,-,-,-,-,-,-,-,-
dane-d-2,Cloud domain: 7rkd12.onmicrosoft.com,Cloud container: Default Group / Team / Engage community container,Cloud,Dane-Site-Title-d-2@7rkd12.onmicrosoft.com,8/12/2026 10:48:34 PM,-,dane-d-2,Microsoft 365 Group,Not connected,Off,-,Teams not connected,No,No,Assigned,Public,No,User (no admin center access),https://7rkd12.sharepoint.com/sites/Dane-Site-Title-d-2,0.00,0.00,None,Off,1,1,8/13/2026 1:46:52 AM,76fc3e69-8a52-47bc-89eb-5fdb06118ed9,No,-,-,N/A,-,N/A,N/A,-,-,-,-,-,-,-,-,-,-,-,-,-,-,-,-,-,-,-,-,-,-,-,-,-,-,-,-,-,-,-,-,-,-,-,-,-,-,-,-,-,-,-,-,-,-,-
dane-d-3,Cloud domain: 7rkd12.onmicrosoft.com,Cloud container: Default Group / Team / Engage community container,Cloud,Dane-Site-Title-d-3@7rkd12.onmicrosoft.com,8/12/2026 11:00:16 PM,-,dane-d-3,Microsoft 365 Group,Not connected,Off,-,Teams not connected,No,No,Assigned,Public,No,User (no admin center access),https://7rkd12.sharepoint.com/sites/Dane-Site-Title-d-3,0.00,0.00,None,Off,1,1,8/13/2026 1:47:23 AM,47ea6bef-5c7f-4474-9918-1d34185d46fc,No,-,-,N/A,-,N/A,N/A,-,-,-,-,-,-,-,-,-,-,-,-,-,-,-,-,-,-,-,-,-,-,-,-,-,-,-,-,-,-,-,-,-,-,-,-,-,-,-,-,-,-,-,-,-,-,-
dane-d-4,Cloud domain: 7rkd12.onmicrosoft.com,Cloud container: Default Group / Team / Engage community container,Cloud,Dane-Site-Title-d-4@7rkd12.onmicrosoft.com,8/13/2026 12:40:03 AM,-,dane-d-4,Microsoft 365 Group,Not connected,Off,-,Teams connected,No,No,Assigned,Public,No,User (no admin center access),https://7rkd12.sharepoint.com/teams/prj_dane-d-4,0.00,0.00,None,Off,1,1,8/13/2026 2:36:12 AM,22fba6d8-68ac-4280-90cd-5ce6ea83039e,No,-,-,N/A,-,N/A,N/A,-,-,-,-,-,-,-,-,-,-,-,-,-,-,-,-,-,-,-,-,-,-,-,-,-,-,-,-,-,-,-,-,-,-,-,-,-,-,-,-,-,-,-,-,-,-,-
dane-d-5,Cloud domain: 7rkd12.onmicrosoft.com,Cloud container: Default Group / Team / Engage community container,Cloud,Dane-Site-Title-d-5@7rkd12.onmicrosoft.com,8/12/2026 11:12:16 PM,-,dane-d-5,Microsoft 365 Group,Not connected,Off,-,Teams connected,No,No,Assigned,Public,No,User (no admin center access),https://7rkd12.sharepoint.com/teams/prj_dane-d-5,0.00,0.00,None,Off,1,1,8/13/2026 1:49:02 AM,14e82ed6-631e-41af-a9b3-7582a2d28fed,No,-,-,N/A,-,N/A,N/A,-,-,-,-,-,-,-,-,-,-,-,-,-,-,-,-,-,-,-,-,-,-,-,-,-,-,-,-,-,-,-,-,-,-,-,-,-,-,-,-,-,-,-,-,-,-,-
dane-d-6,Cloud domain: 7rkd12.onmicrosoft.com,Cloud container: Default Group / Team / Engage community container,Cloud,Dane-Site-Title-d-6@7rkd12.onmicrosoft.com,8/12/2026 11:12:44 PM,-,dane-d-6,Microsoft 365 Group,Not connected,Off,-,Teams connected,No,No,Assigned,Public,No,User (no admin center access),https://7rkd12.sharepoint.com/teams/prj_dane-d-6,0.00,0.00,None,Off,1,1,8/13/2026 1:47:45 AM,9692ca9a-eab7-4ed9-9e04-21755c36c119,No,-,-,N/A,-,N/A,N/A,-,-,-,-,-,-,-,-,-,-,-,-,-,-,-,-,-,-,-,-,-,-,-,-,-,-,-,-,-,-,-,-,-,-,-,-,-,-,-,-,-,-,-,-,-,-,-
dane-ddos-1,Cloud domain: 7rkd12.onmicrosoft.com,Cloud container: Default Group / Team / Engage community container,Cloud,dane-Site-Title-ddos-1@7rkd12.onmicrosoft.com,8/13/2026 6:35:12 PM,-,dane-ddos-1,Microsoft 365 Group,Not connected,Off,-,Teams connected,No,No,Assigned,Public,No,User (no admin center access),https://7rkd12.sharepoint.com/teams/prj_dane-ddos-1,0.00,0.00,None,Off,1,1,8/13/2026 8:37:25 PM,aa9ff4cb-9de2-455c-a34f-942218e67fcc,No,-,-,N/A,-,N/A,N/A,-,-,-,-,-,-,-,-,-,-,-,-,-,-,-,-,-,-,-,-,-,-,-,-,-,-,-,-,-,-,-,-,-,-,-,-,-,-,-,-,-,-,-,-,-,-,-
dane-ddos-10,Cloud domain: 7rkd12.onmicrosoft.com,Cloud container: Default Group / Team / Engage community container,Cloud,dane-Site-Title-ddos-10@7rkd12.onmicrosoft.com,8/13/2026 6:36:47 PM,-,dane-ddos-10,Microsoft 365 Group,Not connected,Off,-,Teams connected,No,No,Assigned,Public,No,User (no admin center access),https://7rkd12.sharepoint.com/teams/prj_dane-ddos-10,0.00,0.00,None,Off,1,1,8/13/2026 8:41:42 PM,4021875c-2c22-4ee1-93a4-82761776dd62,No,-,-,N/A,-,N/A,N/A,-,-,-,-,-,-,-,-,-,-,-,-,-,-,-,-,-,-,-,-,-,-,-,-,-,-,-,-,-,-,-,-,-,-,-,-,-,-,-,-,-,-,-,-,-,-,-
dane-ddos-100,Cloud domain: 7rkd12.onmicrosoft.com,Cloud container: Default Group / Team / Engage community container,Cloud,dane-Site-Title-ddos-100@7rkd12.onmicrosoft.com,8/14/2026 10:02:47 AM,-,dane-ddos-100,Microsoft 365 Group,Not connected,Off,-,Teams connected,No,No,Assigned,Public,No,User (no admin center access),https://7rkd12.sharepoint.com/teams/prj_dane-ddos-100,0.00,0.00,None,Off,1,1,8/14/2026 12:43:27 PM,4cf855bb-7cb8-464f-ad32-68afa34d0c02,No,-,-,N/A,-,N/A,N/A,-,-,-,-,-,-,-,-,-,-,-,-,-,-,-,-,-,-,-,-,-,-,-,-,-,-,-,-,-,-,-,-,-,-,-,-,-,-,-,-,-,-,-,-,-,-,-
dane-ddos-101,Cloud domain: 7rkd12.onmicrosoft.com,Cloud container: Default Group / Team / Engage community container,Cloud,dane-Site-Title-ddos-101@7rkd12.onmicrosoft.com,8/14/2026 10:02:56 AM,-,dane-ddos-101,Microsoft 365 Group,Not connected,Off,-,Teams connected,No,No,Assigned,Public,No,User (no admin center access),https://7rkd12.sharepoint.com/teams/prj_dane-ddos-101,0.00,0.00,None,Off,1,1,8/14/2026 12:42:08 PM,fe32f5c9-3d35-4ab7-9bf9-bfa7add15a3a,No,-,-,N/A,-,N/A,N/A,-,-,-,-,-,-,-,-,-,-,-,-,-,-,-,-,-,-,-,-,-,-,-,-,-,-,-,-,-,-,-,-,-,-,-,-,-,-,-,-,-,-,-,-,-,-,-
dane-ddos-102,Cloud domain: 7rkd12.onmicrosoft.com,Cloud container: Default Group / Team / Engage community container,Cloud,dane-Site-Title-ddos-102@7rkd12.onmicrosoft.com,8/14/2026 10:03:03 AM,-,dane-ddos-102,Microsoft 365 Group,Not connected,Off,-,Teams connected,No,No,Assigned,Public,No,User (no admin center access),https://7rkd12.sharepoint.com/teams/prj_dane-ddos-102,0.00,0.00,None,Off,1,1,8/14/2026 12:45:40 PM,06b09a0d-00e3-4522-af60-15d2c08f8561,No,-,-,N/A,-,N/A,N/A,-,-,-,-,-,-,-,-,-,-,-,-,-,-,-,-,-,-,-,-,-,-,-,-,-,-,-,-,-,-,-,-,-,-,-,-,-,-,-,-,-,-,-,-,-,-,-
dane-ddos-103,Cloud domain: 7rkd12.onmicrosoft.com,Cloud container: Default Group / Team / Engage community container,Cloud,dane-Site-Title-ddos-103@7rkd12.onmicrosoft.com,8/14/2026 10:03:11 AM,-,dane-ddos-103,Microsoft 365 Group,Not connected,Off,-,Teams connected,No,No,Assigned,Public,No,User (no admin center access),https://7rkd12.sharepoint.com/teams/prj_dane-ddos-103,0.00,0.00,None,Off,1,1,8/14/2026 12:46:18 PM,77e917e0-720a-49d3-b417-d7f6f8f2d902,No,-,-,N/A,-,N/A,N/A,-,-,-,-,-,-,-,-,-,-,-,-,-,-,-,-,-,-,-,-,-,-,-,-,-,-,-,-,-,-,-,-,-,-,-,-,-,-,-,-,-,-,-,-,-,-,-
dane-ddos-104,Cloud domain: 7rkd12.onmicrosoft.com,Cloud container: Default Group / Team / Engage community container,Cloud,dane-Site-Title-ddos-104@7rkd12.onmicrosoft.com,8/14/2026 10:03:18 AM,-,dane-ddos-104,Microsoft 365 Group,Not connected,Off,-,Teams connected,No,No,Assigned,Public,No,User (no admin center access),https://7rkd12.sharepoint.com/teams/prj_dane-ddos-104,0.00,0.00,None,Off,1,1,8/14/2026 12:44:40 PM,da714168-4e99-484c-a89f-977d9f489fbb,No,-,-,N/A,-,N/A,N/A,-,-,-,-,-,-,-,-,-,-,-,-,-,-,-,-,-,-,-,-,-,-,-,-,-,-,-,-,-,-,-,-,-,-,-,-,-,-,-,-,-,-,-,-,-,-,-
dane-ddos-105,Cloud domain: 7rkd12.onmicrosoft.com,Cloud container: Default Group / Team / Engage community container,Cloud,dane-Site-Title-ddos-105@7rkd12.onmicrosoft.com,8/14/2026 10:03:25 AM,-,dane-ddos-105,Microsoft 365 Group,Not connected,Off,-,Teams connected,No,No,Assigned,Public,No,User (no admin center access),https://7rkd12.sharepoint.com/teams/prj_dane-ddos-105,0.00,0.00,None,Off,1,1,8/14/2026 12:43:45 PM,fd4914a4-f9e8-4429-9cf9-e9c7d7c93d30,No,-,-,N/A,-,N/A,N/A,-,-,-,-,-,-,-,-,-,-,-,-,-,-,-,-,-,-,-,-,-,-,-,-,-,-,-,-,-,-,-,-,-,-,-,-,-,-,-,-,-,-,-,-,-,-,-
dane-ddos-106,Cloud domain: 7rkd12.onmicrosoft.com,Cloud container: Default Group / Team / Engage community container,Cloud,dane-Site-Title-ddos-106@7rkd12.onmicrosoft.com,8/14/2026 10:03:33 AM,-,dane-ddos-106,Microsoft 365 Group,Not connected,Off,-,Teams connected,No,No,Assigned,Public,No,User (no admin center access),https://7rkd12.sharepoint.com/teams/prj_dane-ddos-106,0.00,0.00,None,Off,1,1,8/14/2026 12:44:22 PM,2cb8487d-b078-4515-8b68-e8ca6b94a2e4,No,-,-,N/A,-,N/A,N/A,-,-,-,-,-,-,-,-,-,-,-,-,-,-,-,-,-,-,-,-,-,-,-,-,-,-,-,-,-,-,-,-,-,-,-,-,-,-,-,-,-,-,-,-,-,-,-
dane-ddos-107,Cloud domain: 7rkd12.onmicrosoft.com,Cloud container: Default Group / Team / Engage community container,Cloud,dane-Site-Title-ddos-107@7rkd12.onmicrosoft.com,8/14/2026 10:03:40 AM,-,dane-ddos-107,Microsoft 365 Group,Not connected,Off,-,Teams connected,No,No,Assigned,Public,No,User (no admin center access),https://7rkd12.sharepoint.com/teams/prj_dane-ddos-107,0.00,0.00,None,Off,1,1,8/14/2026 12:46:36 PM,8f0e9163-9da1-4d94-ad87-bad6ab10da23,No,-,-,N/A,-,N/A,N/A,-,-,-,-,-,-,-,-,-,-,-,-,-,-,-,-,-,-,-,-,-,-,-,-,-,-,-,-,-,-,-,-,-,-,-,-,-,-,-,-,-,-,-,-,-,-,-
dane-ddos-108,Cloud domain: 7rkd12.onmicrosoft.com,Cloud container: Default Group / Team / Engage community container,Cloud,dane-Site-Title-ddos-108@7rkd12.onmicrosoft.com,8/14/2026 10:03:48 AM,-,dane-ddos-108,Microsoft 365 Group,Not connected,Off,-,Teams connected,No,No,Assigned,Public,No,User (no admin center access),https://7rkd12.sharepoint.com/teams/prj_dane-ddos-108,0.00,0.00,None,Off,1,1,8/14/2026 12:45:21 PM,0b57288f-26e2-4e1e-8e5f-3c1f328a6614,No,-,-,N/A,-,N/A,N/A,-,-,-,-,-,-,-,-,-,-,-,-,-,-,-,-,-,-,-,-,-,-,-,-,-,-,-,-,-,-,-,-,-,-,-,-,-,-,-,-,-,-,-,-,-,-,-
dane-ddos-109,Cloud domain: 7rkd12.onmicrosoft.com,Cloud container: Default Group / Team / Engage community container,Cloud,dane-Site-Title-ddos-109@7rkd12.onmicrosoft.com,8/14/2026 10:03:55 AM,-,dane-ddos-109,Microsoft 365 Group,Not connected,Off,-,Teams connected,No,No,Assigned,Public,No,User (no admin center access),https://7rkd12.sharepoint.com/teams/prj_dane-ddos-109,0.00,0.00,None,Off,1,1,8/14/2026 12:43:07 PM,4a3f7296-c21e-4443-8115-d6bf81d1bace,No,-,-,N/A,-,N/A,N/A,-,-,-,-,-,-,-,-,-,-,-,-,-,-,-,-,-,-,-,-,-,-,-,-,-,-,-,-,-,-,-,-,-,-,-,-,-,-,-,-,-,-,-,-,-,-,-
dane-ddos-11,Cloud domain: 7rkd12.onmicrosoft.com,Cloud container: Default Group / Team / Engage community container,Cloud,dane-Site-Title-ddos-11@7rkd12.onmicrosoft.com,8/13/2026 6:36:57 PM,-,dane-ddos-11,Microsoft 365 Group,Not connected,Off,-,Teams connected,No,No,Assigned,Public,No,User (no admin center access),https://7rkd12.sharepoint.com/teams/prj_dane-ddos-11,0.00,0.00,None,Off,1,1,8/13/2026 8:41:19 PM,27441a25-ef70-46be-b177-4086b8fb2d19,No,-,-,N/A,-,N/A,N/A,-,-,-,-,-,-,-,-,-,-,-,-,-,-,-,-,-,-,-,-,-,-,-,-,-,-,-,-,-,-,-,-,-,-,-,-,-,-,-,-,-,-,-,-,-,-,-
dane-ddos-110,Cloud domain: 7rkd12.onmicrosoft.com,Cloud container: Default Group / Team / Engage community container,Cloud,dane-Site-Title-ddos-110@7rkd12.onmicrosoft.com,8/14/2026 10:04:02 AM,-,dane-ddos-110,Microsoft 365 Group,Not connected,Off,-,Teams connected,No,No,Assigned,Public,No,User (no admin center access),https://7rkd12.sharepoint.com/teams/prj_dane-ddos-110,0.00,0.00,None,Off,1,1,8/14/2026 12:47:35 PM,53aefca8-462e-42a1-98fa-f630ee5c16e8,No,-,-,N/A,-,N/A,N/A,-,-,-,-,-,-,-,-,-,-,-,-,-,-,-,-,-,-,-,-,-,-,-,-,-,-,-,-,-,-,-,-,-,-,-,-,-,-,-,-,-,-,-,-,-,-,-
dane-ddos-111,Cloud domain: 7rkd12.onmicrosoft.com,Cloud container: Default Group / Team / Engage community container,Cloud,dane-Site-Title-ddos-111@7rkd12.onmicrosoft.com,8/14/2026 10:04:10 AM,-,dane-ddos-111,Microsoft 365 Group,Not connected,Off,-,Teams connected,No,No,Assigned,Public,No,User (no admin center access),https://7rkd12.sharepoint.com/teams/prj_dane-ddos-111,0.00,0.00,None,Off,1,1,8/14/2026 12:45:58 PM,1bc84265-d6ef-47f0-8d61-e7caafccd1a1,No,-,-,N/A,-,N/A,N/A,-,-,-,-,-,-,-,-,-,-,-,-,-,-,-,-,-,-,-,-,-,-,-,-,-,-,-,-,-,-,-,-,-,-,-,-,-,-,-,-,-,-,-,-,-,-,-
dane-ddos-112,Cloud domain: 7rkd12.onmicrosoft.com,Cloud container: Default Group / Team / Engage community container,Cloud,dane-Site-Title-ddos-112@7rkd12.onmicrosoft.com,8/14/2026 10:04:17 AM,-,dane-ddos-112,Microsoft 365 Group,Not connected,Off,-,Teams connected,No,No,Assigned,Public,No,User (no admin center access),https://7rkd12.sharepoint.com/teams/prj_dane-ddos-112,0.00,0.00,None,Off,1,1,8/14/2026 12:48:55 PM,ece0d944-932d-4b44-aa4e-8fd745c7e4d6,No,-,-,N/A,-,N/A,N/A,-,-,-,-,-,-,-,-,-,-,-,-,-,-,-,-,-,-,-,-,-,-,-,-,-,-,-,-,-,-,-,-,-,-,-,-,-,-,-,-,-,-,-,-,-,-,-
dane-ddos-113,Cloud domain: 7rkd12.onmicrosoft.com,Cloud container: Default Group / Team / Engage community container,Cloud,dane-Site-Title-ddos-113@7rkd12.onmicrosoft.com,8/14/2026 11:32:15 AM,-,dane-ddos-113,Microsoft 365 Group,Not connected,Off,-,Teams connected,No,No,Assigned,Public,No,User (no admin center access),https://7rkd12.sharepoint.com/teams/prj_dane-ddos-113,0.00,0.00,None,Off,1,1,8/14/2026 1:39:56 PM,3c10079a-3eca-415c-a089-d722c124d37f,No,-,-,N/A,-,N/A,N/A,-,-,-,-,-,-,-,-,-,-,-,-,-,-,-,-,-,-,-,-,-,-,-,-,-,-,-,-,-,-,-,-,-,-,-,-,-,-,-,-,-,-,-,-,-,-,-
dane-ddos-114,Cloud domain: 7rkd12.onmicrosoft.com,Cloud container: Default Group / Team / Engage community container,Cloud,dane-Site-Title-ddos-114@7rkd12.onmicrosoft.com,8/14/2026 10:21:16 AM,-,dane-ddos-114,Microsoft 365 Group,Not connected,Off,-,Teams connected,No,No,Assigned,Public,No,User (no admin center access),https://7rkd12.sharepoint.com/teams/prj_dane-ddos-114,0.00,0.00,None,Off,1,1,8/14/2026 12:57:18 PM,143d5218-d2e6-4fbf-b005-4bc580fd75bb,No,-,-,N/A,-,N/A,N/A,-,-,-,-,-,-,-,-,-,-,-,-,-,-,-,-,-,-,-,-,-,-,-,-,-,-,-,-,-,-,-,-,-,-,-,-,-,-,-,-,-,-,-,-,-,-,-
dane-ddos-115,Cloud domain: 7rkd12.onmicrosoft.com,Cloud container: Default Group / Team / Engage community container,Cloud,dane-Site-Title-ddos-115@7rkd12.onmicrosoft.com,8/14/2026 10:04:37 AM,-,dane-ddos-115,Microsoft 365 Group,Not connected,Off,-,Teams connected,No,No,Assigned,Public,No,User (no admin center access),https://7rkd12.sharepoint.com/teams/prj_dane-ddos-115,0.00,0.00,None,Off,1,1,8/14/2026 12:48:37 PM,329f1a8b-4461-47ee-935b-fb0edd2acedb,No,-,-,N/A,-,N/A,N/A,-,-,-,-,-,-,-,-,-,-,-,-,-,-,-,-,-,-,-,-,-,-,-,-,-,-,-,-,-,-,-,-,-,-,-,-,-,-,-,-,-,-,-,-,-,-,-
dane-ddos-116,Cloud domain: 7rkd12.onmicrosoft.com,Cloud container: Default Group / Team / Engage community container,Cloud,dane-Site-Title-ddos-116@7rkd12.onmicrosoft.com,8/14/2026 10:04:46 AM,-,dane-ddos-116,Microsoft 365 Group,Not connected,Off,-,Teams connected,No,No,Assigned,Public,No,User (no admin center access),https://7rkd12.sharepoint.com/teams/prj_dane-ddos-116,0.00,0.00,None,Off,1,1,8/14/2026 12:46:56 PM,5d9b2ea8-32f6-4aad-832a-01a7d436eeaf,No,-,-,N/A,-,N/A,N/A,-,-,-,-,-,-,-,-,-,-,-,-,-,-,-,-,-,-,-,-,-,-,-,-,-,-,-,-,-,-,-,-,-,-,-,-,-,-,-,-,-,-,-,-,-,-,-
dane-ddos-117,Cloud domain: 7rkd12.onmicrosoft.com,Cloud container: Default Group / Team / Engage community container,Cloud,dane-Site-Title-ddos-117@7rkd12.onmicrosoft.com,8/14/2026 10:04:53 AM,-,dane-ddos-117,Microsoft 365 Group,Not connected,Off,-,Teams connected,No,No,Assigned,Public,No,User (no admin center access),https://7rkd12.sharepoint.com/teams/prj_dane-ddos-117,0.00,0.00,None,Off,1,1,8/14/2026 12:47:15 PM,b49a90a9-53ef-4a93-9454-b7d60fb91ebe,No,-,-,N/A,-,N/A,N/A,-,-,-,-,-,-,-,-,-,-,-,-,-,-,-,-,-,-,-,-,-,-,-,-,-,-,-,-,-,-,-,-,-,-,-,-,-,-,-,-,-,-,-,-,-,-,-
dane-ddos-118,Cloud domain: 7rkd12.onmicrosoft.com,Cloud container: Default Group / Team / Engage community container,Cloud,dane-Site-Title-ddos-118@7rkd12.onmicrosoft.com,8/14/2026 10:05:01 AM,-,dane-ddos-118,Microsoft 365 Group,Not connected,Off,-,Teams connected,No,No,Assigned,Public,No,User (no admin center access),https://7rkd12.sharepoint.com/teams/prj_dane-ddos-118,0.00,0.00,None,Off,1,1,8/14/2026 12:49:16 PM,f9bc99e0-622c-4b42-9238-2fc5bdfc707f,No,-,-,N/A,-,N/A,N/A,-,-,-,-,-,-,-,-,-,-,-,-,-,-,-,-,-,-,-,-,-,-,-,-,-,-,-,-,-,-,-,-,-,-,-,-,-,-,-,-,-,-,-,-,-,-,-
dane-ddos-119,Cloud domain: 7rkd12.onmicrosoft.com,Cloud container: Default Group / Team / Engage community container,Cloud,dane-Site-Title-ddos-119@7rkd12.onmicrosoft.com,8/14/2026 10:05:09 AM,-,dane-ddos-119,Microsoft 365 Group,Not connected,Off,-,Teams connected,No,No,Assigned,Public,No,User (no admin center access),https://7rkd12.sharepoint.com/teams/prj_dane-ddos-119,0.00,0.00,None,Off,1,1,8/14/2026 12:47:56 PM,48a85733-0c7c-402f-8dd3-e0dab99c3b87,No,-,-,N/A,-,N/A,N/A,-,-,-,-,-,-,-,-,-,-,-,-,-,-,-,-,-,-,-,-,-,-,-,-,-,-,-,-,-,-,-,-,-,-,-,-,-,-,-,-,-,-,-,-,-,-,-
dane-ddos-12,Cloud domain: 7rkd12.onmicrosoft.com,Cloud container: Default Group / Team / Engage community container,Cloud,dane-Site-Title-ddos-12@7rkd12.onmicrosoft.com,8/13/2026 6:43:57 PM,-,dane-ddos-12,Microsoft 365 Group,Not connected,Off,-,Teams connected,No,No,Assigned,Public,No,User (no admin center access),https://7rkd12.sharepoint.com/teams/prj_dane-ddos-12,0.00,0.00,None,Off,1,1,8/13/2026 9:36:37 PM,ff58e93c-0bee-4c77-b170-5c120ee05c3a,No,-,-,N/A,-,N/A,N/A,-,-,-,-,-,-,-,-,-,-,-,-,-,-,-,-,-,-,-,-,-,-,-,-,-,-,-,-,-,-,-,-,-,-,-,-,-,-,-,-,-,-,-,-,-,-,-
dane-ddos-120,Cloud domain: 7rkd12.onmicrosoft.com,Cloud container: Default Group / Team / Engage community container,Cloud,dane-Site-Title-ddos-120@7rkd12.onmicrosoft.com,8/14/2026 10:21:24 AM,-,dane-ddos-120,Microsoft 365 Group,Not connected,Off,-,Teams connected,No,No,Assigned,Public,No,User (no admin center access),https://7rkd12.sharepoint.com/teams/prj_dane-ddos-120,0.00,0.00,None,Off,1,1,8/14/2026 12:57:36 PM,d91c802a-e4dd-499a-8ad3-d642851ed03b,No,-,-,N/A,-,N/A,N/A,-,-,-,-,-,-,-,-,-,-,-,-,-,-,-,-,-,-,-,-,-,-,-,-,-,-,-,-,-,-,-,-,-,-,-,-,-,-,-,-,-,-,-,-,-,-,-
dane-ddos-121,Cloud domain: 7rkd12.onmicrosoft.com,Cloud container: Default Group / Team / Engage community container,Cloud,dane-Site-Title-ddos-121@7rkd12.onmicrosoft.com,8/14/2026 10:05:23 AM,-,dane-ddos-121,Microsoft 365 Group,Not connected,Off,-,Teams connected,No,No,Assigned,Public,No,User (no admin center access),https://7rkd12.sharepoint.com/teams/prj_dane-ddos-121,0.00,0.00,None,Off,1,1,8/14/2026 12:50:14 PM,8a7cdcb4-0721-4560-a4fd-51d044d587d7,No,-,-,N/A,-,N/A,N/A,-,-,-,-,-,-,-,-,-,-,-,-,-,-,-,-,-,-,-,-,-,-,-,-,-,-,-,-,-,-,-,-,-,-,-,-,-,-,-,-,-,-,-,-,-,-,-
dane-ddos-122,Cloud domain: 7rkd12.onmicrosoft.com,Cloud container: Default Group / Team / Engage community container,Cloud,dane-Site-Title-ddos-122@7rkd12.onmicrosoft.com,8/14/2026 10:05:32 AM,-,dane-ddos-122,Microsoft 365 Group,Not connected,Off,-,Teams connected,No,No,Assigned,Public,No,User (no admin center access),https://7rkd12.sharepoint.com/teams/prj_dane-ddos-122,0.00,0.00,None,Off,1,1,8/14/2026 12:48:15 PM,9f1ead05-aedb-44fe-8dec-560b14d6a9e7,No,-,-,N/A,-,N/A,N/A,-,-,-,-,-,-,-,-,-,-,-,-,-,-,-,-,-,-,-,-,-,-,-,-,-,-,-,-,-,-,-,-,-,-,-,-,-,-,-,-,-,-,-,-,-,-,-
dane-ddos-123,Cloud domain: 7rkd12.onmicrosoft.com,Cloud container: Default Group / Team / Engage community container,Cloud,dane-Site-Title-ddos-123@7rkd12.onmicrosoft.com,8/14/2026 10:05:39 AM,-,dane-ddos-123,Microsoft 365 Group,Not connected,Off,-,Teams connected,No,No,Assigned,Public,No,User (no admin center access),https://7rkd12.sharepoint.com/teams/prj_dane-ddos-123,0.00,0.00,None,Off,1,1,8/14/2026 12:50:34 PM,ac806e04-5b62-4501-8d4e-d1f274fc2774,No,-,-,N/A,-,N/A,N/A,-,-,-,-,-,-,-,-,-,-,-,-,-,-,-,-,-,-,-,-,-,-,-,-,-,-,-,-,-,-,-,-,-,-,-,-,-,-,-,-,-,-,-,-,-,-,-
dane-ddos-124,Cloud domain: 7rkd12.onmicrosoft.com,Cloud container: Default Group / Team / Engage community container,Cloud,dane-Site-Title-ddos-124@7rkd12.onmicrosoft.com,8/14/2026 10:05:46 AM,-,dane-ddos-124,Microsoft 365 Group,Not connected,Off,-,Teams connected,No,No,Assigned,Public,No,User (no admin center access),https://7rkd12.sharepoint.com/teams/prj_dane-ddos-124,0.00,0.00,None,Off,1,1,8/14/2026 12:49:54 PM,d8457d5c-1ad2-4ad3-a668-e4bc9e6fbbfe,No,-,-,N/A,-,N/A,N/A,-,-,-,-,-,-,-,-,-,-,-,-,-,-,-,-,-,-,-,-,-,-,-,-,-,-,-,-,-,-,-,-,-,-,-,-,-,-,-,-,-,-,-,-,-,-,-
dane-ddos-125,Cloud domain: 7rkd12.onmicrosoft.com,Cloud container: Default Group / Team / Engage community container,Cloud,dane-Site-Title-ddos-125@7rkd12.onmicrosoft.com,8/14/2026 10:05:54 AM,-,dane-ddos-125,Microsoft 365 Group,Not connected,Off,-,Teams connected,No,No,Assigned,Public,No,User (no admin center access),https://7rkd12.sharepoint.com/teams/prj_dane-ddos-125,0.00,0.00,None,Off,1,1,8/14/2026 12:49:35 PM,c0307ba5-b717-4260-acec-ffaff39f2a4c,No,-,-,N/A,-,N/A,N/A,-,-,-,-,-,-,-,-,-,-,-,-,-,-,-,-,-,-,-,-,-,-,-,-,-,-,-,-,-,-,-,-,-,-,-,-,-,-,-,-,-,-,-,-,-,-,-
dane-ddos-13,Cloud domain: 7rkd12.onmicrosoft.com,Cloud container: Default Group / Team / Engage community container,Cloud,dane-Site-Title-ddos-13@7rkd12.onmicrosoft.com,8/13/2026 6:37:09 PM,-,dane-ddos-13,Microsoft 365 Group,Not connected,Off,-,Teams connected,No,No,Assigned,Public,No,User (no admin center access),https://7rkd12.sharepoint.com/teams/prj_dane-ddos-13,0.00,0.00,None,Off,1,1,8/13/2026 8:42:26 PM,236c4fa9-095b-400e-8822-9717f1896e0f,No,-,-,N/A,-,N/A,N/A,-,-,-,-,-,-,-,-,-,-,-,-,-,-,-,-,-,-,-,-,-,-,-,-,-,-,-,-,-,-,-,-,-,-,-,-,-,-,-,-,-,-,-,-,-,-,-
dane-ddos-14,Cloud domain: 7rkd12.onmicrosoft.com,Cloud container: Default Group / Team / Engage community container,Cloud,dane-Site-Title-ddos-14@7rkd12.onmicrosoft.com,8/13/2026 6:37:18 PM,-,dane-ddos-14,Microsoft 365 Group,Not connected,Off,-,Teams connected,No,No,Assigned,Public,No,User (no admin center access),https://7rkd12.sharepoint.com/teams/prj_dane-ddos-14,0.00,0.00,None,Off,1,1,8/13/2026 8:43:29 PM,f156413c-8ad1-4a06-ad06-78b5dc8d7fc5,No,-,-,N/A,-,N/A,N/A,-,-,-,-,-,-,-,-,-,-,-,-,-,-,-,-,-,-,-,-,-,-,-,-,-,-,-,-,-,-,-,-,-,-,-,-,-,-,-,-,-,-,-,-,-,-,-
dane-ddos-15,Cloud domain: 7rkd12.onmicrosoft.com,Cloud container: Default Group / Team / Engage community container,Cloud,dane-Site-Title-ddos-15@7rkd12.onmicrosoft.com,8/13/2026 6:37:26 PM,-,dane-ddos-15,Microsoft 365 Group,Not connected,Off,-,Teams connected,No,No,Assigned,Public,No,User (no admin center access),https://7rkd12.sharepoint.com/teams/prj_dane-ddos-15,0.00,0.00,None,Off,1,1,8/13/2026 8:40:31 PM,61da091e-79c6-482f-85f1-31589e47df49,No,-,-,N/A,-,N/A,N/A,-,-,-,-,-,-,-,-,-,-,-,-,-,-,-,-,-,-,-,-,-,-,-,-,-,-,-,-,-,-,-,-,-,-,-,-,-,-,-,-,-,-,-,-,-,-,-
dane-ddos-16,Cloud domain: 7rkd12.onmicrosoft.com,Cloud container: Default Group / Team / Engage community container,Cloud,dane-Site-Title-ddos-16@7rkd12.onmicrosoft.com,8/13/2026 6:44:06 PM,-,dane-ddos-16,Microsoft 365 Group,Not connected,Off,-,Teams connected,No,No,Assigned,Public,No,User (no admin center access),https://7rkd12.sharepoint.com/teams/prj_dane-ddos-16,0.00,0.00,None,Off,1,1,8/13/2026 9:36:12 PM,580b45dc-dc3f-42a2-8972-2bb04fbe9869,No,-,-,N/A,-,N/A,N/A,-,-,-,-,-,-,-,-,-,-,-,-,-,-,-,-,-,-,-,-,-,-,-,-,-,-,-,-,-,-,-,-,-,-,-,-,-,-,-,-,-,-,-,-,-,-,-
dane-ddos-17,Cloud domain: 7rkd12.onmicrosoft.com,Cloud container: Default Group / Team / Engage community container,Cloud,dane-Site-Title-ddos-17@7rkd12.onmicrosoft.com,8/13/2026 6:37:43 PM,-,dane-ddos-17,Microsoft 365 Group,Not connected,Off,-,Teams connected,No,No,Assigned,Public,No,User (no admin center access),https://7rkd12.sharepoint.com/teams/prj_dane-ddos-17,0.00,0.00,None,Off,1,1,8/13/2026 8:47:26 PM,ddf361fb-df1e-4317-9e61-4ace4ff1dbaf,No,-,-,N/A,-,N/A,N/A,-,-,-,-,-,-,-,-,-,-,-,-,-,-,-,-,-,-,-,-,-,-,-,-,-,-,-,-,-,-,-,-,-,-,-,-,-,-,-,-,-,-,-,-,-,-,-
dane-ddos-18,Cloud domain: 7rkd12.onmicrosoft.com,Cloud container: Default Group / Team / Engage community container,Cloud,dane-Site-Title-ddos-18@7rkd12.onmicrosoft.com,8/13/2026 6:44:14 PM,-,dane-ddos-18,Microsoft 365 Group,Not connected,Off,-,Teams connected,No,No,Assigned,Public,No,User (no admin center access),https://7rkd12.sharepoint.com/teams/prj_dane-ddos-18,0.00,0.00,None,Off,1,1,8/13/2026 9:37:44 PM,feec3700-575b-46a8-a686-abc2ff00ede6,No,-,-,N/A,-,N/A,N/A,-,-,-,-,-,-,-,-,-,-,-,-,-,-,-,-,-,-,-,-,-,-,-,-,-,-,-,-,-,-,-,-,-,-,-,-,-,-,-,-,-,-,-,-,-,-,-
dane-ddos-19,Cloud domain: 7rkd12.onmicrosoft.com,Cloud container: Default Group / Team / Engage community container,Cloud,dane-Site-Title-ddos-19@7rkd12.onmicrosoft.com,8/13/2026 6:37:58 PM,-,dane-ddos-19,Microsoft 365 Group,Not connected,Off,-,Teams connected,No,No,Assigned,Public,No,User (no admin center access),https://7rkd12.sharepoint.com/teams/prj_dane-ddos-19,0.00,0.00,None,Off,1,1,8/13/2026 8:43:50 PM,1fa37a3d-0f8e-45b8-9764-98ae4015869c,No,-,-,N/A,-,N/A,N/A,-,-,-,-,-,-,-,-,-,-,-,-,-,-,-,-,-,-,-,-,-,-,-,-,-,-,-,-,-,-,-,-,-,-,-,-,-,-,-,-,-,-,-,-,-,-,-
dane-ddos-2,Cloud domain: 7rkd12.onmicrosoft.com,Cloud container: Default Group / Team / Engage community container,Cloud,dane-Site-Title-ddos-2@7rkd12.onmicrosoft.com,8/13/2026 6:35:22 PM,-,dane-ddos-2,Microsoft 365 Group,Not connected,Off,-,Teams connected,No,No,Assigned,Public,No,User (no admin center access),https://7rkd12.sharepoint.com/teams/prj_dane-ddos-2,0.00,0.00,None,Off,1,1,8/13/2026 8:36:58 PM,b509ecda-8549-4678-ae0b-61b8b92d2cb5,No,-,-,N/A,-,N/A,N/A,-,-,-,-,-,-,-,-,-,-,-,-,-,-,-,-,-,-,-,-,-,-,-,-,-,-,-,-,-,-,-,-,-,-,-,-,-,-,-,-,-,-,-,-,-,-,-
dane-ddos-20,Cloud domain: 7rkd12.onmicrosoft.com,Cloud container: Default Group / Team / Engage community container,Cloud,dane-Site-Title-ddos-20@7rkd12.onmicrosoft.com,8/13/2026 6:38:07 PM,-,dane-ddos-20,Microsoft 365 Group,Not connected,Off,-,Teams connected,No,No,Assigned,Public,No,User (no admin center access),https://7rkd12.sharepoint.com/teams/prj_dane-ddos-20,0.00,0.00,None,Off,1,1,8/13/2026 8:45:23 PM,5aa87406-d04d-4858-b6f3-01ced09326ae,No,-,-,N/A,-,N/A,N/A,-,-,-,-,-,-,-,-,-,-,-,-,-,-,-,-,-,-,-,-,-,-,-,-,-,-,-,-,-,-,-,-,-,-,-,-,-,-,-,-,-,-,-,-,-,-,-
dane-ddos-21,Cloud domain: 7rkd12.onmicrosoft.com,Cloud container: Default Group / Team / Engage community container,Cloud,dane-Site-Title-ddos-21@7rkd12.onmicrosoft.com,8/13/2026 6:38:16 PM,-,dane-ddos-21,Microsoft 365 Group,Not connected,Off,-,Teams connected,No,No,Assigned,Public,No,User (no admin center access),https://7rkd12.sharepoint.com/teams/prj_dane-ddos-21,0.00,0.00,None,Off,1,1,8/13/2026 8:39:06 PM,d9a0ce5e-96a8-4df8-a0db-0b9865ea6014,No,-,-,N/A,-,N/A,N/A,-,-,-,-,-,-,-,-,-,-,-,-,-,-,-,-,-,-,-,-,-,-,-,-,-,-,-,-,-,-,-,-,-,-,-,-,-,-,-,-,-,-,-,-,-,-,-
dane-ddos-22,Cloud domain: 7rkd12.onmicrosoft.com,Cloud container: Default Group / Team / Engage community container,Cloud,dane-Site-Title-ddos-22@7rkd12.onmicrosoft.com,8/13/2026 6:38:25 PM,-,dane-ddos-22,Microsoft 365 Group,Not connected,Off,-,Teams connected,No,No,Assigned,Public,No,User (no admin center access),https://7rkd12.sharepoint.com/teams/prj_dane-ddos-22,0.00,0.00,None,Off,1,1,8/13/2026 8:42:49 PM,62cbc614-ee8d-4214-9990-e6bb3541c4e5,No,-,-,N/A,-,N/A,N/A,-,-,-,-,-,-,-,-,-,-,-,-,-,-,-,-,-,-,-,-,-,-,-,-,-,-,-,-,-,-,-,-,-,-,-,-,-,-,-,-,-,-,-,-,-,-,-
dane-ddos-23,Cloud domain: 7rkd12.onmicrosoft.com,Cloud container: Default Group / Team / Engage community container,Cloud,dane-Site-Title-ddos-23@7rkd12.onmicrosoft.com,8/13/2026 6:38:34 PM,-,dane-ddos-23,Microsoft 365 Group,Not connected,Off,-,Teams connected,No,No,Assigned,Public,No,User (no admin center access),https://7rkd12.sharepoint.com/teams/prj_dane-ddos-23,0.00,0.00,None,Off,1,1,8/13/2026 8:46:18 PM,ae3a59d7-914d-4b03-b5ef-5eb36d7a742c,No,-,-,N/A,-,N/A,N/A,-,-,-,-,-,-,-,-,-,-,-,-,-,-,-,-,-,-,-,-,-,-,-,-,-,-,-,-,-,-,-,-,-,-,-,-,-,-,-,-,-,-,-,-,-,-,-
dane-ddos-24,Cloud domain: 7rkd12.onmicrosoft.com,Cloud container: Default Group / Team / Engage community container,Cloud,dane-Site-Title-ddos-24@7rkd12.onmicrosoft.com,8/13/2026 6:38:44 PM,-,dane-ddos-24,Microsoft 365 Group,Not connected,Off,-,Teams connected,No,No,Assigned,Public,No,User (no admin center access),https://7rkd12.sharepoint.com/teams/prj_dane-ddos-24,0.00,0.00,None,Off,1,1,8/13/2026 8:40:53 PM,35b32659-9400-4a1c-92e3-9b4f698d7a79,No,-,-,N/A,-,N/A,N/A,-,-,-,-,-,-,-,-,-,-,-,-,-,-,-,-,-,-,-,-,-,-,-,-,-,-,-,-,-,-,-,-,-,-,-,-,-,-,-,-,-,-,-,-,-,-,-
dane-ddos-25,Cloud domain: 7rkd12.onmicrosoft.com,Cloud container: Default Group / Team / Engage community container,Cloud,dane-Site-Title-ddos-25@7rkd12.onmicrosoft.com,8/13/2026 6:38:53 PM,-,dane-ddos-25,Microsoft 365 Group,Not connected,Off,-,Teams connected,No,No,Assigned,Public,No,User (no admin center access),https://7rkd12.sharepoint.com/teams/prj_dane-ddos-25,0.00,0.00,None,Off,1,1,8/13/2026 8:46:43 PM,d2af1e99-d28e-45f0-82e0-77959e2d26ad,No,-,-,N/A,-,N/A,N/A,-,-,-,-,-,-,-,-,-,-,-,-,-,-,-,-,-,-,-,-,-,-,-,-,-,-,-,-,-,-,-,-,-,-,-,-,-,-,-,-,-,-,-,-,-,-,-
dane-ddos-26,Cloud domain: 7rkd12.onmicrosoft.com,Cloud container: Default Group / Team / Engage community container,Cloud,dane-Site-Title-ddos-26@7rkd12.onmicrosoft.com,8/13/2026 6:44:23 PM,-,dane-ddos-26,Microsoft 365 Group,Not connected,Off,-,Teams connected,No,No,Assigned,Public,No,User (no admin center access),https://7rkd12.sharepoint.com/teams/prj_dane-ddos-26,0.00,0.00,None,Off,1,1,8/13/2026 9:38:09 PM,fae1769e-b13d-421e-bf16-7b142579d11b,No,-,-,N/A,-,N/A,N/A,-,-,-,-,-,-,-,-,-,-,-,-,-,-,-,-,-,-,-,-,-,-,-,-,-,-,-,-,-,-,-,-,-,-,-,-,-,-,-,-,-,-,-,-,-,-,-
dane-ddos-27,Cloud domain: 7rkd12.onmicrosoft.com,Cloud container: Default Group / Team / Engage community container,Cloud,dane-Site-Title-ddos-27@7rkd12.onmicrosoft.com,8/13/2026 6:44:32 PM,-,dane-ddos-27,Microsoft 365 Group,Not connected,Off,-,Teams connected,No,No,Assigned,Public,No,User (no admin center access),https://7rkd12.sharepoint.com/teams/prj_dane-ddos-27,0.00,0.00,None,Off,1,1,8/13/2026 9:37:01 PM,193dd9f1-3346-4f8e-a430-a278ddaad6d2,No,-,-,N/A,-,N/A,N/A,-,-,-,-,-,-,-,-,-,-,-,-,-,-,-,-,-,-,-,-,-,-,-,-,-,-,-,-,-,-,-,-,-,-,-,-,-,-,-,-,-,-,-,-,-,-,-
dane-ddos-28,Cloud domain: 7rkd12.onmicrosoft.com,Cloud container: Default Group / Team / Engage community container,Cloud,dane-Site-Title-ddos-28@7rkd12.onmicrosoft.com,8/13/2026 7:01:07 PM,-,dane-ddos-28,Microsoft 365 Group,Not connected,Off,-,Teams not connected,No,No,Assigned,Public,No,User (no admin center access),https://7rkd12.sharepoint.com/teams/prj_dane-ddos-28,0.00,0.00,None,Off,1,1,8/13/2026 9:40:13 PM,a0a944af-2a99-4b1d-8706-eac79c873941,No,-,-,N/A,-,N/A,N/A,-,-,-,-,-,-,-,-,-,-,-,-,-,-,-,-,-,-,-,-,-,-,-,-,-,-,-,-,-,-,-,-,-,-,-,-,-,-,-,-,-,-,-,-,-,-,-
dane-ddos-29,Cloud domain: 7rkd12.onmicrosoft.com,Cloud container: Default Group / Team / Engage community container,Cloud,dane-Site-Title-ddos-29@7rkd12.onmicrosoft.com,8/13/2026 7:01:18 PM,-,dane-ddos-29,Microsoft 365 Group,Not connected,Off,-,Teams not connected,No,No,Assigned,Public,No,User (no admin center access),https://7rkd12.sharepoint.com/teams/prj_dane-ddos-29,0.00,0.00,None,Off,1,1,8/13/2026 9:39:34 PM,cca2b91e-72e0-46f2-aa8e-4560f88d69b1,No,-,-,N/A,-,N/A,N/A,-,-,-,-,-,-,-,-,-,-,-,-,-,-,-,-,-,-,-,-,-,-,-,-,-,-,-,-,-,-,-,-,-,-,-,-,-,-,-,-,-,-,-,-,-,-,-
dane-ddos-3,Cloud domain: 7rkd12.onmicrosoft.com,Cloud container: Default Group / Team / Engage community container,Cloud,dane-Site-Title-ddos-3@7rkd12.onmicrosoft.com,8/13/2026 6:35:32 PM,-,dane-ddos-3,Microsoft 365 Group,Not connected,Off,-,Teams connected,No,No,Assigned,Public,No,User (no admin center access),https://7rkd12.sharepoint.com/teams/prj_dane-ddos-3,0.00,0.00,None,Off,1,1,8/13/2026 8:38:20 PM,9be520d4-42b6-4bf5-9d65-45770e3ecd01,No,-,-,N/A,-,N/A,N/A,-,-,-,-,-,-,-,-,-,-,-,-,-,-,-,-,-,-,-,-,-,-,-,-,-,-,-,-,-,-,-,-,-,-,-,-,-,-,-,-,-,-,-,-,-,-,-
dane-ddos-30,Cloud domain: 7rkd12.onmicrosoft.com,Cloud container: Default Group / Team / Engage community container,Cloud,dane-Site-Title-ddos-30@7rkd12.onmicrosoft.com,8/13/2026 7:01:26 PM,-,dane-ddos-30,Microsoft 365 Group,Not connected,Off,-,Teams not connected,No,No,Assigned,Public,No,User (no admin center access),https://7rkd12.sharepoint.com/teams/prj_dane-ddos-30,0.00,0.00,None,Off,1,1,8/13/2026 9:41:12 PM,b5f72e43-19ec-4de9-ad19-658951136ee9,No,-,-,N/A,-,N/A,N/A,-,-,-,-,-,-,-,-,-,-,-,-,-,-,-,-,-,-,-,-,-,-,-,-,-,-,-,-,-,-,-,-,-,-,-,-,-,-,-,-,-,-,-,-,-,-,-
dane-ddos-31,Cloud domain: 7rkd12.onmicrosoft.com,Cloud container: Default Group / Team / Engage community container,Cloud,dane-Site-Title-ddos-31@7rkd12.onmicrosoft.com,8/13/2026 7:01:34 PM,-,dane-ddos-31,Microsoft 365 Group,Not connected,Off,-,Teams not connected,No,No,Assigned,Public,No,User (no admin center access),https://7rkd12.sharepoint.com/teams/prj_dane-ddos-31,0.00,0.00,None,Off,1,1,8/13/2026 9:39:53 PM,d62bbb6d-1ea3-4541-a972-49adab6862b0,No,-,-,N/A,-,N/A,N/A,-,-,-,-,-,-,-,-,-,-,-,-,-,-,-,-,-,-,-,-,-,-,-,-,-,-,-,-,-,-,-,-,-,-,-,-,-,-,-,-,-,-,-,-,-,-,-
dane-ddos-32,Cloud domain: 7rkd12.onmicrosoft.com,Cloud container: Default Group / Team / Engage community container,Cloud,dane-Site-Title-ddos-32@7rkd12.onmicrosoft.com,8/14/2026 11:31:19 AM,-,dane-ddos-32,Microsoft 365 Group,Not connected,Off,-,Teams connected,No,No,Assigned,Public,No,User (no admin center access),https://7rkd12.sharepoint.com/teams/prj_dane-ddos-32,0.00,0.00,None,Off,1,1,8/14/2026 1:40:51 PM,4a351005-6a47-4393-935a-d4ea9aceaea0,No,-,-,N/A,-,N/A,N/A,-,-,-,-,-,-,-,-,-,-,-,-,-,-,-,-,-,-,-,-,-,-,-,-,-,-,-,-,-,-,-,-,-,-,-,-,-,-,-,-,-,-,-,-,-,-,-
dane-ddos-33,Cloud domain: 7rkd12.onmicrosoft.com,Cloud container: Default Group / Team / Engage community container,Cloud,dane-Site-Title-ddos-33@7rkd12.onmicrosoft.com,8/13/2026 7:01:50 PM,-,dane-ddos-33,Microsoft 365 Group,Not connected,Off,-,Teams not connected,No,No,Assigned,Public,No,User (no admin center access),https://7rkd12.sharepoint.com/teams/prj_dane-ddos-33,0.00,0.00,None,Off,1,1,8/13/2026 9:44:21 PM,fa4552ca-b9f7-4bc3-a138-abe5c6ac5e03,No,-,-,N/A,-,N/A,N/A,-,-,-,-,-,-,-,-,-,-,-,-,-,-,-,-,-,-,-,-,-,-,-,-,-,-,-,-,-,-,-,-,-,-,-,-,-,-,-,-,-,-,-,-,-,-,-
dane-ddos-34,Cloud domain: 7rkd12.onmicrosoft.com,Cloud container: Default Group / Team / Engage community container,Cloud,dane-Site-Title-ddos-34@7rkd12.onmicrosoft.com,8/14/2026 10:18:37 AM,-,dane-ddos-34,Microsoft 365 Group,Not connected,Off,-,Teams connected,No,No,Assigned,Public,No,User (no admin center access),https://7rkd12.sharepoint.com/teams/prj_dane-ddos-34,0.00,0.00,None,Off,1,1,8/14/2026 12:50:53 PM,bf89e33f-d27e-43da-a0a7-9301d95dbb3f,No,-,-,N/A,-,N/A,N/A,-,-,-,-,-,-,-,-,-,-,-,-,-,-,-,-,-,-,-,-,-,-,-,-,-,-,-,-,-,-,-,-,-,-,-,-,-,-,-,-,-,-,-,-,-,-,-
dane-ddos-35,Cloud domain: 7rkd12.onmicrosoft.com,Cloud container: Default Group / Team / Engage community container,Cloud,dane-Site-Title-ddos-35@7rkd12.onmicrosoft.com,8/14/2026 10:18:45 AM,-,dane-ddos-35,Microsoft 365 Group,Not connected,Off,-,Teams connected,No,No,Assigned,Public,No,User (no admin center access),https://7rkd12.sharepoint.com/teams/prj_dane-ddos-35,0.00,0.00,None,Off,1,1,8/14/2026 12:51:13 PM,e4d7bd1d-3dd3-4240-85d8-836dcc5ed3e2,No,-,-,N/A,-,N/A,N/A,-,-,-,-,-,-,-,-,-,-,-,-,-,-,-,-,-,-,-,-,-,-,-,-,-,-,-,-,-,-,-,-,-,-,-,-,-,-,-,-,-,-,-,-,-,-,-
dane-ddos-36,Cloud domain: 7rkd12.onmicrosoft.com,Cloud container: Default Group / Team / Engage community container,Cloud,dane-Site-Title-ddos-36@7rkd12.onmicrosoft.com,8/14/2026 11:31:30 AM,-,dane-ddos-36,Microsoft 365 Group,Not connected,Off,-,Teams connected,No,No,Assigned,Public,No,User (no admin center access),https://7rkd12.sharepoint.com/teams/prj_dane-ddos-36,0.00,0.00,None,Off,1,1,8/14/2026 1:39:34 PM,511b64d3-62ce-4753-9218-a6b7842c470b,No,-,-,N/A,-,N/A,N/A,-,-,-,-,-,-,-,-,-,-,-,-,-,-,-,-,-,-,-,-,-,-,-,-,-,-,-,-,-,-,-,-,-,-,-,-,-,-,-,-,-,-,-,-,-,-,-
dane-ddos-37,Cloud domain: 7rkd12.onmicrosoft.com,Cloud container: Default Group / Team / Engage community container,Cloud,dane-Site-Title-ddos-37@7rkd12.onmicrosoft.com,8/13/2026 7:02:16 PM,-,dane-ddos-37,Microsoft 365 Group,Not connected,Off,-,Teams not connected,No,No,Assigned,Public,No,User (no admin center access),https://7rkd12.sharepoint.com/teams/prj_dane-ddos-37,0.00,0.00,None,Off,1,1,8/13/2026 9:38:45 PM,4e805927-2160-4525-abb9-bd32ca444480,No,-,-,N/A,-,N/A,N/A,-,-,-,-,-,-,-,-,-,-,-,-,-,-,-,-,-,-,-,-,-,-,-,-,-,-,-,-,-,-,-,-,-,-,-,-,-,-,-,-,-,-,-,-,-,-,-
dane-ddos-38,Cloud domain: 7rkd12.onmicrosoft.com,Cloud container: Default Group / Team / Engage community container,Cloud,dane-Site-Title-ddos-38@7rkd12.onmicrosoft.com,8/13/2026 7:02:26 PM,-,dane-ddos-38,Microsoft 365 Group,Not connected,Off,-,Teams not connected,No,No,Assigned,Public,No,User (no admin center access),https://7rkd12.sharepoint.com/teams/prj_dane-ddos-38,0.00,0.00,None,Off,1,1,8/13/2026 9:47:30 PM,29b585d1-dd95-445e-a628-2785fcb14a76,No,-,-,N/A,-,N/A,N/A,-,-,-,-,-,-,-,-,-,-,-,-,-,-,-,-,-,-,-,-,-,-,-,-,-,-,-,-,-,-,-,-,-,-,-,-,-,-,-,-,-,-,-,-,-,-,-
dane-ddos-39,Cloud domain: 7rkd12.onmicrosoft.com,Cloud container: Default Group / Team / Engage community container,Cloud,dane-Site-Title-ddos-39@7rkd12.onmicrosoft.com,8/14/2026 11:31:42 AM,-,dane-ddos-39,Microsoft 365 Group,Not connected,Off,-,Teams connected,No,No,Assigned,Public,No,User (no admin center access),https://7rkd12.sharepoint.com/teams/prj_dane-ddos-39,0.00,0.00,None,Off,1,1,8/14/2026 1:38:18 PM,7e26e06d-7b1b-4610-bce0-bebf55183235,No,-,-,N/A,-,N/A,N/A,-,-,-,-,-,-,-,-,-,-,-,-,-,-,-,-,-,-,-,-,-,-,-,-,-,-,-,-,-,-,-,-,-,-,-,-,-,-,-,-,-,-,-,-,-,-,-
dane-ddos-4,Cloud domain: 7rkd12.onmicrosoft.com,Cloud container: Default Group / Team / Engage community container,Cloud,dane-Site-Title-ddos-4@7rkd12.onmicrosoft.com,8/13/2026 6:35:48 PM,-,dane-ddos-4,Microsoft 365 Group,Not connected,Off,-,Teams connected,No,No,Assigned,Public,No,User (no admin center access),https://7rkd12.sharepoint.com/teams/prj_dane-ddos-4,0.00,0.00,None,Off,1,1,8/13/2026 8:45:02 PM,d9109c0d-65bf-4482-9e4b-fb0e0d93c8da,No,-,-,N/A,-,N/A,N/A,-,-,-,-,-,-,-,-,-,-,-,-,-,-,-,-,-,-,-,-,-,-,-,-,-,-,-,-,-,-,-,-,-,-,-,-,-,-,-,-,-,-,-,-,-,-,-
dane-ddos-40,Cloud domain: 7rkd12.onmicrosoft.com,Cloud container: Default Group / Team / Engage community container,Cloud,dane-Site-Title-ddos-40@7rkd12.onmicrosoft.com,8/13/2026 7:02:40 PM,-,dane-ddos-40,Microsoft 365 Group,Not connected,Off,-,Teams not connected,No,No,Assigned,Public,No,User (no admin center access),https://7rkd12.sharepoint.com/teams/prj_dane-ddos-40,0.00,0.00,None,Off,1,1,8/13/2026 9:45:11 PM,7ecd00aa-403e-47c6-bea4-efd17e3959f4,No,-,-,N/A,-,N/A,N/A,-,-,-,-,-,-,-,-,-,-,-,-,-,-,-,-,-,-,-,-,-,-,-,-,-,-,-,-,-,-,-,-,-,-,-,-,-,-,-,-,-,-,-,-,-,-,-
dane-ddos-41,Cloud domain: 7rkd12.onmicrosoft.com,Cloud container: Default Group / Team / Engage community container,Cloud,dane-Site-Title-ddos-41@7rkd12.onmicrosoft.com,8/13/2026 7:02:49 PM,-,dane-ddos-41,Microsoft 365 Group,Not connected,Off,-,Teams not connected,No,No,Assigned,Public,No,User (no admin center access),https://7rkd12.sharepoint.com/teams/prj_dane-ddos-41,0.00,0.00,None,Off,1,1,8/13/2026 9:47:59 PM,68d188f5-9b8d-44e1-8992-7867625ec283,No,-,-,N/A,-,N/A,N/A,-,-,-,-,-,-,-,-,-,-,-,-,-,-,-,-,-,-,-,-,-,-,-,-,-,-,-,-,-,-,-,-,-,-,-,-,-,-,-,-,-,-,-,-,-,-,-
dane-ddos-42,Cloud domain: 7rkd12.onmicrosoft.com,Cloud container: Default Group / Team / Engage community container,Cloud,dane-Site-Title-ddos-42@7rkd12.onmicrosoft.com,8/13/2026 7:02:57 PM,-,dane-ddos-42,Microsoft 365 Group,Not connected,Off,-,Teams not connected,No,No,Assigned,Public,No,User (no admin center access),https://7rkd12.sharepoint.com/teams/prj_dane-ddos-42,0.00,0.00,None,Off,1,1,8/13/2026 9:46:39 PM,4523b696-054b-4340-9b26-1eecb569fa1c,No,-,-,N/A,-,N/A,N/A,-,-,-,-,-,-,-,-,-,-,-,-,-,-,-,-,-,-,-,-,-,-,-,-,-,-,-,-,-,-,-,-,-,-,-,-,-,-,-,-,-,-,-,-,-,-,-
dane-ddos-43,Cloud domain: 7rkd12.onmicrosoft.com,Cloud container: Default Group / Team / Engage community container,Cloud,dane-Site-Title-ddos-43@7rkd12.onmicrosoft.com,8/13/2026 7:03:06 PM,-,dane-ddos-43,Microsoft 365 Group,Not connected,Off,-,Teams not connected,No,No,Assigned,Public,No,User (no admin center access),https://7rkd12.sharepoint.com/teams/prj_dane-ddos-43,0.00,0.00,None,Off,1,1,8/13/2026 9:49:25 PM,06487ca2-876e-4adc-845c-304de2f7840f,No,-,-,N/A,-,N/A,N/A,-,-,-,-,-,-,-,-,-,-,-,-,-,-,-,-,-,-,-,-,-,-,-,-,-,-,-,-,-,-,-,-,-,-,-,-,-,-,-,-,-,-,-,-,-,-,-
dane-ddos-44,Cloud domain: 7rkd12.onmicrosoft.com,Cloud container: Default Group / Team / Engage community container,Cloud,dane-Site-Title-ddos-44@7rkd12.onmicrosoft.com,8/13/2026 7:03:15 PM,-,dane-ddos-44,Microsoft 365 Group,Not connected,Off,-,Teams not connected,No,No,Assigned,Public,No,User (no admin center access),https://7rkd12.sharepoint.com/teams/prj_dane-ddos-44,0.00,0.00,None,Off,1,1,8/13/2026 9:50:37 PM,c00d3036-8cf5-4b63-90b9-125afcaef570,No,-,-,N/A,-,N/A,N/A,-,-,-,-,-,-,-,-,-,-,-,-,-,-,-,-,-,-,-,-,-,-,-,-,-,-,-,-,-,-,-,-,-,-,-,-,-,-,-,-,-,-,-,-,-,-,-
dane-ddos-45,Cloud domain: 7rkd12.onmicrosoft.com,Cloud container: Default Group / Team / Engage community container,Cloud,dane-Site-Title-ddos-45@7rkd12.onmicrosoft.com,8/13/2026 7:03:23 PM,-,dane-ddos-45,Microsoft 365 Group,Not connected,Off,-,Teams not connected,No,No,Assigned,Public,No,User (no admin center access),https://7rkd12.sharepoint.com/teams/prj_dane-ddos-45,0.00,0.00,None,Off,1,1,8/13/2026 9:49:03 PM,9580692f-1ea2-4b8e-9951-86e7bde31eb1,No,-,-,N/A,-,N/A,N/A,-,-,-,-,-,-,-,-,-,-,-,-,-,-,-,-,-,-,-,-,-,-,-,-,-,-,-,-,-,-,-,-,-,-,-,-,-,-,-,-,-,-,-,-,-,-,-
dane-ddos-46,Cloud domain: 7rkd12.onmicrosoft.com,Cloud container: Default Group / Team / Engage community container,Cloud,dane-Site-Title-ddos-46@7rkd12.onmicrosoft.com,8/13/2026 7:03:32 PM,-,dane-ddos-46,Microsoft 365 Group,Not connected,Off,-,Teams not connected,No,No,Assigned,Public,No,User (no admin center access),https://7rkd12.sharepoint.com/teams/prj_dane-ddos-46,0.00,0.00,None,Off,1,1,8/13/2026 9:45:43 PM,75102df1-5340-4fa2-8265-aab109aeaeb9,No,-,-,N/A,-,N/A,N/A,-,-,-,-,-,-,-,-,-,-,-,-,-,-,-,-,-,-,-,-,-,-,-,-,-,-,-,-,-,-,-,-,-,-,-,-,-,-,-,-,-,-,-,-,-,-,-
dane-ddos-47,Cloud domain: 7rkd12.onmicrosoft.com,Cloud container: Default Group / Team / Engage community container,Cloud,dane-Site-Title-ddos-47@7rkd12.onmicrosoft.com,8/13/2026 7:03:40 PM,-,dane-ddos-47,Microsoft 365 Group,Not connected,Off,-,Teams not connected,No,No,Assigned,Public,No,User (no admin center access),https://7rkd12.sharepoint.com/teams/prj_dane-ddos-47,0.00,0.00,None,Off,1,1,8/13/2026 9:46:15 PM,579e76b5-51e6-4da8-8506-cfc1ac7d5ca7,No,-,-,N/A,-,N/A,N/A,-,-,-,-,-,-,-,-,-,-,-,-,-,-,-,-,-,-,-,-,-,-,-,-,-,-,-,-,-,-,-,-,-,-,-,-,-,-,-,-,-,-,-,-,-,-,-
dane-ddos-48,Cloud domain: 7rkd12.onmicrosoft.com,Cloud container: Default Group / Team / Engage community container,Cloud,dane-Site-Title-ddos-48@7rkd12.onmicrosoft.com,8/14/2026 10:19:05 AM,-,dane-ddos-48,Microsoft 365 Group,Not connected,Off,-,Teams connected,No,No,Assigned,Public,No,User (no admin center access),https://7rkd12.sharepoint.com/teams/prj_dane-ddos-48,0.00,0.00,None,Off,1,1,8/14/2026 12:51:34 PM,fafb73f3-2f38-4e77-a076-dbb70d9cea98,No,-,-,N/A,-,N/A,N/A,-,-,-,-,-,-,-,-,-,-,-,-,-,-,-,-,-,-,-,-,-,-,-,-,-,-,-,-,-,-,-,-,-,-,-,-,-,-,-,-,-,-,-,-,-,-,-
dane-ddos-49,Cloud domain: 7rkd12.onmicrosoft.com,Cloud container: Default Group / Team / Engage community container,Cloud,dane-Site-Title-ddos-49@7rkd12.onmicrosoft.com,8/13/2026 7:03:55 PM,-,dane-ddos-49,Microsoft 365 Group,Not connected,Off,-,Teams not connected,No,No,Assigned,Public,No,User (no admin center access),https://7rkd12.sharepoint.com/teams/prj_dane-ddos-49,0.00,0.00,None,Off,1,1,8/13/2026 9:44:46 PM,3b68b3bc-0331-432a-821e-e81d9738b8e6,No,-,-,N/A,-,N/A,N/A,-,-,-,-,-,-,-,-,-,-,-,-,-,-,-,-,-,-,-,-,-,-,-,-,-,-,-,-,-,-,-,-,-,-,-,-,-,-,-,-,-,-,-,-,-,-,-
dane-ddos-5,Cloud domain: 7rkd12.onmicrosoft.com,Cloud container: Default Group / Team / Engage community container,Cloud,dane-Site-Title-ddos-5@7rkd12.onmicrosoft.com,8/13/2026 6:43:48 PM,-,dane-ddos-5,Microsoft 365 Group,Not connected,Off,-,Teams connected,No,No,Assigned,Public,No,User (no admin center access),https://7rkd12.sharepoint.com/teams/prj_dane-ddos-5,0.00,0.00,None,Off,1,1,8/13/2026 9:37:23 PM,7b29138b-2c22-4f65-ae10-0888e8046e01,No,-,-,N/A,-,N/A,N/A,-,-,-,-,-,-,-,-,-,-,-,-,-,-,-,-,-,-,-,-,-,-,-,-,-,-,-,-,-,-,-,-,-,-,-,-,-,-,-,-,-,-,-,-,-,-,-
dane-ddos-50,Cloud domain: 7rkd12.onmicrosoft.com,Cloud container: Default Group / Team / Engage community container,Cloud,dane-Site-Title-ddos-50@7rkd12.onmicrosoft.com,8/13/2026 7:04:04 PM,-,dane-ddos-50,Microsoft 365 Group,Not connected,Off,-,Teams not connected,No,No,Assigned,Public,No,User (no admin center access),https://7rkd12.sharepoint.com/teams/prj_dane-ddos-50,0.00,0.00,None,Off,1,1,8/13/2026 9:54:15 PM,8938d1af-a9e6-4905-b799-1837021aba62,No,-,-,N/A,-,N/A,N/A,-,-,-,-,-,-,-,-,-,-,-,-,-,-,-,-,-,-,-,-,-,-,-,-,-,-,-,-,-,-,-,-,-,-,-,-,-,-,-,-,-,-,-,-,-,-,-
dane-ddos-51,Cloud domain: 7rkd12.onmicrosoft.com,Cloud container: Default Group / Team / Engage community container,Cloud,dane-Site-Title-ddos-51@7rkd12.onmicrosoft.com,8/14/2026 10:19:12 AM,-,dane-ddos-51,Microsoft 365 Group,Not connected,Off,-,Teams connected,No,No,Assigned,Public,No,User (no admin center access),https://7rkd12.sharepoint.com/teams/prj_dane-ddos-51,0.00,0.00,None,Off,1,1,8/14/2026 12:53:26 PM,0cf2a1a4-075a-4e10-bb00-efe5a3cdd8ce,No,-,-,N/A,-,N/A,N/A,-,-,-,-,-,-,-,-,-,-,-,-,-,-,-,-,-,-,-,-,-,-,-,-,-,-,-,-,-,-,-,-,-,-,-,-,-,-,-,-,-,-,-,-,-,-,-
dane-ddos-52,Cloud domain: 7rkd12.onmicrosoft.com,Cloud container: Default Group / Team / Engage community container,Cloud,dane-Site-Title-ddos-52@7rkd12.onmicrosoft.com,8/14/2026 11:31:53 AM,-,dane-ddos-52,Microsoft 365 Group,Not connected,Off,-,Teams connected,No,No,Assigned,Public,No,User (no admin center access),https://7rkd12.sharepoint.com/teams/prj_dane-ddos-52,0.00,0.00,None,Off,1,1,8/14/2026 1:38:42 PM,b57b3ffc-a1ae-469e-a80a-cd6ffd5ba01a,No,-,-,N/A,-,N/A,N/A,-,-,-,-,-,-,-,-,-,-,-,-,-,-,-,-,-,-,-,-,-,-,-,-,-,-,-,-,-,-,-,-,-,-,-,-,-,-,-,-,-,-,-,-,-,-,-
dane-ddos-53,Cloud domain: 7rkd12.onmicrosoft.com,Cloud container: Default Group / Team / Engage community container,Cloud,dane-Site-Title-ddos-53@7rkd12.onmicrosoft.com,8/13/2026 7:04:25 PM,-,dane-ddos-53,Microsoft 365 Group,Not connected,Off,-,Teams not connected,No,No,Assigned,Public,No,User (no admin center access),https://7rkd12.sharepoint.com/teams/prj_dane-ddos-53,0.00,0.00,None,Off,1,1,8/13/2026 9:51:41 PM,73528f1e-8367-4946-ba4b-4ff466d3621f,No,-,-,N/A,-,N/A,N/A,-,-,-,-,-,-,-,-,-,-,-,-,-,-,-,-,-,-,-,-,-,-,-,-,-,-,-,-,-,-,-,-,-,-,-,-,-,-,-,-,-,-,-,-,-,-,-
dane-ddos-54,Cloud domain: 7rkd12.onmicrosoft.com,Cloud container: Default Group / Team / Engage community container,Cloud,dane-Site-Title-ddos-54@7rkd12.onmicrosoft.com,8/14/2026 10:19:27 AM,-,dane-ddos-54,Microsoft 365 Group,Not connected,Off,-,Teams connected,No,No,Assigned,Public,No,User (no admin center access),https://7rkd12.sharepoint.com/teams/prj_dane-ddos-54,0.00,0.00,None,Off,1,1,8/14/2026 12:52:31 PM,90f9ae76-b6d1-48be-a409-1d5225d7606c,No,-,-,N/A,-,N/A,N/A,-,-,-,-,-,-,-,-,-,-,-,-,-,-,-,-,-,-,-,-,-,-,-,-,-,-,-,-,-,-,-,-,-,-,-,-,-,-,-,-,-,-,-,-,-,-,-
dane-ddos-55,Cloud domain: 7rkd12.onmicrosoft.com,Cloud container: Default Group / Team / Engage community container,Cloud,dane-Site-Title-ddos-55@7rkd12.onmicrosoft.com,8/13/2026 7:04:40 PM,-,dane-ddos-55,Microsoft 365 Group,Not connected,Off,-,Teams not connected,No,No,Assigned,Public,No,User (no admin center access),https://7rkd12.sharepoint.com/teams/prj_dane-ddos-55,0.00,0.00,None,Off,1,1,8/13/2026 9:55:31 PM,dbe7c666-6424-4496-a108-397dd70ea629,No,-,-,N/A,-,N/A,N/A,-,-,-,-,-,-,-,-,-,-,-,-,-,-,-,-,-,-,-,-,-,-,-,-,-,-,-,-,-,-,-,-,-,-,-,-,-,-,-,-,-,-,-,-,-,-,-
dane-ddos-56,Cloud domain: 7rkd12.onmicrosoft.com,Cloud container: Default Group / Team / Engage community container,Cloud,dane-Site-Title-ddos-56@7rkd12.onmicrosoft.com,8/14/2026 10:19:35 AM,-,dane-ddos-56,Microsoft 365 Group,Not connected,Off,-,Teams connected,No,No,Assigned,Public,No,User (no admin center access),https://7rkd12.sharepoint.com/teams/prj_dane-ddos-56,0.00,0.00,None,Off,1,1,8/14/2026 12:51:53 PM,274f7c85-93fa-4daf-b761-ff580bc6fac6,No,-,-,N/A,-,N/A,N/A,-,-,-,-,-,-,-,-,-,-,-,-,-,-,-,-,-,-,-,-,-,-,-,-,-,-,-,-,-,-,-,-,-,-,-,-,-,-,-,-,-,-,-,-,-,-,-
dane-ddos-57,Cloud domain: 7rkd12.onmicrosoft.com,Cloud container: Default Group / Team / Engage community container,Cloud,dane-Site-Title-ddos-57@7rkd12.onmicrosoft.com,8/14/2026 10:19:42 AM,-,dane-ddos-57,Microsoft 365 Group,Not connected,Off,-,Teams connected,No,No,Assigned,Public,No,User (no admin center access),https://7rkd12.sharepoint.com/teams/prj_dane-ddos-57,0.00,0.00,None,Off,1,1,8/14/2026 12:52:12 PM,10dd520d-8b2c-488d-bf3b-87808402062b,No,-,-,N/A,-,N/A,N/A,-,-,-,-,-,-,-,-,-,-,-,-,-,-,-,-,-,-,-,-,-,-,-,-,-,-,-,-,-,-,-,-,-,-,-,-,-,-,-,-,-,-,-,-,-,-,-
dane-ddos-58,Cloud domain: 7rkd12.onmicrosoft.com,Cloud container: Default Group / Team / Engage community container,Cloud,dane-Site-Title-ddos-58@7rkd12.onmicrosoft.com,8/14/2026 10:19:49 AM,-,dane-ddos-58,Microsoft 365 Group,Not connected,Off,-,Teams connected,No,No,Assigned,Public,No,User (no admin center access),https://7rkd12.sharepoint.com/teams/prj_dane-ddos-58,0.00,0.00,None,Off,1,1,8/14/2026 12:53:08 PM,1da6aee9-3ba4-4b19-8edf-306f1731fbd5,No,-,-,N/A,-,N/A,N/A,-,-,-,-,-,-,-,-,-,-,-,-,-,-,-,-,-,-,-,-,-,-,-,-,-,-,-,-,-,-,-,-,-,-,-,-,-,-,-,-,-,-,-,-,-,-,-
dane-ddos-59,Cloud domain: 7rkd12.onmicrosoft.com,Cloud container: Default Group / Team / Engage community container,Cloud,dane-Site-Title-ddos-59@7rkd12.onmicrosoft.com,8/13/2026 7:05:05 PM,-,dane-ddos-59,Microsoft 365 Group,Not connected,Off,-,Teams not connected,No,No,Assigned,Public,No,User (no admin center access),https://7rkd12.sharepoint.com/teams/prj_dane-ddos-59,0.00,0.00,None,Off,1,1,8/13/2026 9:46:10 PM,2a246ec5-d3be-436f-81f6-7d89cfce4d47,No,-,-,N/A,-,N/A,N/A,-,-,-,-,-,-,-,-,-,-,-,-,-,-,-,-,-,-,-,-,-,-,-,-,-,-,-,-,-,-,-,-,-,-,-,-,-,-,-,-,-,-,-,-,-,-,-
dane-ddos-6,Cloud domain: 7rkd12.onmicrosoft.com,Cloud container: Default Group / Team / Engage community container,Cloud,dane-Site-Title-ddos-6@7rkd12.onmicrosoft.com,8/13/2026 6:36:05 PM,-,dane-ddos-6,Microsoft 365 Group,Not connected,Off,-,Teams connected,No,No,Assigned,Public,No,User (no admin center access),https://7rkd12.sharepoint.com/teams/prj_dane-ddos-6,0.00,0.00,None,Off,1,1,8/13/2026 8:39:37 PM,ff64cfb0-1f55-4e71-a935-9a22319e2599,No,-,-,N/A,-,N/A,N/A,-,-,-,-,-,-,-,-,-,-,-,-,-,-,-,-,-,-,-,-,-,-,-,-,-,-,-,-,-,-,-,-,-,-,-,-,-,-,-,-,-,-,-,-,-,-,-
dane-ddos-60,Cloud domain: 7rkd12.onmicrosoft.com,Cloud container: Default Group / Team / Engage community container,Cloud,dane-Site-Title-ddos-60@7rkd12.onmicrosoft.com,8/13/2026 7:05:14 PM,-,dane-ddos-60,Microsoft 365 Group,Not connected,Off,-,Teams not connected,No,No,Assigned,Public,No,User (no admin center access),https://7rkd12.sharepoint.com/teams/prj_dane-ddos-60,0.00,0.00,None,Off,1,1,8/13/2026 9:41:07 PM,677dc4a1-4312-469d-914f-35c20601963b,No,-,-,N/A,-,N/A,N/A,-,-,-,-,-,-,-,-,-,-,-,-,-,-,-,-,-,-,-,-,-,-,-,-,-,-,-,-,-,-,-,-,-,-,-,-,-,-,-,-,-,-,-,-,-,-,-
dane-ddos-61,Cloud domain: 7rkd12.onmicrosoft.com,Cloud container: Default Group / Team / Engage community container,Cloud,dane-Site-Title-ddos-61@7rkd12.onmicrosoft.com,8/13/2026 7:05:22 PM,-,dane-ddos-61,Microsoft 365 Group,Not connected,Off,-,Teams not connected,No,No,Assigned,Public,No,User (no admin center access),https://7rkd12.sharepoint.com/teams/prj_dane-ddos-61,0.00,0.00,None,Off,1,1,8/13/2026 9:58:56 PM,11a675f2-716d-49be-bb89-e0540a84ea0b,No,-,-,N/A,-,N/A,N/A,-,-,-,-,-,-,-,-,-,-,-,-,-,-,-,-,-,-,-,-,-,-,-,-,-,-,-,-,-,-,-,-,-,-,-,-,-,-,-,-,-,-,-,-,-,-,-
dane-ddos-62,Cloud domain: 7rkd12.onmicrosoft.com,Cloud container: Default Group / Team / Engage community container,Cloud,dane-Site-Title-ddos-62@7rkd12.onmicrosoft.com,8/13/2026 7:05:32 PM,-,dane-ddos-62,Microsoft 365 Group,Not connected,Off,-,Teams not connected,No,No,Assigned,Public,No,User (no admin center access),https://7rkd12.sharepoint.com/teams/prj_dane-ddos-62,0.00,0.00,None,Off,1,1,8/13/2026 10:00:24 PM,71ecba54-5165-43f4-892c-a03b12c27eed,No,-,-,N/A,-,N/A,N/A,-,-,-,-,-,-,-,-,-,-,-,-,-,-,-,-,-,-,-,-,-,-,-,-,-,-,-,-,-,-,-,-,-,-,-,-,-,-,-,-,-,-,-,-,-,-,-
dane-ddos-63,Cloud domain: 7rkd12.onmicrosoft.com,Cloud container: Default Group / Team / Engage community container,Cloud,dane-Site-Title-ddos-63@7rkd12.onmicrosoft.com,8/13/2026 7:05:41 PM,-,dane-ddos-63,Microsoft 365 Group,Not connected,Off,-,Teams not connected,No,No,Assigned,Public,No,User (no admin center access),https://7rkd12.sharepoint.com/teams/prj_dane-ddos-63,0.00,0.00,None,Off,1,1,8/13/2026 9:58:09 PM,bcd0d0f8-c95b-4577-9427-34edf3f916e3,No,-,-,N/A,-,N/A,N/A,-,-,-,-,-,-,-,-,-,-,-,-,-,-,-,-,-,-,-,-,-,-,-,-,-,-,-,-,-,-,-,-,-,-,-,-,-,-,-,-,-,-,-,-,-,-,-
dane-ddos-64,Cloud domain: 7rkd12.onmicrosoft.com,Cloud container: Default Group / Team / Engage community container,Cloud,dane-Site-Title-ddos-64@7rkd12.onmicrosoft.com,8/13/2026 7:05:49 PM,-,dane-ddos-64,Microsoft 365 Group,Not connected,Off,-,Teams not connected,No,No,Assigned,Public,No,User (no admin center access),https://7rkd12.sharepoint.com/teams/prj_dane-ddos-64,0.00,0.00,None,Off,1,1,8/13/2026 9:56:48 PM,a059f1d9-1b1c-466f-bd1d-38de32c8505c,No,-,-,N/A,-,N/A,N/A,-,-,-,-,-,-,-,-,-,-,-,-,-,-,-,-,-,-,-,-,-,-,-,-,-,-,-,-,-,-,-,-,-,-,-,-,-,-,-,-,-,-,-,-,-,-,-
dane-ddos-65,Cloud domain: 7rkd12.onmicrosoft.com,Cloud container: Default Group / Team / Engage community container,Cloud,dane-Site-Title-ddos-65@7rkd12.onmicrosoft.com,8/14/2026 10:19:56 AM,-,dane-ddos-65,Microsoft 365 Group,Not connected,Off,-,Teams connected,No,No,Assigned,Public,No,User (no admin center access),https://7rkd12.sharepoint.com/teams/prj_dane-ddos-65,0.00,0.00,None,Off,1,1,8/14/2026 12:52:50 PM,b0360199-e477-4086-acc6-5744340b23b8,No,-,-,N/A,-,N/A,N/A,-,-,-,-,-,-,-,-,-,-,-,-,-,-,-,-,-,-,-,-,-,-,-,-,-,-,-,-,-,-,-,-,-,-,-,-,-,-,-,-,-,-,-,-,-,-,-
dane-ddos-66,Cloud domain: 7rkd12.onmicrosoft.com,Cloud container: Default Group / Team / Engage community container,Cloud,dane-Site-Title-ddos-66@7rkd12.onmicrosoft.com,8/14/2026 10:20:03 AM,-,dane-ddos-66,Microsoft 365 Group,Not connected,Off,-,Teams connected,No,No,Assigned,Public,No,User (no admin center access),https://7rkd12.sharepoint.com/teams/prj_dane-ddos-66,0.00,0.00,None,Off,1,1,8/14/2026 12:55:12 PM,d3ba164a-3d9c-4394-9b1b-125f912ba15a,No,-,-,N/A,-,N/A,N/A,-,-,-,-,-,-,-,-,-,-,-,-,-,-,-,-,-,-,-,-,-,-,-,-,-,-,-,-,-,-,-,-,-,-,-,-,-,-,-,-,-,-,-,-,-,-,-
dane-ddos-67,Cloud domain: 7rkd12.onmicrosoft.com,Cloud container: Default Group / Team / Engage community container,Cloud,dane-Site-Title-ddos-67@7rkd12.onmicrosoft.com,8/13/2026 7:06:09 PM,-,dane-ddos-67,Microsoft 365 Group,Not connected,Off,-,Teams not connected,No,No,Assigned,Public,No,User (no admin center access),https://7rkd12.sharepoint.com/teams/prj_dane-ddos-67,0.00,0.00,None,Off,1,1,8/13/2026 10:02:33 PM,e8580f9f-1a3d-43ac-802c-47f86d6407a6,No,-,-,N/A,-,N/A,N/A,-,-,-,-,-,-,-,-,-,-,-,-,-,-,-,-,-,-,-,-,-,-,-,-,-,-,-,-,-,-,-,-,-,-,-,-,-,-,-,-,-,-,-,-,-,-,-
dane-ddos-68,Cloud domain: 7rkd12.onmicrosoft.com,Cloud container: Default Group / Team / Engage community container,Cloud,dane-Site-Title-ddos-68@7rkd12.onmicrosoft.com,8/14/2026 10:20:12 AM,-,dane-ddos-68,Microsoft 365 Group,Not connected,Off,-,Teams connected,No,No,Assigned,Public,No,User (no admin center access),https://7rkd12.sharepoint.com/teams/prj_dane-ddos-68,0.00,0.00,None,Off,1,1,8/14/2026 12:55:31 PM,0359cfba-a3a7-4c9a-92f2-e9cdb1e70d26,No,-,-,N/A,-,N/A,N/A,-,-,-,-,-,-,-,-,-,-,-,-,-,-,-,-,-,-,-,-,-,-,-,-,-,-,-,-,-,-,-,-,-,-,-,-,-,-,-,-,-,-,-,-,-,-,-
dane-ddos-69,Cloud domain: 7rkd12.onmicrosoft.com,Cloud container: Default Group / Team / Engage community container,Cloud,dane-Site-Title-ddos-69@7rkd12.onmicrosoft.com,8/13/2026 7:06:23 PM,-,dane-ddos-69,Microsoft 365 Group,Not connected,Off,-,Teams not connected,No,No,Assigned,Public,No,User (no admin center access),https://7rkd12.sharepoint.com/teams/prj_dane-ddos-69,0.00,0.00,None,Off,1,1,8/13/2026 9:59:17 PM,2bbb42e2-03f6-4ac2-81c9-992c5f07443f,No,-,-,N/A,-,N/A,N/A,-,-,-,-,-,-,-,-,-,-,-,-,-,-,-,-,-,-,-,-,-,-,-,-,-,-,-,-,-,-,-,-,-,-,-,-,-,-,-,-,-,-,-,-,-,-,-
dane-ddos-7,Cloud domain: 7rkd12.onmicrosoft.com,Cloud container: Default Group / Team / Engage community container,Cloud,dane-Site-Title-ddos-7@7rkd12.onmicrosoft.com,8/13/2026 6:36:14 PM,-,dane-ddos-7,Microsoft 365 Group,Not connected,Off,-,Teams connected,No,No,Assigned,Public,No,User (no admin center access),https://7rkd12.sharepoint.com/teams/prj_dane-ddos-7,0.00,0.00,None,Off,1,1,8/13/2026 8:38:43 PM,124a2bbb-b7b8-42fb-b866-23a8159fef85,No,-,-,N/A,-,N/A,N/A,-,-,-,-,-,-,-,-,-,-,-,-,-,-,-,-,-,-,-,-,-,-,-,-,-,-,-,-,-,-,-,-,-,-,-,-,-,-,-,-,-,-,-,-,-,-,-
dane-ddos-70,Cloud domain: 7rkd12.onmicrosoft.com,Cloud container: Default Group / Team / Engage community container,Cloud,dane-Site-Title-ddos-70@7rkd12.onmicrosoft.com,8/14/2026 10:20:22 AM,-,dane-ddos-70,Microsoft 365 Group,Not connected,Off,-,Teams connected,No,No,Assigned,Public,No,User (no admin center access),https://7rkd12.sharepoint.com/teams/prj_dane-ddos-70,0.00,0.00,None,Off,1,1,8/14/2026 12:53:47 PM,92b9d0f4-23c6-4c61-b5d8-d652b4b70699,No,-,-,N/A,-,N/A,N/A,-,-,-,-,-,-,-,-,-,-,-,-,-,-,-,-,-,-,-,-,-,-,-,-,-,-,-,-,-,-,-,-,-,-,-,-,-,-,-,-,-,-,-,-,-,-,-
dane-ddos-71,Cloud domain: 7rkd12.onmicrosoft.com,Cloud container: Default Group / Team / Engage community container,Cloud,dane-Site-Title-ddos-71@7rkd12.onmicrosoft.com,8/13/2026 7:06:38 PM,-,dane-ddos-71,Microsoft 365 Group,Not connected,Off,-,Teams not connected,No,No,Assigned,Public,No,User (no admin center access),https://7rkd12.sharepoint.com/teams/prj_dane-ddos-71,0.00,0.00,None,Off,1,1,8/13/2026 10:00:02 PM,59bdac33-27c5-4115-994e-49bce1aad37c,No,-,-,N/A,-,N/A,N/A,-,-,-,-,-,-,-,-,-,-,-,-,-,-,-,-,-,-,-,-,-,-,-,-,-,-,-,-,-,-,-,-,-,-,-,-,-,-,-,-,-,-,-,-,-,-,-
dane-ddos-72,Cloud domain: 7rkd12.onmicrosoft.com,Cloud container: Default Group / Team / Engage community container,Cloud,dane-Site-Title-ddos-72@7rkd12.onmicrosoft.com,8/13/2026 7:06:47 PM,-,dane-ddos-72,Microsoft 365 Group,Not connected,Off,-,Teams not connected,No,No,Assigned,Public,No,User (no admin center access),https://7rkd12.sharepoint.com/teams/prj_dane-ddos-72,0.00,0.00,None,Off,1,1,8/13/2026 10:01:48 PM,17dfc67e-34c6-40d5-bf78-2d419c20ee7c,No,-,-,N/A,-,N/A,N/A,-,-,-,-,-,-,-,-,-,-,-,-,-,-,-,-,-,-,-,-,-,-,-,-,-,-,-,-,-,-,-,-,-,-,-,-,-,-,-,-,-,-,-,-,-,-,-
dane-ddos-73,Cloud domain: 7rkd12.onmicrosoft.com,Cloud container: Default Group / Team / Engage community container,Cloud,dane-Site-Title-ddos-73@7rkd12.onmicrosoft.com,8/14/2026 10:20:29 AM,-,dane-ddos-73,Microsoft 365 Group,Not connected,Off,-,Teams connected,No,No,Assigned,Public,No,User (no admin center access),https://7rkd12.sharepoint.com/teams/prj_dane-ddos-73,0.00,0.00,None,Off,1,1,8/14/2026 12:56:08 PM,8db20aea-9642-4945-a1ab-b0416fa5e759,No,-,-,N/A,-,N/A,N/A,-,-,-,-,-,-,-,-,-,-,-,-,-,-,-,-,-,-,-,-,-,-,-,-,-,-,-,-,-,-,-,-,-,-,-,-,-,-,-,-,-,-,-,-,-,-,-
dane-ddos-74,Cloud domain: 7rkd12.onmicrosoft.com,Cloud container: Default Group / Team / Engage community container,Cloud,dane-Site-Title-ddos-74@7rkd12.onmicrosoft.com,8/13/2026 7:07:01 PM,-,dane-ddos-74,Microsoft 365 Group,Not connected,Off,-,Teams not connected,No,No,Assigned,Public,No,User (no admin center access),https://7rkd12.sharepoint.com/teams/prj_dane-ddos-74,0.00,0.00,None,Off,1,1,8/13/2026 10:02:56 PM,3f89fad9-ab38-4f2b-90a4-1f8d20fed0d9,No,-,-,N/A,-,N/A,N/A,-,-,-,-,-,-,-,-,-,-,-,-,-,-,-,-,-,-,-,-,-,-,-,-,-,-,-,-,-,-,-,-,-,-,-,-,-,-,-,-,-,-,-,-,-,-,-
dane-ddos-75,Cloud domain: 7rkd12.onmicrosoft.com,Cloud container: Default Group / Team / Engage community container,Cloud,dane-Site-Title-ddos-75@7rkd12.onmicrosoft.com,8/13/2026 7:07:10 PM,-,dane-ddos-75,Microsoft 365 Group,Not connected,Off,-,Teams not connected,No,No,Assigned,Public,No,User (no admin center access),https://7rkd12.sharepoint.com/teams/prj_dane-ddos-75,0.00,0.00,None,Off,1,1,8/13/2026 10:03:19 PM,d7ee948d-e72f-47cb-bd2f-b7439c150007,No,-,-,N/A,-,N/A,N/A,-,-,-,-,-,-,-,-,-,-,-,-,-,-,-,-,-,-,-,-,-,-,-,-,-,-,-,-,-,-,-,-,-,-,-,-,-,-,-,-,-,-,-,-,-,-,-
dane-ddos-76,Cloud domain: 7rkd12.onmicrosoft.com,Cloud container: Default Group / Team / Engage community container,Cloud,dane-Site-Title-ddos-76@7rkd12.onmicrosoft.com,8/14/2026 11:32:04 AM,-,dane-ddos-76,Microsoft 365 Group,Not connected,Off,-,Teams connected,No,No,Assigned,Public,No,User (no admin center access),https://7rkd12.sharepoint.com/teams/prj_dane-ddos-76,0.00,0.00,None,Off,1,1,8/14/2026 1:40:18 PM,08cf7566-7e7a-4f31-9aeb-b2e4c9818882,No,-,-,N/A,-,N/A,N/A,-,-,-,-,-,-,-,-,-,-,-,-,-,-,-,-,-,-,-,-,-,-,-,-,-,-,-,-,-,-,-,-,-,-,-,-,-,-,-,-,-,-,-,-,-,-,-
dane-ddos-77,Cloud domain: 7rkd12.onmicrosoft.com,Cloud container: Default Group / Team / Engage community container,Cloud,dane-Site-Title-ddos-77@7rkd12.onmicrosoft.com,8/13/2026 7:07:25 PM,-,dane-ddos-77,Microsoft 365 Group,Not connected,Off,-,Teams not connected,No,No,Assigned,Public,No,User (no admin center access),https://7rkd12.sharepoint.com/teams/prj_dane-ddos-77,0.00,0.00,None,Off,1,1,8/13/2026 10:03:42 PM,9edc6f2d-cd2e-40c6-b02a-831159ea98c0,No,-,-,N/A,-,N/A,N/A,-,-,-,-,-,-,-,-,-,-,-,-,-,-,-,-,-,-,-,-,-,-,-,-,-,-,-,-,-,-,-,-,-,-,-,-,-,-,-,-,-,-,-,-,-,-,-
dane-ddos-78,Cloud domain: 7rkd12.onmicrosoft.com,Cloud container: Default Group / Team / Engage community container,Cloud,dane-Site-Title-ddos-78@7rkd12.onmicrosoft.com,8/14/2026 8:07:31 AM,-,dane-ddos-78,Microsoft 365 Group,Not connected,Off,-,Teams connected,No,No,Assigned,Public,No,User (no admin center access),https://7rkd12.sharepoint.com/teams/prj_dane-ddos-78,0.00,0.00,None,Off,1,1,8/14/2026 10:38:16 AM,cb909bb4-3808-4f44-95a4-4e1b3ef2259f,No,-,-,N/A,-,N/A,N/A,-,-,-,-,-,-,-,-,-,-,-,-,-,-,-,-,-,-,-,-,-,-,-,-,-,-,-,-,-,-,-,-,-,-,-,-,-,-,-,-,-,-,-,-,-,-,-
dane-ddos-79,Cloud domain: 7rkd12.onmicrosoft.com,Cloud container: Default Group / Team / Engage community container,Cloud,dane-Site-Title-ddos-79@7rkd12.onmicrosoft.com,8/14/2026 8:07:39 AM,-,dane-ddos-79,Microsoft 365 Group,Not connected,Off,-,Teams connected,No,No,Assigned,Public,No,User (no admin center access),https://7rkd12.sharepoint.com/teams/prj_dane-ddos-79,0.00,0.00,None,Off,1,1,8/14/2026 10:38:52 AM,cfd95b14-8157-4e1e-9c70-1ece06bbda4b,No,-,-,N/A,-,N/A,N/A,-,-,-,-,-,-,-,-,-,-,-,-,-,-,-,-,-,-,-,-,-,-,-,-,-,-,-,-,-,-,-,-,-,-,-,-,-,-,-,-,-,-,-,-,-,-,-
dane-ddos-8,Cloud domain: 7rkd12.onmicrosoft.com,Cloud container: Default Group / Team / Engage community container,Cloud,dane-Site-Title-ddos-8@7rkd12.onmicrosoft.com,8/13/2026 6:36:26 PM,-,dane-ddos-8,Microsoft 365 Group,Not connected,Off,-,Teams connected,No,No,Assigned,Public,No,User (no admin center access),https://7rkd12.sharepoint.com/teams/prj_dane-ddos-8,0.00,0.00,None,Off,1,1,8/13/2026 8:42:04 PM,b7873a20-113d-4dfd-abd6-3d59f1ae7a3b,No,-,-,N/A,-,N/A,N/A,-,-,-,-,-,-,-,-,-,-,-,-,-,-,-,-,-,-,-,-,-,-,-,-,-,-,-,-,-,-,-,-,-,-,-,-,-,-,-,-,-,-,-,-,-,-,-
dane-ddos-80,Cloud domain: 7rkd12.onmicrosoft.com,Cloud container: Default Group / Team / Engage community container,Cloud,dane-Site-Title-ddos-80@7rkd12.onmicrosoft.com,8/14/2026 8:07:48 AM,-,dane-ddos-80,Microsoft 365 Group,Not connected,Off,-,Teams not connected,No,No,Assigned,Public,No,User (no admin center access),https://7rkd12.sharepoint.com/teams/prj_dane-ddos-80,0.00,0.00,None,Off,1,1,8/14/2026 10:37:30 AM,b2e65d99-cdae-48e0-8fdc-4a6eed7f26d3,No,-,-,N/A,-,N/A,N/A,-,-,-,-,-,-,-,-,-,-,-,-,-,-,-,-,-,-,-,-,-,-,-,-,-,-,-,-,-,-,-,-,-,-,-,-,-,-,-,-,-,-,-,-,-,-,-
dane-ddos-81,Cloud domain: 7rkd12.onmicrosoft.com,Cloud container: Default Group / Team / Engage community container,Cloud,dane-Site-Title-ddos-81@7rkd12.onmicrosoft.com,8/14/2026 8:07:57 AM,-,dane-ddos-81,Microsoft 365 Group,Not connected,Off,-,Teams connected,No,No,Assigned,Public,No,User (no admin center access),https://7rkd12.sharepoint.com/teams/prj_dane-ddos-81,0.00,0.00,None,Off,1,1,8/14/2026 10:38:35 AM,4bc97e25-3a7b-4688-aa1a-d1ae55322528,No,-,-,N/A,-,N/A,N/A,-,-,-,-,-,-,-,-,-,-,-,-,-,-,-,-,-,-,-,-,-,-,-,-,-,-,-,-,-,-,-,-,-,-,-,-,-,-,-,-,-,-,-,-,-,-,-
dane-ddos-82,Cloud domain: 7rkd12.onmicrosoft.com,Cloud container: Default Group / Team / Engage community container,Cloud,dane-Site-Title-ddos-82@7rkd12.onmicrosoft.com,8/14/2026 8:08:05 AM,-,dane-ddos-82,Microsoft 365 Group,Not connected,Off,-,Teams not connected,No,No,Assigned,Public,No,User (no admin center access),https://7rkd12.sharepoint.com/teams/prj_dane-ddos-82,0.00,0.00,None,Off,1,1,8/14/2026 10:37:55 AM,78920bc1-7fbd-4435-98eb-5e6cacce4450,No,-,-,N/A,-,N/A,N/A,-,-,-,-,-,-,-,-,-,-,-,-,-,-,-,-,-,-,-,-,-,-,-,-,-,-,-,-,-,-,-,-,-,-,-,-,-,-,-,-,-,-,-,-,-,-,-
dane-ddos-83,Cloud domain: 7rkd12.onmicrosoft.com,Cloud container: Default Group / Team / Engage community container,Cloud,dane-Site-Title-ddos-83@7rkd12.onmicrosoft.com,8/14/2026 8:08:14 AM,-,dane-ddos-83,Microsoft 365 Group,Not connected,Off,-,Teams connected,No,No,Assigned,Public,No,User (no admin center access),https://7rkd12.sharepoint.com/teams/prj_dane-ddos-83,0.00,0.00,None,Off,1,1,8/14/2026 10:40:07 AM,c0810a6b-9586-4765-a7a4-d97fde17ee34,No,-,-,N/A,-,N/A,N/A,-,-,-,-,-,-,-,-,-,-,-,-,-,-,-,-,-,-,-,-,-,-,-,-,-,-,-,-,-,-,-,-,-,-,-,-,-,-,-,-,-,-,-,-,-,-,-
dane-ddos-84,Cloud domain: 7rkd12.onmicrosoft.com,Cloud container: Default Group / Team / Engage community container,Cloud,dane-Site-Title-ddos-84@7rkd12.onmicrosoft.com,8/14/2026 8:08:21 AM,-,dane-ddos-84,Microsoft 365 Group,Not connected,Off,-,Teams connected,No,No,Assigned,Public,No,User (no admin center access),https://7rkd12.sharepoint.com/teams/prj_dane-ddos-84,0.00,0.00,None,Off,1,1,8/14/2026 10:41:21 AM,258a5e4d-d6c9-4bae-b6ee-a9e1e2bfd61f,No,-,-,N/A,-,N/A,N/A,-,-,-,-,-,-,-,-,-,-,-,-,-,-,-,-,-,-,-,-,-,-,-,-,-,-,-,-,-,-,-,-,-,-,-,-,-,-,-,-,-,-,-,-,-,-,-
dane-ddos-85,Cloud domain: 7rkd12.onmicrosoft.com,Cloud container: Default Group / Team / Engage community container,Cloud,dane-Site-Title-ddos-85@7rkd12.onmicrosoft.com,8/14/2026 8:08:28 AM,-,dane-ddos-85,Microsoft 365 Group,Not connected,Off,-,Teams connected,No,No,Assigned,Public,No,User (no admin center access),https://7rkd12.sharepoint.com/teams/prj_dane-ddos-85,0.00,0.00,None,Off,1,1,8/14/2026 10:40:25 AM,54983828-8cdf-457d-97af-f5dbb1d91eaa,No,-,-,N/A,-,N/A,N/A,-,-,-,-,-,-,-,-,-,-,-,-,-,-,-,-,-,-,-,-,-,-,-,-,-,-,-,-,-,-,-,-,-,-,-,-,-,-,-,-,-,-,-,-,-,-,-
dane-ddos-86,Cloud domain: 7rkd12.onmicrosoft.com,Cloud container: Default Group / Team / Engage community container,Cloud,dane-Site-Title-ddos-86@7rkd12.onmicrosoft.com,8/14/2026 8:08:40 AM,-,dane-ddos-86,Microsoft 365 Group,Not connected,Off,-,Teams not connected,No,No,Assigned,Public,No,User (no admin center access),https://7rkd12.sharepoint.com/teams/prj_dane-ddos-86,0.00,0.00,None,Off,1,1,8/14/2026 10:39:48 AM,0857b417-016f-41dd-ade7-ca30ba7517ee,No,-,-,N/A,-,N/A,N/A,-,-,-,-,-,-,-,-,-,-,-,-,-,-,-,-,-,-,-,-,-,-,-,-,-,-,-,-,-,-,-,-,-,-,-,-,-,-,-,-,-,-,-,-,-,-,-
dane-ddos-87,Cloud domain: 7rkd12.onmicrosoft.com,Cloud container: Default Group / Team / Engage community container,Cloud,dane-Site-Title-ddos-87@7rkd12.onmicrosoft.com,8/14/2026 8:08:52 AM,-,dane-ddos-87,Microsoft 365 Group,Not connected,Off,-,Teams connected,No,No,Assigned,Public,No,User (no admin center access),https://7rkd12.sharepoint.com/teams/prj_dane-ddos-87,0.00,0.00,None,Off,1,1,8/14/2026 10:40:43 AM,f3bfa865-1b1d-48f5-b49a-99940adcbab0,No,-,-,N/A,-,N/A,N/A,-,-,-,-,-,-,-,-,-,-,-,-,-,-,-,-,-,-,-,-,-,-,-,-,-,-,-,-,-,-,-,-,-,-,-,-,-,-,-,-,-,-,-,-,-,-,-
dane-ddos-88,Cloud domain: 7rkd12.onmicrosoft.com,Cloud container: Default Group / Team / Engage community container,Cloud,dane-Site-Title-ddos-88@7rkd12.onmicrosoft.com,8/14/2026 8:09:03 AM,-,dane-ddos-88,Microsoft 365 Group,Not connected,Off,-,Teams connected,No,No,Assigned,Public,No,User (no admin center access),https://7rkd12.sharepoint.com/teams/prj_dane-ddos-88,0.00,0.00,None,Off,1,1,8/14/2026 10:43:16 AM,c7394247-4c07-4c5d-aa7c-3191f8e73ac5,No,-,-,N/A,-,N/A,N/A,-,-,-,-,-,-,-,-,-,-,-,-,-,-,-,-,-,-,-,-,-,-,-,-,-,-,-,-,-,-,-,-,-,-,-,-,-,-,-,-,-,-,-,-,-,-,-
dane-ddos-89,Cloud domain: 7rkd12.onmicrosoft.com,Cloud container: Default Group / Team / Engage community container,Cloud,dane-Site-Title-ddos-89@7rkd12.onmicrosoft.com,8/14/2026 10:20:42 AM,-,dane-ddos-89,Microsoft 365 Group,Not connected,Off,-,Teams connected,No,No,Assigned,Public,No,User (no admin center access),https://7rkd12.sharepoint.com/teams/prj_dane-ddos-89,0.00,0.00,None,Off,1,1,8/14/2026 12:55:49 PM,775f2787-d19f-47f1-bae9-1e98364df834,No,-,-,N/A,-,N/A,N/A,-,-,-,-,-,-,-,-,-,-,-,-,-,-,-,-,-,-,-,-,-,-,-,-,-,-,-,-,-,-,-,-,-,-,-,-,-,-,-,-,-,-,-,-,-,-,-
dane-ddos-9,Cloud domain: 7rkd12.onmicrosoft.com,Cloud container: Default Group / Team / Engage community container,Cloud,dane-Site-Title-ddos-9@7rkd12.onmicrosoft.com,8/13/2026 6:36:38 PM,-,dane-ddos-9,Microsoft 365 Group,Not connected,Off,-,Teams connected,No,No,Assigned,Public,No,User (no admin center access),https://7rkd12.sharepoint.com/teams/prj_dane-ddos-9,0.00,0.00,None,Off,1,1,8/13/2026 8:44:12 PM,ba8eda24-ad9d-42b8-a158-ba84579bb514,No,-,-,N/A,-,N/A,N/A,-,-,-,-,-,-,-,-,-,-,-,-,-,-,-,-,-,-,-,-,-,-,-,-,-,-,-,-,-,-,-,-,-,-,-,-,-,-,-,-,-,-,-,-,-,-,-
dane-ddos-90,Cloud domain: 7rkd12.onmicrosoft.com,Cloud container: Default Group / Team / Engage community container,Cloud,dane-Site-Title-ddos-90@7rkd12.onmicrosoft.com,8/14/2026 8:09:18 AM,-,dane-ddos-90,Microsoft 365 Group,Not connected,Off,-,Teams connected,No,No,Assigned,Public,No,User (no admin center access),https://7rkd12.sharepoint.com/teams/prj_dane-ddos-90,0.00,0.00,None,Off,1,1,8/14/2026 10:42:27 AM,98f57c57-58d3-4cd2-96aa-2c3bc1079b1a,No,-,-,N/A,-,N/A,N/A,-,-,-,-,-,-,-,-,-,-,-,-,-,-,-,-,-,-,-,-,-,-,-,-,-,-,-,-,-,-,-,-,-,-,-,-,-,-,-,-,-,-,-,-,-,-,-
dane-ddos-91,Cloud domain: 7rkd12.onmicrosoft.com,Cloud container: Default Group / Team / Engage community container,Cloud,dane-Site-Title-ddos-91@7rkd12.onmicrosoft.com,8/14/2026 8:09:26 AM,-,dane-ddos-91,Microsoft 365 Group,Not connected,Off,-,Teams connected,No,No,Assigned,Public,No,User (no admin center access),https://7rkd12.sharepoint.com/teams/prj_dane-ddos-91,0.00,0.00,None,Off,1,1,8/14/2026 10:42:08 AM,021fc5a4-1df4-4caf-ab19-277c6a7bef72,No,-,-,N/A,-,N/A,N/A,-,-,-,-,-,-,-,-,-,-,-,-,-,-,-,-,-,-,-,-,-,-,-,-,-,-,-,-,-,-,-,-,-,-,-,-,-,-,-,-,-,-,-,-,-,-,-
dane-ddos-92,Cloud domain: 7rkd12.onmicrosoft.com,Cloud container: Default Group / Team / Engage community container,Cloud,dane-Site-Title-ddos-92@7rkd12.onmicrosoft.com,8/14/2026 8:09:33 AM,-,dane-ddos-92,Microsoft 365 Group,Not connected,Off,-,Teams not connected,No,No,Assigned,Public,No,User (no admin center access),https://7rkd12.sharepoint.com/teams/prj_dane-ddos-92,0.00,0.00,None,Off,1,1,8/14/2026 10:41:02 AM,3ceb406a-0451-4b7d-954f-e2bf55fb221c,No,-,-,N/A,-,N/A,N/A,-,-,-,-,-,-,-,-,-,-,-,-,-,-,-,-,-,-,-,-,-,-,-,-,-,-,-,-,-,-,-,-,-,-,-,-,-,-,-,-,-,-,-,-,-,-,-
dane-ddos-93,Cloud domain: 7rkd12.onmicrosoft.com,Cloud container: Default Group / Team / Engage community container,Cloud,dane-Site-Title-ddos-93@7rkd12.onmicrosoft.com,8/14/2026 10:01:54 AM,-,dane-ddos-93,Microsoft 365 Group,Not connected,Off,-,Teams connected,No,No,Assigned,Public,No,User (no admin center access),https://7rkd12.sharepoint.com/teams/prj_dane-ddos-93,0.00,0.00,None,Off,1,1,8/14/2026 12:42:49 PM,6c282c2b-53ca-4e6f-a068-3585ab1b0c8a,No,-,-,N/A,-,N/A,N/A,-,-,-,-,-,-,-,-,-,-,-,-,-,-,-,-,-,-,-,-,-,-,-,-,-,-,-,-,-,-,-,-,-,-,-,-,-,-,-,-,-,-,-,-,-,-,-
dane-ddos-94,Cloud domain: 7rkd12.onmicrosoft.com,Cloud container: Default Group / Team / Engage community container,Cloud,dane-Site-Title-ddos-94@7rkd12.onmicrosoft.com,8/14/2026 10:02:03 AM,-,dane-ddos-94,Microsoft 365 Group,Not connected,Off,-,Teams connected,No,No,Assigned,Public,No,User (no admin center access),https://7rkd12.sharepoint.com/teams/prj_dane-ddos-94,0.00,0.00,None,Off,1,1,8/14/2026 12:44:59 PM,6a5f86b6-143f-4e22-87f1-cff80c2f9339,No,-,-,N/A,-,N/A,N/A,-,-,-,-,-,-,-,-,-,-,-,-,-,-,-,-,-,-,-,-,-,-,-,-,-,-,-,-,-,-,-,-,-,-,-,-,-,-,-,-,-,-,-,-,-,-,-
dane-ddos-95,Cloud domain: 7rkd12.onmicrosoft.com,Cloud container: Default Group / Team / Engage community container,Cloud,dane-Site-Title-ddos-95@7rkd12.onmicrosoft.com,8/14/2026 10:02:11 AM,-,dane-ddos-95,Microsoft 365 Group,Not connected,Off,-,Teams connected,No,No,Assigned,Public,No,User (no admin center access),https://7rkd12.sharepoint.com/teams/prj_dane-ddos-95,0.00,0.00,None,Off,1,1,8/14/2026 12:44:04 PM,b17563b0-7f2f-4e88-9741-5f1ee5baaa45,No,-,-,N/A,-,N/A,N/A,-,-,-,-,-,-,-,-,-,-,-,-,-,-,-,-,-,-,-,-,-,-,-,-,-,-,-,-,-,-,-,-,-,-,-,-,-,-,-,-,-,-,-,-,-,-,-
dane-ddos-96,Cloud domain: 7rkd12.onmicrosoft.com,Cloud container: Default Group / Team / Engage community container,Cloud,dane-Site-Title-ddos-96@7rkd12.onmicrosoft.com,8/14/2026 10:20:49 AM,-,dane-ddos-96,Microsoft 365 Group,Not connected,Off,-,Teams connected,No,No,Assigned,Public,No,User (no admin center access),https://7rkd12.sharepoint.com/teams/prj_dane-ddos-96,0.00,0.00,None,Off,1,1,8/14/2026 12:54:53 PM,74542763-6a4f-495f-989b-0284b19db279,No,-,-,N/A,-,N/A,N/A,-,-,-,-,-,-,-,-,-,-,-,-,-,-,-,-,-,-,-,-,-,-,-,-,-,-,-,-,-,-,-,-,-,-,-,-,-,-,-,-,-,-,-,-,-,-,-
dane-ddos-97,Cloud domain: 7rkd12.onmicrosoft.com,Cloud container: Default Group / Team / Engage community container,Cloud,dane-Site-Title-ddos-97@7rkd12.onmicrosoft.com,8/14/2026 10:20:56 AM,-,dane-ddos-97,Microsoft 365 Group,Not connected,Off,-,Teams connected,No,No,Assigned,Public,No,User (no admin center access),https://7rkd12.sharepoint.com/teams/prj_dane-ddos-97,0.00,0.00,None,Off,1,1,8/14/2026 12:54:35 PM,a12f2105-2c86-4b04-a3ad-9baf690f4102,No,-,-,N/A,-,N/A,N/A,-,-,-,-,-,-,-,-,-,-,-,-,-,-,-,-,-,-,-,-,-,-,-,-,-,-,-,-,-,-,-,-,-,-,-,-,-,-,-,-,-,-,-,-,-,-,-
dane-ddos-98,Cloud domain: 7rkd12.onmicrosoft.com,Cloud container: Default Group / Team / Engage community container,Cloud,dane-Site-Title-ddos-98@7rkd12.onmicrosoft.com,8/14/2026 10:21:03 AM,-,dane-ddos-98,Microsoft 365 Group,Not connected,Off,-,Teams connected,No,No,Assigned,Public,No,User (no admin center access),https://7rkd12.sharepoint.com/teams/prj_dane-ddos-98,0.00,0.00,None,Off,1,1,8/14/2026 12:56:29 PM,d077ba54-05ff-41d2-82a5-730d83809c51,No,-,-,N/A,-,N/A,N/A,-,-,-,-,-,-,-,-,-,-,-,-,-,-,-,-,-,-,-,-,-,-,-,-,-,-,-,-,-,-,-,-,-,-,-,-,-,-,-,-,-,-,-,-,-,-,-
dane-ddos-99,Cloud domain: 7rkd12.onmicrosoft.com,Cloud container: Default Group / Team / Engage community container,Cloud,dane-Site-Title-ddos-99@7rkd12.onmicrosoft.com,8/14/2026 10:02:40 AM,-,dane-ddos-99,Microsoft 365 Group,Not connected,Off,-,Teams connected,No,No,Assigned,Public,No,User (no admin center access),https://7rkd12.sharepoint.com/teams/prj_dane-ddos-99,0.00,0.00,None,Off,1,1,8/14/2026 12:42:31 PM,d036fff6-a4b2-4296-a7c3-59bbeb54eef5,No,-,-,N/A,-,N/A,N/A,-,-,-,-,-,-,-,-,-,-,-,-,-,-,-,-,-,-,-,-,-,-,-,-,-,-,-,-,-,-,-,-,-,-,-,-,-,-,-,-,-,-,-,-,-,-,-
danegroupsite-001,Cloud domain: 7rkd12.onmicrosoft.com,Cloud container: Default Group / Team / Engage community container,Cloud,dane-Group-Site-a-001@7rkd12.onmicrosoft.com,8/13/2026 2:56:41 PM,-,danegroupsite-001,Microsoft 365 Group,Not connected,Off,-,Teams not connected,No,No,Assigned,Public,No,User (no admin center access),https://7rkd12.sharepoint.com/teams/prj_danegroupsite-001,0.00,0.00,None,Off,1,1,8/13/2026 4:50:33 PM,58ac034a-98f0-485e-b892-5f131e59eb03,No,-,-,N/A,-,N/A,N/A,-,-,-,-,-,-,-,-,-,-,-,-,-,-,-,-,-,-,-,-,-,-,-,-,-,-,-,-,-,-,-,-,-,-,-,-,-,-,-,-,-,-,-,-,-,-,-
danegroupsite-002,Cloud domain: 7rkd12.onmicrosoft.com,Cloud container: Default Group / Team / Engage community container,Cloud,dane-Group-Site-a-002@7rkd12.onmicrosoft.com,8/13/2026 2:56:47 PM,-,danegroupsite-002,Microsoft 365 Group,Not connected,Off,-,Teams not connected,No,No,Assigned,Public,No,User (no admin center access),https://7rkd12.sharepoint.com/teams/dane-Group-Site-a-002,0.00,0.00,None,Off,1,1,8/13/2026 5:45:17 PM,78b11b2e-0444-47e4-b086-7f9348b1acf9,No,-,-,N/A,-,N/A,N/A,-,-,-,-,-,-,-,-,-,-,-,-,-,-,-,-,-,-,-,-,-,-,-,-,-,-,-,-,-,-,-,-,-,-,-,-,-,-,-,-,-,-,-,-,-,-,-
danegroupsite-003,Cloud domain: 7rkd12.onmicrosoft.com,Cloud container: Default Group / Team / Engage community container,Cloud,dane-Group-Site-a-003@7rkd12.onmicrosoft.com,8/13/2026 2:56:53 PM,-,danegroupsite-003,Microsoft 365 Group,Not connected,Off,-,Teams not connected,No,No,Assigned,Public,No,User (no admin center access),https://7rkd12.sharepoint.com/teams/prj_danegroupsite-003,0.00,0.00,None,Off,1,1,8/13/2026 4:50:16 PM,3efab21f-8aee-4fdd-ad29-17e9f553ed69,No,-,-,N/A,-,N/A,N/A,-,-,-,-,-,-,-,-,-,-,-,-,-,-,-,-,-,-,-,-,-,-,-,-,-,-,-,-,-,-,-,-,-,-,-,-,-,-,-,-,-,-,-,-,-,-,-
danegroupsite-004,Cloud domain: 7rkd12.onmicrosoft.com,Cloud container: Default Group / Team / Engage community container,Cloud,dane-Group-Site-a-004@7rkd12.onmicrosoft.com,8/13/2026 2:57:03 PM,-,danegroupsite-004,Microsoft 365 Group,Not connected,Off,-,Teams not connected,No,No,Assigned,Public,No,User (no admin center access),https://7rkd12.sharepoint.com/teams/prj_danegroupsite-004,0.00,0.00,None,Off,1,1,8/13/2026 4:50:36 PM,9db8ff24-32de-4243-95bf-856e4a67c64f,No,-,-,N/A,-,N/A,N/A,-,-,-,-,-,-,-,-,-,-,-,-,-,-,-,-,-,-,-,-,-,-,-,-,-,-,-,-,-,-,-,-,-,-,-,-,-,-,-,-,-,-,-,-,-,-,-
danegroupsite-005,Cloud domain: 7rkd12.onmicrosoft.com,Cloud container: Default Group / Team / Engage community container,Cloud,dane-Group-Site-a-005@7rkd12.onmicrosoft.com,8/13/2026 2:57:13 PM,-,danegroupsite-005,Microsoft 365 Group,Not connected,Off,-,Teams not connected,No,No,Assigned,Public,No,User (no admin center access),https://7rkd12.sharepoint.com/teams/prj_danegroupsite-005,0.00,0.00,None,Off,1,1,8/13/2026 4:46:44 PM,2af8f2de-1450-4f4e-b628-47cc4b75e3ba,No,-,-,N/A,-,N/A,N/A,-,-,-,-,-,-,-,-,-,-,-,-,-,-,-,-,-,-,-,-,-,-,-,-,-,-,-,-,-,-,-,-,-,-,-,-,-,-,-,-,-,-,-,-,-,-,-
danegroupsite-006,Cloud domain: 7rkd12.onmicrosoft.com,Cloud container: Default Group / Team / Engage community container,Cloud,dane-Group-Site-a-006@7rkd12.onmicrosoft.com,8/13/2026 2:57:23 PM,-,danegroupsite-006,Microsoft 365 Group,Not connected,Off,-,Teams not connected,No,No,Assigned,Public,No,User (no admin center access),https://7rkd12.sharepoint.com/teams/prj_danegroupsite-006,0.00,0.00,None,Off,1,1,8/13/2026 4:48:22 PM,4999f32d-5322-4cfa-980d-041e9be01e64,No,-,-,N/A,-,N/A,N/A,-,-,-,-,-,-,-,-,-,-,-,-,-,-,-,-,-,-,-,-,-,-,-,-,-,-,-,-,-,-,-,-,-,-,-,-,-,-,-,-,-,-,-,-,-,-,-
danegroupsite-007,Cloud domain: 7rkd12.onmicrosoft.com,Cloud container: Default Group / Team / Engage community container,Cloud,dane-Group-Site-a-007@7rkd12.onmicrosoft.com,8/13/2026 2:57:33 PM,-,danegroupsite-007,Microsoft 365 Group,Not connected,Off,-,Teams not connected,No,No,Assigned,Public,No,User (no admin center access),https://7rkd12.sharepoint.com/teams/prj_danegroupsite-007,0.00,0.00,None,Off,1,1,8/13/2026 5:49:52 PM,f47225bf-6a61-49bc-a03a-4f41e1dde5ad,No,-,-,N/A,-,N/A,N/A,-,-,-,-,-,-,-,-,-,-,-,-,-,-,-,-,-,-,-,-,-,-,-,-,-,-,-,-,-,-,-,-,-,-,-,-,-,-,-,-,-,-,-,-,-,-,-
danegroupsite-008,Cloud domain: 7rkd12.onmicrosoft.com,Cloud container: Default Group / Team / Engage community container,Cloud,dane-Group-Site-a-008@7rkd12.onmicrosoft.com,8/13/2026 2:57:50 PM,-,danegroupsite-008,Microsoft 365 Group,Not connected,Off,-,Teams not connected,No,No,Assigned,Public,No,User (no admin center access),https://7rkd12.sharepoint.com/teams/prj_danegroupsite-008,0.00,0.00,None,Off,1,1,8/13/2026 4:51:40 PM,05aca50d-3a5d-497d-9551-a2bc0d4e7020,No,-,-,N/A,-,N/A,N/A,-,-,-,-,-,-,-,-,-,-,-,-,-,-,-,-,-,-,-,-,-,-,-,-,-,-,-,-,-,-,-,-,-,-,-,-,-,-,-,-,-,-,-,-,-,-,-
danegroupsite-009,Cloud domain: 7rkd12.onmicrosoft.com,Cloud container: Default Group / Team / Engage community container,Cloud,dane-Group-Site-a-009@7rkd12.onmicrosoft.com,8/13/2026 2:57:59 PM,-,danegroupsite-009,Microsoft 365 Group,Not connected,Off,-,Teams not connected,No,No,Assigned,Public,No,User (no admin center access),https://7rkd12.sharepoint.com/teams/prj_danegroupsite-009,0.00,0.00,None,Off,1,1,8/13/2026 4:50:42 PM,378ddade-b920-417b-b791-198b42f10dd7,No,-,-,N/A,-,N/A,N/A,-,-,-,-,-,-,-,-,-,-,-,-,-,-,-,-,-,-,-,-,-,-,-,-,-,-,-,-,-,-,-,-,-,-,-,-,-,-,-,-,-,-,-,-,-,-,-
danegroupsite-010,Cloud domain: 7rkd12.onmicrosoft.com,Cloud container: Default Group / Team / Engage community container,Cloud,dane-Group-Site-a-010@7rkd12.onmicrosoft.com,8/13/2026 2:58:09 PM,-,danegroupsite-010,Microsoft 365 Group,Not connected,Off,-,Teams not connected,No,No,Assigned,Public,No,User (no admin center access),https://7rkd12.sharepoint.com/teams/prj_danegroupsite-010,0.00,0.00,None,Off,1,1,8/13/2026 5:50:09 PM,50a2a3e7-6f14-4d7f-bb73-117e55188141,No,-,-,N/A,-,N/A,N/A,-,-,-,-,-,-,-,-,-,-,-,-,-,-,-,-,-,-,-,-,-,-,-,-,-,-,-,-,-,-,-,-,-,-,-,-,-,-,-,-,-,-,-,-,-,-,-
danegroupsite-011,Cloud domain: 7rkd12.onmicrosoft.com,Cloud container: Default Group / Team / Engage community container,Cloud,dane-Group-Site-a-011@7rkd12.onmicrosoft.com,8/13/2026 2:58:18 PM,-,danegroupsite-011,Microsoft 365 Group,Not connected,Off,-,Teams not connected,No,No,Assigned,Public,No,User (no admin center access),https://7rkd12.sharepoint.com/teams/prj_danegroupsite-011,0.00,0.00,None,Off,1,1,8/13/2026 4:48:09 PM,fd07ed48-3bdf-40ff-b0d1-5c849ec68f1d,No,-,-,N/A,-,N/A,N/A,-,-,-,-,-,-,-,-,-,-,-,-,-,-,-,-,-,-,-,-,-,-,-,-,-,-,-,-,-,-,-,-,-,-,-,-,-,-,-,-,-,-,-,-,-,-,-
danegroupsite-012,Cloud domain: 7rkd12.onmicrosoft.com,Cloud container: Default Group / Team / Engage community container,Cloud,dane-Group-Site-a-012@7rkd12.onmicrosoft.com,8/13/2026 2:58:28 PM,-,danegroupsite-012,Microsoft 365 Group,Not connected,Off,-,Teams not connected,No,No,Assigned,Public,No,User (no admin center access),https://7rkd12.sharepoint.com/teams/prj_danegroupsite-012,0.00,0.00,None,Off,1,1,8/13/2026 4:50:12 PM,3931de8a-7c84-4129-a462-61b58b10befc,No,-,-,N/A,-,N/A,N/A,-,-,-,-,-,-,-,-,-,-,-,-,-,-,-,-,-,-,-,-,-,-,-,-,-,-,-,-,-,-,-,-,-,-,-,-,-,-,-,-,-,-,-,-,-,-,-
danegroupsite-013,Cloud domain: 7rkd12.onmicrosoft.com,Cloud container: Default Group / Team / Engage community container,Cloud,dane-Group-Site-a-013@7rkd12.onmicrosoft.com,8/13/2026 2:58:40 PM,-,danegroupsite-013,Microsoft 365 Group,Not connected,Off,-,Teams not connected,No,No,Assigned,Public,No,User (no admin center access),https://7rkd12.sharepoint.com/teams/prj_danegroupsite-013,0.00,0.00,None,Off,1,1,8/13/2026 4:49:27 PM,68835061-5317-4bcc-8b3c-f0913072ce00,No,-,-,N/A,-,N/A,N/A,-,-,-,-,-,-,-,-,-,-,-,-,-,-,-,-,-,-,-,-,-,-,-,-,-,-,-,-,-,-,-,-,-,-,-,-,-,-,-,-,-,-,-,-,-,-,-
danegroupsite-014,Cloud domain: 7rkd12.onmicrosoft.com,Cloud container: Default Group / Team / Engage community container,Cloud,dane-Group-Site-a-014@7rkd12.onmicrosoft.com,8/13/2026 2:58:50 PM,-,danegroupsite-014,Microsoft 365 Group,Not connected,Off,-,Teams not connected,No,No,Assigned,Public,No,User (no admin center access),https://7rkd12.sharepoint.com/teams/dane-Group-Site-a-014,0.00,0.00,None,Off,1,1,8/13/2026 5:55:23 PM,2fccb977-0eca-4dd7-8335-7d238a7abe9b,No,-,-,N/A,-,N/A,N/A,-,-,-,-,-,-,-,-,-,-,-,-,-,-,-,-,-,-,-,-,-,-,-,-,-,-,-,-,-,-,-,-,-,-,-,-,-,-,-,-,-,-,-,-,-,-,-
danegroupsite-015,Cloud domain: 7rkd12.onmicrosoft.com,Cloud container: Default Group / Team / Engage community container,Cloud,dane-Group-Site-a-015@7rkd12.onmicrosoft.com,8/13/2026 2:58:56 PM,-,danegroupsite-015,Microsoft 365 Group,Not connected,Off,-,Teams not connected,No,No,Assigned,Public,No,User (no admin center access),https://7rkd12.sharepoint.com/teams/dane-Group-Site-a-015,0.00,0.00,None,Off,1,1,8/13/2026 6:00:27 PM,3bbfdeab-1894-413d-a919-aa1716736c0b,No,-,-,N/A,-,N/A,N/A,-,-,-,-,-,-,-,-,-,-,-,-,-,-,-,-,-,-,-,-,-,-,-,-,-,-,-,-,-,-,-,-,-,-,-,-,-,-,-,-,-,-,-,-,-,-,-
danegroupsite-017,Cloud domain: 7rkd12.onmicrosoft.com,Cloud container: Default Group / Team / Engage community container,Cloud,dane-Group-Site-a-017@7rkd12.onmicrosoft.com,8/13/2026 3:02:25 PM,-,danegroupsite-017,Microsoft 365 Group,Not connected,Off,-,Teams not connected,No,No,Assigned,Public,No,User (no admin center access),https://7rkd12.sharepoint.com/teams/dane-Group-Site-a-017,0.00,0.00,None,Off,1,1,8/13/2026 6:04:29 PM,7a4b84a8-f2c3-4d26-a0c5-433397a119f9,No,-,-,N/A,-,N/A,N/A,-,-,-,-,-,-,-,-,-,-,-,-,-,-,-,-,-,-,-,-,-,-,-,-,-,-,-,-,-,-,-,-,-,-,-,-,-,-,-,-,-,-,-,-,-,-,-
danegroupsite-018,Cloud domain: 7rkd12.onmicrosoft.com,Cloud container: Default Group / Team / Engage community container,Cloud,dane-Group-Site-a-018@7rkd12.onmicrosoft.com,8/13/2026 3:02:32 PM,-,danegroupsite-018,Microsoft 365 Group,Not connected,Off,-,Teams not connected,No,No,Assigned,Public,No,User (no admin center access),https://7rkd12.sharepoint.com/teams/prj_danegroupsite-018,0.00,0.00,None,Off,1,1,8/13/2026 6:00:13 PM,fc56b6e7-eb82-4d2b-a789-97d34e4519de,No,-,-,N/A,-,N/A,N/A,-,-,-,-,-,-,-,-,-,-,-,-,-,-,-,-,-,-,-,-,-,-,-,-,-,-,-,-,-,-,-,-,-,-,-,-,-,-,-,-,-,-,-,-,-,-,-
danegroupsite-019,Cloud domain: 7rkd12.onmicrosoft.com,Cloud container: Default Group / Team / Engage community container,Cloud,dane-Group-Site-a-019@7rkd12.onmicrosoft.com,8/13/2026 3:02:42 PM,-,danegroupsite-019,Microsoft 365 Group,Not connected,Off,-,Teams not connected,No,No,Assigned,Public,No,User (no admin center access),https://7rkd12.sharepoint.com/teams/prj_danegroupsite-019,0.00,0.00,None,Off,1,1,8/13/2026 4:50:18 PM,6214019f-b054-4448-a2fd-973d6c929caa,No,-,-,N/A,-,N/A,N/A,-,-,-,-,-,-,-,-,-,-,-,-,-,-,-,-,-,-,-,-,-,-,-,-,-,-,-,-,-,-,-,-,-,-,-,-,-,-,-,-,-,-,-,-,-,-,-
danegroupsite-020,Cloud domain: 7rkd12.onmicrosoft.com,Cloud container: Default Group / Team / Engage community container,Cloud,dane-Group-Site-a-020@7rkd12.onmicrosoft.com,8/13/2026 3:02:52 PM,-,danegroupsite-020,Microsoft 365 Group,Not connected,Off,-,Teams not connected,No,No,Assigned,Public,No,User (no admin center access),https://7rkd12.sharepoint.com/teams/prj_danegroupsite-020,0.00,0.00,None,Off,1,1,8/13/2026 5:55:12 PM,5644d4ef-6e5d-40e5-b8d8-61be71c0f9e8,No,-,-,N/A,-,N/A,N/A,-,-,-,-,-,-,-,-,-,-,-,-,-,-,-,-,-,-,-,-,-,-,-,-,-,-,-,-,-,-,-,-,-,-,-,-,-,-,-,-,-,-,-,-,-,-,-
danegroupsite-021,Cloud domain: 7rkd12.onmicrosoft.com,Cloud container: Default Group / Team / Engage community container,Cloud,dane-Group-Site-a-021@7rkd12.onmicrosoft.com,8/13/2026 3:03:02 PM,-,danegroupsite-021,Microsoft 365 Group,Not connected,Off,-,Teams not connected,No,No,Assigned,Public,No,User (no admin center access),https://7rkd12.sharepoint.com/teams/prj_danegroupsite-021,0.00,0.00,None,Off,1,1,8/13/2026 4:50:28 PM,95a6735b-ad26-4823-a81e-11a9bf6a2763,No,-,-,N/A,-,N/A,N/A,-,-,-,-,-,-,-,-,-,-,-,-,-,-,-,-,-,-,-,-,-,-,-,-,-,-,-,-,-,-,-,-,-,-,-,-,-,-,-,-,-,-,-,-,-,-,-
danegroupsite-022,Cloud domain: 7rkd12.onmicrosoft.com,Cloud container: Default Group / Team / Engage community container,Cloud,dane-Group-Site-a-022@7rkd12.onmicrosoft.com,8/13/2026 3:03:12 PM,-,danegroupsite-022,Microsoft 365 Group,Not connected,Off,-,Teams not connected,No,No,Assigned,Public,No,User (no admin center access),https://7rkd12.sharepoint.com/teams/prj_danegroupsite-022,0.00,0.00,None,Off,1,1,8/13/2026 6:05:50 PM,c32a833d-6796-4a08-aea0-762e05d7eca5,No,-,-,N/A,-,N/A,N/A,-,-,-,-,-,-,-,-,-,-,-,-,-,-,-,-,-,-,-,-,-,-,-,-,-,-,-,-,-,-,-,-,-,-,-,-,-,-,-,-,-,-,-,-,-,-,-
danegroupsite-023,Cloud domain: 7rkd12.onmicrosoft.com,Cloud container: Default Group / Team / Engage community container,Cloud,dane-Group-Site-a-023@7rkd12.onmicrosoft.com,8/13/2026 3:03:21 PM,-,danegroupsite-023,Microsoft 365 Group,Not connected,Off,-,Teams not connected,No,No,Assigned,Public,No,User (no admin center access),https://7rkd12.sharepoint.com/teams/prj_danegroupsite-023,0.00,0.00,None,Off,1,1,8/13/2026 5:50:21 PM,e476d74e-035b-436a-95e0-b39ed8395cf2,No,-,-,N/A,-,N/A,N/A,-,-,-,-,-,-,-,-,-,-,-,-,-,-,-,-,-,-,-,-,-,-,-,-,-,-,-,-,-,-,-,-,-,-,-,-,-,-,-,-,-,-,-,-,-,-,-
danegroupsite-024,Cloud domain: 7rkd12.onmicrosoft.com,Cloud container: Default Group / Team / Engage community container,Cloud,dane-Group-Site-a-024@7rkd12.onmicrosoft.com,8/13/2026 3:03:31 PM,-,danegroupsite-024,Microsoft 365 Group,Not connected,Off,-,Teams not connected,No,No,Assigned,Public,No,User (no admin center access),https://7rkd12.sharepoint.com/teams/prj_danegroupsite-024,0.00,0.00,None,Off,1,1,8/13/2026 6:03:02 PM,17f341e6-7dd9-4347-9f55-71e9da97b973,No,-,-,N/A,-,N/A,N/A,-,-,-,-,-,-,-,-,-,-,-,-,-,-,-,-,-,-,-,-,-,-,-,-,-,-,-,-,-,-,-,-,-,-,-,-,-,-,-,-,-,-,-,-,-,-,-
danegroupsite-025,Cloud domain: 7rkd12.onmicrosoft.com,Cloud container: Default Group / Team / Engage community container,Cloud,dane-Group-Site-a-025@7rkd12.onmicrosoft.com,8/13/2026 3:03:40 PM,-,danegroupsite-025,Microsoft 365 Group,Not connected,Off,-,Teams not connected,No,No,Assigned,Public,No,User (no admin center access),https://7rkd12.sharepoint.com/teams/prj_danegroupsite-025,0.00,0.00,None,Off,1,1,8/13/2026 5:46:12 PM,9cee47c2-9833-4f60-aa94-7fdcb94a37f8,No,-,-,N/A,-,N/A,N/A,-,-,-,-,-,-,-,-,-,-,-,-,-,-,-,-,-,-,-,-,-,-,-,-,-,-,-,-,-,-,-,-,-,-,-,-,-,-,-,-,-,-,-,-,-,-,-
danegroupsite-026,Cloud domain: 7rkd12.onmicrosoft.com,Cloud container: Default Group / Team / Engage community container,Cloud,dane-Group-Site-a-026@7rkd12.onmicrosoft.com,8/13/2026 3:03:52 PM,-,danegroupsite-026,Microsoft 365 Group,Not connected,Off,-,Teams not connected,No,No,Assigned,Public,No,User (no admin center access),https://7rkd12.sharepoint.com/teams/prj_danegroupsite-026,0.00,0.00,None,Off,1,1,8/13/2026 6:02:06 PM,de8c1cb2-9726-4683-aeac-76ef8bca3e04,No,-,-,N/A,-,N/A,N/A,-,-,-,-,-,-,-,-,-,-,-,-,-,-,-,-,-,-,-,-,-,-,-,-,-,-,-,-,-,-,-,-,-,-,-,-,-,-,-,-,-,-,-,-,-,-,-
danegroupsite-027,Cloud domain: 7rkd12.onmicrosoft.com,Cloud container: Default Group / Team / Engage community container,Cloud,dane-Group-Site-a-027@7rkd12.onmicrosoft.com,8/13/2026 3:04:01 PM,-,danegroupsite-027,Microsoft 365 Group,Not connected,Off,-,Teams not connected,No,No,Assigned,Public,No,User (no admin center access),https://7rkd12.sharepoint.com/teams/prj_danegroupsite-027,0.00,0.00,None,Off,1,1,8/13/2026 6:03:44 PM,09053ab8-b991-43e4-8f0a-56763b8dab3e,No,-,-,N/A,-,N/A,N/A,-,-,-,-,-,-,-,-,-,-,-,-,-,-,-,-,-,-,-,-,-,-,-,-,-,-,-,-,-,-,-,-,-,-,-,-,-,-,-,-,-,-,-,-,-,-,-
danegroupsite-028,Cloud domain: 7rkd12.onmicrosoft.com,Cloud container: Default Group / Team / Engage community container,Cloud,dane-Group-Site-a-028@7rkd12.onmicrosoft.com,8/13/2026 3:04:11 PM,-,danegroupsite-028,Microsoft 365 Group,Not connected,Off,-,Teams not connected,No,No,Assigned,Public,No,User (no admin center access),https://7rkd12.sharepoint.com/teams/dane-Group-Site-a-028,0.00,0.00,None,Off,1,1,8/13/2026 6:01:43 PM,39efe0a5-5c42-4136-9623-650c10e2d55e,No,-,-,N/A,-,N/A,N/A,-,-,-,-,-,-,-,-,-,-,-,-,-,-,-,-,-,-,-,-,-,-,-,-,-,-,-,-,-,-,-,-,-,-,-,-,-,-,-,-,-,-,-,-,-,-,-
danegroupsite-029,Cloud domain: 7rkd12.onmicrosoft.com,Cloud container: Default Group / Team / Engage community container,Cloud,dane-Group-Site-a-029@7rkd12.onmicrosoft.com,8/13/2026 3:04:17 PM,-,danegroupsite-029,Microsoft 365 Group,Not connected,Off,-,Teams not connected,No,No,Assigned,Public,No,User (no admin center access),https://7rkd12.sharepoint.com/teams/dane-Group-Site-a-029,0.00,0.00,None,Off,1,1,8/13/2026 6:03:23 PM,77651962-d029-48ac-be07-c4ce1a4cdc66,No,-,-,N/A,-,N/A,N/A,-,-,-,-,-,-,-,-,-,-,-,-,-,-,-,-,-,-,-,-,-,-,-,-,-,-,-,-,-,-,-,-,-,-,-,-,-,-,-,-,-,-,-,-,-,-,-
danegroupsite-030,Cloud domain: 7rkd12.onmicrosoft.com,Cloud container: Default Group / Team / Engage community container,Cloud,dane-Group-Site-a-030@7rkd12.onmicrosoft.com,8/13/2026 3:04:23 PM,-,danegroupsite-030,Microsoft 365 Group,Not connected,Off,-,Teams not connected,No,No,Assigned,Public,No,User (no admin center access),https://7rkd12.sharepoint.com/teams/dane-Group-Site-a-030,0.00,0.00,None,Off,1,1,8/13/2026 6:00:51 PM,401dbdd9-d607-4a53-913a-3ba3ec2b7043,No,-,-,N/A,-,N/A,N/A,-,-,-,-,-,-,-,-,-,-,-,-,-,-,-,-,-,-,-,-,-,-,-,-,-,-,-,-,-,-,-,-,-,-,-,-,-,-,-,-,-,-,-,-,-,-,-
danegroupsite-031,Cloud domain: 7rkd12.onmicrosoft.com,Cloud container: Default Group / Team / Engage community container,Cloud,dane-Group-Site-a-031@7rkd12.onmicrosoft.com,8/13/2026 3:04:29 PM,-,danegroupsite-031,Microsoft 365 Group,Not connected,Off,-,Teams not connected,No,No,Assigned,Public,No,User (no admin center access),https://7rkd12.sharepoint.com/teams/dane-Group-Site-a-031,0.00,0.00,None,Off,1,1,8/13/2026 6:06:36 PM,bd87b31a-ea8d-4948-af8f-46d9e6bfb7f2,No,-,-,N/A,-,N/A,N/A,-,-,-,-,-,-,-,-,-,-,-,-,-,-,-,-,-,-,-,-,-,-,-,-,-,-,-,-,-,-,-,-,-,-,-,-,-,-,-,-,-,-,-,-,-,-,-
danegroupsite-032,Cloud domain: 7rkd12.onmicrosoft.com,Cloud container: Default Group / Team / Engage community container,Cloud,dane-Group-Site-a-032@7rkd12.onmicrosoft.com,8/13/2026 3:04:35 PM,-,danegroupsite-032,Microsoft 365 Group,Not connected,Off,-,Teams not connected,No,No,Assigned,Public,No,User (no admin center access),https://7rkd12.sharepoint.com/teams/prj_danegroupsite-032,0.00,0.00,None,Off,1,1,8/13/2026 6:01:15 PM,f10d97a4-ed86-40c3-b84d-235f4a7f193b,No,-,-,N/A,-,N/A,N/A,-,-,-,-,-,-,-,-,-,-,-,-,-,-,-,-,-,-,-,-,-,-,-,-,-,-,-,-,-,-,-,-,-,-,-,-,-,-,-,-,-,-,-,-,-,-,-
danegroupsite-033,Cloud domain: 7rkd12.onmicrosoft.com,Cloud container: Default Group / Team / Engage community container,Cloud,dane-Group-Site-a-033@7rkd12.onmicrosoft.com,8/13/2026 3:04:46 PM,-,danegroupsite-033,Microsoft 365 Group,Not connected,Off,-,Teams not connected,No,No,Assigned,Public,No,User (no admin center access),https://7rkd12.sharepoint.com/teams/prj_danegroupsite-033,0.00,0.00,None,Off,1,1,8/13/2026 6:02:41 PM,92bdf812-7465-4458-a927-0d328f39dfe8,No,-,-,N/A,-,N/A,N/A,-,-,-,-,-,-,-,-,-,-,-,-,-,-,-,-,-,-,-,-,-,-,-,-,-,-,-,-,-,-,-,-,-,-,-,-,-,-,-,-,-,-,-,-,-,-,-
danegroupsite-034,Cloud domain: 7rkd12.onmicrosoft.com,Cloud container: Default Group / Team / Engage community container,Cloud,dane-Group-Site-a-034@7rkd12.onmicrosoft.com,8/13/2026 3:04:56 PM,-,danegroupsite-034,Microsoft 365 Group,Not connected,Off,-,Teams not connected,No,No,Assigned,Public,No,User (no admin center access),https://7rkd12.sharepoint.com/teams/prj_danegroupsite-034,0.00,0.00,None,Off,1,1,8/13/2026 6:09:45 PM,e04a9d95-6d39-4c5f-95f1-5ee435f18ae0,No,-,-,N/A,-,N/A,N/A,-,-,-,-,-,-,-,-,-,-,-,-,-,-,-,-,-,-,-,-,-,-,-,-,-,-,-,-,-,-,-,-,-,-,-,-,-,-,-,-,-,-,-,-,-,-,-
danegroupsite-035,Cloud domain: 7rkd12.onmicrosoft.com,Cloud container: Default Group / Team / Engage community container,Cloud,dane-Group-Site-a-035@7rkd12.onmicrosoft.com,8/13/2026 3:05:06 PM,-,danegroupsite-035,Microsoft 365 Group,Not connected,Off,-,Teams not connected,No,No,Assigned,Public,No,User (no admin center access),https://7rkd12.sharepoint.com/teams/dane-Group-Site-a-035,0.00,0.00,None,Off,1,1,8/13/2026 6:06:14 PM,2032e11e-b4a2-45ef-a70d-9b83942bbdfc,No,-,-,N/A,-,N/A,N/A,-,-,-,-,-,-,-,-,-,-,-,-,-,-,-,-,-,-,-,-,-,-,-,-,-,-,-,-,-,-,-,-,-,-,-,-,-,-,-,-,-,-,-,-,-,-,-
danegroupsite-036,Cloud domain: 7rkd12.onmicrosoft.com,Cloud container: Default Group / Team / Engage community container,Cloud,dane-Group-Site-a-036@7rkd12.onmicrosoft.com,8/13/2026 3:05:12 PM,-,danegroupsite-036,Microsoft 365 Group,Not connected,Off,-,Teams not connected,No,No,Assigned,Public,No,User (no admin center access),https://7rkd12.sharepoint.com/teams/prj_danegroupsite-036,0.00,0.00,None,Off,1,1,8/13/2026 6:05:10 PM,85bbd450-34a9-41f4-97f1-39a0079e7303,No,-,-,N/A,-,N/A,N/A,-,-,-,-,-,-,-,-,-,-,-,-,-,-,-,-,-,-,-,-,-,-,-,-,-,-,-,-,-,-,-,-,-,-,-,-,-,-,-,-,-,-,-,-,-,-,-
danegroupsite-037,Cloud domain: 7rkd12.onmicrosoft.com,Cloud container: Default Group / Team / Engage community container,Cloud,dane-Group-Site-a-037@7rkd12.onmicrosoft.com,8/13/2026 3:05:22 PM,-,danegroupsite-037,Microsoft 365 Group,Not connected,Off,-,Teams not connected,No,No,Assigned,Public,No,User (no admin center access),https://7rkd12.sharepoint.com/teams/prj_danegroupsite-037,0.00,0.00,None,Off,1,1,8/13/2026 6:05:31 PM,8aeaf835-0cf1-462b-a930-65196a0f5f99,No,-,-,N/A,-,N/A,N/A,-,-,-,-,-,-,-,-,-,-,-,-,-,-,-,-,-,-,-,-,-,-,-,-,-,-,-,-,-,-,-,-,-,-,-,-,-,-,-,-,-,-,-,-,-,-,-
danegroupsite-038,Cloud domain: 7rkd12.onmicrosoft.com,Cloud container: Default Group / Team / Engage community container,Cloud,dane-Group-Site-a-038@7rkd12.onmicrosoft.com,8/13/2026 3:05:32 PM,-,danegroupsite-038,Microsoft 365 Group,Not connected,Off,-,Teams not connected,No,No,Assigned,Public,No,User (no admin center access),https://7rkd12.sharepoint.com/teams/dane-Group-Site-a-038,0.00,0.00,None,Off,1,1,8/13/2026 6:09:26 PM,01edeb8b-77fd-471f-8990-7c3513475d9c,No,-,-,N/A,-,N/A,N/A,-,-,-,-,-,-,-,-,-,-,-,-,-,-,-,-,-,-,-,-,-,-,-,-,-,-,-,-,-,-,-,-,-,-,-,-,-,-,-,-,-,-,-,-,-,-,-
danegroupsite-039,Cloud domain: 7rkd12.onmicrosoft.com,Cloud container: Default Group / Team / Engage community container,Cloud,dane-Group-Site-a-039@7rkd12.onmicrosoft.com,8/13/2026 3:05:38 PM,-,danegroupsite-039,Microsoft 365 Group,Not connected,Off,-,Teams not connected,No,No,Assigned,Public,No,User (no admin center access),https://7rkd12.sharepoint.com/teams/dane-Group-Site-a-039,0.00,0.00,None,Off,1,1,8/13/2026 6:04:07 PM,93e80da5-fedc-47b8-a9a1-f4adade578cc,No,-,-,N/A,-,N/A,N/A,-,-,-,-,-,-,-,-,-,-,-,-,-,-,-,-,-,-,-,-,-,-,-,-,-,-,-,-,-,-,-,-,-,-,-,-,-,-,-,-,-,-,-,-,-,-,-
danegroupsite-040,Cloud domain: 7rkd12.onmicrosoft.com,Cloud container: Default Group / Team / Engage community container,Cloud,dane-Group-Site-a-040@7rkd12.onmicrosoft.com,8/13/2026 3:05:44 PM,-,danegroupsite-040,Microsoft 365 Group,Not connected,Off,-,Teams not connected,No,No,Assigned,Public,No,User (no admin center access),https://7rkd12.sharepoint.com/teams/prj_danegroupsite-040,0.00,0.00,None,Off,1,1,8/13/2026 6:04:51 PM,c1361e1b-4f6d-4f62-886d-101305224062,No,-,-,N/A,-,N/A,N/A,-,-,-,-,-,-,-,-,-,-,-,-,-,-,-,-,-,-,-,-,-,-,-,-,-,-,-,-,-,-,-,-,-,-,-,-,-,-,-,-,-,-,-,-,-,-,-
danegroupsite-041,Cloud domain: 7rkd12.onmicrosoft.com,Cloud container: Default Group / Team / Engage community container,Cloud,dane-Group-Site-a-041@7rkd12.onmicrosoft.com,8/13/2026 3:05:55 PM,-,danegroupsite-041,Microsoft 365 Group,Not connected,Off,-,Teams not connected,No,No,Assigned,Public,No,User (no admin center access),https://7rkd12.sharepoint.com/teams/dane-Group-Site-a-041,0.00,0.00,None,Off,1,1,8/13/2026 6:10:02 PM,66a808a2-81ee-45b4-ac9e-0a98e40add6b,No,-,-,N/A,-,N/A,N/A,-,-,-,-,-,-,-,-,-,-,-,-,-,-,-,-,-,-,-,-,-,-,-,-,-,-,-,-,-,-,-,-,-,-,-,-,-,-,-,-,-,-,-,-,-,-,-
danegroupsite-042,Cloud domain: 7rkd12.onmicrosoft.com,Cloud container: Default Group / Team / Engage community container,Cloud,dane-Group-Site-a-042@7rkd12.onmicrosoft.com,8/13/2026 3:06:00 PM,-,danegroupsite-042,Microsoft 365 Group,Not connected,Off,-,Teams not connected,No,No,Assigned,Public,No,User (no admin center access),https://7rkd12.sharepoint.com/teams/prj_danegroupsite-042,0.00,0.00,None,Off,1,1,8/13/2026 6:07:35 PM,c2a58660-b930-4755-9673-aab2adac9b71,No,-,-,N/A,-,N/A,N/A,-,-,-,-,-,-,-,-,-,-,-,-,-,-,-,-,-,-,-,-,-,-,-,-,-,-,-,-,-,-,-,-,-,-,-,-,-,-,-,-,-,-,-,-,-,-,-
danegroupsite-043,Cloud domain: 7rkd12.onmicrosoft.com,Cloud container: Default Group / Team / Engage community container,Cloud,dane-Group-Site-a-043@7rkd12.onmicrosoft.com,8/13/2026 3:06:11 PM,-,danegroupsite-043,Microsoft 365 Group,Not connected,Off,-,Teams not connected,No,No,Assigned,Public,No,User (no admin center access),https://7rkd12.sharepoint.com/teams/prj_danegroupsite-043,0.00,0.00,None,Off,1,1,8/13/2026 6:07:53 PM,e045112c-8b87-4d9b-ac84-a2b399b37413,No,-,-,N/A,-,N/A,N/A,-,-,-,-,-,-,-,-,-,-,-,-,-,-,-,-,-,-,-,-,-,-,-,-,-,-,-,-,-,-,-,-,-,-,-,-,-,-,-,-,-,-,-,-,-,-,-
danegroupsite-044,Cloud domain: 7rkd12.onmicrosoft.com,Cloud container: Default Group / Team / Engage community container,Cloud,dane-Group-Site-a-044@7rkd12.onmicrosoft.com,8/13/2026 3:06:21 PM,-,danegroupsite-044,Microsoft 365 Group,Not connected,Off,-,Teams not connected,No,No,Assigned,Public,No,User (no admin center access),https://7rkd12.sharepoint.com/teams/prj_danegroupsite-044,0.00,0.00,None,Off,1,1,8/13/2026 6:08:30 PM,9f4b197d-090c-4403-a770-7c4a69225fa6,No,-,-,N/A,-,N/A,N/A,-,-,-,-,-,-,-,-,-,-,-,-,-,-,-,-,-,-,-,-,-,-,-,-,-,-,-,-,-,-,-,-,-,-,-,-,-,-,-,-,-,-,-,-,-,-,-
danegroupsite-045,Cloud domain: 7rkd12.onmicrosoft.com,Cloud container: Default Group / Team / Engage community container,Cloud,dane-Group-Site-a-045@7rkd12.onmicrosoft.com,8/13/2026 3:06:31 PM,-,danegroupsite-045,Microsoft 365 Group,Not connected,Off,-,Teams not connected,No,No,Assigned,Public,No,User (no admin center access),https://7rkd12.sharepoint.com/teams/prj_danegroupsite-045,0.00,0.00,None,Off,1,1,8/13/2026 6:07:16 PM,da7656a3-f4eb-45e9-9536-eafce79388ca,No,-,-,N/A,-,N/A,N/A,-,-,-,-,-,-,-,-,-,-,-,-,-,-,-,-,-,-,-,-,-,-,-,-,-,-,-,-,-,-,-,-,-,-,-,-,-,-,-,-,-,-,-,-,-,-,-
danegroupsite-046,Cloud domain: 7rkd12.onmicrosoft.com,Cloud container: Default Group / Team / Engage community container,Cloud,dane-Group-Site-a-046@7rkd12.onmicrosoft.com,8/13/2026 3:06:41 PM,-,danegroupsite-046,Microsoft 365 Group,Not connected,Off,-,Teams not connected,No,No,Assigned,Public,No,User (no admin center access),https://7rkd12.sharepoint.com/teams/prj_danegroupsite-046,0.00,0.00,None,Off,1,1,8/13/2026 6:08:49 PM,18dfbabf-e3bd-41ad-af70-4a73576278b5,No,-,-,N/A,-,N/A,N/A,-,-,-,-,-,-,-,-,-,-,-,-,-,-,-,-,-,-,-,-,-,-,-,-,-,-,-,-,-,-,-,-,-,-,-,-,-,-,-,-,-,-,-,-,-,-,-
danegroupsite-047,Cloud domain: 7rkd12.onmicrosoft.com,Cloud container: Default Group / Team / Engage community container,Cloud,dane-Group-Site-a-047@7rkd12.onmicrosoft.com,8/13/2026 3:06:51 PM,-,danegroupsite-047,Microsoft 365 Group,Not connected,Off,-,Teams not connected,No,No,Assigned,Public,No,User (no admin center access),https://7rkd12.sharepoint.com/teams/prj_danegroupsite-047,0.00,0.00,None,Off,1,1,8/13/2026 6:06:58 PM,a3fbe6a3-a83d-4978-9f96-3febe0a37f2d,No,-,-,N/A,-,N/A,N/A,-,-,-,-,-,-,-,-,-,-,-,-,-,-,-,-,-,-,-,-,-,-,-,-,-,-,-,-,-,-,-,-,-,-,-,-,-,-,-,-,-,-,-,-,-,-,-
danegroupsite-048,Cloud domain: 7rkd12.onmicrosoft.com,Cloud container: Default Group / Team / Engage community container,Cloud,dane-Group-Site-a-048@7rkd12.onmicrosoft.com,8/13/2026 3:07:00 PM,-,danegroupsite-048,Microsoft 365 Group,Not connected,Off,-,Teams not connected,No,No,Assigned,Public,No,User (no admin center access),https://7rkd12.sharepoint.com/teams/prj_danegroupsite-048,0.00,0.00,None,Off,1,1,8/13/2026 6:09:07 PM,65f928ca-7584-4b93-91ce-01b29abb2665,No,-,-,N/A,-,N/A,N/A,-,-,-,-,-,-,-,-,-,-,-,-,-,-,-,-,-,-,-,-,-,-,-,-,-,-,-,-,-,-,-,-,-,-,-,-,-,-,-,-,-,-,-,-,-,-,-
danegroupsite-049,Cloud domain: 7rkd12.onmicrosoft.com,Cloud container: Default Group / Team / Engage community container,Cloud,dane-Group-Site-a-049@7rkd12.onmicrosoft.com,8/13/2026 3:07:10 PM,-,danegroupsite-049,Microsoft 365 Group,Not connected,Off,-,Teams not connected,No,No,Assigned,Public,No,User (no admin center access),https://7rkd12.sharepoint.com/teams/prj_danegroupsite-049,0.00,0.00,None,Off,1,1,8/13/2026 6:08:11 PM,0f144f29-0ed1-404e-bb32-91d821e0ccf8,No,-,-,N/A,-,N/A,N/A,-,-,-,-,-,-,-,-,-,-,-,-,-,-,-,-,-,-,-,-,-,-,-,-,-,-,-,-,-,-,-,-,-,-,-,-,-,-,-,-,-,-,-,-,-,-,-
danegroupsite-050,Cloud domain: 7rkd12.onmicrosoft.com,Cloud container: Default Group / Team / Engage community container,Cloud,dane-Group-Site-a-050@7rkd12.onmicrosoft.com,8/13/2026 3:51:53 PM,-,danegroupsite-050,Microsoft 365 Group,Not connected,Off,-,Teams connected,No,No,Assigned,Public,No,User (no admin center access),https://7rkd12.sharepoint.com/teams/prj_danegroupsite-050,0.00,0.00,None,Off,1,1,8/13/2026 6:38:02 PM,642caa6b-7f6b-416f-bfeb-e948eadce7a4,No,-,-,N/A,-,N/A,N/A,-,-,-,-,-,-,-,-,-,-,-,-,-,-,-,-,-,-,-,-,-,-,-,-,-,-,-,-,-,-,-,-,-,-,-,-,-,-,-,-,-,-,-,-,-,-,-
danegroupsite-051,Cloud domain: 7rkd12.onmicrosoft.com,Cloud container: Default Group / Team / Engage community container,Cloud,dane-Group-Site-a-051@7rkd12.onmicrosoft.com,8/13/2026 3:52:04 PM,-,danegroupsite-051,Microsoft 365 Group,Not connected,Off,-,Teams connected,No,No,Assigned,Public,No,User (no admin center access),https://7rkd12.sharepoint.com/teams/prj_danegroupsite-051,0.00,0.00,None,Off,1,1,8/13/2026 6:39:05 PM,3f4040c4-4c9b-4c31-b724-b1b9e9a4dfe8,No,-,-,N/A,-,N/A,N/A,-,-,-,-,-,-,-,-,-,-,-,-,-,-,-,-,-,-,-,-,-,-,-,-,-,-,-,-,-,-,-,-,-,-,-,-,-,-,-,-,-,-,-,-,-,-,-
danegroupsite-052,Cloud domain: 7rkd12.onmicrosoft.com,Cloud container: Default Group / Team / Engage community container,Cloud,dane-Group-Site-a-052@7rkd12.onmicrosoft.com,8/13/2026 3:52:14 PM,-,danegroupsite-052,Microsoft 365 Group,Not connected,Off,-,Teams connected,No,No,Assigned,Public,No,User (no admin center access),https://7rkd12.sharepoint.com/teams/prj_danegroupsite-052,0.00,0.00,None,Off,1,1,8/13/2026 6:40:24 PM,f716ec79-a4af-4b7a-9f7c-4d6fb5816a58,No,-,-,N/A,-,N/A,N/A,-,-,-,-,-,-,-,-,-,-,-,-,-,-,-,-,-,-,-,-,-,-,-,-,-,-,-,-,-,-,-,-,-,-,-,-,-,-,-,-,-,-,-,-,-,-,-
danegroupsite-053,Cloud domain: 7rkd12.onmicrosoft.com,Cloud container: Default Group / Team / Engage community container,Cloud,dane-Group-Site-a-053@7rkd12.onmicrosoft.com,8/13/2026 3:52:26 PM,-,danegroupsite-053,Microsoft 365 Group,Not connected,Off,-,Teams connected,No,No,Assigned,Public,No,User (no admin center access),https://7rkd12.sharepoint.com/teams/prj_danegroupsite-053,0.00,0.00,None,Off,1,1,8/13/2026 6:41:03 PM,3ad44f79-0017-4767-9816-2a8b7865a178,No,-,-,N/A,-,N/A,N/A,-,-,-,-,-,-,-,-,-,-,-,-,-,-,-,-,-,-,-,-,-,-,-,-,-,-,-,-,-,-,-,-,-,-,-,-,-,-,-,-,-,-,-,-,-,-,-
danegroupsite-054,Cloud domain: 7rkd12.onmicrosoft.com,Cloud container: Default Group / Team / Engage community container,Cloud,dane-Group-Site-a-054@7rkd12.onmicrosoft.com,8/13/2026 3:52:36 PM,-,danegroupsite-054,Microsoft 365 Group,Not connected,Off,-,Teams connected,No,No,Assigned,Public,No,User (no admin center access),https://7rkd12.sharepoint.com/teams/prj_danegroupsite-054,0.00,0.00,None,Off,1,1,8/13/2026 6:38:44 PM,247670e2-e314-4caa-896f-7321fdd1a415,No,-,-,N/A,-,N/A,N/A,-,-,-,-,-,-,-,-,-,-,-,-,-,-,-,-,-,-,-,-,-,-,-,-,-,-,-,-,-,-,-,-,-,-,-,-,-,-,-,-,-,-,-,-,-,-,-
danegroupsite-055,Cloud domain: 7rkd12.onmicrosoft.com,Cloud container: Default Group / Team / Engage community container,Cloud,dane-Group-Site-a-055@7rkd12.onmicrosoft.com,8/13/2026 3:52:45 PM,-,danegroupsite-055,Microsoft 365 Group,Not connected,Off,-,Teams connected,No,No,Assigned,Public,No,User (no admin center access),https://7rkd12.sharepoint.com/teams/prj_danegroupsite-055,0.00,0.00,None,Off,1,1,8/13/2026 6:40:43 PM,89406694-045a-40cd-9aee-2f480956a3e8,No,-,-,N/A,-,N/A,N/A,-,-,-,-,-,-,-,-,-,-,-,-,-,-,-,-,-,-,-,-,-,-,-,-,-,-,-,-,-,-,-,-,-,-,-,-,-,-,-,-,-,-,-,-,-,-,-
danegroupsite-056,Cloud domain: 7rkd12.onmicrosoft.com,Cloud container: Default Group / Team / Engage community container,Cloud,dane-Group-Site-a-056@7rkd12.onmicrosoft.com,8/13/2026 3:52:56 PM,-,danegroupsite-056,Microsoft 365 Group,Not connected,Off,-,Teams connected,No,No,Assigned,Public,No,User (no admin center access),https://7rkd12.sharepoint.com/teams/prj_danegroupsite-056,0.00,0.00,None,Off,1,1,8/13/2026 6:38:23 PM,fe4923f1-637f-4346-956c-ef87499bab3d,No,-,-,N/A,-,N/A,N/A,-,-,-,-,-,-,-,-,-,-,-,-,-,-,-,-,-,-,-,-,-,-,-,-,-,-,-,-,-,-,-,-,-,-,-,-,-,-,-,-,-,-,-,-,-,-,-
danegroupsite-057,Cloud domain: 7rkd12.onmicrosoft.com,Cloud container: Default Group / Team / Engage community container,Cloud,dane-Group-Site-a-057@7rkd12.onmicrosoft.com,8/13/2026 3:53:05 PM,-,danegroupsite-057,Microsoft 365 Group,Not connected,Off,-,Teams connected,No,No,Assigned,Public,No,User (no admin center access),https://7rkd12.sharepoint.com/teams/prj_danegroupsite-057,0.00,0.00,None,Off,1,1,8/13/2026 6:42:03 PM,9c00f799-d12c-4781-b504-43dfebbdeb2e,No,-,-,N/A,-,N/A,N/A,-,-,-,-,-,-,-,-,-,-,-,-,-,-,-,-,-,-,-,-,-,-,-,-,-,-,-,-,-,-,-,-,-,-,-,-,-,-,-,-,-,-,-,-,-,-,-
danegroupsite-058,Cloud domain: 7rkd12.onmicrosoft.com,Cloud container: Default Group / Team / Engage community container,Cloud,dane-Group-Site-a-058@7rkd12.onmicrosoft.com,8/13/2026 3:53:14 PM,-,danegroupsite-058,Microsoft 365 Group,Not connected,Off,-,Teams connected,No,No,Assigned,Public,No,User (no admin center access),https://7rkd12.sharepoint.com/teams/prj_danegroupsite-058,0.00,0.00,None,Off,1,1,8/13/2026 6:42:41 PM,b3acda09-7ee1-4608-9bc1-33846ebfde46,No,-,-,N/A,-,N/A,N/A,-,-,-,-,-,-,-,-,-,-,-,-,-,-,-,-,-,-,-,-,-,-,-,-,-,-,-,-,-,-,-,-,-,-,-,-,-,-,-,-,-,-,-,-,-,-,-
danegroupsite-059,Cloud domain: 7rkd12.onmicrosoft.com,Cloud container: Default Group / Team / Engage community container,Cloud,dane-Group-Site-a-059@7rkd12.onmicrosoft.com,8/13/2026 3:53:23 PM,-,danegroupsite-059,Microsoft 365 Group,Not connected,Off,-,Teams connected,No,No,Assigned,Public,No,User (no admin center access),https://7rkd12.sharepoint.com/teams/prj_danegroupsite-059,0.00,0.00,None,Off,1,1,8/13/2026 6:39:24 PM,13121665-1859-4467-89ed-486da60f617c,No,-,-,N/A,-,N/A,N/A,-,-,-,-,-,-,-,-,-,-,-,-,-,-,-,-,-,-,-,-,-,-,-,-,-,-,-,-,-,-,-,-,-,-,-,-,-,-,-,-,-,-,-,-,-,-,-
danegroupsite-060,Cloud domain: 7rkd12.onmicrosoft.com,Cloud container: Default Group / Team / Engage community container,Cloud,dane-Group-Site-a-060@7rkd12.onmicrosoft.com,8/13/2026 4:06:30 PM,-,danegroupsite-060,Microsoft 365 Group,Not connected,Off,-,Teams connected,No,No,Assigned,Public,No,User (no admin center access),https://7rkd12.sharepoint.com/teams/prj_danegroupsite-060,0.00,0.00,None,Off,1,1,8/13/2026 6:43:17 PM,c1d71524-7265-4808-b993-9845fd10ff31,No,-,-,N/A,-,N/A,N/A,-,-,-,-,-,-,-,-,-,-,-,-,-,-,-,-,-,-,-,-,-,-,-,-,-,-,-,-,-,-,-,-,-,-,-,-,-,-,-,-,-,-,-,-,-,-,-
danegroupsite-061,Cloud domain: 7rkd12.onmicrosoft.com,Cloud container: Default Group / Team / Engage community container,Cloud,dane-Group-Site-a-061@7rkd12.onmicrosoft.com,8/13/2026 3:53:39 PM,-,danegroupsite-061,Microsoft 365 Group,Not connected,Off,-,Teams connected,No,No,Assigned,Public,No,User (no admin center access),https://7rkd12.sharepoint.com/teams/prj_danegroupsite-061,0.00,0.00,None,Off,1,1,8/13/2026 6:42:59 PM,474d0aa1-f40f-49ff-8a54-a1ad1e03b67a,No,-,-,N/A,-,N/A,N/A,-,-,-,-,-,-,-,-,-,-,-,-,-,-,-,-,-,-,-,-,-,-,-,-,-,-,-,-,-,-,-,-,-,-,-,-,-,-,-,-,-,-,-,-,-,-,-
danegroupsite-062,Cloud domain: 7rkd12.onmicrosoft.com,Cloud container: Default Group / Team / Engage community container,Cloud,dane-Group-Site-a-062@7rkd12.onmicrosoft.com,8/13/2026 3:53:49 PM,-,danegroupsite-062,Microsoft 365 Group,Not connected,Off,-,Teams connected,No,No,Assigned,Public,No,User (no admin center access),https://7rkd12.sharepoint.com/teams/prj_danegroupsite-062,0.00,0.00,None,Off,1,1,8/13/2026 4:48:12 PM,6fa90e9b-40c0-4d52-ba7f-fdf2bb135a8e,No,-,-,N/A,-,N/A,N/A,-,-,-,-,-,-,-,-,-,-,-,-,-,-,-,-,-,-,-,-,-,-,-,-,-,-,-,-,-,-,-,-,-,-,-,-,-,-,-,-,-,-,-,-,-,-,-
danegroupsite-063,Cloud domain: 7rkd12.onmicrosoft.com,Cloud container: Default Group / Team / Engage community container,Cloud,dane-Group-Site-a-063@7rkd12.onmicrosoft.com,8/13/2026 3:53:56 PM,-,danegroupsite-063,Microsoft 365 Group,Not connected,Off,-,Teams connected,No,No,Assigned,Public,No,User (no admin center access),https://7rkd12.sharepoint.com/teams/prj_danegroupsite-063,0.00,0.00,None,Off,1,1,8/13/2026 6:41:44 PM,c5ce2f08-9279-499c-bd54-86fecb40c934,No,-,-,N/A,-,N/A,N/A,-,-,-,-,-,-,-,-,-,-,-,-,-,-,-,-,-,-,-,-,-,-,-,-,-,-,-,-,-,-,-,-,-,-,-,-,-,-,-,-,-,-,-,-,-,-,-
danegroupsite-064,Cloud domain: 7rkd12.onmicrosoft.com,Cloud container: Default Group / Team / Engage community container,Cloud,dane-Group-Site-a-064@7rkd12.onmicrosoft.com,8/13/2026 3:54:07 PM,-,danegroupsite-064,Microsoft 365 Group,Not connected,Off,-,Teams connected,No,No,Assigned,Public,No,User (no admin center access),https://7rkd12.sharepoint.com/teams/prj_danegroupsite-064,0.00,0.00,None,Off,1,1,8/13/2026 6:42:22 PM,22836182-b53f-48c7-8a3b-e4f95be04259,No,-,-,N/A,-,N/A,N/A,-,-,-,-,-,-,-,-,-,-,-,-,-,-,-,-,-,-,-,-,-,-,-,-,-,-,-,-,-,-,-,-,-,-,-,-,-,-,-,-,-,-,-,-,-,-,-
danegroupsite-065,Cloud domain: 7rkd12.onmicrosoft.com,Cloud container: Default Group / Team / Engage community container,Cloud,dane-Group-Site-a-065@7rkd12.onmicrosoft.com,8/13/2026 4:06:40 PM,-,danegroupsite-065,Microsoft 365 Group,Not connected,Off,-,Teams not connected,No,No,Assigned,Public,No,User (no admin center access),https://7rkd12.sharepoint.com/teams/dane-Group-Site-a-0652,0.00,0.00,None,Off,1,1,8/13/2026 6:43:34 PM,c183f16e-361a-4837-ba7f-4b8d53d11006,No,-,-,N/A,-,N/A,N/A,-,-,-,-,-,-,-,-,-,-,-,-,-,-,-,-,-,-,-,-,-,-,-,-,-,-,-,-,-,-,-,-,-,-,-,-,-,-,-,-,-,-,-,-,-,-,-
danegroupsite-066,Cloud domain: 7rkd12.onmicrosoft.com,Cloud container: Default Group / Team / Engage community container,Cloud,dane-Group-Site-a-066@7rkd12.onmicrosoft.com,8/13/2026 3:54:43 PM,-,danegroupsite-066,Microsoft 365 Group,Not connected,Off,-,Teams connected,No,No,Assigned,Public,No,User (no admin center access),https://7rkd12.sharepoint.com/teams/prj_danegroupsite-066,0.00,0.00,None,Off,1,1,8/13/2026 6:41:26 PM,24f033f3-4935-4276-9b22-ffc7561a205a,No,-,-,N/A,-,N/A,N/A,-,-,-,-,-,-,-,-,-,-,-,-,-,-,-,-,-,-,-,-,-,-,-,-,-,-,-,-,-,-,-,-,-,-,-,-,-,-,-,-,-,-,-,-,-,-,-
danegroupsite-067,Cloud domain: 7rkd12.onmicrosoft.com,Cloud container: Default Group / Team / Engage community container,Cloud,dane-Group-Site-a-067@7rkd12.onmicrosoft.com,8/13/2026 3:54:52 PM,-,danegroupsite-067,Microsoft 365 Group,Not connected,Off,-,Teams connected,No,No,Assigned,Public,No,User (no admin center access),https://7rkd12.sharepoint.com/teams/prj_danegroupsite-067,0.00,0.00,None,Off,1,1,8/13/2026 4:45:25 PM,d62fe181-376b-49a9-8699-89949bb3eef3,No,-,-,N/A,-,N/A,N/A,-,-,-,-,-,-,-,-,-,-,-,-,-,-,-,-,-,-,-,-,-,-,-,-,-,-,-,-,-,-,-,-,-,-,-,-,-,-,-,-,-,-,-,-,-,-,-
danegroupsite-068,Cloud domain: 7rkd12.onmicrosoft.com,Cloud container: Default Group / Team / Engage community container,Cloud,dane-Group-Site-a-068@7rkd12.onmicrosoft.com,8/13/2026 3:55:00 PM,-,danegroupsite-068,Microsoft 365 Group,Not connected,Off,-,Teams connected,No,No,Assigned,Public,No,User (no admin center access),https://7rkd12.sharepoint.com/teams/prj_danegroupsite-068,0.00,0.00,None,Off,1,1,8/13/2026 4:55:32 PM,c17deea0-ec8c-4c24-8dd1-4a6cf7644096,No,-,-,N/A,-,N/A,N/A,-,-,-,-,-,-,-,-,-,-,-,-,-,-,-,-,-,-,-,-,-,-,-,-,-,-,-,-,-,-,-,-,-,-,-,-,-,-,-,-,-,-,-,-,-,-,-
danegroupsite-069,Cloud domain: 7rkd12.onmicrosoft.com,Cloud container: Default Group / Team / Engage community container,Cloud,dane-Group-Site-a-069@7rkd12.onmicrosoft.com,8/13/2026 3:55:29 PM,-,danegroupsite-069,Microsoft 365 Group,Not connected,Off,-,Teams connected,No,No,Assigned,Public,No,User (no admin center access),https://7rkd12.sharepoint.com/teams/prj_danegroupsite-069,0.00,0.00,None,Off,1,1,8/13/2026 4:56:40 PM,b8f3d231-7a19-44e6-a9cd-f209e07b3c40,No,-,-,N/A,-,N/A,N/A,-,-,-,-,-,-,-,-,-,-,-,-,-,-,-,-,-,-,-,-,-,-,-,-,-,-,-,-,-,-,-,-,-,-,-,-,-,-,-,-,-,-,-,-,-,-,-
danegroupsite-070,Cloud domain: 7rkd12.onmicrosoft.com,Cloud container: Default Group / Team / Engage community container,Cloud,dane-Group-Site-a-070@7rkd12.onmicrosoft.com,8/13/2026 3:55:37 PM,-,danegroupsite-070,Microsoft 365 Group,Not connected,Off,-,Teams connected,No,No,Assigned,Public,No,User (no admin center access),https://7rkd12.sharepoint.com/teams/prj_danegroupsite-070,0.00,0.00,None,Off,1,1,8/13/2026 6:39:43 PM,fe651122-b0c5-4be1-9183-eb55a295b2af,No,-,-,N/A,-,N/A,N/A,-,-,-,-,-,-,-,-,-,-,-,-,-,-,-,-,-,-,-,-,-,-,-,-,-,-,-,-,-,-,-,-,-,-,-,-,-,-,-,-,-,-,-,-,-,-,-
danegroupsite-071,Cloud domain: 7rkd12.onmicrosoft.com,Cloud container: Default Group / Team / Engage community container,Cloud,dane-Group-Site-a-071@7rkd12.onmicrosoft.com,8/13/2026 3:55:48 PM,-,danegroupsite-071,Microsoft 365 Group,Not connected,Off,-,Teams connected,No,No,Assigned,Public,No,User (no admin center access),https://7rkd12.sharepoint.com/teams/prj_danegroupsite-071,0.00,0.00,None,Off,1,1,8/13/2026 6:40:04 PM,ed947e1a-fb0b-4a2d-b751-aba13863cf12,No,-,-,N/A,-,N/A,N/A,-,-,-,-,-,-,-,-,-,-,-,-,-,-,-,-,-,-,-,-,-,-,-,-,-,-,-,-,-,-,-,-,-,-,-,-,-,-,-,-,-,-,-,-,-,-,-
danegroupsite-072,Cloud domain: 7rkd12.onmicrosoft.com,Cloud container: Default Group / Team / Engage community container,Cloud,dane-Group-Site-a-072@7rkd12.onmicrosoft.com,8/13/2026 4:06:46 PM,-,danegroupsite-072,Microsoft 365 Group,Not connected,Off,-,Teams not connected,No,No,Assigned,Public,No,User (no admin center access),https://7rkd12.sharepoint.com/teams/dane-Group-Site-a-0722,0.00,0.00,None,Off,1,1,8/13/2026 6:43:52 PM,8ae09513-5ccc-4c5d-ad57-db81c2268436,No,-,-,N/A,-,N/A,N/A,-,-,-,-,-,-,-,-,-,-,-,-,-,-,-,-,-,-,-,-,-,-,-,-,-,-,-,-,-,-,-,-,-,-,-,-,-,-,-,-,-,-,-,-,-,-,-
danegroupsite-073,Cloud domain: 7rkd12.onmicrosoft.com,Cloud container: Default Group / Team / Engage community container,Cloud,dane-Group-Site-a-073@7rkd12.onmicrosoft.com,8/13/2026 4:51:52 PM,-,danegroupsite-073,Microsoft 365 Group,Not connected,Off,-,Teams not connected,No,No,Assigned,Public,No,User (no admin center access),https://7rkd12.sharepoint.com/teams/prj_danegroupsite-073,0.00,0.00,None,Off,1,1,8/13/2026 5:00:18 PM,3bb47d93-bbe3-49cc-922c-a795fb24f1fe,No,-,-,N/A,-,N/A,N/A,-,-,-,-,-,-,-,-,-,-,-,-,-,-,-,-,-,-,-,-,-,-,-,-,-,-,-,-,-,-,-,-,-,-,-,-,-,-,-,-,-,-,-,-,-,-,-
danegroupsite-074,Cloud domain: 7rkd12.onmicrosoft.com,Cloud container: Default Group / Team / Engage community container,Cloud,dane-Group-Site-a-074@7rkd12.onmicrosoft.com,8/13/2026 4:51:59 PM,-,danegroupsite-074,Microsoft 365 Group,Not connected,Off,-,Teams not connected,No,No,Assigned,Public,No,User (no admin center access),https://7rkd12.sharepoint.com/teams/prj_danegroupsite-074,0.00,0.00,None,Off,1,1,8/13/2026 6:51:27 PM,03cd9afb-7b29-4909-a188-21d453e785eb,No,-,-,N/A,-,N/A,N/A,-,-,-,-,-,-,-,-,-,-,-,-,-,-,-,-,-,-,-,-,-,-,-,-,-,-,-,-,-,-,-,-,-,-,-,-,-,-,-,-,-,-,-,-,-,-,-
danegroupsite-075,Cloud domain: 7rkd12.onmicrosoft.com,Cloud container: Default Group / Team / Engage community container,Cloud,dane-Group-Site-a-075@7rkd12.onmicrosoft.com,8/13/2026 4:52:08 PM,-,danegroupsite-075,Microsoft 365 Group,Not connected,Off,-,Teams not connected,No,No,Assigned,Public,No,User (no admin center access),https://7rkd12.sharepoint.com/teams/prj_danegroupsite-075,0.00,0.00,None,Off,1,1,8/13/2026 6:51:39 PM,56b3d7ef-d063-44e3-a040-ad211a430ae8,No,-,-,N/A,-,N/A,N/A,-,-,-,-,-,-,-,-,-,-,-,-,-,-,-,-,-,-,-,-,-,-,-,-,-,-,-,-,-,-,-,-,-,-,-,-,-,-,-,-,-,-,-,-,-,-,-
danegroupsite-076,Cloud domain: 7rkd12.onmicrosoft.com,Cloud container: Default Group / Team / Engage community container,Cloud,dane-Group-Site-a-076@7rkd12.onmicrosoft.com,8/13/2026 4:52:18 PM,-,danegroupsite-076,Microsoft 365 Group,Not connected,Off,-,Teams not connected,No,No,Assigned,Public,No,User (no admin center access),https://7rkd12.sharepoint.com/teams/prj_danegroupsite-076,0.00,0.00,None,Off,1,1,8/13/2026 6:51:38 PM,7ba9db85-6c87-4606-b9c9-1d5da72ecf3b,No,-,-,N/A,-,N/A,N/A,-,-,-,-,-,-,-,-,-,-,-,-,-,-,-,-,-,-,-,-,-,-,-,-,-,-,-,-,-,-,-,-,-,-,-,-,-,-,-,-,-,-,-,-,-,-,-
danegroupsite-078,Cloud domain: 7rkd12.onmicrosoft.com,Cloud container: Default Group / Team / Engage community container,Cloud,dane-Group-Site-a-078@7rkd12.onmicrosoft.com,8/13/2026 4:52:32 PM,-,danegroupsite-078,Microsoft 365 Group,Not connected,Off,-,Teams not connected,No,No,Assigned,Public,No,User (no admin center access),https://7rkd12.sharepoint.com/teams/prj_danegroupsite-078,0.00,0.00,None,Off,1,1,8/13/2026 6:51:27 PM,20ac25d3-66ef-4ea0-9310-fcaa7e6df160,No,-,-,N/A,-,N/A,N/A,-,-,-,-,-,-,-,-,-,-,-,-,-,-,-,-,-,-,-,-,-,-,-,-,-,-,-,-,-,-,-,-,-,-,-,-,-,-,-,-,-,-,-,-,-,-,-
danegroupsite-079,Cloud domain: 7rkd12.onmicrosoft.com,Cloud container: Default Group / Team / Engage community container,Cloud,dane-Group-Site-a-079@7rkd12.onmicrosoft.com,8/13/2026 4:52:41 PM,-,danegroupsite-079,Microsoft 365 Group,Not connected,Off,-,Teams not connected,No,No,Assigned,Public,No,User (no admin center access),https://7rkd12.sharepoint.com/teams/prj_danegroupsite-079,0.00,0.00,None,Off,1,1,8/13/2026 6:51:22 PM,3e3c3617-c5ca-4078-8be0-b2bdac2423b7,No,-,-,N/A,-,N/A,N/A,-,-,-,-,-,-,-,-,-,-,-,-,-,-,-,-,-,-,-,-,-,-,-,-,-,-,-,-,-,-,-,-,-,-,-,-,-,-,-,-,-,-,-,-,-,-,-
danegroupsite-080,Cloud domain: 7rkd12.onmicrosoft.com,Cloud container: Default Group / Team / Engage community container,Cloud,dane-Group-Site-a-080@7rkd12.onmicrosoft.com,8/13/2026 4:52:50 PM,-,danegroupsite-080,Microsoft 365 Group,Not connected,Off,-,Teams not connected,No,No,Assigned,Public,No,User (no admin center access),https://7rkd12.sharepoint.com/teams/prj_danegroupsite-080,0.00,0.00,None,Off,1,1,8/13/2026 6:51:37 PM,4279aae6-8db7-4d0a-9174-d70ee0eb32d8,No,-,-,N/A,-,N/A,N/A,-,-,-,-,-,-,-,-,-,-,-,-,-,-,-,-,-,-,-,-,-,-,-,-,-,-,-,-,-,-,-,-,-,-,-,-,-,-,-,-,-,-,-,-,-,-,-
danegroupsite-082,Cloud domain: 7rkd12.onmicrosoft.com,Cloud container: Default Group / Team / Engage community container,Cloud,dane-Group-Site-a-082@7rkd12.onmicrosoft.com,8/13/2026 4:53:05 PM,-,danegroupsite-082,Microsoft 365 Group,Not connected,Off,-,Teams not connected,No,No,Assigned,Public,No,User (no admin center access),https://7rkd12.sharepoint.com/teams/prj_danegroupsite-082,0.00,0.00,None,Off,1,1,8/13/2026 7:38:10 PM,09a697dc-980e-4bf5-99c9-d3d97d2722ff,No,-,-,N/A,-,N/A,N/A,-,-,-,-,-,-,-,-,-,-,-,-,-,-,-,-,-,-,-,-,-,-,-,-,-,-,-,-,-,-,-,-,-,-,-,-,-,-,-,-,-,-,-,-,-,-,-
danegroupsite-083,Cloud domain: 7rkd12.onmicrosoft.com,Cloud container: Default Group / Team / Engage community container,Cloud,dane-Group-Site-a-083@7rkd12.onmicrosoft.com,8/13/2026 4:53:12 PM,-,danegroupsite-083,Microsoft 365 Group,Not connected,Off,-,Teams not connected,No,No,Assigned,Public,No,User (no admin center access),https://7rkd12.sharepoint.com/teams/prj_danegroupsite-083,0.00,0.00,None,Off,1,1,8/13/2026 6:51:29 PM,8c3dc551-f299-4306-ac59-fcafca556b61,No,-,-,N/A,-,N/A,N/A,-,-,-,-,-,-,-,-,-,-,-,-,-,-,-,-,-,-,-,-,-,-,-,-,-,-,-,-,-,-,-,-,-,-,-,-,-,-,-,-,-,-,-,-,-,-,-
danegroupsite-084,Cloud domain: 7rkd12.onmicrosoft.com,Cloud container: Default Group / Team / Engage community container,Cloud,dane-Group-Site-a-084@7rkd12.onmicrosoft.com,8/13/2026 4:53:22 PM,-,danegroupsite-084,Microsoft 365 Group,Not connected,Off,-,Teams not connected,No,No,Assigned,Public,No,User (no admin center access),https://7rkd12.sharepoint.com/teams/prj_danegroupsite-084,0.00,0.00,None,Off,1,1,8/13/2026 6:51:33 PM,63f35603-e351-4f68-a3ca-ec911ac4bc05,No,-,-,N/A,-,N/A,N/A,-,-,-,-,-,-,-,-,-,-,-,-,-,-,-,-,-,-,-,-,-,-,-,-,-,-,-,-,-,-,-,-,-,-,-,-,-,-,-,-,-,-,-,-,-,-,-
danegroupsite-088,Cloud domain: 7rkd12.onmicrosoft.com,Cloud container: Default Group / Team / Engage community container,Cloud,dane-Group-Site-a-088@7rkd12.onmicrosoft.com,8/13/2026 4:53:48 PM,-,danegroupsite-088,Microsoft 365 Group,Not connected,Off,-,Teams not connected,No,No,Assigned,Public,No,User (no admin center access),https://7rkd12.sharepoint.com/teams/prj_danegroupsite-088,0.00,0.00,None,Off,1,1,8/13/2026 7:37:44 PM,c3f45974-71d0-4fd8-9211-02467829d770,No,-,-,N/A,-,N/A,N/A,-,-,-,-,-,-,-,-,-,-,-,-,-,-,-,-,-,-,-,-,-,-,-,-,-,-,-,-,-,-,-,-,-,-,-,-,-,-,-,-,-,-,-,-,-,-,-
danegroupsite-091,Cloud domain: 7rkd12.onmicrosoft.com,Cloud container: Default Group / Team / Engage community container,Cloud,dane-Group-Site-a-091@7rkd12.onmicrosoft.com,8/13/2026 4:54:07 PM,-,danegroupsite-091,Microsoft 365 Group,Not connected,Off,-,Teams not connected,No,No,Assigned,Public,No,User (no admin center access),https://7rkd12.sharepoint.com/teams/prj_danegroupsite-091,0.00,0.00,None,Off,1,1,8/13/2026 6:51:36 PM,645c9ed2-3c33-41b9-859b-c647df73f781,No,-,-,N/A,-,N/A,N/A,-,-,-,-,-,-,-,-,-,-,-,-,-,-,-,-,-,-,-,-,-,-,-,-,-,-,-,-,-,-,-,-,-,-,-,-,-,-,-,-,-,-,-,-,-,-,-
danegroupsite-092,Cloud domain: 7rkd12.onmicrosoft.com,Cloud container: Default Group / Team / Engage community container,Cloud,dane-Group-Site-a-092@7rkd12.onmicrosoft.com,8/13/2026 4:54:16 PM,-,danegroupsite-092,Microsoft 365 Group,Not connected,Off,-,Teams not connected,No,No,Assigned,Public,No,User (no admin center access),https://7rkd12.sharepoint.com/teams/prj_danegroupsite-092,0.00,0.00,None,Off,1,1,8/13/2026 6:51:30 PM,ac0728f2-242e-4450-a49f-91fb31fcdf2d,No,-,-,N/A,-,N/A,N/A,-,-,-,-,-,-,-,-,-,-,-,-,-,-,-,-,-,-,-,-,-,-,-,-,-,-,-,-,-,-,-,-,-,-,-,-,-,-,-,-,-,-,-,-,-,-,-
danegroupsite-093,Cloud domain: 7rkd12.onmicrosoft.com,Cloud container: Default Group / Team / Engage community container,Cloud,dane-Group-Site-a-093@7rkd12.onmicrosoft.com,8/13/2026 4:54:26 PM,-,danegroupsite-093,Microsoft 365 Group,Not connected,Off,-,Teams not connected,No,No,Assigned,Public,No,User (no admin center access),https://7rkd12.sharepoint.com/teams/prj_danegroupsite-093,0.00,0.00,None,Off,1,1,8/13/2026 6:51:24 PM,3339735d-ab64-4f6c-bbab-b70a201dd42b,No,-,-,N/A,-,N/A,N/A,-,-,-,-,-,-,-,-,-,-,-,-,-,-,-,-,-,-,-,-,-,-,-,-,-,-,-,-,-,-,-,-,-,-,-,-,-,-,-,-,-,-,-,-,-,-,-
danegroupsite-094,Cloud domain: 7rkd12.onmicrosoft.com,Cloud container: Default Group / Team / Engage community container,Cloud,dane-Group-Site-a-094@7rkd12.onmicrosoft.com,8/13/2026 4:54:35 PM,-,danegroupsite-094,Microsoft 365 Group,Not connected,Off,-,Teams not connected,No,No,Assigned,Public,No,User (no admin center access),https://7rkd12.sharepoint.com/teams/prj_danegroupsite-094,0.00,0.00,None,Off,1,1,8/13/2026 6:51:30 PM,9c70d50d-d11a-41bf-bcf4-79da7c20e601,No,-,-,N/A,-,N/A,N/A,-,-,-,-,-,-,-,-,-,-,-,-,-,-,-,-,-,-,-,-,-,-,-,-,-,-,-,-,-,-,-,-,-,-,-,-,-,-,-,-,-,-,-,-,-,-,-
danegroupsite-095,Cloud domain: 7rkd12.onmicrosoft.com,Cloud container: Default Group / Team / Engage community container,Cloud,dane-Group-Site-a-095@7rkd12.onmicrosoft.com,8/13/2026 4:54:45 PM,-,danegroupsite-095,Microsoft 365 Group,Not connected,Off,-,Teams not connected,No,No,Assigned,Public,No,User (no admin center access),https://7rkd12.sharepoint.com/teams/prj_danegroupsite-095,0.00,0.00,None,Off,1,1,8/13/2026 6:51:43 PM,5b400adc-a084-4383-a9c3-4d64f21dcc48,No,-,-,N/A,-,N/A,N/A,-,-,-,-,-,-,-,-,-,-,-,-,-,-,-,-,-,-,-,-,-,-,-,-,-,-,-,-,-,-,-,-,-,-,-,-,-,-,-,-,-,-,-,-,-,-,-
danegroupsite-096,Cloud domain: 7rkd12.onmicrosoft.com,Cloud container: Default Group / Team / Engage community container,Cloud,dane-Group-Site-a-096@7rkd12.onmicrosoft.com,8/13/2026 4:54:54 PM,-,danegroupsite-096,Microsoft 365 Group,Not connected,Off,-,Teams not connected,No,No,Assigned,Public,No,User (no admin center access),https://7rkd12.sharepoint.com/teams/prj_danegroupsite-096,0.00,0.00,None,Off,1,1,8/13/2026 6:51:39 PM,72545fd1-a71e-4f6d-8800-affdf3d4accd,No,-,-,N/A,-,N/A,N/A,-,-,-,-,-,-,-,-,-,-,-,-,-,-,-,-,-,-,-,-,-,-,-,-,-,-,-,-,-,-,-,-,-,-,-,-,-,-,-,-,-,-,-,-,-,-,-
danegroupsite-097,Cloud domain: 7rkd12.onmicrosoft.com,Cloud container: Default Group / Team / Engage community container,Cloud,dane-Group-Site-a-097@7rkd12.onmicrosoft.com,8/13/2026 4:55:03 PM,-,danegroupsite-097,Microsoft 365 Group,Not connected,Off,-,Teams not connected,No,No,Assigned,Public,No,User (no admin center access),https://7rkd12.sharepoint.com/teams/prj_danegroupsite-097,0.00,0.00,None,Off,1,1,8/13/2026 6:51:38 PM,7455b586-b265-4dac-b51d-a54a29a4b9b3,No,-,-,N/A,-,N/A,N/A,-,-,-,-,-,-,-,-,-,-,-,-,-,-,-,-,-,-,-,-,-,-,-,-,-,-,-,-,-,-,-,-,-,-,-,-,-,-,-,-,-,-,-,-,-,-,-
danegroupsite-098,Cloud domain: 7rkd12.onmicrosoft.com,Cloud container: Default Group / Team / Engage community container,Cloud,dane-Group-Site-a-098@7rkd12.onmicrosoft.com,8/13/2026 4:55:13 PM,-,danegroupsite-098,Microsoft 365 Group,Not connected,Off,-,Teams not connected,No,No,Assigned,Public,No,User (no admin center access),https://7rkd12.sharepoint.com/teams/dane-Group-Site-a-098,0.00,0.00,None,Off,1,1,8/13/2026 7:38:28 PM,cd574500-f150-4187-820a-83a4c797cd32,No,-,-,N/A,-,N/A,N/A,-,-,-,-,-,-,-,-,-,-,-,-,-,-,-,-,-,-,-,-,-,-,-,-,-,-,-,-,-,-,-,-,-,-,-,-,-,-,-,-,-,-,-,-,-,-,-
danegroupsite-099,Cloud domain: 7rkd12.onmicrosoft.com,Cloud container: Default Group / Team / Engage community container,Cloud,dane-Group-Site-a-099@7rkd12.onmicrosoft.com,8/13/2026 4:55:19 PM,-,danegroupsite-099,Microsoft 365 Group,Not connected,Off,-,Teams not connected,No,No,Assigned,Public,No,User (no admin center access),https://7rkd12.sharepoint.com/teams/prj_danegroupsite-099,0.00,0.00,None,Off,1,1,8/13/2026 6:51:36 PM,2a1f4b38-8148-4dc4-8c8c-f4f33655505b,No,-,-,N/A,-,N/A,N/A,-,-,-,-,-,-,-,-,-,-,-,-,-,-,-,-,-,-,-,-,-,-,-,-,-,-,-,-,-,-,-,-,-,-,-,-,-,-,-,-,-,-,-,-,-,-,-
Demo Group,Cloud domain: 7rkd12.onmicrosoft.com,Cloud container: Default Group / Team / Engage community container,Cloud,DemoGroup@7rkd12.onmicrosoft.com,11/27/2024 11:06:58 AM,5/27/2026,Demo Group,Microsoft 365 Group,Not connected,Off,-,Teams connected,No,No,Assigned,Public,No,User (no admin center access),https://7rkd12.sharepoint.com/sites/DemoGroup,0.00,0.00,None,Off,1,1,9/6/2025 8:08:55 AM,56869cf4-3659-4d24-9d4f-8aa117c8921f,No,-,-,N/A,-,N/A,N/A,-,-,-,-,-,-,-,-,-,-,-,-,-,-,-,-,-,-,-,-,-,-,-,-,-,-,-,-,-,-,-,-,-,-,-,-,-,-,-,-,-,-,-,-,-,-,-
demo624,Cloud domain: 7rkd12.onmicrosoft.com,Cloud container: Default Group / Team / Engage community container,Cloud,demo624@7rkd12.onmicrosoft.com,6/24/2025 5:08:19 PM,5/27/2026,demo624,Microsoft 365 Group,Not connected,Off,-,Teams not connected,No,No,Assigned,Private,No,User (no admin center access),https://7rkd12.sharepoint.com/sites/demo624,0.00,0.00,None,Off,2,1,9/6/2025 8:08:55 AM,3fcf2400-d2be-4e0e-80cb-13886f776a39,No,-,-,N/A,-,N/A,N/A,-,-,-,-,-,-,-,-,-,-,-,-,-,-,-,-,-,-,-,-,-,-,-,-,-,-,-,-,-,-,-,-,-,-,-,-,-,-,-,-,-,-,-,-,-,-,-
Digital Initiative Public Relations,Cloud domain: 7rkd12.onmicrosoft.com,Cloud container: Default Group / Team / Engage community container,Cloud,DigitalInitiativePublicRelations@7rkd12.onmicrosoft.com,5/17/2024 3:29:45 PM,5/7/2026,Description of Digital Initiative Public Relations,Microsoft 365 Group,Not connected,On,-,Teams connected,No,No,Assigned,Public,No,User (no admin center access),https://7rkd12.sharepoint.com/sites/DigitalInitiativePublicRelations,0.00,0.00,None,Off,3,16,9/6/2025 8:08:55 AM,72314946-df29-4a68-841d-838cd429d0d5,No,-,-,N/A,-,N/A,N/A,-,-,-,-,-,-,-,-,-,-,-,-,-,-,-,-,-,-,-,-,-,-,-,-,-,-,-,-,-,-,-,-,-,-,-,-,-,-,-,-,-,-,-,-,-,-,-
Digital Records Management,Cloud domain: 7rkd12.onmicrosoft.com,Cloud container: Default security and distribution group container,Cloud,DigitalRecordsManagement@7rkd12.onmicrosoft.com,6/5/2025 11:21:52 AM,-,Digital Records Management,Mail-enabled security group,Not connected,Off,-,Teams not connected,No,Yes,Assigned,-,No,User (no admin center access),-,N/A,0.00,None,On,1,1,6/5/2025 1:11:46 PM,0eb456a4-60b8-4537-af2b-5387ffafbee8,No,-,-,N/A,-,N/A,N/A,-,-,-,-,-,-,-,-,-,-,-,-,-,-,-,-,-,-,-,-,-,-,-,-,-,-,-,-,-,-,-,-,-,-,-,-,-,-,-,-,-,-,-,-,-,-,-
distribution list 1,Cloud domain: 7rkd12.onmicrosoft.com,Cloud container: Default security and distribution group container,Cloud,distributionlist1@7rkd12.onmicrosoft.com,12/5/2024 4:37:40 PM,-,distribution list 1,Distribution group,Not connected,Off,-,Teams not connected,No,No,Assigned,-,No,User (no admin center access),-,N/A,0.00,None,Off,1,2,12/5/2024 7:02:57 PM,a9d225ec-ed63-4fd0-a03c-769aac3d7b7e,No,-,-,N/A,-,N/A,N/A,-,-,-,-,-,-,-,-,-,-,-,-,-,-,-,-,-,-,-,-,-,-,-,-,-,-,-,-,-,-,-,-,-,-,-,-,-,-,-,-,-,-,-,-,-,-,-
doris530listexperience,Cloud domain: 7rkd12.onmicrosoft.com,Cloud container: Default Group / Team / Engage community container,Cloud,doris530listexperience@7rkd12.onmicrosoft.com,6/11/2025 10:05:55 AM,6/11/2026,doris530listexperience,Microsoft 365 Group,Not connected,Off,-,Teams connected,No,No,Assigned,Private,No,User (no admin center access),https://7rkd12.sharepoint.com/sites/org_csd_doris530listexperience,0.00,0.00,None,Off,8,7,9/6/2025 8:08:55 AM,403b4827-cc06-4143-9901-8d888864df98,No,-,-,N/A,-,N/A,N/A,-,-,-,-,-,-,-,-,-,-,-,-,-,-,-,-,-,-,-,-,-,-,-,-,-,-,-,-,-,-,-,-,-,-,-,-,-,-,-,-,-,-,-,-,-,-,-
DTEST1,Cloud domain: 7rkd12.onmicrosoft.com,Cloud container: Default Group / Team / Engage community container,Cloud,DTEST1@7rkd12.onmicrosoft.com,7/4/2024 11:47:48 AM,5/27/2026,FIRST TISTS,Microsoft 365 Group,Not connected,Off,-,Teams connected,No,No,Assigned,Public,No,User (no admin center access),https://7rkd12.sharepoint.com/sites/DTEST1,0.00,0.00,None,Off,2,3,9/6/2025 8:08:55 AM,34f3ade4-33ac-4bab-a1ae-b825abdfe623,No,-,-,N/A,-,N/A,N/A,-,-,-,-,-,-,-,-,-,-,-,-,-,-,-,-,-,-,-,-,-,-,-,-,-,-,-,-,-,-,-,-,-,-,-,-,-,-,-,-,-,-,-,-,-,-,-
EDRMS Support,Cloud domain: 7rkd12.onmicrosoft.com,Cloud container: Default security and distribution group container,Cloud,edrms_support@7rkd12.onmicrosoft.com,12/19/2025 10:38:25 AM,-,EDRMS Support,Distribution group,Not connected,Off,-,Teams not connected,No,No,Assigned,-,No,User (no admin center access),-,N/A,0.00,None,On,1,2,12/19/2025 12:16:29 PM,d62af019-cfe6-45ab-9641-87de5d2538a1,No,-,-,N/A,-,N/A,N/A,-,-,-,-,-,-,-,-,-,-,-,-,-,-,-,-,-,-,-,-,-,-,-,-,-,-,-,-,-,-,-,-,-,-,-,-,-,-,-,-,-,-,-,-,-,-,-
Event Retention Demo,Cloud domain: 7rkd12.onmicrosoft.com,Cloud container: Default Group / Team / Engage community container,Cloud,EventRetentionDemo@7rkd12.onmicrosoft.com,12/27/2024 2:41:39 PM,1/8/2025,Event Retention Demo,Microsoft 365 Group,Not connected,Off,-,Teams not connected,No,No,Assigned,Public,No,User (no admin center access),https://7rkd12.sharepoint.com/sites/EventRetentionDemo,0.00,0.00,None,Off,1,1,9/6/2025 8:08:55 AM,50d03b97-af14-473f-9495-ab516c447d61,No,-,-,N/A,-,N/A,N/A,-,-,-,-,-,-,-,-,-,-,-,-,-,-,-,-,-,-,-,-,-,-,-,-,-,-,-,-,-,-,-,-,-,-,-,-,-,-,-,-,-,-,-,-,-,-,-
GAOTEST,Cloud domain: 7rkd12.onmicrosoft.com,Cloud container: Default security and distribution group container,Cloud,-,10/4/2024 3:36:57 PM,-,GAO renewal test,Security group,Not connected,Off,-,Teams not connected,No,Yes,Assigned,-,No,User (no admin center access),-,N/A,0.00,None,Off,2,4,10/25/2024 8:06:36 AM,db1f718b-35f2-40ef-82fa-36b19442bcc2,Yes,Admin ADB (Admin@7rkd12.onmicrosoft.com),,N/A,Claimed,group contact election,Group Renewal,Renewal overdue,Admin ADB,10/3/2025 3:47:00 PM,-,10/1/2026,-,-,-,-,-,-,-,-,-,-,-,-,-,-,-,-,-,-,-,-,-,-,-,-,-,-,-,-,-,-,-,-,-,-,-,-,-,-,-,-,-,-
groups-test,Cloud domain: 7rkd12.onmicrosoft.com,Cloud container: Default Group / Team / Engage community container,Cloud,groups-test@7rkd12.onmicrosoft.com,7/8/2026 11:27:28 AM,-,groups-test,Microsoft 365 Group,Not connected,Off,-,Teams not connected,No,No,Assigned,Public,No,User (no admin center access),https://7rkd12.sharepoint.com/sites/groups-test,0.00,0.00,None,Off,2,1,7/8/2026 11:28:46 AM,14abe361-39f3-4d1f-a24a-87465d6f53e4,Yes,Bonnie Test (BonnieTest@7rkd12.onmicrosoft.com),,Manually assigned,Claimed,None,None,In compliance,-,-,-,-,-,-,-,-,-,-,-,-,-,-,-,-,-,-,-,-,-,-,-,-,-,-,-,-,-,-,-,-,-,-,-,-,-,-,-,-,-,-,-,-,-,-
grp_csd_sample,Cloud domain: 7rkd12.onmicrosoft.com,Cloud container: Default Group / Team / Engage community container,Cloud,grp_csd_sample@7rkd12.onmicrosoft.com,3/6/2026 4:23:50 PM,4/23/2026,grp_csd_sample,Microsoft 365 Group,Not connected,Off,-,Teams not connected,No,No,Assigned,Private,No,User (no admin center access),https://7rkd12.sharepoint.com/teams/grp_csd_sample,0.00,0.01,None,Off,4,4,6/24/2026 10:51:41 AM,6d953b7c-47c8-4a57-baa7-0f583455dcdd,No,-,-,N/A,-,N/A,N/A,-,-,-,-,-,-,-,-,-,-,-,-,-,-,-,-,-,-,-,-,-,-,-,-,-,-,-,-,-,-,-,-,-,-,-,-,-,-,-,-,-,-,-,-,-,-,-
HR,Cloud domain: 7rkd12.onmicrosoft.com,Cloud container: Default Group / Team / Engage community container,Cloud,HR@7rkd12.onmicrosoft.com,9/27/2024 3:01:36 PM,11/12/2025,Hr users,Microsoft 365 Group,Not connected,Off,-,Teams not connected,No,Yes,Dynamic user,Private,No,User (no admin center access),https://7rkd12.sharepoint.com/sites/HR,0.00,0.00,None,Off,2,42,9/6/2025 8:08:55 AM,ddc94adc-30fe-4f8d-83f6-1dfc79c19856,No,-,-,N/A,-,N/A,N/A,-,-,-,-,-,-,-,-,-,-,-,-,-,-,-,-,-,-,-,-,-,-,-,-,-,-,-,-,-,-,-,-,-,-,-,-,-,-,-,-,-,-,-,-,-,-,-
IT Admin,Cloud domain: 7rkd12.onmicrosoft.com,Cloud container: Default security and distribution group container,Cloud,ITAdmin@7rkd12.onmicrosoft.com,11/26/2024 2:50:30 PM,-,IT Admin,Distribution group,Not connected,Off,-,Teams not connected,No,No,Assigned,-,No,User (no admin center access),-,N/A,0.00,None,On,1,0,11/26/2024 5:02:48 PM,41ba5ab4-8a62-4c89-8716-97589ca222f9,No,-,-,N/A,Unclaimed,N/A,N/A,Governance details confirmation overdue,Admin ADB,-,-,-,-,-,-,-,-,-,-,-,-,-,-,-,-,-,-,-,-,-,-,-,-,-,-,-,-,-,-,-,-,-,-,-,-,-,-,-,-,-,-,-,-,-
kendrick-d-1,Cloud domain: 7rkd12.onmicrosoft.com,Cloud container: Default Group / Team / Engage community container,Cloud,kendrick-Site-Title-d-1@7rkd12.onmicrosoft.com,8/12/2026 11:06:10 AM,-,kendrick-d-1,Microsoft 365 Group,Not connected,Off,-,Teams connected,No,No,Assigned,Public,No,User (no admin center access),https://7rkd12.sharepoint.com/teams/prj_kendrick-d-1,0.00,0.00,None,Off,1,1,8/12/2026 1:39:03 PM,99a61a46-730a-4f43-bf47-eb700f0eabe3,No,-,-,N/A,-,N/A,N/A,-,-,-,-,-,-,-,-,-,-,-,-,-,-,-,-,-,-,-,-,-,-,-,-,-,-,-,-,-,-,-,-,-,-,-,-,-,-,-,-,-,-,-,-,-,-,-
kendrick-d-2,Cloud domain: 7rkd12.onmicrosoft.com,Cloud container: Default Group / Team / Engage community container,Cloud,kendrick-Site-Title-d-2@7rkd12.onmicrosoft.com,8/12/2026 11:03:59 AM,-,kendrick-d-2,Microsoft 365 Group,Not connected,Off,-,Teams connected,No,No,Assigned,Public,No,User (no admin center access),https://7rkd12.sharepoint.com/teams/prj_kendrick-d-2,0.00,0.00,None,Off,1,1,8/12/2026 1:37:38 PM,5a1a1adb-2dfb-4371-98f0-2118ba2703f1,No,-,-,N/A,-,N/A,N/A,-,-,-,-,-,-,-,-,-,-,-,-,-,-,-,-,-,-,-,-,-,-,-,-,-,-,-,-,-,-,-,-,-,-,-,-,-,-,-,-,-,-,-,-,-,-,-
kendrick-d-3,Cloud domain: 7rkd12.onmicrosoft.com,Cloud container: Default Group / Team / Engage community container,Cloud,kendrick-Site-Title-d-3@7rkd12.onmicrosoft.com,8/12/2026 11:01:53 AM,-,kendrick-d-3,Microsoft 365 Group,Not connected,Off,-,Teams connected,No,No,Assigned,Public,No,User (no admin center access),https://7rkd12.sharepoint.com/teams/prj_kendrick-d-3,0.00,0.00,None,Off,1,1,8/12/2026 1:36:33 PM,de7887cf-05a6-47df-80b2-52e7f6ea5d72,No,-,-,N/A,-,N/A,N/A,-,-,-,-,-,-,-,-,-,-,-,-,-,-,-,-,-,-,-,-,-,-,-,-,-,-,-,-,-,-,-,-,-,-,-,-,-,-,-,-,-,-,-,-,-,-,-
kendrick-d-4,Cloud domain: 7rkd12.onmicrosoft.com,Cloud container: Default Group / Team / Engage community container,Cloud,kendrick-Site-Title-d-4@7rkd12.onmicrosoft.com,8/12/2026 10:59:39 AM,-,kendrick-d-4,Microsoft 365 Group,Not connected,Off,-,Teams not connected,No,No,Assigned,Public,No,User (no admin center access),https://7rkd12.sharepoint.com/teams/prj_kendrick-d-4,0.00,0.00,None,Off,1,1,8/12/2026 1:36:11 PM,ff7091fe-462d-4f90-a227-576e606a8d8e,No,-,-,N/A,-,N/A,N/A,-,-,-,-,-,-,-,-,-,-,-,-,-,-,-,-,-,-,-,-,-,-,-,-,-,-,-,-,-,-,-,-,-,-,-,-,-,-,-,-,-,-,-,-,-,-,-
kendrick-d-5,Cloud domain: 7rkd12.onmicrosoft.com,Cloud container: Default Group / Team / Engage community container,Cloud,kendrick-Site-Title-d-5@7rkd12.onmicrosoft.com,8/12/2026 10:57:29 AM,-,kendrick-d-5,Microsoft 365 Group,Not connected,Off,-,Teams not connected,No,No,Assigned,Public,No,User (no admin center access),https://7rkd12.sharepoint.com/teams/prj_kendrick-d-5,0.00,0.00,None,Off,1,1,8/12/2026 1:35:38 PM,4150ce37-4bf9-49ab-ad14-fdce9e51bbff,No,-,-,N/A,-,N/A,N/A,-,-,-,-,-,-,-,-,-,-,-,-,-,-,-,-,-,-,-,-,-,-,-,-,-,-,-,-,-,-,-,-,-,-,-,-,-,-,-,-,-,-,-,-,-,-,-
kendrick-d-6,Cloud domain: 7rkd12.onmicrosoft.com,Cloud container: Default Group / Team / Engage community container,Cloud,kendrick-Site-Title-d-6@7rkd12.onmicrosoft.com,8/12/2026 10:55:20 AM,-,kendrick-d-6,Microsoft 365 Group,Not connected,Off,-,Teams not connected,No,No,Assigned,Public,No,User (no admin center access),https://7rkd12.sharepoint.com/teams/prj_kendrick-d-6,0.00,0.00,None,Off,1,1,8/12/2026 1:33:37 PM,1e6a4051-62ab-4159-9961-998df5ed8416,No,-,-,N/A,-,N/A,N/A,-,-,-,-,-,-,-,-,-,-,-,-,-,-,-,-,-,-,-,-,-,-,-,-,-,-,-,-,-,-,-,-,-,-,-,-,-,-,-,-,-,-,-,-,-,-,-
LeahTest,Cloud domain: 7rkd12.onmicrosoft.com,Cloud container: Default Group / Team / Engage community container,Cloud,LeahTest1@7rkd12.onmicrosoft.com,12/17/2024 9:29:33 AM,7/21/2026,Test 1,Microsoft 365 Group,Not connected,Off,-,Teams connected,No,No,Assigned,Private,No,User (no admin center access),https://7rkd12.sharepoint.com/sites/LeahTest,0.00,0.00,None,Off,1,2,9/6/2025 8:08:55 AM,568a769c-385d-4c15-9861-947bb03f4366,No,-,-,N/A,-,N/A,N/A,-,-,-,-,-,-,-,-,-,-,-,-,-,-,-,-,-,-,-,-,-,-,-,-,-,-,-,-,-,-,-,-,-,-,-,-,-,-,-,-,-,-,-,-,-,-,-
Lea-Teamsite,Cloud domain: 7rkd12.onmicrosoft.com,Cloud container: Default Group / Team / Engage community container,Cloud,Lea-Teamsite@7rkd12.onmicrosoft.com,9/4/2025 3:03:59 PM,-,Lea-Teamsite,Microsoft 365 Group,Not connected,Off,-,Teams not connected,No,No,Assigned,Private,No,User (no admin center access),https://7rkd12.sharepoint.com/sites/Lea-Teamsite,0.00,0.00,None,Off,1,1,9/6/2025 8:08:55 AM,7ff4b885-0115-410e-b69d-9fd988254dec,No,-,-,N/A,-,N/A,N/A,-,-,-,-,-,-,-,-,-,-,-,-,-,-,-,-,-,-,-,-,-,-,-,-,-,-,-,-,-,-,-,-,-,-,-,-,-,-,-,-,-,-,-,-,-,-,-
Leila Test Site1,Cloud domain: 7rkd12.onmicrosoft.com,Cloud container: Default Group / Team / Engage community container,Cloud,LeilaTestSite1@7rkd12.onmicrosoft.com,3/18/2025 4:52:11 PM,3/28/2025,Leila Test Site1,Microsoft 365 Group,Not connected,Off,-,Teams not connected,No,No,Assigned,Private,No,User (no admin center access),https://7rkd12.sharepoint.com/sites/LeilaTestSite1,0.00,0.00,None,Off,1,1,9/6/2025 8:08:55 AM,391e8710-ff7e-4091-b79e-d0b1ba528d1e,No,-,-,N/A,-,N/A,N/A,-,-,-,-,-,-,-,-,-,-,-,-,-,-,-,-,-,-,-,-,-,-,-,-,-,-,-,-,-,-,-,-,-,-,-,-,-,-,-,-,-,-,-,-,-,-,-
Leilatest,Cloud domain: 7rkd12.onmicrosoft.com,Cloud container: Default Group / Team / Engage community container,Cloud,LeilaTestGroup@7rkd12.onmicrosoft.com,9/10/2025 1:06:13 PM,4/13/2026,Leilatest,Microsoft 365 Group,Not connected,Off,-,Teams connected,No,No,Assigned,Public,No,User (no admin center access),https://7rkd12.sharepoint.com/sites/LeilaTestGroup,0.00,0.00,None,Off,1,3,9/10/2025 3:10:41 PM,c8b0b048-ccb8-4759-a605-efd8e229793e,No,-,-,N/A,-,N/A,N/A,-,-,-,-,-,-,-,-,-,-,-,-,-,-,-,-,-,-,-,-,-,-,-,-,-,-,-,-,-,-,-,-,-,-,-,-,-,-,-,-,-,-,-,-,-,-,-
LeilaTestDistrition,Cloud domain: 7rkd12.onmicrosoft.com,Cloud container: Default security and distribution group container,Cloud,LeilaTestDistrition@7rkd12.onmicrosoft.com,9/10/2025 1:10:07 PM,-,LeilaTestDistrition,Distribution group,Not connected,Off,-,Teams not connected,No,No,Assigned,-,No,User (no admin center access),-,N/A,0.00,None,Off,1,6,9/10/2025 3:11:09 PM,ce7b2271-e563-4c69-878d-438b34d80413,No,-,-,N/A,-,N/A,N/A,-,-,-,-,-,-,-,-,-,-,-,-,-,-,-,-,-,-,-,-,-,-,-,-,-,-,-,-,-,-,-,-,-,-,-,-,-,-,-,-,-,-,-,-,-,-,-
m365 group,Cloud domain: 7rkd12.onmicrosoft.com,Cloud container: Default Group / Team / Engage community container,Cloud,m365group@7rkd12.onmicrosoft.com,5/4/2026 8:09:02 PM,5/4/2026,m365 group,Microsoft 365 Group,Not connected,Off,-,Teams connected,No,No,Assigned,Public,No,User (no admin center access),https://7rkd12.sharepoint.com/sites/m365group,0.00,0.00,None,Off,1,1,6/24/2026 10:51:41 AM,73390797-7f28-4a4f-98b2-86d60542b522,No,-,-,N/A,-,N/A,N/A,-,-,-,-,-,-,-,-,-,-,-,-,-,-,-,-,-,-,-,-,-,-,-,-,-,-,-,-,-,-,-,-,-,-,-,-,-,-,-,-,-,-,-,-,-,-,-
Mark 8 Project Team,Cloud domain: 7rkd12.onmicrosoft.com,Cloud container: Default Group / Team / Engage community container,Cloud,Mark8ProjectTeam@7rkd12.onmicrosoft.com,5/17/2024 3:30:48 PM,7/23/2026,Welcome to the team that we've assembled to create the Mark 8.,Microsoft 365 Group,Not connected,On,-,Teams connected,No,No,Assigned,Public,No,User (no admin center access),https://7rkd12.sharepoint.com/sites/Mark8ProjectTeam,0.00,0.04,None,Off,3,16,9/6/2025 8:08:55 AM,6982c7a0-4006-43e2-ad2d-96517c6c50bc,No,-,-,N/A,-,N/A,N/A,-,-,-,-,-,-,-,-,-,-,-,-,-,-,-,-,-,-,-,-,-,-,-,-,-,-,-,-,-,-,-,-,-,-,-,-,-,-,-,-,-,-,-,-,-,-,-
Mark 8 Project Team(advanced),Cloud domain: 7rkd12.onmicrosoft.com,Cloud container: Default Group / Team / Engage community container,Cloud,Mark8ProjectTeamadvanced@7rkd12.onmicrosoft.com,7/4/2024 11:47:49 AM,7/27/2026,Mark 8 Project Team,Microsoft 365 Group,Not connected,Off,-,Teams connected,No,No,Assigned,Public,No,User (no admin center access),https://7rkd12.sharepoint.com/sites/Mark8ProjectTeamadvanced,0.00,0.38,None,Off,2,12,9/6/2025 8:08:55 AM,49174fa5-78e6-4727-a456-847eda25a121,No,-,-,N/A,-,N/A,N/A,-,-,-,-,-,-,-,-,-,-,-,-,-,-,-,-,-,-,-,-,-,-,-,-,-,-,-,-,-,-,-,-,-,-,-,-,-,-,-,-,-,-,-,-,-,-,-
Mark 8 Project Team(classic),Cloud domain: 7rkd12.onmicrosoft.com,Cloud container: Default Group / Team / Engage community container,Cloud,Mark8ProjectTeamclassic@7rkd12.onmicrosoft.com,7/4/2024 11:47:26 AM,5/7/2026,Mark 8 Project Team,Microsoft 365 Group,Not connected,On,-,Teams connected,No,No,Assigned,Public,No,User (no admin center access),https://7rkd12.sharepoint.com/sites/Mark8ProjectTeamclassic,0.00,0.38,None,On,2,10,9/6/2025 8:08:55 AM,f336dc9b-2a6f-4bd5-b69c-8005a781878b,No,-,-,N/A,-,N/A,N/A,-,-,-,-,-,-,-,-,-,-,-,-,-,-,-,-,-,-,-,-,-,-,-,-,-,-,-,-,-,-,-,-,-,-,-,-,-,-,-,-,-,-,-,-,-,-,-
mihal-migrate-tenant,Cloud domain: 7rkd12.onmicrosoft.com,Cloud container: Default Group / Team / Engage community container,Cloud,mihal-migrate-tenant@7rkd12.onmicrosoft.com,1/15/2026 5:20:59 PM,1/16/2026,mihal-migrate-tenant,Microsoft 365 Group,Not connected,Off,-,Teams not connected,No,No,Assigned,Public,No,User (no admin center access),https://7rkd12.sharepoint.com/sites/mihal-migrate-tenant,0.00,0.00,None,Off,1,5,1/15/2026 7:10:37 PM,40bd5a2f-9e9d-49cf-9c51-6caf4aa7cdfd,No,-,-,N/A,-,N/A,N/A,-,-,-,-,-,-,-,-,-,-,-,-,-,-,-,-,-,-,-,-,-,-,-,-,-,-,-,-,-,-,-,-,-,-,-,-,-,-,-,-,-,-,-,-,-,-,-
MSFT,Cloud domain: 7rkd12.onmicrosoft.com,Cloud container: Default Group / Team / Engage community container,Cloud,MSFT@7rkd12.onmicrosoft.com,5/17/2024 5:01:31 AM,5/7/2026,MSFT,Microsoft 365 Group,Not connected,On,-,Teams connected,No,No,Assigned,Public,No,User (no admin center access),https://7rkd12.sharepoint.com/sites/MSFT,0.00,0.00,None,Off,1,16,9/6/2025 8:08:55 AM,ad63c566-4167-4d7c-b881-ee5af3863666,No,-,-,N/A,-,N/A,N/A,-,-,-,-,-,-,-,-,-,-,-,-,-,-,-,-,-,-,-,-,-,-,-,-,-,-,-,-,-,-,-,-,-,-,-,-,-,-,-,-,-,-,-,-,-,-,-
NestedGroup,Cloud domain: 7rkd12.onmicrosoft.com,Cloud container: Default security and distribution group container,Cloud,-,12/5/2024 4:47:29 PM,-,SG1,Security group,Not connected,Off,-,Teams not connected,No,Yes,Assigned,-,No,User (no admin center access),-,N/A,0.00,None,Off,1,2,12/5/2024 7:04:00 PM,bd2608dd-20fd-413f-b58b-bdb4e11b1c42,No,-,-,N/A,-,N/A,N/A,-,-,-,-,-,-,-,-,-,-,-,-,-,-,-,-,-,-,-,-,-,-,-,-,-,-,-,-,-,-,-,-,-,-,-,-,-,-,-,-,-,-,-,-,-,-,-
nestedlevel0,Cloud domain: 7rkd12.onmicrosoft.com,Cloud container: Default security and distribution group container,Cloud,nestedlevel0@7rkd12.onmicrosoft.com,5/4/2026 7:59:38 PM,-,nestedlevel0,Mail-enabled security group,Not connected,Off,-,Teams not connected,No,Yes,Assigned,-,No,User (no admin center access),-,N/A,0.00,None,On,1,1,6/24/2026 10:51:40 AM,b0b0f989-143d-447c-8375-412ba37d124c,No,-,-,N/A,-,N/A,N/A,-,-,-,-,-,-,-,-,-,-,-,-,-,-,-,-,-,-,-,-,-,-,-,-,-,-,-,-,-,-,-,-,-,-,-,-,-,-,-,-,-,-,-,-,-,-,-
nestedlevel1,Cloud domain: 7rkd12.onmicrosoft.com,Cloud container: Default security and distribution group container,Cloud,nestedlevel1@7rkd12.onmicrosoft.com,5/4/2026 7:58:45 PM,-,nestedlevel1,Mail-enabled security group,Not connected,Off,-,Teams not connected,No,Yes,Assigned,-,No,User (no admin center access),-,N/A,0.00,None,On,1,1,6/24/2026 10:51:40 AM,467acf25-44a7-43a6-aef2-ddb1a1423dab,No,-,-,N/A,-,N/A,N/A,-,-,-,-,-,-,-,-,-,-,-,-,-,-,-,-,-,-,-,-,-,-,-,-,-,-,-,-,-,-,-,-,-,-,-,-,-,-,-,-,-,-,-,-,-,-,-
NO ACCESS LEAH,Cloud domain: 7rkd12.onmicrosoft.com,Cloud container: Default Group / Team / Engage community container,Cloud,NOACCESSLEAH@7rkd12.onmicrosoft.com,4/30/2026 11:18:54 AM,-,NO ACCESS LEAH,Microsoft 365 Group,Not connected,Off,-,Teams not connected,No,No,Assigned,Private,No,User (no admin center access),https://7rkd12.sharepoint.com/sites/NOACCESSLEAH,0.00,0.00,None,Off,1,1,6/24/2026 10:51:40 AM,91c713bb-2e6b-496a-9107-b9627c04ee59,No,-,-,N/A,-,N/A,N/A,-,-,-,-,-,-,-,-,-,-,-,-,-,-,-,-,-,-,-,-,-,-,-,-,-,-,-,-,-,-,-,-,-,-,-,-,-,-,-,-,-,-,-,-,-,-,-
"prj_Ada - `~!@#$%^&*_+[2]{3}|\;'4':""5""<6>?,./",Cloud domain: 7rkd12.onmicrosoft.com,Cloud container: Default Group / Team / Engage community container,Cloud,prj_ada-'._@7rkd12.onmicrosoft.com,7/28/2026 12:49:42 PM,-,"prj_Ada - `~!@#$%^&*_+[2]{3}|\;'4':""5""<6>?,./",Microsoft 365 Group,Not connected,Off,-,Teams not connected,No,No,Assigned,Private,No,User (no admin center access),https://7rkd12.sharepoint.com/sites/prj_ada-'._,0.00,0.00,None,Off,2,1,7/28/2026 3:18:29 PM,5a3aa615-a5f4-4122-b337-e67a2f9bf2d2,No,-,-,N/A,-,N/A,N/A,-,-,-,-,-,-,-,-,-,-,-,-,-,-,-,-,-,-,-,-,-,-,-,-,-,-,-,-,-,-,-,-,-,-,-,-,-,-,-,-,-,-,-,-,-,-,-
prj_Ada2spaces,Cloud domain: 7rkd12.onmicrosoft.com,Cloud container: Default Group / Team / Engage community container,Cloud,prj_Ada2spaces@7rkd12.onmicrosoft.com,7/28/2026 11:51:09 AM,-,prj_Ada2spaces,Microsoft 365 Group,Not connected,Off,-,Teams not connected,No,No,Assigned,Public,No,User (no admin center access),https://7rkd12.sharepoint.com/sites/prj_Ada2spaces,0.00,0.00,None,Off,2,1,7/28/2026 2:19:01 PM,9b2a8bf6-8e2e-4158-8b05-fe2c677a7ce0,No,-,-,N/A,-,N/A,N/A,-,-,-,-,-,-,-,-,-,-,-,-,-,-,-,-,-,-,-,-,-,-,-,-,-,-,-,-,-,-,-,-,-,-,-,-,-,-,-,-,-,-,-,-,-,-,-
prj_Group Site-731001,Cloud domain: 7rkd12.onmicrosoft.com,Cloud container: Default Group / Team / Engage community container,Cloud,prj_groupsite-731001@7rkd12.onmicrosoft.com,8/12/2026 1:25:27 AM,-,prj_Group Site-731001,Microsoft 365 Group,Not connected,Off,-,Teams not connected,No,No,Assigned,Public,No,User (no admin center access),https://7rkd12.sharepoint.com/teams/prj_groupsite-731001,0.00,0.00,None,Off,1,1,8/12/2026 3:32:40 AM,24a649f0-4e6e-4388-8cd5-25ce9eb56fd8,No,-,-,N/A,-,N/A,N/A,-,-,-,-,-,-,-,-,-,-,-,-,-,-,-,-,-,-,-,-,-,-,-,-,-,-,-,-,-,-,-,-,-,-,-,-,-,-,-,-,-,-,-,-,-,-,-
prj_Group Site-731002,Cloud domain: 7rkd12.onmicrosoft.com,Cloud container: Default Group / Team / Engage community container,Cloud,prj_groupsite-731002@7rkd12.onmicrosoft.com,8/4/2026 5:25:24 PM,-,prj_Group Site-731002,Microsoft 365 Group,Not connected,Off,-,Teams not connected,No,No,Assigned,Public,No,User (no admin center access),https://7rkd12.sharepoint.com/teams/prj_groupsite-731002,0.00,0.00,None,Off,1,1,8/5/2026 9:14:14 AM,0ed41115-03b2-49d2-a9bb-5cc940cf89a0,No,-,-,N/A,-,N/A,N/A,-,-,-,-,-,-,-,-,-,-,-,-,-,-,-,-,-,-,-,-,-,-,-,-,-,-,-,-,-,-,-,-,-,-,-,-,-,-,-,-,-,-,-,-,-,-,-
prj_Group Site-731003,Cloud domain: 7rkd12.onmicrosoft.com,Cloud container: Default Group / Team / Engage community container,Cloud,prj_groupsite-731003@7rkd12.onmicrosoft.com,8/12/2026 12:31:55 AM,-,prj_Group Site-731003,Microsoft 365 Group,Not connected,Off,-,Teams not connected,No,No,Assigned,Public,No,User (no admin center access),https://7rkd12.sharepoint.com/teams/prj_groupsite-731003,0.00,0.00,None,Off,1,1,8/12/2026 2:39:20 AM,401b99ae-87f1-4c28-a894-0c4b67e69484,No,-,-,N/A,-,N/A,N/A,-,-,-,-,-,-,-,-,-,-,-,-,-,-,-,-,-,-,-,-,-,-,-,-,-,-,-,-,-,-,-,-,-,-,-,-,-,-,-,-,-,-,-,-,-,-,-
prj_Group Site-731004,Cloud domain: 7rkd12.onmicrosoft.com,Cloud container: Default Group / Team / Engage community container,Cloud,prj_groupsite-731004@7rkd12.onmicrosoft.com,8/4/2026 5:25:15 PM,-,prj_Group Site-731004,Microsoft 365 Group,Not connected,Off,-,Teams not connected,No,No,Assigned,Public,No,User (no admin center access),https://7rkd12.sharepoint.com/teams/prj_groupsite-731004,0.00,0.00,None,Off,1,1,8/5/2026 9:14:15 AM,9e387bbe-d014-4520-a8cb-6968908b6f07,No,-,-,N/A,-,N/A,N/A,-,-,-,-,-,-,-,-,-,-,-,-,-,-,-,-,-,-,-,-,-,-,-,-,-,-,-,-,-,-,-,-,-,-,-,-,-,-,-,-,-,-,-,-,-,-,-
prj_Group Site-731005,Cloud domain: 7rkd12.onmicrosoft.com,Cloud container: Default Group / Team / Engage community container,Cloud,prj_groupsite-731005@7rkd12.onmicrosoft.com,8/12/2026 1:17:20 AM,-,prj_Group Site-731005,Microsoft 365 Group,Not connected,Off,-,Teams not connected,No,No,Assigned,Public,No,User (no admin center access),https://7rkd12.sharepoint.com/teams/prj_groupsite-731005,0.00,0.00,None,Off,1,1,8/12/2026 3:31:46 AM,0ef8100d-ec42-40ad-b6d5-436357955de4,No,-,-,N/A,-,N/A,N/A,-,-,-,-,-,-,-,-,-,-,-,-,-,-,-,-,-,-,-,-,-,-,-,-,-,-,-,-,-,-,-,-,-,-,-,-,-,-,-,-,-,-,-,-,-,-,-
prj_Group Site-731006,Cloud domain: 7rkd12.onmicrosoft.com,Cloud container: Default Group / Team / Engage community container,Cloud,prj_groupsite-731006@7rkd12.onmicrosoft.com,8/4/2026 5:25:06 PM,-,prj_Group Site-731006,Microsoft 365 Group,Not connected,Off,-,Teams not connected,No,No,Assigned,Public,No,User (no admin center access),https://7rkd12.sharepoint.com/teams/prj_groupsite-731006,0.00,0.00,None,Off,1,1,8/5/2026 9:14:14 AM,e930dd4c-fbd9-4b11-aa10-906a4fc4ea0c,No,-,-,N/A,-,N/A,N/A,-,-,-,-,-,-,-,-,-,-,-,-,-,-,-,-,-,-,-,-,-,-,-,-,-,-,-,-,-,-,-,-,-,-,-,-,-,-,-,-,-,-,-,-,-,-,-
prj_Group Site-731007,Cloud domain: 7rkd12.onmicrosoft.com,Cloud container: Default Group / Team / Engage community container,Cloud,prj_groupsite-731007@7rkd12.onmicrosoft.com,8/4/2026 5:24:59 PM,-,prj_Group Site-731007,Microsoft 365 Group,Not connected,Off,-,Teams not connected,No,No,Assigned,Public,No,User (no admin center access),https://7rkd12.sharepoint.com/teams/prj_groupsite-731007,0.00,0.00,None,Off,1,1,8/5/2026 9:14:15 AM,eb1e0aa8-7485-4e54-b82d-de742094ce00,No,-,-,N/A,-,N/A,N/A,-,-,-,-,-,-,-,-,-,-,-,-,-,-,-,-,-,-,-,-,-,-,-,-,-,-,-,-,-,-,-,-,-,-,-,-,-,-,-,-,-,-,-,-,-,-,-
prj_Group Site-731008,Cloud domain: 7rkd12.onmicrosoft.com,Cloud container: Default Group / Team / Engage community container,Cloud,prj_groupsite-731008@7rkd12.onmicrosoft.com,8/4/2026 5:24:53 PM,-,prj_Group Site-731008,Microsoft 365 Group,Not connected,Off,-,Teams not connected,No,No,Assigned,Public,No,User (no admin center access),https://7rkd12.sharepoint.com/teams/prj_groupsite-731008,0.00,0.00,None,Off,1,1,8/5/2026 9:14:14 AM,fce41b7c-1060-4f86-b0c2-edf334fdd773,No,-,-,N/A,-,N/A,N/A,-,-,-,-,-,-,-,-,-,-,-,-,-,-,-,-,-,-,-,-,-,-,-,-,-,-,-,-,-,-,-,-,-,-,-,-,-,-,-,-,-,-,-,-,-,-,-
prj_Group Site-731009,Cloud domain: 7rkd12.onmicrosoft.com,Cloud container: Default Group / Team / Engage community container,Cloud,prj_groupsite-731009@7rkd12.onmicrosoft.com,8/4/2026 5:24:46 PM,-,prj_Group Site-731009,Microsoft 365 Group,Not connected,Off,-,Teams not connected,No,No,Assigned,Public,No,User (no admin center access),https://7rkd12.sharepoint.com/teams/prj_groupsite-731009,0.00,0.00,None,Off,1,1,8/5/2026 9:14:15 AM,b52c699a-848e-4c24-9e20-52df23394275,No,-,-,N/A,-,N/A,N/A,-,-,-,-,-,-,-,-,-,-,-,-,-,-,-,-,-,-,-,-,-,-,-,-,-,-,-,-,-,-,-,-,-,-,-,-,-,-,-,-,-,-,-,-,-,-,-
prj_Group Site-731010,Cloud domain: 7rkd12.onmicrosoft.com,Cloud container: Default Group / Team / Engage community container,Cloud,prj_groupsite-731010@7rkd12.onmicrosoft.com,8/4/2026 5:24:43 PM,-,prj_Group Site-731010,Microsoft 365 Group,Not connected,Off,-,Teams not connected,No,No,Assigned,Public,No,User (no admin center access),https://7rkd12.sharepoint.com/sites/prj_groupsite-731010,0.00,0.00,None,Off,1,1,8/4/2026 7:27:45 PM,ff72090f-0652-4b5f-b526-9d1d2fdf93bb,No,-,-,N/A,-,N/A,N/A,-,-,-,-,-,-,-,-,-,-,-,-,-,-,-,-,-,-,-,-,-,-,-,-,-,-,-,-,-,-,-,-,-,-,-,-,-,-,-,-,-,-,-,-,-,-,-
prj_Group Site-731011,Cloud domain: 7rkd12.onmicrosoft.com,Cloud container: Default Group / Team / Engage community container,Cloud,prj_groupsite-731011@7rkd12.onmicrosoft.com,8/4/2026 5:24:36 PM,-,prj_Group Site-731011,Microsoft 365 Group,Not connected,Off,-,Teams not connected,No,No,Assigned,Public,No,User (no admin center access),https://7rkd12.sharepoint.com/teams/prj_groupsite-731011,0.00,0.00,None,Off,1,1,8/5/2026 9:14:15 AM,8bf3c1d4-12bf-4337-98db-08bc46e7c402,No,-,-,N/A,-,N/A,N/A,-,-,-,-,-,-,-,-,-,-,-,-,-,-,-,-,-,-,-,-,-,-,-,-,-,-,-,-,-,-,-,-,-,-,-,-,-,-,-,-,-,-,-,-,-,-,-
prj_Group Site-731012,Cloud domain: 7rkd12.onmicrosoft.com,Cloud container: Default Group / Team / Engage community container,Cloud,prj_groupsite-731012@7rkd12.onmicrosoft.com,8/4/2026 5:24:29 PM,-,prj_Group Site-731012,Microsoft 365 Group,Not connected,Off,-,Teams not connected,No,No,Assigned,Public,No,User (no admin center access),https://7rkd12.sharepoint.com/teams/prj_groupsite-731012,0.00,0.00,None,Off,1,1,8/5/2026 9:14:15 AM,2f18cdfd-3188-4641-950b-3687e4b01ff7,No,-,-,N/A,-,N/A,N/A,-,-,-,-,-,-,-,-,-,-,-,-,-,-,-,-,-,-,-,-,-,-,-,-,-,-,-,-,-,-,-,-,-,-,-,-,-,-,-,-,-,-,-,-,-,-,-
prj_Group Site-731013,Cloud domain: 7rkd12.onmicrosoft.com,Cloud container: Default Group / Team / Engage community container,Cloud,prj_groupsite-731013@7rkd12.onmicrosoft.com,8/4/2026 5:24:21 PM,-,prj_Group Site-731013,Microsoft 365 Group,Not connected,Off,-,Teams not connected,No,No,Assigned,Public,No,User (no admin center access),https://7rkd12.sharepoint.com/teams/prj_groupsite-731013,0.00,0.00,None,Off,1,1,8/5/2026 9:14:15 AM,674b984e-061b-407a-ad8c-3b8600ea60d8,No,-,-,N/A,-,N/A,N/A,-,-,-,-,-,-,-,-,-,-,-,-,-,-,-,-,-,-,-,-,-,-,-,-,-,-,-,-,-,-,-,-,-,-,-,-,-,-,-,-,-,-,-,-,-,-,-
prj_Group Site-731014,Cloud domain: 7rkd12.onmicrosoft.com,Cloud container: Default Group / Team / Engage community container,Cloud,prj_groupsite-731014@7rkd12.onmicrosoft.com,8/4/2026 5:24:19 PM,-,prj_Group Site-731014,Microsoft 365 Group,Not connected,Off,-,Teams not connected,No,No,Assigned,Public,No,User (no admin center access),https://7rkd12.sharepoint.com/sites/prj_groupsite-731014,0.00,0.00,None,Off,1,1,8/4/2026 7:28:26 PM,44935bfc-1022-4c51-858a-cbda6a0e2aa4,No,-,-,N/A,-,N/A,N/A,-,-,-,-,-,-,-,-,-,-,-,-,-,-,-,-,-,-,-,-,-,-,-,-,-,-,-,-,-,-,-,-,-,-,-,-,-,-,-,-,-,-,-,-,-,-,-
prj_Group Site-731015,Cloud domain: 7rkd12.onmicrosoft.com,Cloud container: Default Group / Team / Engage community container,Cloud,prj_groupsite-731015@7rkd12.onmicrosoft.com,8/4/2026 5:24:12 PM,-,prj_Group Site-731015,Microsoft 365 Group,Not connected,Off,-,Teams not connected,No,No,Assigned,Public,No,User (no admin center access),https://7rkd12.sharepoint.com/teams/prj_groupsite-731015,0.00,0.00,None,Off,1,1,8/5/2026 9:14:14 AM,a5560e2e-1eee-4ded-b97d-7c84329f4c89,No,-,-,N/A,-,N/A,N/A,-,-,-,-,-,-,-,-,-,-,-,-,-,-,-,-,-,-,-,-,-,-,-,-,-,-,-,-,-,-,-,-,-,-,-,-,-,-,-,-,-,-,-,-,-,-,-
prj_Group Site-731016,Cloud domain: 7rkd12.onmicrosoft.com,Cloud container: Default Group / Team / Engage community container,Cloud,prj_groupsite-731016@7rkd12.onmicrosoft.com,8/4/2026 5:24:05 PM,-,prj_Group Site-731016,Microsoft 365 Group,Not connected,Off,-,Teams not connected,No,No,Assigned,Public,No,User (no admin center access),https://7rkd12.sharepoint.com/teams/prj_groupsite-731016,0.00,0.00,None,Off,1,1,8/5/2026 9:14:14 AM,ac0284ce-9100-4a57-b3a0-085871208b09,No,-,-,N/A,-,N/A,N/A,-,-,-,-,-,-,-,-,-,-,-,-,-,-,-,-,-,-,-,-,-,-,-,-,-,-,-,-,-,-,-,-,-,-,-,-,-,-,-,-,-,-,-,-,-,-,-
prj_Group Site-731017,Cloud domain: 7rkd12.onmicrosoft.com,Cloud container: Default Group / Team / Engage community container,Cloud,prj_groupsite-731017@7rkd12.onmicrosoft.com,8/4/2026 5:24:02 PM,-,prj_Group Site-731017,Microsoft 365 Group,Not connected,Off,-,Teams not connected,No,No,Assigned,Public,No,User (no admin center access),https://7rkd12.sharepoint.com/sites/prj_groupsite-731017,0.00,0.00,None,Off,1,1,8/4/2026 7:26:59 PM,f0fa968f-af6c-4942-b1e9-22ef314843b3,No,-,-,N/A,-,N/A,N/A,-,-,-,-,-,-,-,-,-,-,-,-,-,-,-,-,-,-,-,-,-,-,-,-,-,-,-,-,-,-,-,-,-,-,-,-,-,-,-,-,-,-,-,-,-,-,-
prj_Group Site-731018,Cloud domain: 7rkd12.onmicrosoft.com,Cloud container: Default Group / Team / Engage community container,Cloud,prj_groupsite-731018@7rkd12.onmicrosoft.com,8/4/2026 5:23:59 PM,-,prj_Group Site-731018,Microsoft 365 Group,Not connected,Off,-,Teams not connected,No,No,Assigned,Public,No,User (no admin center access),https://7rkd12.sharepoint.com/sites/prj_groupsite-731018,0.00,0.00,None,Off,1,1,8/4/2026 7:28:52 PM,98febbc4-5a2e-4bcd-abb7-b667625f442d,No,-,-,N/A,-,N/A,N/A,-,-,-,-,-,-,-,-,-,-,-,-,-,-,-,-,-,-,-,-,-,-,-,-,-,-,-,-,-,-,-,-,-,-,-,-,-,-,-,-,-,-,-,-,-,-,-
prj_Group Site-731020,Cloud domain: 7rkd12.onmicrosoft.com,Cloud container: Default Group / Team / Engage community container,Cloud,prj_groupsite-731020@7rkd12.onmicrosoft.com,8/4/2026 5:23:50 PM,-,prj_Group Site-731020,Microsoft 365 Group,Not connected,Off,-,Teams not connected,No,No,Assigned,Public,No,User (no admin center access),https://7rkd12.sharepoint.com/teams/prj_groupsite-731020,0.00,0.00,None,Off,1,1,8/5/2026 9:14:14 AM,f82d024a-463b-4ec3-9713-6f58f8e00584,No,-,-,N/A,-,N/A,N/A,-,-,-,-,-,-,-,-,-,-,-,-,-,-,-,-,-,-,-,-,-,-,-,-,-,-,-,-,-,-,-,-,-,-,-,-,-,-,-,-,-,-,-,-,-,-,-
prj_Group Site-731021,Cloud domain: 7rkd12.onmicrosoft.com,Cloud container: Default Group / Team / Engage community container,Cloud,prj_groupsite-731021@7rkd12.onmicrosoft.com,8/4/2026 5:23:43 PM,-,prj_Group Site-731021,Microsoft 365 Group,Not connected,Off,-,Teams not connected,No,No,Assigned,Public,No,User (no admin center access),https://7rkd12.sharepoint.com/teams/prj_groupsite-731021,0.00,0.00,None,Off,1,1,8/5/2026 9:14:14 AM,23cb389f-e40b-4768-8869-96e93d8c1b53,No,-,-,N/A,-,N/A,N/A,-,-,-,-,-,-,-,-,-,-,-,-,-,-,-,-,-,-,-,-,-,-,-,-,-,-,-,-,-,-,-,-,-,-,-,-,-,-,-,-,-,-,-,-,-,-,-
prj_Group Site-731022,Cloud domain: 7rkd12.onmicrosoft.com,Cloud container: Default Group / Team / Engage community container,Cloud,prj_groupsite-731022@7rkd12.onmicrosoft.com,8/4/2026 5:23:37 PM,-,prj_Group Site-731022,Microsoft 365 Group,Not connected,Off,-,Teams not connected,No,No,Assigned,Public,No,User (no admin center access),https://7rkd12.sharepoint.com/teams/prj_groupsite-731022,0.00,0.00,None,Off,1,1,8/5/2026 9:14:15 AM,ff0e8cd0-4754-4b16-9ad7-1e594b002b5c,No,-,-,N/A,-,N/A,N/A,-,-,-,-,-,-,-,-,-,-,-,-,-,-,-,-,-,-,-,-,-,-,-,-,-,-,-,-,-,-,-,-,-,-,-,-,-,-,-,-,-,-,-,-,-,-,-
prj_Group Site-731023,Cloud domain: 7rkd12.onmicrosoft.com,Cloud container: Default Group / Team / Engage community container,Cloud,prj_groupsite-731023@7rkd12.onmicrosoft.com,8/4/2026 5:23:31 PM,-,prj_Group Site-731023,Microsoft 365 Group,Not connected,Off,-,Teams not connected,No,No,Assigned,Public,No,User (no admin center access),https://7rkd12.sharepoint.com/teams/prj_groupsite-731023,0.00,0.00,None,Off,1,1,8/5/2026 9:14:14 AM,4f3a4973-667d-4efd-a074-e9978ec12437,No,-,-,N/A,-,N/A,N/A,-,-,-,-,-,-,-,-,-,-,-,-,-,-,-,-,-,-,-,-,-,-,-,-,-,-,-,-,-,-,-,-,-,-,-,-,-,-,-,-,-,-,-,-,-,-,-
prj_Group Site-731024,Cloud domain: 7rkd12.onmicrosoft.com,Cloud container: Default Group / Team / Engage community container,Cloud,prj_groupsite-731024@7rkd12.onmicrosoft.com,8/4/2026 5:23:28 PM,-,prj_Group Site-731024,Microsoft 365 Group,Not connected,Off,-,Teams not connected,No,No,Assigned,Public,No,User (no admin center access),https://7rkd12.sharepoint.com/sites/prj_groupsite-731024,0.00,0.00,None,Off,1,1,8/4/2026 7:27:04 PM,6ed9117f-ac4a-450b-bd32-a29bed3fcf70,No,-,-,N/A,-,N/A,N/A,-,-,-,-,-,-,-,-,-,-,-,-,-,-,-,-,-,-,-,-,-,-,-,-,-,-,-,-,-,-,-,-,-,-,-,-,-,-,-,-,-,-,-,-,-,-,-
prj_Group Site-731025,Cloud domain: 7rkd12.onmicrosoft.com,Cloud container: Default Group / Team / Engage community container,Cloud,prj_groupsite-731025@7rkd12.onmicrosoft.com,8/4/2026 5:23:21 PM,-,prj_Group Site-731025,Microsoft 365 Group,Not connected,Off,-,Teams not connected,No,No,Assigned,Public,No,User (no admin center access),https://7rkd12.sharepoint.com/teams/prj_groupsite-731025,0.00,0.00,None,Off,1,1,8/5/2026 9:14:15 AM,9896cebd-8d3d-4c2f-bd13-d892f4a2a43e,No,-,-,N/A,-,N/A,N/A,-,-,-,-,-,-,-,-,-,-,-,-,-,-,-,-,-,-,-,-,-,-,-,-,-,-,-,-,-,-,-,-,-,-,-,-,-,-,-,-,-,-,-,-,-,-,-
prj_Group Site-731026,Cloud domain: 7rkd12.onmicrosoft.com,Cloud container: Default Group / Team / Engage community container,Cloud,prj_groupsite-731026@7rkd12.onmicrosoft.com,8/4/2026 5:23:15 PM,-,prj_Group Site-731026,Microsoft 365 Group,Not connected,Off,-,Teams not connected,No,No,Assigned,Public,No,User (no admin center access),https://7rkd12.sharepoint.com/teams/prj_groupsite-731026,0.00,0.00,None,Off,1,1,8/5/2026 9:14:15 AM,d962e06d-9d2e-4eda-bd7e-f5ca7db752b6,No,-,-,N/A,-,N/A,N/A,-,-,-,-,-,-,-,-,-,-,-,-,-,-,-,-,-,-,-,-,-,-,-,-,-,-,-,-,-,-,-,-,-,-,-,-,-,-,-,-,-,-,-,-,-,-,-
prj_Group Site-731028,Cloud domain: 7rkd12.onmicrosoft.com,Cloud container: Default Group / Team / Engage community container,Cloud,prj_groupsite-731028@7rkd12.onmicrosoft.com,8/4/2026 5:23:06 PM,-,prj_Group Site-731028,Microsoft 365 Group,Not connected,Off,-,Teams not connected,No,No,Assigned,Public,No,User (no admin center access),https://7rkd12.sharepoint.com/teams/prj_groupsite-731028,0.00,0.00,None,Off,1,1,8/5/2026 9:14:14 AM,fe922d5b-3116-4ab9-aedb-ff1d519bbd2b,No,-,-,N/A,-,N/A,N/A,-,-,-,-,-,-,-,-,-,-,-,-,-,-,-,-,-,-,-,-,-,-,-,-,-,-,-,-,-,-,-,-,-,-,-,-,-,-,-,-,-,-,-,-,-,-,-
prj_Group Site-731029,Cloud domain: 7rkd12.onmicrosoft.com,Cloud container: Default Group / Team / Engage community container,Cloud,prj_groupsite-731029@7rkd12.onmicrosoft.com,8/4/2026 5:22:59 PM,-,prj_Group Site-731029,Microsoft 365 Group,Not connected,Off,-,Teams not connected,No,No,Assigned,Public,No,User (no admin center access),https://7rkd12.sharepoint.com/teams/prj_groupsite-731029,0.00,0.00,None,Off,1,1,8/5/2026 9:14:15 AM,61d1a6ae-d932-4ab7-9ba1-1608e85f9898,No,-,-,N/A,-,N/A,N/A,-,-,-,-,-,-,-,-,-,-,-,-,-,-,-,-,-,-,-,-,-,-,-,-,-,-,-,-,-,-,-,-,-,-,-,-,-,-,-,-,-,-,-,-,-,-,-
prj_Group Site-731030,Cloud domain: 7rkd12.onmicrosoft.com,Cloud container: Default Group / Team / Engage community container,Cloud,prj_groupsite-731030@7rkd12.onmicrosoft.com,8/4/2026 5:22:56 PM,-,prj_Group Site-731030,Microsoft 365 Group,Not connected,Off,-,Teams not connected,No,No,Assigned,Public,No,User (no admin center access),https://7rkd12.sharepoint.com/sites/prj_groupsite-731030,0.00,0.00,None,Off,1,1,8/4/2026 7:28:39 PM,bd482cf5-e2a4-412a-8c92-f2b35fd62d4f,No,-,-,N/A,-,N/A,N/A,-,-,-,-,-,-,-,-,-,-,-,-,-,-,-,-,-,-,-,-,-,-,-,-,-,-,-,-,-,-,-,-,-,-,-,-,-,-,-,-,-,-,-,-,-,-,-
prj_Group Site-731031,Cloud domain: 7rkd12.onmicrosoft.com,Cloud container: Default Group / Team / Engage community container,Cloud,prj_groupsite-731031@7rkd12.onmicrosoft.com,8/4/2026 5:22:53 PM,-,prj_Group Site-731031,Microsoft 365 Group,Not connected,Off,-,Teams not connected,No,No,Assigned,Public,No,User (no admin center access),https://7rkd12.sharepoint.com/sites/prj_groupsite-731031,0.00,0.00,None,Off,1,1,8/4/2026 7:27:17 PM,d4741d45-d8c5-4acb-a2c7-c5fee1110654,No,-,-,N/A,-,N/A,N/A,-,-,-,-,-,-,-,-,-,-,-,-,-,-,-,-,-,-,-,-,-,-,-,-,-,-,-,-,-,-,-,-,-,-,-,-,-,-,-,-,-,-,-,-,-,-,-
prj_Group Site-731032,Cloud domain: 7rkd12.onmicrosoft.com,Cloud container: Default Group / Team / Engage community container,Cloud,prj_groupsite-731032@7rkd12.onmicrosoft.com,8/4/2026 5:22:46 PM,-,prj_Group Site-731032,Microsoft 365 Group,Not connected,Off,-,Teams not connected,No,No,Assigned,Public,No,User (no admin center access),https://7rkd12.sharepoint.com/teams/prj_groupsite-731032,0.00,0.00,None,Off,1,1,8/5/2026 9:14:14 AM,54c88e3b-863c-488a-bca8-c338bdcb599e,No,-,-,N/A,-,N/A,N/A,-,-,-,-,-,-,-,-,-,-,-,-,-,-,-,-,-,-,-,-,-,-,-,-,-,-,-,-,-,-,-,-,-,-,-,-,-,-,-,-,-,-,-,-,-,-,-
prj_Group Site-731033,Cloud domain: 7rkd12.onmicrosoft.com,Cloud container: Default Group / Team / Engage community container,Cloud,prj_groupsite-731033@7rkd12.onmicrosoft.com,8/4/2026 5:22:40 PM,-,prj_Group Site-731033,Microsoft 365 Group,Not connected,Off,-,Teams not connected,No,No,Assigned,Public,No,User (no admin center access),https://7rkd12.sharepoint.com/teams/prj_groupsite-731033,0.00,0.00,None,Off,1,1,8/5/2026 9:14:15 AM,c7402ab6-b24a-4153-b74a-363dfc136b62,No,-,-,N/A,-,N/A,N/A,-,-,-,-,-,-,-,-,-,-,-,-,-,-,-,-,-,-,-,-,-,-,-,-,-,-,-,-,-,-,-,-,-,-,-,-,-,-,-,-,-,-,-,-,-,-,-
prj_Group Site-731034,Cloud domain: 7rkd12.onmicrosoft.com,Cloud container: Default Group / Team / Engage community container,Cloud,prj_groupsite-731034@7rkd12.onmicrosoft.com,8/4/2026 5:22:33 PM,-,prj_Group Site-731034,Microsoft 365 Group,Not connected,Off,-,Teams not connected,No,No,Assigned,Public,No,User (no admin center access),https://7rkd12.sharepoint.com/teams/prj_groupsite-731034,0.00,0.00,None,Off,1,1,8/5/2026 9:14:14 AM,6437395c-b624-4b29-b366-89b90e55d324,No,-,-,N/A,-,N/A,N/A,-,-,-,-,-,-,-,-,-,-,-,-,-,-,-,-,-,-,-,-,-,-,-,-,-,-,-,-,-,-,-,-,-,-,-,-,-,-,-,-,-,-,-,-,-,-,-
prj_Group Site-731035,Cloud domain: 7rkd12.onmicrosoft.com,Cloud container: Default Group / Team / Engage community container,Cloud,prj_groupsite-731035@7rkd12.onmicrosoft.com,8/4/2026 5:22:30 PM,-,prj_Group Site-731035,Microsoft 365 Group,Not connected,Off,-,Teams not connected,No,No,Assigned,Public,No,User (no admin center access),https://7rkd12.sharepoint.com/sites/prj_groupsite-731035,0.00,0.00,None,Off,1,1,8/4/2026 7:28:02 PM,97cde4f7-5b06-4fcc-8d36-60e60f87d471,No,-,-,N/A,-,N/A,N/A,-,-,-,-,-,-,-,-,-,-,-,-,-,-,-,-,-,-,-,-,-,-,-,-,-,-,-,-,-,-,-,-,-,-,-,-,-,-,-,-,-,-,-,-,-,-,-
prj_Group Site-731036,Cloud domain: 7rkd12.onmicrosoft.com,Cloud container: Default Group / Team / Engage community container,Cloud,prj_groupsite-731036@7rkd12.onmicrosoft.com,8/4/2026 5:22:27 PM,-,prj_Group Site-731036,Microsoft 365 Group,Not connected,Off,-,Teams not connected,No,No,Assigned,Public,No,User (no admin center access),https://7rkd12.sharepoint.com/sites/prj_groupsite-731036,0.00,0.00,None,Off,1,1,8/4/2026 7:26:42 PM,16b42be4-9efe-4787-879a-37dee423ecc4,No,-,-,N/A,-,N/A,N/A,-,-,-,-,-,-,-,-,-,-,-,-,-,-,-,-,-,-,-,-,-,-,-,-,-,-,-,-,-,-,-,-,-,-,-,-,-,-,-,-,-,-,-,-,-,-,-
prj_Group Site-731037,Cloud domain: 7rkd12.onmicrosoft.com,Cloud container: Default Group / Team / Engage community container,Cloud,prj_groupsite-731037@7rkd12.onmicrosoft.com,8/4/2026 5:22:20 PM,-,prj_Group Site-731037,Microsoft 365 Group,Not connected,Off,-,Teams not connected,No,No,Assigned,Public,No,User (no admin center access),https://7rkd12.sharepoint.com/teams/prj_groupsite-731037,0.00,0.00,None,Off,1,1,8/5/2026 9:14:14 AM,8a39fd7d-d09e-48d1-86cf-d1d6d6c5f842,No,-,-,N/A,-,N/A,N/A,-,-,-,-,-,-,-,-,-,-,-,-,-,-,-,-,-,-,-,-,-,-,-,-,-,-,-,-,-,-,-,-,-,-,-,-,-,-,-,-,-,-,-,-,-,-,-
prj_Group Site-731038,Cloud domain: 7rkd12.onmicrosoft.com,Cloud container: Default Group / Team / Engage community container,Cloud,prj_groupsite-731038@7rkd12.onmicrosoft.com,8/4/2026 5:22:14 PM,-,prj_Group Site-731038,Microsoft 365 Group,Not connected,Off,-,Teams not connected,No,No,Assigned,Public,No,User (no admin center access),https://7rkd12.sharepoint.com/teams/prj_groupsite-731038,0.00,0.00,None,Off,1,1,8/5/2026 9:14:14 AM,8e14826e-a058-4d94-973e-46450ac7c4e6,No,-,-,N/A,-,N/A,N/A,-,-,-,-,-,-,-,-,-,-,-,-,-,-,-,-,-,-,-,-,-,-,-,-,-,-,-,-,-,-,-,-,-,-,-,-,-,-,-,-,-,-,-,-,-,-,-
prj_Group Site-731039,Cloud domain: 7rkd12.onmicrosoft.com,Cloud container: Default Group / Team / Engage community container,Cloud,prj_groupsite-731039@7rkd12.onmicrosoft.com,8/4/2026 5:22:07 PM,-,prj_Group Site-731039,Microsoft 365 Group,Not connected,Off,-,Teams not connected,No,No,Assigned,Public,No,User (no admin center access),https://7rkd12.sharepoint.com/teams/prj_groupsite-731039,0.00,0.00,None,Off,1,1,8/5/2026 9:14:14 AM,fdc96ed4-474a-4ee1-ae5d-8df843e5be53,No,-,-,N/A,-,N/A,N/A,-,-,-,-,-,-,-,-,-,-,-,-,-,-,-,-,-,-,-,-,-,-,-,-,-,-,-,-,-,-,-,-,-,-,-,-,-,-,-,-,-,-,-,-,-,-,-
prj_Group Site-731040,Cloud domain: 7rkd12.onmicrosoft.com,Cloud container: Default Group / Team / Engage community container,Cloud,prj_groupsite-731040@7rkd12.onmicrosoft.com,8/4/2026 5:22:00 PM,-,prj_Group Site-731040,Microsoft 365 Group,Not connected,Off,-,Teams not connected,No,No,Assigned,Public,No,User (no admin center access),https://7rkd12.sharepoint.com/teams/prj_groupsite-731040,0.00,0.00,None,Off,1,1,8/5/2026 9:14:15 AM,8c5b323e-cb6e-4088-ad8b-c33c3b7557c7,No,-,-,N/A,-,N/A,N/A,-,-,-,-,-,-,-,-,-,-,-,-,-,-,-,-,-,-,-,-,-,-,-,-,-,-,-,-,-,-,-,-,-,-,-,-,-,-,-,-,-,-,-,-,-,-,-
prj_Group Site-731041,Cloud domain: 7rkd12.onmicrosoft.com,Cloud container: Default Group / Team / Engage community container,Cloud,prj_groupsite-731041@7rkd12.onmicrosoft.com,8/4/2026 5:21:53 PM,-,prj_Group Site-731041,Microsoft 365 Group,Not connected,Off,-,Teams not connected,No,No,Assigned,Public,No,User (no admin center access),https://7rkd12.sharepoint.com/teams/prj_groupsite-731041,0.00,0.00,None,Off,1,1,8/5/2026 9:14:15 AM,8beffdb8-8490-411b-9769-61003e3325c5,No,-,-,N/A,-,N/A,N/A,-,-,-,-,-,-,-,-,-,-,-,-,-,-,-,-,-,-,-,-,-,-,-,-,-,-,-,-,-,-,-,-,-,-,-,-,-,-,-,-,-,-,-,-,-,-,-
prj_Group Site-731042,Cloud domain: 7rkd12.onmicrosoft.com,Cloud container: Default Group / Team / Engage community container,Cloud,prj_groupsite-731042@7rkd12.onmicrosoft.com,8/4/2026 5:21:46 PM,-,prj_Group Site-731042,Microsoft 365 Group,Not connected,Off,-,Teams not connected,No,No,Assigned,Public,No,User (no admin center access),https://7rkd12.sharepoint.com/teams/prj_groupsite-731042,0.00,0.00,None,Off,1,1,8/5/2026 9:14:15 AM,ffc0fd01-77e9-4391-a66d-36bcb22d561d,No,-,-,N/A,-,N/A,N/A,-,-,-,-,-,-,-,-,-,-,-,-,-,-,-,-,-,-,-,-,-,-,-,-,-,-,-,-,-,-,-,-,-,-,-,-,-,-,-,-,-,-,-,-,-,-,-
prj_Group Site-731043,Cloud domain: 7rkd12.onmicrosoft.com,Cloud container: Default Group / Team / Engage community container,Cloud,prj_groupsite-731043@7rkd12.onmicrosoft.com,8/4/2026 5:21:40 PM,-,prj_Group Site-731043,Microsoft 365 Group,Not connected,Off,-,Teams not connected,No,No,Assigned,Public,No,User (no admin center access),https://7rkd12.sharepoint.com/teams/prj_groupsite-731043,0.00,0.00,None,Off,1,1,8/5/2026 9:14:14 AM,0c5855e4-d871-43da-a1fc-3e3f46f1afdf,No,-,-,N/A,-,N/A,N/A,-,-,-,-,-,-,-,-,-,-,-,-,-,-,-,-,-,-,-,-,-,-,-,-,-,-,-,-,-,-,-,-,-,-,-,-,-,-,-,-,-,-,-,-,-,-,-
prj_Group Site-731044,Cloud domain: 7rkd12.onmicrosoft.com,Cloud container: Default Group / Team / Engage community container,Cloud,prj_groupsite-731044@7rkd12.onmicrosoft.com,8/4/2026 5:21:33 PM,-,prj_Group Site-731044,Microsoft 365 Group,Not connected,Off,-,Teams not connected,No,No,Assigned,Public,No,User (no admin center access),https://7rkd12.sharepoint.com/teams/prj_groupsite-731044,0.00,0.00,None,Off,1,1,8/5/2026 9:14:15 AM,902a29dc-a96a-4536-9d77-1adf274f8011,No,-,-,N/A,-,N/A,N/A,-,-,-,-,-,-,-,-,-,-,-,-,-,-,-,-,-,-,-,-,-,-,-,-,-,-,-,-,-,-,-,-,-,-,-,-,-,-,-,-,-,-,-,-,-,-,-
prj_Group Site-731045,Cloud domain: 7rkd12.onmicrosoft.com,Cloud container: Default Group / Team / Engage community container,Cloud,prj_groupsite-731045@7rkd12.onmicrosoft.com,8/4/2026 5:21:27 PM,-,prj_Group Site-731045,Microsoft 365 Group,Not connected,Off,-,Teams not connected,No,No,Assigned,Public,No,User (no admin center access),https://7rkd12.sharepoint.com/teams/prj_groupsite-731045,0.00,0.00,None,Off,1,1,8/5/2026 9:14:14 AM,a11747f5-f2f0-4529-bd46-be47c4bc7762,No,-,-,N/A,-,N/A,N/A,-,-,-,-,-,-,-,-,-,-,-,-,-,-,-,-,-,-,-,-,-,-,-,-,-,-,-,-,-,-,-,-,-,-,-,-,-,-,-,-,-,-,-,-,-,-,-
prj_Group Site-731046,Cloud domain: 7rkd12.onmicrosoft.com,Cloud container: Default Group / Team / Engage community container,Cloud,prj_groupsite-731046@7rkd12.onmicrosoft.com,8/4/2026 5:21:24 PM,-,prj_Group Site-731046,Microsoft 365 Group,Not connected,Off,-,Teams not connected,No,No,Assigned,Public,No,User (no admin center access),https://7rkd12.sharepoint.com/sites/prj_groupsite-731046,0.00,0.00,None,Off,1,1,8/4/2026 7:27:32 PM,660b2d58-d4db-4aea-bdbd-82b793fecf9d,No,-,-,N/A,-,N/A,N/A,-,-,-,-,-,-,-,-,-,-,-,-,-,-,-,-,-,-,-,-,-,-,-,-,-,-,-,-,-,-,-,-,-,-,-,-,-,-,-,-,-,-,-,-,-,-,-
prj_Group Site-731047,Cloud domain: 7rkd12.onmicrosoft.com,Cloud container: Default Group / Team / Engage community container,Cloud,prj_groupsite-731047@7rkd12.onmicrosoft.com,8/4/2026 5:21:17 PM,-,prj_Group Site-731047,Microsoft 365 Group,Not connected,Off,-,Teams not connected,No,No,Assigned,Public,No,User (no admin center access),https://7rkd12.sharepoint.com/teams/prj_groupsite-731047,0.00,0.00,None,Off,1,1,8/5/2026 9:14:15 AM,26da1133-b665-47ed-8579-7a2c049576db,No,-,-,N/A,-,N/A,N/A,-,-,-,-,-,-,-,-,-,-,-,-,-,-,-,-,-,-,-,-,-,-,-,-,-,-,-,-,-,-,-,-,-,-,-,-,-,-,-,-,-,-,-,-,-,-,-
prj_Group Site-731048,Cloud domain: 7rkd12.onmicrosoft.com,Cloud container: Default Group / Team / Engage community container,Cloud,prj_groupsite-731048@7rkd12.onmicrosoft.com,8/4/2026 5:21:11 PM,-,prj_Group Site-731048,Microsoft 365 Group,Not connected,Off,-,Teams not connected,No,No,Assigned,Public,No,User (no admin center access),https://7rkd12.sharepoint.com/teams/prj_groupsite-731048,0.00,0.00,None,Off,1,1,8/5/2026 9:14:15 AM,09e49682-b581-4be2-875f-06f2e0c8b609,No,-,-,N/A,-,N/A,N/A,-,-,-,-,-,-,-,-,-,-,-,-,-,-,-,-,-,-,-,-,-,-,-,-,-,-,-,-,-,-,-,-,-,-,-,-,-,-,-,-,-,-,-,-,-,-,-
prj_Group Site-731049,Cloud domain: 7rkd12.onmicrosoft.com,Cloud container: Default Group / Team / Engage community container,Cloud,prj_groupsite-731049@7rkd12.onmicrosoft.com,8/4/2026 5:21:08 PM,-,prj_Group Site-731049,Microsoft 365 Group,Not connected,Off,-,Teams not connected,No,No,Assigned,Public,No,User (no admin center access),https://7rkd12.sharepoint.com/sites/prj_groupsite-731049,0.00,0.00,None,Off,1,1,8/4/2026 7:25:57 PM,09e6f10f-e8ae-4f5a-8d04-6a9467168e45,No,-,-,N/A,-,N/A,N/A,-,-,-,-,-,-,-,-,-,-,-,-,-,-,-,-,-,-,-,-,-,-,-,-,-,-,-,-,-,-,-,-,-,-,-,-,-,-,-,-,-,-,-,-,-,-,-
prj_Group Site-731050,Cloud domain: 7rkd12.onmicrosoft.com,Cloud container: Default Group / Team / Engage community container,Cloud,prj_groupsite-731050@7rkd12.onmicrosoft.com,8/4/2026 5:21:02 PM,-,prj_Group Site-731050,Microsoft 365 Group,Not connected,Off,-,Teams not connected,No,No,Assigned,Public,No,User (no admin center access),https://7rkd12.sharepoint.com/teams/prj_groupsite-731050,0.00,0.00,None,Off,1,1,8/5/2026 9:14:14 AM,5ea32ea1-33c8-4905-9d12-05a54d16153e,No,-,-,N/A,-,N/A,N/A,-,-,-,-,-,-,-,-,-,-,-,-,-,-,-,-,-,-,-,-,-,-,-,-,-,-,-,-,-,-,-,-,-,-,-,-,-,-,-,-,-,-,-,-,-,-,-
prj_Group Site-731051,Cloud domain: 7rkd12.onmicrosoft.com,Cloud container: Default Group / Team / Engage community container,Cloud,prj_groupsite-731051@7rkd12.onmicrosoft.com,8/4/2026 5:20:57 PM,-,prj_Group Site-731051,Microsoft 365 Group,Not connected,Off,-,Teams not connected,No,No,Assigned,Private,No,User (no admin center access),https://7rkd12.sharepoint.com/sites/prj_groupsite-731051,0.00,0.00,None,Off,1,1,8/4/2026 7:27:33 PM,41612821-ea0f-4c8f-911e-f5f6288f5183,No,-,-,N/A,-,N/A,N/A,-,-,-,-,-,-,-,-,-,-,-,-,-,-,-,-,-,-,-,-,-,-,-,-,-,-,-,-,-,-,-,-,-,-,-,-,-,-,-,-,-,-,-,-,-,-,-
prj_Group Site-731052,Cloud domain: 7rkd12.onmicrosoft.com,Cloud container: Default Group / Team / Engage community container,Cloud,prj_groupsite-731052@7rkd12.onmicrosoft.com,8/4/2026 5:20:50 PM,-,prj_Group Site-731052,Microsoft 365 Group,Not connected,Off,-,Teams not connected,No,No,Assigned,Private,No,User (no admin center access),https://7rkd12.sharepoint.com/teams/prj_groupsite-731052,0.00,0.00,None,Off,1,1,8/5/2026 9:14:15 AM,fe56400d-2d74-45a7-8163-506006bc44c0,No,-,-,N/A,-,N/A,N/A,-,-,-,-,-,-,-,-,-,-,-,-,-,-,-,-,-,-,-,-,-,-,-,-,-,-,-,-,-,-,-,-,-,-,-,-,-,-,-,-,-,-,-,-,-,-,-
prj_Group Site-731053,Cloud domain: 7rkd12.onmicrosoft.com,Cloud container: Default Group / Team / Engage community container,Cloud,prj_groupsite-731053@7rkd12.onmicrosoft.com,8/4/2026 5:20:42 PM,-,prj_Group Site-731053,Microsoft 365 Group,Not connected,Off,-,Teams not connected,No,No,Assigned,Private,No,User (no admin center access),https://7rkd12.sharepoint.com/teams/prj_groupsite-731053,0.00,0.00,None,Off,1,1,8/5/2026 9:14:15 AM,d9fbce9c-8abc-475e-9380-b67f896035f9,No,-,-,N/A,-,N/A,N/A,-,-,-,-,-,-,-,-,-,-,-,-,-,-,-,-,-,-,-,-,-,-,-,-,-,-,-,-,-,-,-,-,-,-,-,-,-,-,-,-,-,-,-,-,-,-,-
prj_Group Site-731054,Cloud domain: 7rkd12.onmicrosoft.com,Cloud container: Default Group / Team / Engage community container,Cloud,prj_groupsite-731054@7rkd12.onmicrosoft.com,8/4/2026 5:20:34 PM,-,prj_Group Site-731054,Microsoft 365 Group,Not connected,Off,-,Teams not connected,No,No,Assigned,Private,No,User (no admin center access),https://7rkd12.sharepoint.com/teams/prj_groupsite-731054,0.00,0.00,None,Off,1,1,8/5/2026 9:14:14 AM,482543dc-a7ed-499e-8d76-eeb2f5838f6d,No,-,-,N/A,-,N/A,N/A,-,-,-,-,-,-,-,-,-,-,-,-,-,-,-,-,-,-,-,-,-,-,-,-,-,-,-,-,-,-,-,-,-,-,-,-,-,-,-,-,-,-,-,-,-,-,-
prj_Group Site-731055,Cloud domain: 7rkd12.onmicrosoft.com,Cloud container: Default Group / Team / Engage community container,Cloud,prj_groupsite-731055@7rkd12.onmicrosoft.com,8/4/2026 5:20:31 PM,-,prj_Group Site-731055,Microsoft 365 Group,Not connected,Off,-,Teams not connected,No,No,Assigned,Private,No,User (no admin center access),https://7rkd12.sharepoint.com/sites/prj_groupsite-731055,0.00,0.00,None,Off,1,1,8/4/2026 7:28:34 PM,d7302af2-b542-45cd-9d46-a63a8d8baa56,No,-,-,N/A,-,N/A,N/A,-,-,-,-,-,-,-,-,-,-,-,-,-,-,-,-,-,-,-,-,-,-,-,-,-,-,-,-,-,-,-,-,-,-,-,-,-,-,-,-,-,-,-,-,-,-,-
prj_Group Site-731056,Cloud domain: 7rkd12.onmicrosoft.com,Cloud container: Default Group / Team / Engage community container,Cloud,prj_groupsite-731056@7rkd12.onmicrosoft.com,8/4/2026 5:20:22 PM,-,prj_Group Site-731056,Microsoft 365 Group,Not connected,Off,-,Teams not connected,No,No,Assigned,Private,No,User (no admin center access),https://7rkd12.sharepoint.com/teams/prj_groupsite-731056,0.00,0.00,None,Off,1,1,8/5/2026 9:14:14 AM,ccd5575e-8b91-406b-9f31-6deaab8eff2a,No,-,-,N/A,-,N/A,N/A,-,-,-,-,-,-,-,-,-,-,-,-,-,-,-,-,-,-,-,-,-,-,-,-,-,-,-,-,-,-,-,-,-,-,-,-,-,-,-,-,-,-,-,-,-,-,-
prj_Group Site-731057,Cloud domain: 7rkd12.onmicrosoft.com,Cloud container: Default Group / Team / Engage community container,Cloud,prj_groupsite-731057@7rkd12.onmicrosoft.com,8/4/2026 5:20:15 PM,-,prj_Group Site-731057,Microsoft 365 Group,Not connected,Off,-,Teams not connected,No,No,Assigned,Private,No,User (no admin center access),https://7rkd12.sharepoint.com/teams/prj_groupsite-731057,0.00,0.00,None,Off,1,1,8/5/2026 9:14:15 AM,a62409aa-c82b-4d8a-bc3d-054006bf6c68,No,-,-,N/A,-,N/A,N/A,-,-,-,-,-,-,-,-,-,-,-,-,-,-,-,-,-,-,-,-,-,-,-,-,-,-,-,-,-,-,-,-,-,-,-,-,-,-,-,-,-,-,-,-,-,-,-
prj_Group Site-731058,Cloud domain: 7rkd12.onmicrosoft.com,Cloud container: Default Group / Team / Engage community container,Cloud,prj_groupsite-731058@7rkd12.onmicrosoft.com,8/4/2026 5:20:10 PM,-,prj_Group Site-731058,Microsoft 365 Group,Not connected,Off,-,Teams not connected,No,No,Assigned,Private,No,User (no admin center access),https://7rkd12.sharepoint.com/sites/prj_groupsite-731058,0.00,0.00,None,Off,1,1,8/4/2026 7:28:25 PM,ee8bf8ac-f1a7-44fc-a093-e504afa5961b,No,-,-,N/A,-,N/A,N/A,-,-,-,-,-,-,-,-,-,-,-,-,-,-,-,-,-,-,-,-,-,-,-,-,-,-,-,-,-,-,-,-,-,-,-,-,-,-,-,-,-,-,-,-,-,-,-
prj_Group Site-731059,Cloud domain: 7rkd12.onmicrosoft.com,Cloud container: Default Group / Team / Engage community container,Cloud,prj_groupsite-731059@7rkd12.onmicrosoft.com,8/4/2026 5:20:06 PM,-,prj_Group Site-731059,Microsoft 365 Group,Not connected,Off,-,Teams not connected,No,No,Assigned,Private,No,User (no admin center access),https://7rkd12.sharepoint.com/sites/prj_groupsite-731059,0.00,0.00,None,Off,1,1,8/4/2026 7:26:53 PM,86100f0b-d886-4fb5-bd7e-b2ba2cbd2f20,No,-,-,N/A,-,N/A,N/A,-,-,-,-,-,-,-,-,-,-,-,-,-,-,-,-,-,-,-,-,-,-,-,-,-,-,-,-,-,-,-,-,-,-,-,-,-,-,-,-,-,-,-,-,-,-,-
prj_Group Site-731060,Cloud domain: 7rkd12.onmicrosoft.com,Cloud container: Default Group / Team / Engage community container,Cloud,prj_groupsite-731060@7rkd12.onmicrosoft.com,8/4/2026 5:19:58 PM,-,prj_Group Site-731060,Microsoft 365 Group,Not connected,Off,-,Teams not connected,No,No,Assigned,Private,No,User (no admin center access),https://7rkd12.sharepoint.com/teams/prj_groupsite-731060,0.00,0.00,None,Off,1,1,8/5/2026 9:14:15 AM,4d818c08-a23d-4c63-a286-a333a408d850,No,-,-,N/A,-,N/A,N/A,-,-,-,-,-,-,-,-,-,-,-,-,-,-,-,-,-,-,-,-,-,-,-,-,-,-,-,-,-,-,-,-,-,-,-,-,-,-,-,-,-,-,-,-,-,-,-
prj_Group Site-731061,Cloud domain: 7rkd12.onmicrosoft.com,Cloud container: Default Group / Team / Engage community container,Cloud,prj_groupsite-731061@7rkd12.onmicrosoft.com,8/4/2026 5:19:51 PM,-,prj_Group Site-731061,Microsoft 365 Group,Not connected,Off,-,Teams not connected,No,No,Assigned,Private,No,User (no admin center access),https://7rkd12.sharepoint.com/teams/prj_groupsite-731061,0.00,0.00,None,Off,1,1,8/5/2026 9:14:14 AM,e86beec2-e4ff-44c6-8ed1-7ddac7c64f6d,No,-,-,N/A,-,N/A,N/A,-,-,-,-,-,-,-,-,-,-,-,-,-,-,-,-,-,-,-,-,-,-,-,-,-,-,-,-,-,-,-,-,-,-,-,-,-,-,-,-,-,-,-,-,-,-,-
prj_Group Site-731062,Cloud domain: 7rkd12.onmicrosoft.com,Cloud container: Default Group / Team / Engage community container,Cloud,prj_groupsite-731062@7rkd12.onmicrosoft.com,8/4/2026 5:19:47 PM,-,prj_Group Site-731062,Microsoft 365 Group,Not connected,Off,-,Teams not connected,No,No,Assigned,Private,No,User (no admin center access),https://7rkd12.sharepoint.com/sites/prj_groupsite-731062,0.00,0.00,None,Off,1,1,8/4/2026 7:26:22 PM,199ba35b-4391-4eec-9c7d-053cc7df923a,No,-,-,N/A,-,N/A,N/A,-,-,-,-,-,-,-,-,-,-,-,-,-,-,-,-,-,-,-,-,-,-,-,-,-,-,-,-,-,-,-,-,-,-,-,-,-,-,-,-,-,-,-,-,-,-,-
prj_Group Site-731063,Cloud domain: 7rkd12.onmicrosoft.com,Cloud container: Default Group / Team / Engage community container,Cloud,prj_groupsite-731063@7rkd12.onmicrosoft.com,8/4/2026 5:19:39 PM,-,prj_Group Site-731063,Microsoft 365 Group,Not connected,Off,-,Teams not connected,No,No,Assigned,Private,No,User (no admin center access),https://7rkd12.sharepoint.com/teams/prj_groupsite-731063,0.00,0.00,None,Off,1,1,8/5/2026 9:14:14 AM,7710bdf8-8563-45d8-8db2-35bfd35513da,No,-,-,N/A,-,N/A,N/A,-,-,-,-,-,-,-,-,-,-,-,-,-,-,-,-,-,-,-,-,-,-,-,-,-,-,-,-,-,-,-,-,-,-,-,-,-,-,-,-,-,-,-,-,-,-,-
prj_Group Site-731064,Cloud domain: 7rkd12.onmicrosoft.com,Cloud container: Default Group / Team / Engage community container,Cloud,prj_groupsite-731064@7rkd12.onmicrosoft.com,8/4/2026 5:19:32 PM,-,prj_Group Site-731064,Microsoft 365 Group,Not connected,Off,-,Teams not connected,No,No,Assigned,Private,No,User (no admin center access),https://7rkd12.sharepoint.com/teams/prj_groupsite-731064,0.00,0.00,None,Off,1,1,8/5/2026 9:14:15 AM,72de5512-33a2-4c37-a399-dc6b3d0a09d0,No,-,-,N/A,-,N/A,N/A,-,-,-,-,-,-,-,-,-,-,-,-,-,-,-,-,-,-,-,-,-,-,-,-,-,-,-,-,-,-,-,-,-,-,-,-,-,-,-,-,-,-,-,-,-,-,-
prj_Group Site-731065,Cloud domain: 7rkd12.onmicrosoft.com,Cloud container: Default Group / Team / Engage community container,Cloud,prj_groupsite-731065@7rkd12.onmicrosoft.com,8/4/2026 5:19:24 PM,-,prj_Group Site-731065,Microsoft 365 Group,Not connected,Off,-,Teams not connected,No,No,Assigned,Private,No,User (no admin center access),https://7rkd12.sharepoint.com/teams/prj_groupsite-731065,0.00,0.00,None,Off,1,1,8/5/2026 9:14:15 AM,47958566-7dd2-48b9-983b-a27de4e3188c,No,-,-,N/A,-,N/A,N/A,-,-,-,-,-,-,-,-,-,-,-,-,-,-,-,-,-,-,-,-,-,-,-,-,-,-,-,-,-,-,-,-,-,-,-,-,-,-,-,-,-,-,-,-,-,-,-
prj_Group Site-731066,Cloud domain: 7rkd12.onmicrosoft.com,Cloud container: Default Group / Team / Engage community container,Cloud,prj_groupsite-731066@7rkd12.onmicrosoft.com,8/4/2026 5:19:17 PM,-,prj_Group Site-731066,Microsoft 365 Group,Not connected,Off,-,Teams not connected,No,No,Assigned,Private,No,User (no admin center access),https://7rkd12.sharepoint.com/teams/prj_groupsite-731066,0.00,0.00,None,Off,1,1,8/5/2026 9:14:15 AM,5c47ccb6-3989-44b0-800a-68e725663908,No,-,-,N/A,-,N/A,N/A,-,-,-,-,-,-,-,-,-,-,-,-,-,-,-,-,-,-,-,-,-,-,-,-,-,-,-,-,-,-,-,-,-,-,-,-,-,-,-,-,-,-,-,-,-,-,-
prj_Group Site-731067,Cloud domain: 7rkd12.onmicrosoft.com,Cloud container: Default Group / Team / Engage community container,Cloud,prj_groupsite-731067@7rkd12.onmicrosoft.com,8/4/2026 5:19:09 PM,-,prj_Group Site-731067,Microsoft 365 Group,Not connected,Off,-,Teams not connected,No,No,Assigned,Private,No,User (no admin center access),https://7rkd12.sharepoint.com/teams/prj_groupsite-731067,0.00,0.00,None,Off,1,1,8/5/2026 9:14:14 AM,fe55afa9-e26a-4767-9bbc-5ff0196f565a,No,-,-,N/A,-,N/A,N/A,-,-,-,-,-,-,-,-,-,-,-,-,-,-,-,-,-,-,-,-,-,-,-,-,-,-,-,-,-,-,-,-,-,-,-,-,-,-,-,-,-,-,-,-,-,-,-
prj_Group Site-731068,Cloud domain: 7rkd12.onmicrosoft.com,Cloud container: Default Group / Team / Engage community container,Cloud,prj_groupsite-731068@7rkd12.onmicrosoft.com,8/4/2026 5:19:02 PM,-,prj_Group Site-731068,Microsoft 365 Group,Not connected,Off,-,Teams not connected,No,No,Assigned,Private,No,User (no admin center access),https://7rkd12.sharepoint.com/teams/prj_groupsite-731068,0.00,0.00,None,Off,1,1,8/5/2026 9:14:15 AM,d7a618ad-a956-46f9-948a-2093147aa413,No,-,-,N/A,-,N/A,N/A,-,-,-,-,-,-,-,-,-,-,-,-,-,-,-,-,-,-,-,-,-,-,-,-,-,-,-,-,-,-,-,-,-,-,-,-,-,-,-,-,-,-,-,-,-,-,-
prj_Group Site-731069,Cloud domain: 7rkd12.onmicrosoft.com,Cloud container: Default Group / Team / Engage community container,Cloud,prj_groupsite-731069@7rkd12.onmicrosoft.com,8/4/2026 5:18:55 PM,-,prj_Group Site-731069,Microsoft 365 Group,Not connected,Off,-,Teams not connected,No,No,Assigned,Private,No,User (no admin center access),https://7rkd12.sharepoint.com/teams/prj_groupsite-731069,0.00,0.00,None,Off,1,1,8/5/2026 9:14:14 AM,63450ee9-68d9-4aa0-be3d-4c7fa5b0b3be,No,-,-,N/A,-,N/A,N/A,-,-,-,-,-,-,-,-,-,-,-,-,-,-,-,-,-,-,-,-,-,-,-,-,-,-,-,-,-,-,-,-,-,-,-,-,-,-,-,-,-,-,-,-,-,-,-
prj_Group Site-731070,Cloud domain: 7rkd12.onmicrosoft.com,Cloud container: Default Group / Team / Engage community container,Cloud,prj_groupsite-731070@7rkd12.onmicrosoft.com,8/4/2026 5:18:48 PM,-,prj_Group Site-731070,Microsoft 365 Group,Not connected,Off,-,Teams not connected,No,No,Assigned,Private,No,User (no admin center access),https://7rkd12.sharepoint.com/teams/prj_groupsite-731070,0.00,0.00,None,Off,1,1,8/5/2026 9:14:15 AM,aff3d2ef-dcca-434b-b49c-4db8544b0f4d,No,-,-,N/A,-,N/A,N/A,-,-,-,-,-,-,-,-,-,-,-,-,-,-,-,-,-,-,-,-,-,-,-,-,-,-,-,-,-,-,-,-,-,-,-,-,-,-,-,-,-,-,-,-,-,-,-
prj_Group Site-731071,Cloud domain: 7rkd12.onmicrosoft.com,Cloud container: Default Group / Team / Engage community container,Cloud,prj_groupsite-731071@7rkd12.onmicrosoft.com,8/4/2026 5:18:40 PM,-,prj_Group Site-731071,Microsoft 365 Group,Not connected,Off,-,Teams not connected,No,No,Assigned,Private,No,User (no admin center access),https://7rkd12.sharepoint.com/teams/prj_groupsite-731071,0.00,0.00,None,Off,1,1,8/5/2026 9:14:15 AM,7e4e7ac3-7fc8-4d37-809c-b11de803cc72,No,-,-,N/A,-,N/A,N/A,-,-,-,-,-,-,-,-,-,-,-,-,-,-,-,-,-,-,-,-,-,-,-,-,-,-,-,-,-,-,-,-,-,-,-,-,-,-,-,-,-,-,-,-,-,-,-
prj_Group Site-731072,Cloud domain: 7rkd12.onmicrosoft.com,Cloud container: Default Group / Team / Engage community container,Cloud,prj_groupsite-731072@7rkd12.onmicrosoft.com,8/4/2026 5:18:33 PM,-,prj_Group Site-731072,Microsoft 365 Group,Not connected,Off,-,Teams not connected,No,No,Assigned,Private,No,User (no admin center access),https://7rkd12.sharepoint.com/teams/prj_groupsite-731072,0.00,0.00,None,Off,1,1,8/5/2026 9:14:15 AM,c910ab5b-8294-4e42-9e46-109ba23baa63,No,-,-,N/A,-,N/A,N/A,-,-,-,-,-,-,-,-,-,-,-,-,-,-,-,-,-,-,-,-,-,-,-,-,-,-,-,-,-,-,-,-,-,-,-,-,-,-,-,-,-,-,-,-,-,-,-
prj_Group Site-731073,Cloud domain: 7rkd12.onmicrosoft.com,Cloud container: Default Group / Team / Engage community container,Cloud,prj_groupsite-731073@7rkd12.onmicrosoft.com,8/4/2026 5:18:26 PM,-,prj_Group Site-731073,Microsoft 365 Group,Not connected,Off,-,Teams not connected,No,No,Assigned,Private,No,User (no admin center access),https://7rkd12.sharepoint.com/teams/prj_groupsite-731073,0.00,0.00,None,Off,1,1,8/5/2026 9:14:15 AM,735a52b3-c696-412d-bfe2-b9a167eee7e0,No,-,-,N/A,-,N/A,N/A,-,-,-,-,-,-,-,-,-,-,-,-,-,-,-,-,-,-,-,-,-,-,-,-,-,-,-,-,-,-,-,-,-,-,-,-,-,-,-,-,-,-,-,-,-,-,-
prj_Group Site-731074,Cloud domain: 7rkd12.onmicrosoft.com,Cloud container: Default Group / Team / Engage community container,Cloud,prj_groupsite-731074@7rkd12.onmicrosoft.com,8/4/2026 5:18:18 PM,-,prj_Group Site-731074,Microsoft 365 Group,Not connected,Off,-,Teams not connected,No,No,Assigned,Private,No,User (no admin center access),https://7rkd12.sharepoint.com/teams/prj_groupsite-731074,0.00,0.00,None,Off,1,1,8/5/2026 9:14:15 AM,19cdcb3d-baf8-43cc-a1c1-b090807d5ea7,No,-,-,N/A,-,N/A,N/A,-,-,-,-,-,-,-,-,-,-,-,-,-,-,-,-,-,-,-,-,-,-,-,-,-,-,-,-,-,-,-,-,-,-,-,-,-,-,-,-,-,-,-,-,-,-,-
prj_Group Site-731075,Cloud domain: 7rkd12.onmicrosoft.com,Cloud container: Default Group / Team / Engage community container,Cloud,prj_groupsite-731075@7rkd12.onmicrosoft.com,8/4/2026 5:18:10 PM,-,prj_Group Site-731075,Microsoft 365 Group,Not connected,Off,-,Teams not connected,No,No,Assigned,Private,No,User (no admin center access),https://7rkd12.sharepoint.com/teams/prj_groupsite-731075,0.00,0.00,None,Off,1,1,8/5/2026 9:14:15 AM,bf1ef90e-2317-4bdb-aaa5-c36c6d661eb8,No,-,-,N/A,-,N/A,N/A,-,-,-,-,-,-,-,-,-,-,-,-,-,-,-,-,-,-,-,-,-,-,-,-,-,-,-,-,-,-,-,-,-,-,-,-,-,-,-,-,-,-,-,-,-,-,-
prj_Group Site-731076,Cloud domain: 7rkd12.onmicrosoft.com,Cloud container: Default Group / Team / Engage community container,Cloud,prj_groupsite-731076@7rkd12.onmicrosoft.com,8/4/2026 5:18:02 PM,-,prj_Group Site-731076,Microsoft 365 Group,Not connected,Off,-,Teams not connected,No,No,Assigned,Private,No,User (no admin center access),https://7rkd12.sharepoint.com/teams/prj_groupsite-731076,0.00,0.00,None,Off,1,1,8/5/2026 9:14:15 AM,313ac615-2b27-4c7e-adac-edb411c9a51d,No,-,-,N/A,-,N/A,N/A,-,-,-,-,-,-,-,-,-,-,-,-,-,-,-,-,-,-,-,-,-,-,-,-,-,-,-,-,-,-,-,-,-,-,-,-,-,-,-,-,-,-,-,-,-,-,-
prj_Group Site-731077,Cloud domain: 7rkd12.onmicrosoft.com,Cloud container: Default Group / Team / Engage community container,Cloud,prj_groupsite-731077@7rkd12.onmicrosoft.com,8/10/2026 5:25:06 PM,-,prj_Group Site-731077,Microsoft 365 Group,Not connected,Off,-,Teams not connected,No,No,Assigned,Public,No,User (no admin center access),https://7rkd12.sharepoint.com/teams/prj_groupsite-731077,0.00,0.00,None,Off,1,1,8/10/2026 8:25:30 PM,20198f0e-fdad-4223-8186-ee21f8729dd0,No,-,-,N/A,-,N/A,N/A,-,-,-,-,-,-,-,-,-,-,-,-,-,-,-,-,-,-,-,-,-,-,-,-,-,-,-,-,-,-,-,-,-,-,-,-,-,-,-,-,-,-,-,-,-,-,-
prj_Group Site-731078,Cloud domain: 7rkd12.onmicrosoft.com,Cloud container: Default Group / Team / Engage community container,Cloud,prj_groupsite-731078@7rkd12.onmicrosoft.com,8/10/2026 5:21:03 PM,-,prj_Group Site-731078,Microsoft 365 Group,Not connected,Off,-,Teams not connected,No,No,Assigned,Public,No,User (no admin center access),https://7rkd12.sharepoint.com/teams/prj_groupsite-731078,0.00,0.00,None,Off,1,1,8/10/2026 8:09:48 PM,6e5e792a-b0a5-4470-9da7-f1356d40b6e9,No,-,-,N/A,-,N/A,N/A,-,-,-,-,-,-,-,-,-,-,-,-,-,-,-,-,-,-,-,-,-,-,-,-,-,-,-,-,-,-,-,-,-,-,-,-,-,-,-,-,-,-,-,-,-,-,-
prj_Group Site-731079,Cloud domain: 7rkd12.onmicrosoft.com,Cloud container: Default Group / Team / Engage community container,Cloud,prj_groupsite-731079@7rkd12.onmicrosoft.com,8/10/2026 5:17:00 PM,-,prj_Group Site-731079,Microsoft 365 Group,Not connected,Off,-,Teams not connected,No,No,Assigned,Public,No,User (no admin center access),https://7rkd12.sharepoint.com/teams/prj_groupsite-731079,0.00,0.00,None,Off,1,1,8/10/2026 8:16:47 PM,318aca1e-9e6b-42cb-8132-9c95ff2cb73b,No,-,-,N/A,-,N/A,N/A,-,-,-,-,-,-,-,-,-,-,-,-,-,-,-,-,-,-,-,-,-,-,-,-,-,-,-,-,-,-,-,-,-,-,-,-,-,-,-,-,-,-,-,-,-,-,-
prj_Group Site-731080,Cloud domain: 7rkd12.onmicrosoft.com,Cloud container: Default Group / Team / Engage community container,Cloud,prj_groupsite-731080@7rkd12.onmicrosoft.com,8/4/2026 5:17:42 PM,-,prj_Group Site-731080,Microsoft 365 Group,Not connected,Off,-,Teams not connected,No,No,Assigned,Private,No,User (no admin center access),https://7rkd12.sharepoint.com/teams/prj_groupsite-731080,0.00,0.00,None,Off,1,1,8/5/2026 9:14:14 AM,d779bb1b-9f86-47b7-96c5-4ad2557d313d,No,-,-,N/A,-,N/A,N/A,-,-,-,-,-,-,-,-,-,-,-,-,-,-,-,-,-,-,-,-,-,-,-,-,-,-,-,-,-,-,-,-,-,-,-,-,-,-,-,-,-,-,-,-,-,-,-
prj_Group Site-731081,Cloud domain: 7rkd12.onmicrosoft.com,Cloud container: Default Group / Team / Engage community container,Cloud,prj_groupsite-731081@7rkd12.onmicrosoft.com,8/10/2026 5:11:43 PM,-,prj_Group Site-731081,Microsoft 365 Group,Not connected,Off,-,Teams not connected,No,No,Assigned,Public,No,User (no admin center access),https://7rkd12.sharepoint.com/teams/prj_groupsite-731081,0.00,0.00,None,Off,1,1,8/10/2026 8:08:28 PM,d7efd8b6-142e-4005-81e1-eda0312a61f5,No,-,-,N/A,-,N/A,N/A,-,-,-,-,-,-,-,-,-,-,-,-,-,-,-,-,-,-,-,-,-,-,-,-,-,-,-,-,-,-,-,-,-,-,-,-,-,-,-,-,-,-,-,-,-,-,-
prj_Group Site-731082,Cloud domain: 7rkd12.onmicrosoft.com,Cloud container: Default Group / Team / Engage community container,Cloud,prj_groupsite-731082@7rkd12.onmicrosoft.com,8/4/2026 5:17:30 PM,-,prj_Group Site-731082,Microsoft 365 Group,Not connected,Off,-,Teams not connected,No,No,Assigned,Private,No,User (no admin center access),https://7rkd12.sharepoint.com/teams/prj_groupsite-731082,0.00,0.00,None,Off,1,1,8/5/2026 9:14:14 AM,74714bd5-0d0c-4481-8b8d-10d946d05968,No,-,-,N/A,-,N/A,N/A,-,-,-,-,-,-,-,-,-,-,-,-,-,-,-,-,-,-,-,-,-,-,-,-,-,-,-,-,-,-,-,-,-,-,-,-,-,-,-,-,-,-,-,-,-,-,-
prj_Group Site-731083,Cloud domain: 7rkd12.onmicrosoft.com,Cloud container: Default Group / Team / Engage community container,Cloud,prj_groupsite-731083@7rkd12.onmicrosoft.com,8/4/2026 5:17:22 PM,-,prj_Group Site-731083,Microsoft 365 Group,Not connected,Off,-,Teams not connected,No,No,Assigned,Private,No,User (no admin center access),https://7rkd12.sharepoint.com/teams/prj_groupsite-731083,0.00,0.00,None,Off,1,1,8/5/2026 9:14:15 AM,32830ed5-fd9c-4cb4-8d1d-db6853098ead,No,-,-,N/A,-,N/A,N/A,-,-,-,-,-,-,-,-,-,-,-,-,-,-,-,-,-,-,-,-,-,-,-,-,-,-,-,-,-,-,-,-,-,-,-,-,-,-,-,-,-,-,-,-,-,-,-
prj_Group Site-731084,Cloud domain: 7rkd12.onmicrosoft.com,Cloud container: Default Group / Team / Engage community container,Cloud,prj_groupsite-731084@7rkd12.onmicrosoft.com,8/4/2026 5:17:15 PM,-,prj_Group Site-731084,Microsoft 365 Group,Not connected,Off,-,Teams not connected,No,No,Assigned,Private,No,User (no admin center access),https://7rkd12.sharepoint.com/teams/prj_groupsite-731084,0.00,0.00,None,Off,1,1,8/5/2026 9:14:14 AM,6378e412-0a1d-41e0-b827-2b9b87f1cc9b,No,-,-,N/A,-,N/A,N/A,-,-,-,-,-,-,-,-,-,-,-,-,-,-,-,-,-,-,-,-,-,-,-,-,-,-,-,-,-,-,-,-,-,-,-,-,-,-,-,-,-,-,-,-,-,-,-
prj_Group Site-731085,Cloud domain: 7rkd12.onmicrosoft.com,Cloud container: Default Group / Team / Engage community container,Cloud,prj_groupsite-731085@7rkd12.onmicrosoft.com,8/4/2026 5:17:08 PM,-,prj_Group Site-731085,Microsoft 365 Group,Not connected,Off,-,Teams not connected,No,No,Assigned,Private,No,User (no admin center access),https://7rkd12.sharepoint.com/teams/prj_groupsite-731085,0.00,0.00,None,Off,1,1,8/5/2026 9:14:14 AM,82ea1faf-b55f-4978-9c1e-73cda5cf2dcb,No,-,-,N/A,-,N/A,N/A,-,-,-,-,-,-,-,-,-,-,-,-,-,-,-,-,-,-,-,-,-,-,-,-,-,-,-,-,-,-,-,-,-,-,-,-,-,-,-,-,-,-,-,-,-,-,-
prj_Group Site-731086,Cloud domain: 7rkd12.onmicrosoft.com,Cloud container: Default Group / Team / Engage community container,Cloud,prj_groupsite-731086@7rkd12.onmicrosoft.com,8/4/2026 5:16:59 PM,-,prj_Group Site-731086,Microsoft 365 Group,Not connected,Off,-,Teams not connected,No,No,Assigned,Private,No,User (no admin center access),https://7rkd12.sharepoint.com/teams/prj_groupsite-731086,0.00,0.00,None,Off,1,1,8/5/2026 9:14:15 AM,1d9f569f-5e05-4ae7-b13e-34c23866c3df,No,-,-,N/A,-,N/A,N/A,-,-,-,-,-,-,-,-,-,-,-,-,-,-,-,-,-,-,-,-,-,-,-,-,-,-,-,-,-,-,-,-,-,-,-,-,-,-,-,-,-,-,-,-,-,-,-
prj_Group Site-731087,Cloud domain: 7rkd12.onmicrosoft.com,Cloud container: Default Group / Team / Engage community container,Cloud,prj_groupsite-731087@7rkd12.onmicrosoft.com,8/10/2026 5:02:26 PM,-,prj_Group Site-731087,Microsoft 365 Group,Not connected,Off,-,Teams not connected,No,No,Assigned,Public,No,User (no admin center access),https://7rkd12.sharepoint.com/teams/prj_groupsite-731087,0.00,0.00,None,Off,1,1,8/10/2026 8:00:20 PM,3b30a730-4c94-4957-92ae-ce706c0e5d7e,No,-,-,N/A,-,N/A,N/A,-,-,-,-,-,-,-,-,-,-,-,-,-,-,-,-,-,-,-,-,-,-,-,-,-,-,-,-,-,-,-,-,-,-,-,-,-,-,-,-,-,-,-,-,-,-,-
prj_Group Site-731088,Cloud domain: 7rkd12.onmicrosoft.com,Cloud container: Default Group / Team / Engage community container,Cloud,prj_groupsite-731088@7rkd12.onmicrosoft.com,8/4/2026 5:16:48 PM,-,prj_Group Site-731088,Microsoft 365 Group,Not connected,Off,-,Teams not connected,No,No,Assigned,Private,No,User (no admin center access),https://7rkd12.sharepoint.com/teams/prj_groupsite-731088,0.00,0.00,None,Off,1,1,8/5/2026 9:14:15 AM,9348ba1a-ee4f-4bc7-bed7-4ae827115c35,No,-,-,N/A,-,N/A,N/A,-,-,-,-,-,-,-,-,-,-,-,-,-,-,-,-,-,-,-,-,-,-,-,-,-,-,-,-,-,-,-,-,-,-,-,-,-,-,-,-,-,-,-,-,-,-,-
prj_Group Site-731089,Cloud domain: 7rkd12.onmicrosoft.com,Cloud container: Default Group / Team / Engage community container,Cloud,prj_groupsite-731089@7rkd12.onmicrosoft.com,8/4/2026 5:16:40 PM,-,prj_Group Site-731089,Microsoft 365 Group,Not connected,Off,-,Teams not connected,No,No,Assigned,Private,No,User (no admin center access),https://7rkd12.sharepoint.com/teams/prj_groupsite-731089,0.00,0.00,None,Off,1,1,8/5/2026 9:14:14 AM,41d627fa-84e9-4257-a3a8-7631a71055e9,No,-,-,N/A,-,N/A,N/A,-,-,-,-,-,-,-,-,-,-,-,-,-,-,-,-,-,-,-,-,-,-,-,-,-,-,-,-,-,-,-,-,-,-,-,-,-,-,-,-,-,-,-,-,-,-,-
prj_Group Site-731090,Cloud domain: 7rkd12.onmicrosoft.com,Cloud container: Default Group / Team / Engage community container,Cloud,prj_groupsite-731090@7rkd12.onmicrosoft.com,8/10/2026 4:56:17 PM,-,prj_Group Site-731090,Microsoft 365 Group,Not connected,Off,-,Teams not connected,No,No,Assigned,Public,No,User (no admin center access),https://7rkd12.sharepoint.com/teams/prj_groupsite-731090,0.00,0.00,None,Off,1,1,8/10/2026 7:51:40 PM,cc78bf43-aeea-4be0-8e91-6726e6d01252,No,-,-,N/A,-,N/A,N/A,-,-,-,-,-,-,-,-,-,-,-,-,-,-,-,-,-,-,-,-,-,-,-,-,-,-,-,-,-,-,-,-,-,-,-,-,-,-,-,-,-,-,-,-,-,-,-
prj_Group Site-731091,Cloud domain: 7rkd12.onmicrosoft.com,Cloud container: Default Group / Team / Engage community container,Cloud,prj_groupsite-731091@7rkd12.onmicrosoft.com,8/4/2026 5:16:27 PM,-,prj_Group Site-731091,Microsoft 365 Group,Not connected,Off,-,Teams not connected,No,No,Assigned,Private,No,User (no admin center access),https://7rkd12.sharepoint.com/teams/prj_groupsite-731091,0.00,0.00,None,Off,1,1,8/5/2026 9:14:14 AM,d21532c3-334c-4eda-90d9-f98f29f46cd7,No,-,-,N/A,-,N/A,N/A,-,-,-,-,-,-,-,-,-,-,-,-,-,-,-,-,-,-,-,-,-,-,-,-,-,-,-,-,-,-,-,-,-,-,-,-,-,-,-,-,-,-,-,-,-,-,-
prj_Group Site-731092,Cloud domain: 7rkd12.onmicrosoft.com,Cloud container: Default Group / Team / Engage community container,Cloud,prj_groupsite-731092@7rkd12.onmicrosoft.com,8/4/2026 5:16:19 PM,-,prj_Group Site-731092,Microsoft 365 Group,Not connected,Off,-,Teams not connected,No,No,Assigned,Private,No,User (no admin center access),https://7rkd12.sharepoint.com/teams/prj_groupsite-731092,0.00,0.00,None,Off,1,1,8/5/2026 9:14:14 AM,67708bbf-aa2d-4a08-834b-07abbf0fb9df,No,-,-,N/A,-,N/A,N/A,-,-,-,-,-,-,-,-,-,-,-,-,-,-,-,-,-,-,-,-,-,-,-,-,-,-,-,-,-,-,-,-,-,-,-,-,-,-,-,-,-,-,-,-,-,-,-
prj_Group Site-731093,Cloud domain: 7rkd12.onmicrosoft.com,Cloud container: Default Group / Team / Engage community container,Cloud,prj_groupsite-731093@7rkd12.onmicrosoft.com,8/4/2026 5:16:12 PM,-,prj_Group Site-731093,Microsoft 365 Group,Not connected,Off,-,Teams not connected,No,No,Assigned,Private,No,User (no admin center access),https://7rkd12.sharepoint.com/teams/prj_groupsite-731093,0.00,0.00,None,Off,1,1,8/5/2026 9:14:14 AM,4be77690-a4c8-40a1-bcc0-0a92dbc769ed,No,-,-,N/A,-,N/A,N/A,-,-,-,-,-,-,-,-,-,-,-,-,-,-,-,-,-,-,-,-,-,-,-,-,-,-,-,-,-,-,-,-,-,-,-,-,-,-,-,-,-,-,-,-,-,-,-
prj_Group Site-731094,Cloud domain: 7rkd12.onmicrosoft.com,Cloud container: Default Group / Team / Engage community container,Cloud,prj_groupsite-731094@7rkd12.onmicrosoft.com,8/10/2026 4:48:53 PM,-,prj_Group Site-731094,Microsoft 365 Group,Not connected,Off,-,Teams not connected,No,No,Assigned,Public,No,User (no admin center access),https://7rkd12.sharepoint.com/sites/prj_groupsite-7310942,0.00,0.00,None,Off,1,1,8/10/2026 7:47:35 PM,35ce5e0b-8508-4495-89e8-0ab983d8688b,No,-,-,N/A,-,N/A,N/A,-,-,-,-,-,-,-,-,-,-,-,-,-,-,-,-,-,-,-,-,-,-,-,-,-,-,-,-,-,-,-,-,-,-,-,-,-,-,-,-,-,-,-,-,-,-,-
prj_Group Site-731095,Cloud domain: 7rkd12.onmicrosoft.com,Cloud container: Default Group / Team / Engage community container,Cloud,prj_groupsite-731095@7rkd12.onmicrosoft.com,8/10/2026 4:44:44 PM,-,prj_Group Site-731095,Microsoft 365 Group,Not connected,Off,-,Teams not connected,No,No,Assigned,Public,No,User (no admin center access),https://7rkd12.sharepoint.com/teams/prj_groupsite-731095,0.00,0.00,None,Off,1,1,8/10/2026 7:44:23 PM,5b31d18c-95a3-42c1-9785-208e51aeda59,No,-,-,N/A,-,N/A,N/A,-,-,-,-,-,-,-,-,-,-,-,-,-,-,-,-,-,-,-,-,-,-,-,-,-,-,-,-,-,-,-,-,-,-,-,-,-,-,-,-,-,-,-,-,-,-,-
prj_Group Site-731096,Cloud domain: 7rkd12.onmicrosoft.com,Cloud container: Default Group / Team / Engage community container,Cloud,prj_groupsite-731096@7rkd12.onmicrosoft.com,8/4/2026 5:15:56 PM,-,prj_Group Site-731096,Microsoft 365 Group,Not connected,Off,-,Teams not connected,No,No,Assigned,Private,No,User (no admin center access),https://7rkd12.sharepoint.com/teams/prj_groupsite-731096,0.00,0.00,None,Off,1,1,8/5/2026 9:14:15 AM,9b9aca8d-94c5-4ea7-a70b-2f11ee79ee1e,No,-,-,N/A,-,N/A,N/A,-,-,-,-,-,-,-,-,-,-,-,-,-,-,-,-,-,-,-,-,-,-,-,-,-,-,-,-,-,-,-,-,-,-,-,-,-,-,-,-,-,-,-,-,-,-,-
prj_Group Site-731097,Cloud domain: 7rkd12.onmicrosoft.com,Cloud container: Default Group / Team / Engage community container,Cloud,prj_groupsite-731097@7rkd12.onmicrosoft.com,8/4/2026 5:15:49 PM,-,prj_Group Site-731097,Microsoft 365 Group,Not connected,Off,-,Teams not connected,No,No,Assigned,Private,No,User (no admin center access),https://7rkd12.sharepoint.com/teams/prj_groupsite-731097,0.00,0.00,None,Off,1,1,8/5/2026 9:14:15 AM,a37ec55e-1ecf-4e89-89f0-fd9dcb723b32,No,-,-,N/A,-,N/A,N/A,-,-,-,-,-,-,-,-,-,-,-,-,-,-,-,-,-,-,-,-,-,-,-,-,-,-,-,-,-,-,-,-,-,-,-,-,-,-,-,-,-,-,-,-,-,-,-
prj_Group Site-731098,Cloud domain: 7rkd12.onmicrosoft.com,Cloud container: Default Group / Team / Engage community container,Cloud,prj_groupsite-731098@7rkd12.onmicrosoft.com,8/4/2026 5:15:41 PM,-,prj_Group Site-731098,Microsoft 365 Group,Not connected,Off,-,Teams not connected,No,No,Assigned,Private,No,User (no admin center access),https://7rkd12.sharepoint.com/teams/prj_groupsite-731098,0.00,0.00,None,Off,1,1,8/5/2026 9:14:15 AM,e52d0fda-56d3-4944-b395-09812c76c752,No,-,-,N/A,-,N/A,N/A,-,-,-,-,-,-,-,-,-,-,-,-,-,-,-,-,-,-,-,-,-,-,-,-,-,-,-,-,-,-,-,-,-,-,-,-,-,-,-,-,-,-,-,-,-,-,-
prj_Group Site-731099,Cloud domain: 7rkd12.onmicrosoft.com,Cloud container: Default Group / Team / Engage community container,Cloud,prj_groupsite-731099@7rkd12.onmicrosoft.com,8/4/2026 5:15:32 PM,-,prj_Group Site-731099,Microsoft 365 Group,Not connected,Off,-,Teams not connected,No,No,Assigned,Private,No,User (no admin center access),https://7rkd12.sharepoint.com/teams/prj_groupsite-731099,0.00,0.00,None,Off,1,1,8/5/2026 9:14:15 AM,d070e7a3-7df5-44c9-b6da-dd747f52e0c1,No,-,-,N/A,-,N/A,N/A,-,-,-,-,-,-,-,-,-,-,-,-,-,-,-,-,-,-,-,-,-,-,-,-,-,-,-,-,-,-,-,-,-,-,-,-,-,-,-,-,-,-,-,-,-,-,-
prj_Group Site-731100,Cloud domain: 7rkd12.onmicrosoft.com,Cloud container: Default Group / Team / Engage community container,Cloud,prj_groupsite-731100@7rkd12.onmicrosoft.com,8/10/2026 4:36:28 PM,-,prj_Group Site-731100,Microsoft 365 Group,Not connected,Off,-,Teams not connected,No,No,Assigned,Public,No,User (no admin center access),https://7rkd12.sharepoint.com/teams/prj_groupsite-731100,0.00,0.00,None,Off,1,1,8/10/2026 7:04:24 PM,7f58fe23-5353-4a0f-9136-66a809202e70,No,-,-,N/A,-,N/A,N/A,-,-,-,-,-,-,-,-,-,-,-,-,-,-,-,-,-,-,-,-,-,-,-,-,-,-,-,-,-,-,-,-,-,-,-,-,-,-,-,-,-,-,-,-,-,-,-
prj_MihalGroupsite-001,Cloud domain: 7rkd12.onmicrosoft.com,Cloud container: Default Group / Team / Engage community container,Cloud,prj_mihalgroupsite-001@7rkd12.onmicrosoft.com,8/10/2026 12:20:47 PM,-,prj_MihalGroupsite-001,Microsoft 365 Group,Not connected,Off,-,Teams not connected,No,No,Assigned,Private,No,User (no admin center access),https://7rkd12.sharepoint.com/teams/prj_mihalgroupsite-001,0.00,0.00,None,Off,2,1,8/10/2026 2:38:02 PM,364be8cf-fce6-444a-af02-c6899c630a8c,No,-,-,N/A,-,N/A,N/A,-,-,-,-,-,-,-,-,-,-,-,-,-,-,-,-,-,-,-,-,-,-,-,-,-,-,-,-,-,-,-,-,-,-,-,-,-,-,-,-,-,-,-,-,-,-,-
prj_MihalGroupsite-005,Cloud domain: 7rkd12.onmicrosoft.com,Cloud container: Default Group / Team / Engage community container,Cloud,prj_mihalgroupsite-005@7rkd12.onmicrosoft.com,8/10/2026 12:32:05 PM,-,prj_MihalGroupsite-005,Microsoft 365 Group,Not connected,Off,-,Teams not connected,No,No,Assigned,Private,No,User (no admin center access),https://7rkd12.sharepoint.com/teams/prj_mihalgroupsite-005,0.00,0.00,None,Off,2,1,8/10/2026 2:38:31 PM,1759ebe1-dc70-47a5-a93d-c5de21a282af,No,-,-,N/A,-,N/A,N/A,-,-,-,-,-,-,-,-,-,-,-,-,-,-,-,-,-,-,-,-,-,-,-,-,-,-,-,-,-,-,-,-,-,-,-,-,-,-,-,-,-,-,-,-,-,-,-
prj_MihalGroupsite-006,Cloud domain: 7rkd12.onmicrosoft.com,Cloud container: Default Group / Team / Engage community container,Cloud,prj_mihalgroupsite-006@7rkd12.onmicrosoft.com,8/10/2026 12:33:10 PM,-,prj_MihalGroupsite-006,Microsoft 365 Group,Not connected,Off,-,Teams not connected,No,No,Assigned,Private,No,User (no admin center access),https://7rkd12.sharepoint.com/teams/prj_mihalgroupsite-006,0.00,0.00,None,Off,2,1,8/10/2026 2:39:21 PM,76e3a2a7-97d2-42b7-a0e6-f301213967a4,No,-,-,N/A,-,N/A,N/A,-,-,-,-,-,-,-,-,-,-,-,-,-,-,-,-,-,-,-,-,-,-,-,-,-,-,-,-,-,-,-,-,-,-,-,-,-,-,-,-,-,-,-,-,-,-,-
prj_MihalTeamsite 0808001,Cloud domain: 7rkd12.onmicrosoft.com,Cloud container: Default Group / Team / Engage community container,Cloud,prj_mihalteamsite-0808001@7rkd12.onmicrosoft.com,8/11/2026 12:07:53 PM,-,prj_MihalTeamsite 0808001,Microsoft 365 Group,Not connected,Off,-,Teams connected,No,No,Assigned,Private,No,User (no admin center access),https://7rkd12.sharepoint.com/teams/prj_teamsites-0808001,0.00,0.00,None,Off,2,1,8/11/2026 2:36:43 PM,d06e4530-3954-45c6-a189-b835ec74b29b,No,-,-,N/A,-,N/A,N/A,-,-,-,-,-,-,-,-,-,-,-,-,-,-,-,-,-,-,-,-,-,-,-,-,-,-,-,-,-,-,-,-,-,-,-,-,-,-,-,-,-,-,-,-,-,-,-
prj_MihalTeamsite 0808002,Cloud domain: 7rkd12.onmicrosoft.com,Cloud container: Default Group / Team / Engage community container,Cloud,prj_mihalteamsite-0808002@7rkd12.onmicrosoft.com,8/11/2026 12:08:55 PM,-,prj_MihalTeamsite 0808002,Microsoft 365 Group,Not connected,Off,-,Teams connected,No,No,Assigned,Private,No,User (no admin center access),https://7rkd12.sharepoint.com/teams/prj_teamsites-0808002,0.00,0.00,None,Off,2,1,8/11/2026 2:36:17 PM,2899efa1-6b57-41ca-b819-05cd90c95def,No,-,-,N/A,-,N/A,N/A,-,-,-,-,-,-,-,-,-,-,-,-,-,-,-,-,-,-,-,-,-,-,-,-,-,-,-,-,-,-,-,-,-,-,-,-,-,-,-,-,-,-,-,-,-,-,-
prj_MihalTeamsite 0808003,Cloud domain: 7rkd12.onmicrosoft.com,Cloud container: Default Group / Team / Engage community container,Cloud,prj_mihalteamsite-0808003@7rkd12.onmicrosoft.com,8/11/2026 12:09:56 PM,-,prj_MihalTeamsite 0808003,Microsoft 365 Group,Not connected,Off,-,Teams not connected,No,No,Assigned,Public,No,User (no admin center access),https://7rkd12.sharepoint.com/sites/prj_mihalteamsite-0808003,0.00,0.00,None,Off,2,1,8/11/2026 2:37:01 PM,c79bc008-93ed-461c-9035-2a74b2ff57f9,No,-,-,N/A,-,N/A,N/A,-,-,-,-,-,-,-,-,-,-,-,-,-,-,-,-,-,-,-,-,-,-,-,-,-,-,-,-,-,-,-,-,-,-,-,-,-,-,-,-,-,-,-,-,-,-,-
prj_MihalTeamsite 0808004,Cloud domain: 7rkd12.onmicrosoft.com,Cloud container: Default Group / Team / Engage community container,Cloud,prj_mihalteamsite-0808004@7rkd12.onmicrosoft.com,8/11/2026 12:10:57 PM,-,prj_MihalTeamsite 0808004,Microsoft 365 Group,Not connected,Off,-,Teams not connected,No,No,Assigned,Public,No,User (no admin center access),https://7rkd12.sharepoint.com/teams/prj_teamsites-0808004,0.00,0.00,None,Off,2,1,8/11/2026 2:37:32 PM,9aabc169-d80e-4a49-a8e5-c6422a2245fe,No,-,-,N/A,-,N/A,N/A,-,-,-,-,-,-,-,-,-,-,-,-,-,-,-,-,-,-,-,-,-,-,-,-,-,-,-,-,-,-,-,-,-,-,-,-,-,-,-,-,-,-,-,-,-,-,-
prj_MihalTeamsite 0808005,Cloud domain: 7rkd12.onmicrosoft.com,Cloud container: Default Group / Team / Engage community container,Cloud,prj_mihalteamsite-0808005@7rkd12.onmicrosoft.com,8/11/2026 12:12:01 PM,-,prj_MihalTeamsite 0808005,Microsoft 365 Group,Not connected,Off,-,Teams not connected,No,No,Assigned,Private,No,User (no admin center access),https://7rkd12.sharepoint.com/sites/prj_mihalteamsite-0808005,0.00,0.00,None,Off,2,1,8/11/2026 2:37:50 PM,45f11686-e0f0-416d-9b43-9f0155ebe833,No,-,-,N/A,-,N/A,N/A,-,-,-,-,-,-,-,-,-,-,-,-,-,-,-,-,-,-,-,-,-,-,-,-,-,-,-,-,-,-,-,-,-,-,-,-,-,-,-,-,-,-,-,-,-,-,-
prj_MihalTeamsite 0808006,Cloud domain: 7rkd12.onmicrosoft.com,Cloud container: Default Group / Team / Engage community container,Cloud,prj_mihalteamsite-0808006@7rkd12.onmicrosoft.com,8/11/2026 12:13:01 PM,-,prj_MihalTeamsite 0808006,Microsoft 365 Group,Not connected,Off,-,Teams not connected,No,No,Assigned,Private,No,User (no admin center access),https://7rkd12.sharepoint.com/teams/prj_teamsites-0808006,0.00,0.00,None,Off,2,1,8/11/2026 2:38:16 PM,5cee80d9-da8d-463b-8ccb-4faeb4a5c450,No,-,-,N/A,-,N/A,N/A,-,-,-,-,-,-,-,-,-,-,-,-,-,-,-,-,-,-,-,-,-,-,-,-,-,-,-,-,-,-,-,-,-,-,-,-,-,-,-,-,-,-,-,-,-,-,-
prj_MihalTeamsite 0808007,Cloud domain: 7rkd12.onmicrosoft.com,Cloud container: Default Group / Team / Engage community container,Cloud,prj_mihalteamsite-0808007@7rkd12.onmicrosoft.com,8/11/2026 12:14:03 PM,-,prj_MihalTeamsite 0808007,Microsoft 365 Group,Not connected,Off,-,Teams not connected,No,No,Assigned,Private,No,User (no admin center access),https://7rkd12.sharepoint.com/teams/prj_teamsites-0808007,0.00,0.00,None,Off,2,1,8/11/2026 3:46:48 PM,f1cb3ed0-af31-4eff-88bd-c658b3636cf2,No,-,-,N/A,-,N/A,N/A,-,-,-,-,-,-,-,-,-,-,-,-,-,-,-,-,-,-,-,-,-,-,-,-,-,-,-,-,-,-,-,-,-,-,-,-,-,-,-,-,-,-,-,-,-,-,-
prj_MihalTeamsite 0808008,Cloud domain: 7rkd12.onmicrosoft.com,Cloud container: Default Group / Team / Engage community container,Cloud,prj_mihalteamsite-0808008@7rkd12.onmicrosoft.com,8/11/2026 12:15:04 PM,-,prj_MihalTeamsite 0808008,Microsoft 365 Group,Not connected,Off,-,Teams not connected,No,No,Assigned,Private,No,User (no admin center access),https://7rkd12.sharepoint.com/teams/prj_teamsites-0808008,0.00,0.00,None,Off,2,1,8/11/2026 2:39:27 PM,b31a07fd-ec63-4dbe-b8d9-16788a6ae25b,No,-,-,N/A,-,N/A,N/A,-,-,-,-,-,-,-,-,-,-,-,-,-,-,-,-,-,-,-,-,-,-,-,-,-,-,-,-,-,-,-,-,-,-,-,-,-,-,-,-,-,-,-,-,-,-,-
prj_MihalTeamsite 0808009,Cloud domain: 7rkd12.onmicrosoft.com,Cloud container: Default Group / Team / Engage community container,Cloud,prj_mihalteamsite-0808009@7rkd12.onmicrosoft.com,8/11/2026 12:16:04 PM,-,prj_MihalTeamsite 0808009,Microsoft 365 Group,Not connected,Off,-,Teams not connected,No,No,Assigned,Private,No,User (no admin center access),https://7rkd12.sharepoint.com/sites/prj_mihalteamsite-0808009,0.00,0.00,None,Off,2,1,8/11/2026 2:39:46 PM,d38bd0b1-30e3-44dc-8f04-ca25c39559a7,No,-,-,N/A,-,N/A,N/A,-,-,-,-,-,-,-,-,-,-,-,-,-,-,-,-,-,-,-,-,-,-,-,-,-,-,-,-,-,-,-,-,-,-,-,-,-,-,-,-,-,-,-,-,-,-,-
prj_MihalTeamsite 0808010,Cloud domain: 7rkd12.onmicrosoft.com,Cloud container: Default Group / Team / Engage community container,Cloud,prj_mihalteamsite-0808010@7rkd12.onmicrosoft.com,8/11/2026 12:17:04 PM,-,prj_MihalTeamsite 0808010,Microsoft 365 Group,Not connected,Off,-,Teams not connected,No,No,Assigned,Private,No,User (no admin center access),https://7rkd12.sharepoint.com/sites/prj_mihalteamsite-0808010,0.00,0.00,None,Off,2,1,8/11/2026 2:39:05 PM,d675950a-ba65-459c-83a4-0814f45615a9,No,-,-,N/A,-,N/A,N/A,-,-,-,-,-,-,-,-,-,-,-,-,-,-,-,-,-,-,-,-,-,-,-,-,-,-,-,-,-,-,-,-,-,-,-,-,-,-,-,-,-,-,-,-,-,-,-
prj_MihalTeamsite 0808011,Cloud domain: 7rkd12.onmicrosoft.com,Cloud container: Default Group / Team / Engage community container,Cloud,prj_mihalteamsite-0808011@7rkd12.onmicrosoft.com,8/11/2026 12:18:05 PM,-,prj_MihalTeamsite 0808011,Microsoft 365 Group,Not connected,Off,-,Teams not connected,No,No,Assigned,Private,No,User (no admin center access),https://7rkd12.sharepoint.com/sites/prj_mihalteamsite-0808011,0.00,0.00,None,Off,2,1,8/11/2026 2:40:34 PM,07a86e6e-ffb3-4310-a9e7-14ac225fd464,No,-,-,N/A,-,N/A,N/A,-,-,-,-,-,-,-,-,-,-,-,-,-,-,-,-,-,-,-,-,-,-,-,-,-,-,-,-,-,-,-,-,-,-,-,-,-,-,-,-,-,-,-,-,-,-,-
prj_MihalTeamsite 0808012,Cloud domain: 7rkd12.onmicrosoft.com,Cloud container: Default Group / Team / Engage community container,Cloud,prj_mihalteamsite-0808012@7rkd12.onmicrosoft.com,8/11/2026 12:19:05 PM,-,prj_MihalTeamsite 0808012,Microsoft 365 Group,Not connected,Off,-,Teams not connected,No,No,Assigned,Private,No,User (no admin center access),https://7rkd12.sharepoint.com/sites/prj_mihalteamsite-0808012,0.00,0.00,None,Off,2,1,8/11/2026 2:40:52 PM,cd0e483e-48e0-4fc6-85e0-736a196f2e4b,No,-,-,N/A,-,N/A,N/A,-,-,-,-,-,-,-,-,-,-,-,-,-,-,-,-,-,-,-,-,-,-,-,-,-,-,-,-,-,-,-,-,-,-,-,-,-,-,-,-,-,-,-,-,-,-,-
prj_MihalTeamsite 0808013,Cloud domain: 7rkd12.onmicrosoft.com,Cloud container: Default Group / Team / Engage community container,Cloud,prj_mihalteamsite-0808013@7rkd12.onmicrosoft.com,8/11/2026 12:20:05 PM,-,prj_MihalTeamsite 0808013,Microsoft 365 Group,Not connected,Off,-,Teams not connected,No,No,Assigned,Private,No,User (no admin center access),https://7rkd12.sharepoint.com/teams/prj_teamsites-0808013,0.00,0.00,None,Off,2,1,8/11/2026 2:41:47 PM,76f7b927-2c56-4d30-97d9-6222c1727b9f,No,-,-,N/A,-,N/A,N/A,-,-,-,-,-,-,-,-,-,-,-,-,-,-,-,-,-,-,-,-,-,-,-,-,-,-,-,-,-,-,-,-,-,-,-,-,-,-,-,-,-,-,-,-,-,-,-
prj_MihalTeamsite 0808014,Cloud domain: 7rkd12.onmicrosoft.com,Cloud container: Default Group / Team / Engage community container,Cloud,prj_mihalteamsite-0808014@7rkd12.onmicrosoft.com,8/11/2026 12:21:07 PM,-,prj_MihalTeamsite 0808014,Microsoft 365 Group,Not connected,Off,-,Teams not connected,No,No,Assigned,Private,No,User (no admin center access),https://7rkd12.sharepoint.com/teams/prj_teamsites-0808014,0.00,0.00,None,Off,2,1,8/11/2026 2:42:11 PM,0adfb1d1-2dce-4abc-99d0-0ecaad6c1d99,No,-,-,N/A,-,N/A,N/A,-,-,-,-,-,-,-,-,-,-,-,-,-,-,-,-,-,-,-,-,-,-,-,-,-,-,-,-,-,-,-,-,-,-,-,-,-,-,-,-,-,-,-,-,-,-,-
prj_MihalTeamsite 0808015,Cloud domain: 7rkd12.onmicrosoft.com,Cloud container: Default Group / Team / Engage community container,Cloud,prj_mihalteamsite-0808015@7rkd12.onmicrosoft.com,8/11/2026 12:22:08 PM,-,prj_MihalTeamsite 0808015,Microsoft 365 Group,Not connected,Off,-,Teams not connected,No,No,Assigned,Private,No,User (no admin center access),https://7rkd12.sharepoint.com/sites/prj_mihalteamsite-0808015,0.00,0.00,None,Off,2,1,8/11/2026 2:41:57 PM,f6c894ed-2b81-42ed-ae4d-01f6c6dd89ef,No,-,-,N/A,-,N/A,N/A,-,-,-,-,-,-,-,-,-,-,-,-,-,-,-,-,-,-,-,-,-,-,-,-,-,-,-,-,-,-,-,-,-,-,-,-,-,-,-,-,-,-,-,-,-,-,-
prj_MihalTeamsite 0808016,Cloud domain: 7rkd12.onmicrosoft.com,Cloud container: Default Group / Team / Engage community container,Cloud,prj_mihalteamsite-0808016@7rkd12.onmicrosoft.com,8/11/2026 12:23:09 PM,-,prj_MihalTeamsite 0808016,Microsoft 365 Group,Not connected,Off,-,Teams not connected,No,No,Assigned,Private,No,User (no admin center access),https://7rkd12.sharepoint.com/teams/prj_teamsites-0808016,0.00,0.00,None,Off,2,1,8/11/2026 2:43:19 PM,a210d0b4-f45e-407a-8643-2c0158eb5e53,No,-,-,N/A,-,N/A,N/A,-,-,-,-,-,-,-,-,-,-,-,-,-,-,-,-,-,-,-,-,-,-,-,-,-,-,-,-,-,-,-,-,-,-,-,-,-,-,-,-,-,-,-,-,-,-,-
prj_MihalTeamsite 0808017,Cloud domain: 7rkd12.onmicrosoft.com,Cloud container: Default Group / Team / Engage community container,Cloud,prj_mihalteamsite-0808017@7rkd12.onmicrosoft.com,8/11/2026 12:24:13 PM,-,prj_MihalTeamsite 0808017,Microsoft 365 Group,Not connected,Off,-,Teams not connected,No,No,Assigned,Private,No,User (no admin center access),https://7rkd12.sharepoint.com/teams/prj_teamsites-0808017,0.00,0.00,None,Off,2,1,8/11/2026 2:43:42 PM,6fe488e9-2c1d-41cb-9cbb-bd5497acf145,No,-,-,N/A,-,N/A,N/A,-,-,-,-,-,-,-,-,-,-,-,-,-,-,-,-,-,-,-,-,-,-,-,-,-,-,-,-,-,-,-,-,-,-,-,-,-,-,-,-,-,-,-,-,-,-,-
prj_MihalTeamsite 0808018,Cloud domain: 7rkd12.onmicrosoft.com,Cloud container: Default Group / Team / Engage community container,Cloud,prj_mihalteamsite-0808018@7rkd12.onmicrosoft.com,8/11/2026 12:25:16 PM,-,prj_MihalTeamsite 0808018,Microsoft 365 Group,Not connected,Off,-,Teams not connected,No,No,Assigned,Private,No,User (no admin center access),https://7rkd12.sharepoint.com/teams/prj_teamsites-0808018,0.00,0.00,None,Off,2,1,8/11/2026 2:44:47 PM,015a818f-c4e9-427a-a235-fb9101fba8a7,No,-,-,N/A,-,N/A,N/A,-,-,-,-,-,-,-,-,-,-,-,-,-,-,-,-,-,-,-,-,-,-,-,-,-,-,-,-,-,-,-,-,-,-,-,-,-,-,-,-,-,-,-,-,-,-,-
prj_MihalTeamsite 0808019,Cloud domain: 7rkd12.onmicrosoft.com,Cloud container: Default Group / Team / Engage community container,Cloud,prj_mihalteamsite-0808019@7rkd12.onmicrosoft.com,8/11/2026 12:26:19 PM,-,prj_MihalTeamsite 0808019,Microsoft 365 Group,Not connected,Off,-,Teams not connected,No,No,Assigned,Private,No,User (no admin center access),https://7rkd12.sharepoint.com/teams/prj_teamsites-0808019,0.00,0.00,None,Off,2,1,8/11/2026 2:44:01 PM,cfd82cc1-82ec-4c6f-9b28-75184e18d076,No,-,-,N/A,-,N/A,N/A,-,-,-,-,-,-,-,-,-,-,-,-,-,-,-,-,-,-,-,-,-,-,-,-,-,-,-,-,-,-,-,-,-,-,-,-,-,-,-,-,-,-,-,-,-,-,-
prj_MihalTeamsite 0808020,Cloud domain: 7rkd12.onmicrosoft.com,Cloud container: Default Group / Team / Engage community container,Cloud,prj_mihalteamsite-0808020@7rkd12.onmicrosoft.com,8/11/2026 12:27:22 PM,-,prj_MihalTeamsite 0808020,Microsoft 365 Group,Not connected,Off,-,Teams not connected,No,No,Assigned,Private,No,User (no admin center access),https://7rkd12.sharepoint.com/teams/prj_teamsites-0808020,0.00,0.00,None,Off,2,1,8/11/2026 2:44:23 PM,4cd439d0-036f-4a71-82a3-5abe0131faa3,No,-,-,N/A,-,N/A,N/A,-,-,-,-,-,-,-,-,-,-,-,-,-,-,-,-,-,-,-,-,-,-,-,-,-,-,-,-,-,-,-,-,-,-,-,-,-,-,-,-,-,-,-,-,-,-,-
prj_MihalTeamsite 0808021,Cloud domain: 7rkd12.onmicrosoft.com,Cloud container: Default Group / Team / Engage community container,Cloud,prj_mihalteamsite-0808021@7rkd12.onmicrosoft.com,8/11/2026 12:28:24 PM,-,prj_MihalTeamsite 0808021,Microsoft 365 Group,Not connected,Off,-,Teams not connected,No,No,Assigned,Private,No,User (no admin center access),https://7rkd12.sharepoint.com/teams/prj_teamsites-0808021,0.00,0.00,None,Off,2,1,8/11/2026 2:46:05 PM,e5547068-727f-4e7c-8bf8-796a428c8729,No,-,-,N/A,-,N/A,N/A,-,-,-,-,-,-,-,-,-,-,-,-,-,-,-,-,-,-,-,-,-,-,-,-,-,-,-,-,-,-,-,-,-,-,-,-,-,-,-,-,-,-,-,-,-,-,-
prj_MihalTeamsite 0808022,Cloud domain: 7rkd12.onmicrosoft.com,Cloud container: Default Group / Team / Engage community container,Cloud,prj_mihalteamsite-0808022@7rkd12.onmicrosoft.com,8/11/2026 12:29:24 PM,-,prj_MihalTeamsite 0808022,Microsoft 365 Group,Not connected,Off,-,Teams not connected,No,No,Assigned,Private,No,User (no admin center access),https://7rkd12.sharepoint.com/teams/prj_teamsites-0808022,0.00,0.00,None,Off,2,1,8/11/2026 2:46:28 PM,425f3f9e-797b-41f2-a8ce-b81cda3d5c24,No,-,-,N/A,-,N/A,N/A,-,-,-,-,-,-,-,-,-,-,-,-,-,-,-,-,-,-,-,-,-,-,-,-,-,-,-,-,-,-,-,-,-,-,-,-,-,-,-,-,-,-,-,-,-,-,-
prj_MihalTeamsite 0808023,Cloud domain: 7rkd12.onmicrosoft.com,Cloud container: Default Group / Team / Engage community container,Cloud,prj_mihalteamsite-0808023@7rkd12.onmicrosoft.com,8/11/2026 12:30:24 PM,-,prj_MihalTeamsite 0808023,Microsoft 365 Group,Not connected,Off,-,Teams not connected,No,No,Assigned,Private,No,User (no admin center access),https://7rkd12.sharepoint.com/sites/prj_mihalteamsite-0808023,0.00,0.00,None,Off,2,1,8/11/2026 2:42:03 PM,4f504407-20b6-4d00-b644-67e35e7a12fb,No,-,-,N/A,-,N/A,N/A,-,-,-,-,-,-,-,-,-,-,-,-,-,-,-,-,-,-,-,-,-,-,-,-,-,-,-,-,-,-,-,-,-,-,-,-,-,-,-,-,-,-,-,-,-,-,-
prj_MihalTeamsite 0808024,Cloud domain: 7rkd12.onmicrosoft.com,Cloud container: Default Group / Team / Engage community container,Cloud,prj_mihalteamsite-0808024@7rkd12.onmicrosoft.com,8/11/2026 12:31:24 PM,-,prj_MihalTeamsite 0808024,Microsoft 365 Group,Not connected,Off,-,Teams not connected,No,No,Assigned,Private,No,User (no admin center access),https://7rkd12.sharepoint.com/sites/prj_mihalteamsite-0808024,0.00,0.00,None,Off,2,1,8/11/2026 2:41:51 PM,727569a9-d919-4550-bc99-8e6cf1e2de1f,No,-,-,N/A,-,N/A,N/A,-,-,-,-,-,-,-,-,-,-,-,-,-,-,-,-,-,-,-,-,-,-,-,-,-,-,-,-,-,-,-,-,-,-,-,-,-,-,-,-,-,-,-,-,-,-,-
prj_MihalTeamsite 0808025,Cloud domain: 7rkd12.onmicrosoft.com,Cloud container: Default Group / Team / Engage community container,Cloud,prj_mihalteamsite-0808025@7rkd12.onmicrosoft.com,8/11/2026 12:32:24 PM,-,prj_MihalTeamsite 0808025,Microsoft 365 Group,Not connected,Off,-,Teams not connected,No,No,Assigned,Private,No,User (no admin center access),https://7rkd12.sharepoint.com/teams/prj_teamsites-0808025,0.00,0.00,None,Off,2,1,8/11/2026 2:47:01 PM,e58aed1c-fc6e-41b4-8102-86874a3c882e,No,-,-,N/A,-,N/A,N/A,-,-,-,-,-,-,-,-,-,-,-,-,-,-,-,-,-,-,-,-,-,-,-,-,-,-,-,-,-,-,-,-,-,-,-,-,-,-,-,-,-,-,-,-,-,-,-
prj_MihalTeamsite 0808026,Cloud domain: 7rkd12.onmicrosoft.com,Cloud container: Default Group / Team / Engage community container,Cloud,prj_mihalteamsite-0808026@7rkd12.onmicrosoft.com,8/11/2026 12:33:26 PM,-,prj_MihalTeamsite 0808026,Microsoft 365 Group,Not connected,Off,-,Teams not connected,No,No,Assigned,Private,No,User (no admin center access),https://7rkd12.sharepoint.com/sites/prj_mihalteamsite-0808026,0.00,0.00,None,Off,2,1,8/11/2026 2:41:50 PM,b4fffed6-8116-46e8-b870-91abbd486745,No,-,-,N/A,-,N/A,N/A,-,-,-,-,-,-,-,-,-,-,-,-,-,-,-,-,-,-,-,-,-,-,-,-,-,-,-,-,-,-,-,-,-,-,-,-,-,-,-,-,-,-,-,-,-,-,-
prj_MihalTeamsite 0808027,Cloud domain: 7rkd12.onmicrosoft.com,Cloud container: Default Group / Team / Engage community container,Cloud,prj_mihalteamsite-0808027@7rkd12.onmicrosoft.com,8/11/2026 12:34:25 PM,-,prj_MihalTeamsite 0808027,Microsoft 365 Group,Not connected,Off,-,Teams not connected,No,No,Assigned,Private,No,User (no admin center access),https://7rkd12.sharepoint.com/teams/prj_teamsites-0808027,0.00,0.00,None,Off,2,1,8/11/2026 2:48:50 PM,ecbd792b-41d3-48af-9031-afa85f57282e,No,-,-,N/A,-,N/A,N/A,-,-,-,-,-,-,-,-,-,-,-,-,-,-,-,-,-,-,-,-,-,-,-,-,-,-,-,-,-,-,-,-,-,-,-,-,-,-,-,-,-,-,-,-,-,-,-
prj_MihalTeamsite 0808028,Cloud domain: 7rkd12.onmicrosoft.com,Cloud container: Default Group / Team / Engage community container,Cloud,prj_mihalteamsite-0808028@7rkd12.onmicrosoft.com,8/11/2026 12:35:26 PM,-,prj_MihalTeamsite 0808028,Microsoft 365 Group,Not connected,Off,-,Teams not connected,No,No,Assigned,Private,No,User (no admin center access),https://7rkd12.sharepoint.com/teams/prj_teamsites-0808028,0.00,0.00,None,Off,2,1,8/11/2026 2:47:25 PM,af460959-c5be-4aa9-a3a0-ff7eb9e0b58c,No,-,-,N/A,-,N/A,N/A,-,-,-,-,-,-,-,-,-,-,-,-,-,-,-,-,-,-,-,-,-,-,-,-,-,-,-,-,-,-,-,-,-,-,-,-,-,-,-,-,-,-,-,-,-,-,-
prj_MihalTeamsite 0808029,Cloud domain: 7rkd12.onmicrosoft.com,Cloud container: Default Group / Team / Engage community container,Cloud,prj_mihalteamsite-0808029@7rkd12.onmicrosoft.com,8/11/2026 12:36:28 PM,-,prj_MihalTeamsite 0808029,Microsoft 365 Group,Not connected,Off,-,Teams not connected,No,No,Assigned,Private,No,User (no admin center access),https://7rkd12.sharepoint.com/teams/prj_teamsites-0808029,0.00,0.00,None,Off,2,1,8/11/2026 2:48:28 PM,a66cb458-6a1a-4772-99d4-eb7eb81d1b8f,No,-,-,N/A,-,N/A,N/A,-,-,-,-,-,-,-,-,-,-,-,-,-,-,-,-,-,-,-,-,-,-,-,-,-,-,-,-,-,-,-,-,-,-,-,-,-,-,-,-,-,-,-,-,-,-,-
prj_MihalTeamsite 0808030,Cloud domain: 7rkd12.onmicrosoft.com,Cloud container: Default Group / Team / Engage community container,Cloud,prj_mihalteamsite-0808030@7rkd12.onmicrosoft.com,8/11/2026 12:37:29 PM,-,prj_MihalTeamsite 0808030,Microsoft 365 Group,Not connected,Off,-,Teams not connected,No,No,Assigned,Private,No,User (no admin center access),https://7rkd12.sharepoint.com/teams/prj_teamsites-0808030,0.00,0.00,None,Off,2,1,8/11/2026 3:48:23 PM,bbcae4dd-e3b1-4d7c-84d7-7e64b9979460,No,-,-,N/A,-,N/A,N/A,-,-,-,-,-,-,-,-,-,-,-,-,-,-,-,-,-,-,-,-,-,-,-,-,-,-,-,-,-,-,-,-,-,-,-,-,-,-,-,-,-,-,-,-,-,-,-
prj_MihalTeamsite 0808031,Cloud domain: 7rkd12.onmicrosoft.com,Cloud container: Default Group / Team / Engage community container,Cloud,prj_mihalteamsite-0808031@7rkd12.onmicrosoft.com,8/11/2026 12:38:31 PM,-,prj_MihalTeamsite 0808031,Microsoft 365 Group,Not connected,Off,-,Teams not connected,No,No,Assigned,Private,No,User (no admin center access),https://7rkd12.sharepoint.com/teams/prj_teamsites-0808031,0.00,0.00,None,Off,2,1,8/11/2026 3:47:14 PM,95a67c99-d280-4244-958f-a411c16d7c2e,No,-,-,N/A,-,N/A,N/A,-,-,-,-,-,-,-,-,-,-,-,-,-,-,-,-,-,-,-,-,-,-,-,-,-,-,-,-,-,-,-,-,-,-,-,-,-,-,-,-,-,-,-,-,-,-,-
prj_MihalTeamsite 0808032,Cloud domain: 7rkd12.onmicrosoft.com,Cloud container: Default Group / Team / Engage community container,Cloud,prj_mihalteamsite-0808032@7rkd12.onmicrosoft.com,8/11/2026 12:39:32 PM,-,prj_MihalTeamsite 0808032,Microsoft 365 Group,Not connected,Off,-,Teams not connected,No,No,Assigned,Private,No,User (no admin center access),https://7rkd12.sharepoint.com/teams/prj_teamsites-0808032,0.00,0.00,None,Off,2,1,8/11/2026 3:49:10 PM,c3fb29ac-5e77-4750-acb5-a76d0cbb48b2,No,-,-,N/A,-,N/A,N/A,-,-,-,-,-,-,-,-,-,-,-,-,-,-,-,-,-,-,-,-,-,-,-,-,-,-,-,-,-,-,-,-,-,-,-,-,-,-,-,-,-,-,-,-,-,-,-
prj_MihalTeamsite 0808033,Cloud domain: 7rkd12.onmicrosoft.com,Cloud container: Default Group / Team / Engage community container,Cloud,prj_mihalteamsite-0808033@7rkd12.onmicrosoft.com,8/11/2026 12:40:34 PM,-,prj_MihalTeamsite 0808033,Microsoft 365 Group,Not connected,Off,-,Teams not connected,No,No,Assigned,Private,No,User (no admin center access),https://7rkd12.sharepoint.com/teams/prj_teamsites-0808033,0.00,0.00,None,Off,2,1,8/11/2026 3:48:47 PM,faa31663-414d-4c2f-be05-8d0b6597f416,No,-,-,N/A,-,N/A,N/A,-,-,-,-,-,-,-,-,-,-,-,-,-,-,-,-,-,-,-,-,-,-,-,-,-,-,-,-,-,-,-,-,-,-,-,-,-,-,-,-,-,-,-,-,-,-,-
prj_MihalTeamsite 0808034,Cloud domain: 7rkd12.onmicrosoft.com,Cloud container: Default Group / Team / Engage community container,Cloud,prj_mihalteamsite-0808034@7rkd12.onmicrosoft.com,8/11/2026 12:41:36 PM,-,prj_MihalTeamsite 0808034,Microsoft 365 Group,Not connected,Off,-,Teams not connected,No,No,Assigned,Private,No,User (no admin center access),https://7rkd12.sharepoint.com/teams/prj_teamsites-0808034,0.00,0.00,None,Off,2,1,8/11/2026 3:37:52 PM,25fc7c8e-adac-4263-ba12-260213378edb,No,-,-,N/A,-,N/A,N/A,-,-,-,-,-,-,-,-,-,-,-,-,-,-,-,-,-,-,-,-,-,-,-,-,-,-,-,-,-,-,-,-,-,-,-,-,-,-,-,-,-,-,-,-,-,-,-
prj_MihalTeamsite 0808035,Cloud domain: 7rkd12.onmicrosoft.com,Cloud container: Default Group / Team / Engage community container,Cloud,prj_mihalteamsite-0808035@7rkd12.onmicrosoft.com,8/11/2026 12:42:37 PM,-,prj_MihalTeamsite 0808035,Microsoft 365 Group,Not connected,Off,-,Teams not connected,No,No,Assigned,Private,No,User (no admin center access),https://7rkd12.sharepoint.com/teams/prj_teamsites-0808035,0.00,0.00,None,Off,2,1,8/11/2026 3:37:07 PM,bdf95037-d489-446c-9c77-53d26e0a12cd,No,-,-,N/A,-,N/A,N/A,-,-,-,-,-,-,-,-,-,-,-,-,-,-,-,-,-,-,-,-,-,-,-,-,-,-,-,-,-,-,-,-,-,-,-,-,-,-,-,-,-,-,-,-,-,-,-
prj_MihalTeamsite 0808036,Cloud domain: 7rkd12.onmicrosoft.com,Cloud container: Default Group / Team / Engage community container,Cloud,prj_mihalteamsite-0808036@7rkd12.onmicrosoft.com,8/11/2026 12:43:38 PM,-,prj_MihalTeamsite 0808036,Microsoft 365 Group,Not connected,Off,-,Teams not connected,No,No,Assigned,Private,No,User (no admin center access),https://7rkd12.sharepoint.com/teams/prj_teamsites-0808036,0.00,0.00,None,Off,2,1,8/11/2026 3:38:15 PM,60ff52a5-4a19-4bfa-b981-7f94c4a6eddd,No,-,-,N/A,-,N/A,N/A,-,-,-,-,-,-,-,-,-,-,-,-,-,-,-,-,-,-,-,-,-,-,-,-,-,-,-,-,-,-,-,-,-,-,-,-,-,-,-,-,-,-,-,-,-,-,-
prj_MihalTeamsite 0808037,Cloud domain: 7rkd12.onmicrosoft.com,Cloud container: Default Group / Team / Engage community container,Cloud,prj_mihalteamsite-0808037@7rkd12.onmicrosoft.com,8/11/2026 12:44:39 PM,-,prj_MihalTeamsite 0808037,Microsoft 365 Group,Not connected,Off,-,Teams not connected,No,No,Assigned,Private,No,User (no admin center access),https://7rkd12.sharepoint.com/teams/prj_teamsites-0808037,0.00,0.00,None,Off,2,1,8/11/2026 3:40:39 PM,ab281a37-83dc-4ed1-8b06-b7e0003aefb3,No,-,-,N/A,-,N/A,N/A,-,-,-,-,-,-,-,-,-,-,-,-,-,-,-,-,-,-,-,-,-,-,-,-,-,-,-,-,-,-,-,-,-,-,-,-,-,-,-,-,-,-,-,-,-,-,-
prj_MihalTeamsite 0808038,Cloud domain: 7rkd12.onmicrosoft.com,Cloud container: Default Group / Team / Engage community container,Cloud,prj_mihalteamsite-0808038@7rkd12.onmicrosoft.com,8/11/2026 12:45:40 PM,-,prj_MihalTeamsite 0808038,Microsoft 365 Group,Not connected,Off,-,Teams not connected,No,No,Assigned,Private,No,User (no admin center access),https://7rkd12.sharepoint.com/teams/prj_teamsites-0808038,0.00,0.00,None,Off,2,1,8/11/2026 3:39:30 PM,496daaf4-8344-4731-96de-38f5d760ec6e,No,-,-,N/A,-,N/A,N/A,-,-,-,-,-,-,-,-,-,-,-,-,-,-,-,-,-,-,-,-,-,-,-,-,-,-,-,-,-,-,-,-,-,-,-,-,-,-,-,-,-,-,-,-,-,-,-
prj_MihalTeamsite 0808039,Cloud domain: 7rkd12.onmicrosoft.com,Cloud container: Default Group / Team / Engage community container,Cloud,prj_mihalteamsite-0808039@7rkd12.onmicrosoft.com,8/11/2026 12:46:41 PM,-,prj_MihalTeamsite 0808039,Microsoft 365 Group,Not connected,Off,-,Teams not connected,No,No,Assigned,Private,No,User (no admin center access),https://7rkd12.sharepoint.com/teams/prj_teamsites-0808039,0.00,0.00,None,Off,2,1,8/11/2026 3:41:02 PM,a063af69-dcad-40da-a147-56707dbec629,No,-,-,N/A,-,N/A,N/A,-,-,-,-,-,-,-,-,-,-,-,-,-,-,-,-,-,-,-,-,-,-,-,-,-,-,-,-,-,-,-,-,-,-,-,-,-,-,-,-,-,-,-,-,-,-,-
prj_MihalTeamsite 0808040,Cloud domain: 7rkd12.onmicrosoft.com,Cloud container: Default Group / Team / Engage community container,Cloud,prj_mihalteamsite-0808040@7rkd12.onmicrosoft.com,8/11/2026 12:47:44 PM,-,prj_MihalTeamsite 0808040,Microsoft 365 Group,Not connected,Off,-,Teams not connected,No,No,Assigned,Private,No,User (no admin center access),https://7rkd12.sharepoint.com/sites/prj_mihalteamsite-0808040,0.00,0.00,None,Off,2,1,8/11/2026 3:37:22 PM,4b5073de-d320-4e4a-9da8-2881f0769fe8,No,-,-,N/A,-,N/A,N/A,-,-,-,-,-,-,-,-,-,-,-,-,-,-,-,-,-,-,-,-,-,-,-,-,-,-,-,-,-,-,-,-,-,-,-,-,-,-,-,-,-,-,-,-,-,-,-
prj_MihalTeamsite 0808041,Cloud domain: 7rkd12.onmicrosoft.com,Cloud container: Default Group / Team / Engage community container,Cloud,prj_mihalteamsite-0808041@7rkd12.onmicrosoft.com,8/11/2026 12:48:45 PM,-,prj_MihalTeamsite 0808041,Microsoft 365 Group,Not connected,Off,-,Teams not connected,No,No,Assigned,Private,No,User (no admin center access),https://7rkd12.sharepoint.com/sites/prj_mihalteamsite-0808041,0.00,0.00,None,Off,2,1,8/11/2026 3:37:42 PM,c363ec61-a47b-4750-913d-96ced5e160c9,No,-,-,N/A,-,N/A,N/A,-,-,-,-,-,-,-,-,-,-,-,-,-,-,-,-,-,-,-,-,-,-,-,-,-,-,-,-,-,-,-,-,-,-,-,-,-,-,-,-,-,-,-,-,-,-,-
prj_MihalTeamsite 0808042,Cloud domain: 7rkd12.onmicrosoft.com,Cloud container: Default Group / Team / Engage community container,Cloud,prj_mihalteamsite-0808042@7rkd12.onmicrosoft.com,8/11/2026 12:49:45 PM,-,prj_MihalTeamsite 0808042,Microsoft 365 Group,Not connected,Off,-,Teams not connected,No,No,Assigned,Private,No,User (no admin center access),https://7rkd12.sharepoint.com/sites/prj_mihalteamsite-0808042,0.00,0.00,None,Off,2,1,8/11/2026 3:37:32 PM,2ef4da21-ce48-43f0-9194-f49cc38b72a1,No,-,-,N/A,-,N/A,N/A,-,-,-,-,-,-,-,-,-,-,-,-,-,-,-,-,-,-,-,-,-,-,-,-,-,-,-,-,-,-,-,-,-,-,-,-,-,-,-,-,-,-,-,-,-,-,-
prj_MihalTeamsite 0808043,Cloud domain: 7rkd12.onmicrosoft.com,Cloud container: Default Group / Team / Engage community container,Cloud,prj_mihalteamsite-0808043@7rkd12.onmicrosoft.com,8/11/2026 12:50:46 PM,-,prj_MihalTeamsite 0808043,Microsoft 365 Group,Not connected,Off,-,Teams not connected,No,No,Assigned,Private,No,User (no admin center access),https://7rkd12.sharepoint.com/teams/prj_teamsites-0808043,0.00,0.00,None,Off,2,1,8/11/2026 3:42:31 PM,ce431cdc-da2b-4788-8a6a-7c0f6c520034,No,-,-,N/A,-,N/A,N/A,-,-,-,-,-,-,-,-,-,-,-,-,-,-,-,-,-,-,-,-,-,-,-,-,-,-,-,-,-,-,-,-,-,-,-,-,-,-,-,-,-,-,-,-,-,-,-
prj_MihalTeamsite 0808044,Cloud domain: 7rkd12.onmicrosoft.com,Cloud container: Default Group / Team / Engage community container,Cloud,prj_mihalteamsite-0808044@7rkd12.onmicrosoft.com,8/11/2026 12:51:49 PM,-,prj_MihalTeamsite 0808044,Microsoft 365 Group,Not connected,Off,-,Teams not connected,No,No,Assigned,Private,No,User (no admin center access),https://7rkd12.sharepoint.com/teams/prj_teamsites-0808044,0.00,0.00,None,Off,2,1,8/11/2026 3:41:25 PM,f3e160fc-0815-4491-8af9-33dc23b08873,No,-,-,N/A,-,N/A,N/A,-,-,-,-,-,-,-,-,-,-,-,-,-,-,-,-,-,-,-,-,-,-,-,-,-,-,-,-,-,-,-,-,-,-,-,-,-,-,-,-,-,-,-,-,-,-,-
prj_MihalTeamsite 0808045,Cloud domain: 7rkd12.onmicrosoft.com,Cloud container: Default Group / Team / Engage community container,Cloud,prj_mihalteamsite-0808045@7rkd12.onmicrosoft.com,8/11/2026 12:52:50 PM,-,prj_MihalTeamsite 0808045,Microsoft 365 Group,Not connected,Off,-,Teams not connected,No,No,Assigned,Private,No,User (no admin center access),https://7rkd12.sharepoint.com/teams/prj_teamsites-0808045,0.00,0.00,None,Off,2,1,8/11/2026 3:42:03 PM,593aa230-2f25-4122-93a4-5f289b454299,No,-,-,N/A,-,N/A,N/A,-,-,-,-,-,-,-,-,-,-,-,-,-,-,-,-,-,-,-,-,-,-,-,-,-,-,-,-,-,-,-,-,-,-,-,-,-,-,-,-,-,-,-,-,-,-,-
prj_MihalTeamsite 0808046,Cloud domain: 7rkd12.onmicrosoft.com,Cloud container: Default Group / Team / Engage community container,Cloud,prj_mihalteamsite-0808046@7rkd12.onmicrosoft.com,8/11/2026 12:53:51 PM,-,prj_MihalTeamsite 0808046,Microsoft 365 Group,Not connected,Off,-,Teams not connected,No,No,Assigned,Private,No,User (no admin center access),https://7rkd12.sharepoint.com/teams/prj_teamsites-0808046,0.00,0.00,None,Off,2,1,8/11/2026 3:43:22 PM,8aa691b9-0240-45ae-908b-9cad278a9569,No,-,-,N/A,-,N/A,N/A,-,-,-,-,-,-,-,-,-,-,-,-,-,-,-,-,-,-,-,-,-,-,-,-,-,-,-,-,-,-,-,-,-,-,-,-,-,-,-,-,-,-,-,-,-,-,-
prj_MihalTeamsite 0808047,Cloud domain: 7rkd12.onmicrosoft.com,Cloud container: Default Group / Team / Engage community container,Cloud,prj_mihalteamsite-0808047@7rkd12.onmicrosoft.com,8/11/2026 12:54:52 PM,-,prj_MihalTeamsite 0808047,Microsoft 365 Group,Not connected,Off,-,Teams not connected,No,No,Assigned,Private,No,User (no admin center access),https://7rkd12.sharepoint.com/teams/prj_teamsites-0808047,0.00,0.00,None,Off,2,1,8/11/2026 3:44:21 PM,a674c765-0dc3-452f-8fa1-be7d9773be91,No,-,-,N/A,-,N/A,N/A,-,-,-,-,-,-,-,-,-,-,-,-,-,-,-,-,-,-,-,-,-,-,-,-,-,-,-,-,-,-,-,-,-,-,-,-,-,-,-,-,-,-,-,-,-,-,-
prj_MihalTeamsite 0808048,Cloud domain: 7rkd12.onmicrosoft.com,Cloud container: Default Group / Team / Engage community container,Cloud,prj_mihalteamsite-0808048@7rkd12.onmicrosoft.com,8/11/2026 12:55:53 PM,-,prj_MihalTeamsite 0808048,Microsoft 365 Group,Not connected,Off,-,Teams not connected,No,No,Assigned,Private,No,User (no admin center access),https://7rkd12.sharepoint.com/teams/prj_teamsites-0808048,0.00,0.00,None,Off,2,1,8/11/2026 3:44:45 PM,d8714d08-1348-49c0-9312-b1520e689207,No,-,-,N/A,-,N/A,N/A,-,-,-,-,-,-,-,-,-,-,-,-,-,-,-,-,-,-,-,-,-,-,-,-,-,-,-,-,-,-,-,-,-,-,-,-,-,-,-,-,-,-,-,-,-,-,-
prj_MihalTeamsite 0808049,Cloud domain: 7rkd12.onmicrosoft.com,Cloud container: Default Group / Team / Engage community container,Cloud,prj_mihalteamsite-0808049@7rkd12.onmicrosoft.com,8/11/2026 12:56:56 PM,-,prj_MihalTeamsite 0808049,Microsoft 365 Group,Not connected,Off,-,Teams not connected,No,No,Assigned,Private,No,User (no admin center access),https://7rkd12.sharepoint.com/teams/prj_teamsites-0808049,0.00,0.00,None,Off,2,1,8/11/2026 3:45:59 PM,80a42261-7f0c-49cc-a10b-bf7ef158214b,No,-,-,N/A,-,N/A,N/A,-,-,-,-,-,-,-,-,-,-,-,-,-,-,-,-,-,-,-,-,-,-,-,-,-,-,-,-,-,-,-,-,-,-,-,-,-,-,-,-,-,-,-,-,-,-,-
prj_MihalTeamsite 0808050,Cloud domain: 7rkd12.onmicrosoft.com,Cloud container: Default Group / Team / Engage community container,Cloud,prj_mihalteamsite-0808050@7rkd12.onmicrosoft.com,8/11/2026 12:57:56 PM,-,prj_MihalTeamsite 0808050,Microsoft 365 Group,Not connected,Off,-,Teams not connected,No,No,Assigned,Private,No,User (no admin center access),https://7rkd12.sharepoint.com/sites/prj_mihalteamsite-0808050,0.00,0.00,None,Off,2,1,8/11/2026 3:39:29 PM,77a6e20f-7178-4386-9cfc-0f0a0727a8b5,No,-,-,N/A,-,N/A,N/A,-,-,-,-,-,-,-,-,-,-,-,-,-,-,-,-,-,-,-,-,-,-,-,-,-,-,-,-,-,-,-,-,-,-,-,-,-,-,-,-,-,-,-,-,-,-,-
prj_MihalTeamsite 0809002,Cloud domain: 7rkd12.onmicrosoft.com,Cloud container: Default Group / Team / Engage community container,Cloud,prj_mihalteamsite-0809002@7rkd12.onmicrosoft.com,8/11/2026 1:32:58 PM,-,prj_MihalTeamsite 0809002,Microsoft 365 Group,Not connected,Off,-,Teams connected,No,No,Assigned,Public,No,User (no admin center access),https://7rkd12.sharepoint.com/teams/prj_groupsites-0809002,0.00,0.00,None,Off,2,1,8/11/2026 3:49:28 PM,3c05f848-6cd5-452a-8a19-f70b60f24439,No,-,-,N/A,-,N/A,N/A,-,-,-,-,-,-,-,-,-,-,-,-,-,-,-,-,-,-,-,-,-,-,-,-,-,-,-,-,-,-,-,-,-,-,-,-,-,-,-,-,-,-,-,-,-,-,-
prj_MihalTeamsite 0809003,Cloud domain: 7rkd12.onmicrosoft.com,Cloud container: Default Group / Team / Engage community container,Cloud,prj_mihalteamsite-0809003@7rkd12.onmicrosoft.com,8/11/2026 1:41:47 PM,-,prj_MihalTeamsite 0809003,Microsoft 365 Group,Not connected,Off,-,Teams not connected,No,No,Assigned,Private,No,User (no admin center access),https://7rkd12.sharepoint.com/teams/prj_groupsites-0809003,0.00,0.00,None,Off,2,1,8/11/2026 3:52:02 PM,9b04d639-33e5-4caf-afa8-7aabf7ebf85c,No,-,-,N/A,-,N/A,N/A,-,-,-,-,-,-,-,-,-,-,-,-,-,-,-,-,-,-,-,-,-,-,-,-,-,-,-,-,-,-,-,-,-,-,-,-,-,-,-,-,-,-,-,-,-,-,-
prj_MihalTeamsite 0809004,Cloud domain: 7rkd12.onmicrosoft.com,Cloud container: Default Group / Team / Engage community container,Cloud,prj_mihalteamsite-0809004@7rkd12.onmicrosoft.com,8/11/2026 1:35:03 PM,-,prj_MihalTeamsite 0809004,Microsoft 365 Group,Not connected,Off,-,Teams connected,No,No,Assigned,Public,No,User (no admin center access),https://7rkd12.sharepoint.com/teams/prj_groupsites-0809004,0.00,0.00,None,Off,2,1,8/11/2026 3:49:47 PM,0d2eb0d5-7ced-4706-87fb-00ea15f822b5,No,-,-,N/A,-,N/A,N/A,-,-,-,-,-,-,-,-,-,-,-,-,-,-,-,-,-,-,-,-,-,-,-,-,-,-,-,-,-,-,-,-,-,-,-,-,-,-,-,-,-,-,-,-,-,-,-
prj_MihalTeamsite 0809005,Cloud domain: 7rkd12.onmicrosoft.com,Cloud container: Default Group / Team / Engage community container,Cloud,prj_mihalteamsite-0809005@7rkd12.onmicrosoft.com,8/11/2026 1:42:04 PM,-,prj_MihalTeamsite 0809005,Microsoft 365 Group,Not connected,Off,-,Teams not connected,No,No,Assigned,Private,No,User (no admin center access),https://7rkd12.sharepoint.com/teams/prj_groupsites-0809005,0.00,0.00,None,Off,2,1,8/11/2026 3:50:44 PM,eaa921bb-831b-4320-9ea3-1b171270b895,No,-,-,N/A,-,N/A,N/A,-,-,-,-,-,-,-,-,-,-,-,-,-,-,-,-,-,-,-,-,-,-,-,-,-,-,-,-,-,-,-,-,-,-,-,-,-,-,-,-,-,-,-,-,-,-,-
prj_MihalTeamsite 0809006,Cloud domain: 7rkd12.onmicrosoft.com,Cloud container: Default Group / Team / Engage community container,Cloud,prj_mihalteamsite-0809006@7rkd12.onmicrosoft.com,8/11/2026 1:42:14 PM,-,prj_MihalTeamsite 0809006,Microsoft 365 Group,Not connected,Off,-,Teams connected,No,No,Assigned,Public,No,User (no admin center access),https://7rkd12.sharepoint.com/teams/prj_groupsites-0809006,0.00,0.00,None,Off,2,1,8/11/2026 3:51:19 PM,17bdf094-f3b5-4093-8a11-a6c0cf2ea5e8,No,-,-,N/A,-,N/A,N/A,-,-,-,-,-,-,-,-,-,-,-,-,-,-,-,-,-,-,-,-,-,-,-,-,-,-,-,-,-,-,-,-,-,-,-,-,-,-,-,-,-,-,-,-,-,-,-
prj_MihalTeamsite 0809007,Cloud domain: 7rkd12.onmicrosoft.com,Cloud container: Default Group / Team / Engage community container,Cloud,prj_mihalteamsite-0809007@7rkd12.onmicrosoft.com,8/11/2026 1:42:24 PM,-,prj_MihalTeamsite 0809007,Microsoft 365 Group,Not connected,Off,-,Teams not connected,No,No,Assigned,Private,No,User (no admin center access),https://7rkd12.sharepoint.com/teams/prj_groupsites-0809007,0.00,0.00,None,Off,2,1,8/11/2026 3:51:42 PM,f4480d74-26d2-48d7-82d7-5d865ec42ee0,No,-,-,N/A,-,N/A,N/A,-,-,-,-,-,-,-,-,-,-,-,-,-,-,-,-,-,-,-,-,-,-,-,-,-,-,-,-,-,-,-,-,-,-,-,-,-,-,-,-,-,-,-,-,-,-,-
prj_MihalTeamsite 0809008,Cloud domain: 7rkd12.onmicrosoft.com,Cloud container: Default Group / Team / Engage community container,Cloud,prj_mihalteamsite-0809008@7rkd12.onmicrosoft.com,8/11/2026 1:42:34 PM,-,prj_MihalTeamsite 0809008,Microsoft 365 Group,Not connected,Off,-,Teams connected,No,No,Assigned,Public,No,User (no admin center access),https://7rkd12.sharepoint.com/teams/prj_groupsites-0809008,0.00,0.00,None,Off,2,1,8/11/2026 3:51:02 PM,a8f9120c-5208-49c3-a978-75145705d1f4,No,-,-,N/A,-,N/A,N/A,-,-,-,-,-,-,-,-,-,-,-,-,-,-,-,-,-,-,-,-,-,-,-,-,-,-,-,-,-,-,-,-,-,-,-,-,-,-,-,-,-,-,-,-,-,-,-
prj_MihalTeamsite 0809009,Cloud domain: 7rkd12.onmicrosoft.com,Cloud container: Default Group / Team / Engage community container,Cloud,prj_mihalteamsite-0809009@7rkd12.onmicrosoft.com,8/11/2026 1:42:43 PM,-,prj_MihalTeamsite 0809009,Microsoft 365 Group,Not connected,Off,-,Teams not connected,No,No,Assigned,Private,No,User (no admin center access),https://7rkd12.sharepoint.com/teams/prj_groupsites-0809009,0.00,0.00,None,Off,2,1,8/11/2026 3:52:23 PM,10af93b7-abe7-4dbe-a005-35639ea909be,No,-,-,N/A,-,N/A,N/A,-,-,-,-,-,-,-,-,-,-,-,-,-,-,-,-,-,-,-,-,-,-,-,-,-,-,-,-,-,-,-,-,-,-,-,-,-,-,-,-,-,-,-,-,-,-,-
prj_MihalTeamsite 0809014,Cloud domain: 7rkd12.onmicrosoft.com,Cloud container: Default Group / Team / Engage community container,Cloud,prj_mihalteamsite-0809014@7rkd12.onmicrosoft.com,8/11/2026 1:43:21 PM,-,prj_MihalTeamsite 0809014,Microsoft 365 Group,Not connected,Off,-,Teams connected,No,No,Assigned,Private,No,User (no admin center access),https://7rkd12.sharepoint.com/teams/prj_groupsites-0809014,0.00,0.00,None,Off,2,1,8/11/2026 3:53:31 PM,7f8b64e2-9c7e-4360-acb2-6998c772be77,No,-,-,N/A,-,N/A,N/A,-,-,-,-,-,-,-,-,-,-,-,-,-,-,-,-,-,-,-,-,-,-,-,-,-,-,-,-,-,-,-,-,-,-,-,-,-,-,-,-,-,-,-,-,-,-,-
prj_MihalTeamsite 0809017,Cloud domain: 7rkd12.onmicrosoft.com,Cloud container: Default Group / Team / Engage community container,Cloud,prj_mihalteamsite-0809017@7rkd12.onmicrosoft.com,8/11/2026 1:43:45 PM,-,prj_MihalTeamsite 0809017,Microsoft 365 Group,Not connected,Off,-,Teams not connected,No,No,Assigned,Public,No,User (no admin center access),https://7rkd12.sharepoint.com/teams/prj_groupsites-0809017,0.00,0.00,None,Off,2,1,8/11/2026 3:53:13 PM,89b579a4-8acd-4cc4-b642-88517055f11b,No,-,-,N/A,-,N/A,N/A,-,-,-,-,-,-,-,-,-,-,-,-,-,-,-,-,-,-,-,-,-,-,-,-,-,-,-,-,-,-,-,-,-,-,-,-,-,-,-,-,-,-,-,-,-,-,-
prj_MihalTeamsite 0809018,Cloud domain: 7rkd12.onmicrosoft.com,Cloud container: Default Group / Team / Engage community container,Cloud,prj_mihalteamsite-0809018@7rkd12.onmicrosoft.com,8/11/2026 1:43:55 PM,-,prj_MihalTeamsite 0809018,Microsoft 365 Group,Not connected,Off,-,Teams connected,No,No,Assigned,Private,No,User (no admin center access),https://7rkd12.sharepoint.com/teams/prj_groupsites-0809018,0.00,0.00,None,Off,2,1,8/11/2026 4:41:43 PM,fa0c5ed9-2bf9-4713-bc05-22bdff74fae2,No,-,-,N/A,-,N/A,N/A,-,-,-,-,-,-,-,-,-,-,-,-,-,-,-,-,-,-,-,-,-,-,-,-,-,-,-,-,-,-,-,-,-,-,-,-,-,-,-,-,-,-,-,-,-,-,-
prj_MihalTeamsite 0809019,Cloud domain: 7rkd12.onmicrosoft.com,Cloud container: Default Group / Team / Engage community container,Cloud,prj_mihalteamsite-0809019@7rkd12.onmicrosoft.com,8/11/2026 1:44:05 PM,-,prj_MihalTeamsite 0809019,Microsoft 365 Group,Not connected,Off,-,Teams not connected,No,No,Assigned,Private,No,User (no admin center access),https://7rkd12.sharepoint.com/teams/prj_groupsites-0809019,0.00,0.00,None,Off,2,1,8/11/2026 4:42:29 PM,bfb83cf5-fd62-4c16-af15-9e75bcb119de,No,-,-,N/A,-,N/A,N/A,-,-,-,-,-,-,-,-,-,-,-,-,-,-,-,-,-,-,-,-,-,-,-,-,-,-,-,-,-,-,-,-,-,-,-,-,-,-,-,-,-,-,-,-,-,-,-
prj_MihalTeamsite 0809020,Cloud domain: 7rkd12.onmicrosoft.com,Cloud container: Default Group / Team / Engage community container,Cloud,prj_mihalteamsite-0809020@7rkd12.onmicrosoft.com,8/11/2026 1:44:14 PM,-,prj_MihalTeamsite 0809020,Microsoft 365 Group,Not connected,Off,-,Teams connected,No,No,Assigned,Public,No,User (no admin center access),https://7rkd12.sharepoint.com/teams/prj_groupsites-0809020,0.00,0.00,None,Off,2,1,8/11/2026 4:44:14 PM,cc400ce8-1cda-4bbf-9842-f29d57b9f936,No,-,-,N/A,-,N/A,N/A,-,-,-,-,-,-,-,-,-,-,-,-,-,-,-,-,-,-,-,-,-,-,-,-,-,-,-,-,-,-,-,-,-,-,-,-,-,-,-,-,-,-,-,-,-,-,-
prj_MihalTeamsite 0809021,Cloud domain: 7rkd12.onmicrosoft.com,Cloud container: Default Group / Team / Engage community container,Cloud,prj_mihalteamsite-0809021@7rkd12.onmicrosoft.com,8/11/2026 1:44:24 PM,-,prj_MihalTeamsite 0809021,Microsoft 365 Group,Not connected,Off,-,Teams not connected,No,No,Assigned,Private,No,User (no admin center access),https://7rkd12.sharepoint.com/teams/prj_groupsites-0809021,0.00,0.00,None,Off,2,1,8/11/2026 4:45:55 PM,bad5338d-3c38-45df-be49-9bf86fb3ce47,No,-,-,N/A,-,N/A,N/A,-,-,-,-,-,-,-,-,-,-,-,-,-,-,-,-,-,-,-,-,-,-,-,-,-,-,-,-,-,-,-,-,-,-,-,-,-,-,-,-,-,-,-,-,-,-,-
prj_MihalTeamsite 0809022,Cloud domain: 7rkd12.onmicrosoft.com,Cloud container: Default Group / Team / Engage community container,Cloud,prj_mihalteamsite-0809022@7rkd12.onmicrosoft.com,8/11/2026 1:44:34 PM,-,prj_MihalTeamsite 0809022,Microsoft 365 Group,Not connected,Off,-,Teams connected,No,No,Assigned,Public,No,User (no admin center access),https://7rkd12.sharepoint.com/teams/prj_groupsites-0809022,0.00,0.00,None,Off,2,1,8/11/2026 4:45:20 PM,924feba3-cdd7-4e2a-9756-c4594a71068a,No,-,-,N/A,-,N/A,N/A,-,-,-,-,-,-,-,-,-,-,-,-,-,-,-,-,-,-,-,-,-,-,-,-,-,-,-,-,-,-,-,-,-,-,-,-,-,-,-,-,-,-,-,-,-,-,-
prj_MihalTeamsite 0809023,Cloud domain: 7rkd12.onmicrosoft.com,Cloud container: Default Group / Team / Engage community container,Cloud,prj_mihalteamsite-0809023@7rkd12.onmicrosoft.com,8/11/2026 1:44:42 PM,-,prj_MihalTeamsite 0809023,Microsoft 365 Group,Not connected,Off,-,Teams not connected,No,No,Assigned,Private,No,User (no admin center access),https://7rkd12.sharepoint.com/teams/prj_groupsites-0809023,0.00,0.00,None,Off,2,1,8/11/2026 4:46:28 PM,3f6dfeb3-ae94-4e48-a4e4-5d348d0ba534,No,-,-,N/A,-,N/A,N/A,-,-,-,-,-,-,-,-,-,-,-,-,-,-,-,-,-,-,-,-,-,-,-,-,-,-,-,-,-,-,-,-,-,-,-,-,-,-,-,-,-,-,-,-,-,-,-
prj_MihalTeamsite 0809025,Cloud domain: 7rkd12.onmicrosoft.com,Cloud container: Default Group / Team / Engage community container,Cloud,prj_mihalteamsite-0809025@7rkd12.onmicrosoft.com,8/11/2026 1:44:59 PM,-,prj_MihalTeamsite 0809025,Microsoft 365 Group,Not connected,Off,-,Teams not connected,No,No,Assigned,Private,No,User (no admin center access),https://7rkd12.sharepoint.com/teams/prj_groupsites-0809025,0.00,0.00,None,Off,2,1,8/11/2026 4:43:48 PM,fbc486d7-daf4-4ea4-a6f4-0e7af6991e85,No,-,-,N/A,-,N/A,N/A,-,-,-,-,-,-,-,-,-,-,-,-,-,-,-,-,-,-,-,-,-,-,-,-,-,-,-,-,-,-,-,-,-,-,-,-,-,-,-,-,-,-,-,-,-,-,-
prj_MihalTeamsite 0809027,Cloud domain: 7rkd12.onmicrosoft.com,Cloud container: Default Group / Team / Engage community container,Cloud,prj_mihalteamsite-0809027@7rkd12.onmicrosoft.com,8/11/2026 1:45:17 PM,-,prj_MihalTeamsite 0809027,Microsoft 365 Group,Not connected,Off,-,Teams not connected,No,No,Assigned,Private,No,User (no admin center access),https://7rkd12.sharepoint.com/teams/prj_groupsites-0809027,0.00,0.00,None,Off,2,1,8/11/2026 4:49:18 PM,6e515335-f9c3-4f83-b746-9292df1df211,No,-,-,N/A,-,N/A,N/A,-,-,-,-,-,-,-,-,-,-,-,-,-,-,-,-,-,-,-,-,-,-,-,-,-,-,-,-,-,-,-,-,-,-,-,-,-,-,-,-,-,-,-,-,-,-,-
prj_MihalTeamsite 0809028,Cloud domain: 7rkd12.onmicrosoft.com,Cloud container: Default Group / Team / Engage community container,Cloud,prj_mihalteamsite-0809028@7rkd12.onmicrosoft.com,8/11/2026 1:45:27 PM,-,prj_MihalTeamsite 0809028,Microsoft 365 Group,Not connected,Off,-,Teams connected,No,No,Assigned,Private,No,User (no admin center access),https://7rkd12.sharepoint.com/teams/prj_groupsites-0809028,0.00,0.00,None,Off,2,1,8/11/2026 4:44:39 PM,11b75da7-4d8f-45ae-bd6a-43fe6f518298,No,-,-,N/A,-,N/A,N/A,-,-,-,-,-,-,-,-,-,-,-,-,-,-,-,-,-,-,-,-,-,-,-,-,-,-,-,-,-,-,-,-,-,-,-,-,-,-,-,-,-,-,-,-,-,-,-
prj_MihalTeamsite 0809029,Cloud domain: 7rkd12.onmicrosoft.com,Cloud container: Default Group / Team / Engage community container,Cloud,prj_mihalteamsite-0809029@7rkd12.onmicrosoft.com,8/11/2026 1:45:37 PM,-,prj_MihalTeamsite 0809029,Microsoft 365 Group,Not connected,Off,-,Teams not connected,No,No,Assigned,Public,No,User (no admin center access),https://7rkd12.sharepoint.com/teams/prj_groupsites-0809029,0.00,0.00,None,Off,2,1,8/11/2026 4:46:52 PM,909a08e2-d353-4ed2-a9e2-e0ccda6e6b5d,No,-,-,N/A,-,N/A,N/A,-,-,-,-,-,-,-,-,-,-,-,-,-,-,-,-,-,-,-,-,-,-,-,-,-,-,-,-,-,-,-,-,-,-,-,-,-,-,-,-,-,-,-,-,-,-,-
prj_MihalTeamsite 0809030,Cloud domain: 7rkd12.onmicrosoft.com,Cloud container: Default Group / Team / Engage community container,Cloud,prj_mihalteamsite-0809030@7rkd12.onmicrosoft.com,8/11/2026 1:45:46 PM,-,prj_MihalTeamsite 0809030,Microsoft 365 Group,Not connected,Off,-,Teams connected,No,No,Assigned,Private,No,User (no admin center access),https://7rkd12.sharepoint.com/teams/prj_groupsites-0809030,0.00,0.00,None,Off,2,1,8/11/2026 4:42:53 PM,bdd911a5-491a-4840-8cc1-bb06ff1b42ee,No,-,-,N/A,-,N/A,N/A,-,-,-,-,-,-,-,-,-,-,-,-,-,-,-,-,-,-,-,-,-,-,-,-,-,-,-,-,-,-,-,-,-,-,-,-,-,-,-,-,-,-,-,-,-,-,-
prj_MihalTeamsite 0809035,Cloud domain: 7rkd12.onmicrosoft.com,Cloud container: Default Group / Team / Engage community container,Cloud,prj_mihalteamsite-0809035@7rkd12.onmicrosoft.com,8/11/2026 1:46:23 PM,-,prj_MihalTeamsite 0809035,Microsoft 365 Group,Not connected,Off,-,Teams not connected,No,No,Assigned,Public,No,User (no admin center access),https://7rkd12.sharepoint.com/teams/prj_groupsites-0809035,0.00,0.00,None,Off,2,1,8/11/2026 4:48:09 PM,f10537c1-da29-429d-ad33-01840cde1ed6,No,-,-,N/A,-,N/A,N/A,-,-,-,-,-,-,-,-,-,-,-,-,-,-,-,-,-,-,-,-,-,-,-,-,-,-,-,-,-,-,-,-,-,-,-,-,-,-,-,-,-,-,-,-,-,-,-
prj_MihalTeamsite 0809044,Cloud domain: 7rkd12.onmicrosoft.com,Cloud container: Default Group / Team / Engage community container,Cloud,prj_mihalteamsite-0809044@7rkd12.onmicrosoft.com,8/11/2026 1:47:29 PM,-,prj_MihalTeamsite 0809044,Microsoft 365 Group,Not connected,Off,-,Teams not connected,No,No,Assigned,Public,No,User (no admin center access),https://7rkd12.sharepoint.com/teams/prj_groupsites-0809044,0.00,0.00,None,Off,2,1,8/11/2026 4:50:50 PM,0fa6cb54-e7ca-4e4d-a9a8-c4d703e6e6b4,No,-,-,N/A,-,N/A,N/A,-,-,-,-,-,-,-,-,-,-,-,-,-,-,-,-,-,-,-,-,-,-,-,-,-,-,-,-,-,-,-,-,-,-,-,-,-,-,-,-,-,-,-,-,-,-,-
prj_MihalTeamsite 0809045,Cloud domain: 7rkd12.onmicrosoft.com,Cloud container: Default Group / Team / Engage community container,Cloud,prj_mihalteamsite-0809045@7rkd12.onmicrosoft.com,8/11/2026 1:47:39 PM,-,prj_MihalTeamsite 0809045,Microsoft 365 Group,Not connected,Off,-,Teams not connected,No,No,Assigned,Private,No,User (no admin center access),https://7rkd12.sharepoint.com/teams/prj_groupsites-0809045,0.00,0.00,None,Off,2,1,8/11/2026 4:51:51 PM,1e206b23-832b-4281-b7ed-2cb05fee52b9,No,-,-,N/A,-,N/A,N/A,-,-,-,-,-,-,-,-,-,-,-,-,-,-,-,-,-,-,-,-,-,-,-,-,-,-,-,-,-,-,-,-,-,-,-,-,-,-,-,-,-,-,-,-,-,-,-
prj_MihalTeamsite 0809047,Cloud domain: 7rkd12.onmicrosoft.com,Cloud container: Default Group / Team / Engage community container,Cloud,prj_mihalteamsite-0809047@7rkd12.onmicrosoft.com,8/11/2026 1:47:56 PM,-,prj_MihalTeamsite 0809047,Microsoft 365 Group,Not connected,Off,-,Teams not connected,No,No,Assigned,Public,No,User (no admin center access),https://7rkd12.sharepoint.com/sites/prj_mihalteamsite-0809047,0.00,0.00,None,Off,2,1,8/11/2026 4:43:42 PM,52e05d9a-86b1-4bce-922a-1d8d71462520,No,-,-,N/A,-,N/A,N/A,-,-,-,-,-,-,-,-,-,-,-,-,-,-,-,-,-,-,-,-,-,-,-,-,-,-,-,-,-,-,-,-,-,-,-,-,-,-,-,-,-,-,-,-,-,-,-
prj_MihalTeamsite 0809048,Cloud domain: 7rkd12.onmicrosoft.com,Cloud container: Default Group / Team / Engage community container,Cloud,prj_mihalteamsite-0809048@7rkd12.onmicrosoft.com,8/11/2026 1:49:21 PM,-,prj_MihalTeamsite 0809048,Microsoft 365 Group,Not connected,Off,-,Teams not connected,No,No,Assigned,Private,No,User (no admin center access),https://7rkd12.sharepoint.com/sites/prj_mihalteamsite-0809048,0.00,0.00,None,Off,2,1,8/11/2026 4:45:18 PM,5d9d8079-f4ae-44fe-9468-b90ccffb5669,No,-,-,N/A,-,N/A,N/A,-,-,-,-,-,-,-,-,-,-,-,-,-,-,-,-,-,-,-,-,-,-,-,-,-,-,-,-,-,-,-,-,-,-,-,-,-,-,-,-,-,-,-,-,-,-,-
prj_MihalTeamsite 0809049,Cloud domain: 7rkd12.onmicrosoft.com,Cloud container: Default Group / Team / Engage community container,Cloud,prj_mihalteamsite-0809049@7rkd12.onmicrosoft.com,8/11/2026 1:49:28 PM,-,prj_MihalTeamsite 0809049,Microsoft 365 Group,Not connected,Off,-,Teams not connected,No,No,Assigned,Public,No,User (no admin center access),https://7rkd12.sharepoint.com/sites/prj_mihalteamsite-0809049,0.00,0.00,None,Off,2,1,8/11/2026 4:47:08 PM,2ce5a34e-d234-4c9a-911d-2feb99e3337a,No,-,-,N/A,-,N/A,N/A,-,-,-,-,-,-,-,-,-,-,-,-,-,-,-,-,-,-,-,-,-,-,-,-,-,-,-,-,-,-,-,-,-,-,-,-,-,-,-,-,-,-,-,-,-,-,-
prj_MihalTeamsite 0809050,Cloud domain: 7rkd12.onmicrosoft.com,Cloud container: Default Group / Team / Engage community container,Cloud,prj_mihalteamsite-0809050@7rkd12.onmicrosoft.com,8/11/2026 1:49:35 PM,-,prj_MihalTeamsite 0809050,Microsoft 365 Group,Not connected,Off,-,Teams not connected,No,No,Assigned,Private,No,User (no admin center access),https://7rkd12.sharepoint.com/sites/prj_mihalteamsite-0809050,0.00,0.00,None,Off,2,1,8/11/2026 4:43:43 PM,744b309d-9003-478a-af9a-058b13abd56f,No,-,-,N/A,-,N/A,N/A,-,-,-,-,-,-,-,-,-,-,-,-,-,-,-,-,-,-,-,-,-,-,-,-,-,-,-,-,-,-,-,-,-,-,-,-,-,-,-,-,-,-,-,-,-,-,-
prj_MihalTeamsite 0809051,Cloud domain: 7rkd12.onmicrosoft.com,Cloud container: Default Group / Team / Engage community container,Cloud,prj_mihalteamsite-0809051@7rkd12.onmicrosoft.com,8/11/2026 1:49:43 PM,-,prj_MihalTeamsite 0809051,Microsoft 365 Group,Not connected,Off,-,Teams not connected,No,No,Assigned,Public,No,User (no admin center access),https://7rkd12.sharepoint.com/sites/prj_mihalteamsite-0809051,0.00,0.00,None,Off,2,1,8/11/2026 4:46:17 PM,c9443d8b-f66a-48d3-8d2e-3c788e5ee664,No,-,-,N/A,-,N/A,N/A,-,-,-,-,-,-,-,-,-,-,-,-,-,-,-,-,-,-,-,-,-,-,-,-,-,-,-,-,-,-,-,-,-,-,-,-,-,-,-,-,-,-,-,-,-,-,-
prj_MihalTeamsite 0809052,Cloud domain: 7rkd12.onmicrosoft.com,Cloud container: Default Group / Team / Engage community container,Cloud,prj_mihalteamsite-0809052@7rkd12.onmicrosoft.com,8/11/2026 1:49:50 PM,-,prj_MihalTeamsite 0809052,Microsoft 365 Group,Not connected,Off,-,Teams not connected,No,No,Assigned,Private,No,User (no admin center access),https://7rkd12.sharepoint.com/sites/prj_mihalteamsite-0809052,0.00,0.00,None,Off,2,1,8/11/2026 4:45:44 PM,937b44cf-8258-4039-86d9-7a2f01f3d57c,No,-,-,N/A,-,N/A,N/A,-,-,-,-,-,-,-,-,-,-,-,-,-,-,-,-,-,-,-,-,-,-,-,-,-,-,-,-,-,-,-,-,-,-,-,-,-,-,-,-,-,-,-,-,-,-,-
prj_MihalTeamsite 0809053,Cloud domain: 7rkd12.onmicrosoft.com,Cloud container: Default Group / Team / Engage community container,Cloud,prj_mihalteamsite-0809053@7rkd12.onmicrosoft.com,8/11/2026 1:49:56 PM,-,prj_MihalTeamsite 0809053,Microsoft 365 Group,Not connected,Off,-,Teams not connected,No,No,Assigned,Public,No,User (no admin center access),https://7rkd12.sharepoint.com/teams/prj_groupsites-0809053,0.00,0.00,None,Off,2,1,8/11/2026 4:53:17 PM,3455302b-c71f-467e-b071-39846d52951f,No,-,-,N/A,-,N/A,N/A,-,-,-,-,-,-,-,-,-,-,-,-,-,-,-,-,-,-,-,-,-,-,-,-,-,-,-,-,-,-,-,-,-,-,-,-,-,-,-,-,-,-,-,-,-,-,-
prj_MihalTeamsite 0809054,Cloud domain: 7rkd12.onmicrosoft.com,Cloud container: Default Group / Team / Engage community container,Cloud,prj_mihalteamsite-0809054@7rkd12.onmicrosoft.com,8/11/2026 1:50:06 PM,-,prj_MihalTeamsite 0809054,Microsoft 365 Group,Not connected,Off,-,Teams not connected,No,No,Assigned,Private,No,User (no admin center access),https://7rkd12.sharepoint.com/teams/prj_groupsites-0809054,0.00,0.00,None,Off,2,1,8/11/2026 4:55:36 PM,53ceac92-a4c6-4695-957e-e5f7af6ef38a,No,-,-,N/A,-,N/A,N/A,-,-,-,-,-,-,-,-,-,-,-,-,-,-,-,-,-,-,-,-,-,-,-,-,-,-,-,-,-,-,-,-,-,-,-,-,-,-,-,-,-,-,-,-,-,-,-
prj_MihalTeamsite 0809055,Cloud domain: 7rkd12.onmicrosoft.com,Cloud container: Default Group / Team / Engage community container,Cloud,prj_mihalteamsite-0809055@7rkd12.onmicrosoft.com,8/11/2026 1:50:14 PM,-,prj_MihalTeamsite 0809055,Microsoft 365 Group,Not connected,Off,-,Teams not connected,No,No,Assigned,Private,No,User (no admin center access),https://7rkd12.sharepoint.com/sites/prj_mihalteamsite-0809055,0.00,0.00,None,Off,2,1,8/11/2026 4:46:30 PM,25864f7a-8a39-40e3-8642-fa57ba721a18,No,-,-,N/A,-,N/A,N/A,-,-,-,-,-,-,-,-,-,-,-,-,-,-,-,-,-,-,-,-,-,-,-,-,-,-,-,-,-,-,-,-,-,-,-,-,-,-,-,-,-,-,-,-,-,-,-
prj_MihalTeamsite 0809056,Cloud domain: 7rkd12.onmicrosoft.com,Cloud container: Default Group / Team / Engage community container,Cloud,prj_mihalteamsite-0809056@7rkd12.onmicrosoft.com,8/11/2026 1:50:21 PM,-,prj_MihalTeamsite 0809056,Microsoft 365 Group,Not connected,Off,-,Teams not connected,No,No,Assigned,Public,No,User (no admin center access),https://7rkd12.sharepoint.com/sites/prj_mihalteamsite-0809056,0.00,0.00,None,Off,2,1,8/11/2026 4:45:33 PM,a1d3b507-2717-4d48-80eb-2e2c9f0eb47e,No,-,-,N/A,-,N/A,N/A,-,-,-,-,-,-,-,-,-,-,-,-,-,-,-,-,-,-,-,-,-,-,-,-,-,-,-,-,-,-,-,-,-,-,-,-,-,-,-,-,-,-,-,-,-,-,-
prj_MihalTeamsite 0809057,Cloud domain: 7rkd12.onmicrosoft.com,Cloud container: Default Group / Team / Engage community container,Cloud,prj_mihalteamsite-0809057@7rkd12.onmicrosoft.com,8/11/2026 1:50:28 PM,-,prj_MihalTeamsite 0809057,Microsoft 365 Group,Not connected,Off,-,Teams not connected,No,No,Assigned,Private,No,User (no admin center access),https://7rkd12.sharepoint.com/sites/prj_mihalteamsite-0809057,0.00,0.00,None,Off,2,1,8/11/2026 4:46:19 PM,cd62989e-27f9-4981-9308-59ce7480d2e3,No,-,-,N/A,-,N/A,N/A,-,-,-,-,-,-,-,-,-,-,-,-,-,-,-,-,-,-,-,-,-,-,-,-,-,-,-,-,-,-,-,-,-,-,-,-,-,-,-,-,-,-,-,-,-,-,-
prj_MihalTeamsite 0809058,Cloud domain: 7rkd12.onmicrosoft.com,Cloud container: Default Group / Team / Engage community container,Cloud,prj_mihalteamsite-0809058@7rkd12.onmicrosoft.com,8/11/2026 1:50:35 PM,-,prj_MihalTeamsite 0809058,Microsoft 365 Group,Not connected,Off,-,Teams not connected,No,No,Assigned,Public,No,User (no admin center access),https://7rkd12.sharepoint.com/teams/prj_groupsites-0809058,0.00,0.00,None,Off,2,1,8/11/2026 4:54:09 PM,a5d63d93-2d4d-41c5-9000-80ce4d9379bf,No,-,-,N/A,-,N/A,N/A,-,-,-,-,-,-,-,-,-,-,-,-,-,-,-,-,-,-,-,-,-,-,-,-,-,-,-,-,-,-,-,-,-,-,-,-,-,-,-,-,-,-,-,-,-,-,-
prj_MihalTeamsite 0809059,Cloud domain: 7rkd12.onmicrosoft.com,Cloud container: Default Group / Team / Engage community container,Cloud,prj_mihalteamsite-0809059@7rkd12.onmicrosoft.com,8/11/2026 1:50:46 PM,-,prj_MihalTeamsite 0809059,Microsoft 365 Group,Not connected,Off,-,Teams not connected,No,No,Assigned,Private,No,User (no admin center access),https://7rkd12.sharepoint.com/sites/prj_mihalteamsite-0809059,0.00,0.00,None,Off,2,1,8/11/2026 4:46:55 PM,e7cc0076-fe3f-416a-aaa8-b5c34d5c1831,No,-,-,N/A,-,N/A,N/A,-,-,-,-,-,-,-,-,-,-,-,-,-,-,-,-,-,-,-,-,-,-,-,-,-,-,-,-,-,-,-,-,-,-,-,-,-,-,-,-,-,-,-,-,-,-,-
prj_MihalTeamsite 0809060,Cloud domain: 7rkd12.onmicrosoft.com,Cloud container: Default Group / Team / Engage community container,Cloud,prj_mihalteamsite-0809060@7rkd12.onmicrosoft.com,8/11/2026 1:50:54 PM,-,prj_MihalTeamsite 0809060,Microsoft 365 Group,Not connected,Off,-,Teams not connected,No,No,Assigned,Public,No,User (no admin center access),https://7rkd12.sharepoint.com/sites/prj_mihalteamsite-0809060,0.00,0.00,None,Off,2,1,8/11/2026 4:51:05 PM,82c569ff-ab26-45aa-8c7d-558dd7a198ee,No,-,-,N/A,-,N/A,N/A,-,-,-,-,-,-,-,-,-,-,-,-,-,-,-,-,-,-,-,-,-,-,-,-,-,-,-,-,-,-,-,-,-,-,-,-,-,-,-,-,-,-,-,-,-,-,-
prj_MihalTeamsite 0809061,Cloud domain: 7rkd12.onmicrosoft.com,Cloud container: Default Group / Team / Engage community container,Cloud,prj_mihalteamsite-0809061@7rkd12.onmicrosoft.com,8/11/2026 1:51:01 PM,-,prj_MihalTeamsite 0809061,Microsoft 365 Group,Not connected,Off,-,Teams not connected,No,No,Assigned,Private,No,User (no admin center access),https://7rkd12.sharepoint.com/sites/prj_mihalteamsite-0809061,0.00,0.00,None,Off,2,1,8/11/2026 4:48:05 PM,dfda4e92-76e7-450a-8c22-0d84fa735ab9,No,-,-,N/A,-,N/A,N/A,-,-,-,-,-,-,-,-,-,-,-,-,-,-,-,-,-,-,-,-,-,-,-,-,-,-,-,-,-,-,-,-,-,-,-,-,-,-,-,-,-,-,-,-,-,-,-
prj_MihalTeamsite 0809062,Cloud domain: 7rkd12.onmicrosoft.com,Cloud container: Default Group / Team / Engage community container,Cloud,prj_mihalteamsite-0809062@7rkd12.onmicrosoft.com,8/11/2026 1:51:08 PM,-,prj_MihalTeamsite 0809062,Microsoft 365 Group,Not connected,Off,-,Teams not connected,No,No,Assigned,Public,No,User (no admin center access),https://7rkd12.sharepoint.com/teams/prj_groupsites-0809062,0.00,0.00,None,Off,2,1,8/11/2026 4:56:46 PM,456e6ddd-7b50-4d91-82e9-6f44ebc472e9,No,-,-,N/A,-,N/A,N/A,-,-,-,-,-,-,-,-,-,-,-,-,-,-,-,-,-,-,-,-,-,-,-,-,-,-,-,-,-,-,-,-,-,-,-,-,-,-,-,-,-,-,-,-,-,-,-
prj_MihalTeamsite 0809063,Cloud domain: 7rkd12.onmicrosoft.com,Cloud container: Default Group / Team / Engage community container,Cloud,prj_mihalteamsite-0809063@7rkd12.onmicrosoft.com,8/11/2026 1:51:18 PM,-,prj_MihalTeamsite 0809063,Microsoft 365 Group,Not connected,Off,-,Teams not connected,No,No,Assigned,Private,No,User (no admin center access),https://7rkd12.sharepoint.com/teams/prj_groupsites-0809063,0.00,0.00,None,Off,2,1,8/11/2026 4:54:31 PM,70d74494-8035-4928-b0e0-8da5ec1e8932,No,-,-,N/A,-,N/A,N/A,-,-,-,-,-,-,-,-,-,-,-,-,-,-,-,-,-,-,-,-,-,-,-,-,-,-,-,-,-,-,-,-,-,-,-,-,-,-,-,-,-,-,-,-,-,-,-
prj_MihalTeamsite 0809064,Cloud domain: 7rkd12.onmicrosoft.com,Cloud container: Default Group / Team / Engage community container,Cloud,prj_mihalteamsite-0809064@7rkd12.onmicrosoft.com,8/11/2026 1:51:29 PM,-,prj_MihalTeamsite 0809064,Microsoft 365 Group,Not connected,Off,-,Teams not connected,No,No,Assigned,Private,No,User (no admin center access),https://7rkd12.sharepoint.com/sites/prj_mihalteamsite-0809064,0.00,0.00,None,Off,2,1,8/11/2026 4:51:03 PM,534c85df-4dde-4e23-a3d7-400fe4283b02,No,-,-,N/A,-,N/A,N/A,-,-,-,-,-,-,-,-,-,-,-,-,-,-,-,-,-,-,-,-,-,-,-,-,-,-,-,-,-,-,-,-,-,-,-,-,-,-,-,-,-,-,-,-,-,-,-
prj_MihalTeamsite 0809065,Cloud domain: 7rkd12.onmicrosoft.com,Cloud container: Default Group / Team / Engage community container,Cloud,prj_mihalteamsite-0809065@7rkd12.onmicrosoft.com,8/11/2026 1:51:36 PM,-,prj_MihalTeamsite 0809065,Microsoft 365 Group,Not connected,Off,-,Teams not connected,No,No,Assigned,Public,No,User (no admin center access),https://7rkd12.sharepoint.com/sites/prj_mihalteamsite-0809065,0.00,0.00,None,Off,2,1,8/11/2026 4:46:00 PM,69ca793b-90b3-4612-8d45-a1849cd6f1cc,No,-,-,N/A,-,N/A,N/A,-,-,-,-,-,-,-,-,-,-,-,-,-,-,-,-,-,-,-,-,-,-,-,-,-,-,-,-,-,-,-,-,-,-,-,-,-,-,-,-,-,-,-,-,-,-,-
prj_MihalTeamsite 0809066,Cloud domain: 7rkd12.onmicrosoft.com,Cloud container: Default Group / Team / Engage community container,Cloud,prj_mihalteamsite-0809066@7rkd12.onmicrosoft.com,8/11/2026 1:51:43 PM,-,prj_MihalTeamsite 0809066,Microsoft 365 Group,Not connected,Off,-,Teams not connected,No,No,Assigned,Private,No,User (no admin center access),https://7rkd12.sharepoint.com/sites/prj_mihalteamsite-0809066,0.00,0.00,None,Off,2,1,8/11/2026 4:46:49 PM,63d5894e-dbdc-4fad-ae2d-ab7d745b791b,No,-,-,N/A,-,N/A,N/A,-,-,-,-,-,-,-,-,-,-,-,-,-,-,-,-,-,-,-,-,-,-,-,-,-,-,-,-,-,-,-,-,-,-,-,-,-,-,-,-,-,-,-,-,-,-,-
prj_MihalTeamsite 0809067,Cloud domain: 7rkd12.onmicrosoft.com,Cloud container: Default Group / Team / Engage community container,Cloud,prj_mihalteamsite-0809067@7rkd12.onmicrosoft.com,8/11/2026 1:51:50 PM,-,prj_MihalTeamsite 0809067,Microsoft 365 Group,Not connected,Off,-,Teams not connected,No,No,Assigned,Public,No,User (no admin center access),https://7rkd12.sharepoint.com/sites/prj_mihalteamsite-0809067,0.00,0.00,None,Off,2,1,8/11/2026 4:48:19 PM,421bbdc3-da9b-4d0c-b2e7-aaa214788cfa,No,-,-,N/A,-,N/A,N/A,-,-,-,-,-,-,-,-,-,-,-,-,-,-,-,-,-,-,-,-,-,-,-,-,-,-,-,-,-,-,-,-,-,-,-,-,-,-,-,-,-,-,-,-,-,-,-
prj_MihalTeamsite 0809068,Cloud domain: 7rkd12.onmicrosoft.com,Cloud container: Default Group / Team / Engage community container,Cloud,prj_mihalteamsite-0809068@7rkd12.onmicrosoft.com,8/11/2026 1:51:57 PM,-,prj_MihalTeamsite 0809068,Microsoft 365 Group,Not connected,Off,-,Teams not connected,No,No,Assigned,Private,No,User (no admin center access),https://7rkd12.sharepoint.com/teams/prj_groupsites-0809068,0.00,0.00,None,Off,2,1,8/11/2026 4:55:14 PM,d7ba8591-bdd4-4ee0-a699-066bbccb2991,No,-,-,N/A,-,N/A,N/A,-,-,-,-,-,-,-,-,-,-,-,-,-,-,-,-,-,-,-,-,-,-,-,-,-,-,-,-,-,-,-,-,-,-,-,-,-,-,-,-,-,-,-,-,-,-,-
prj_MihalTeamsite 0809069,Cloud domain: 7rkd12.onmicrosoft.com,Cloud container: Default Group / Team / Engage community container,Cloud,prj_mihalteamsite-0809069@7rkd12.onmicrosoft.com,8/11/2026 1:52:07 PM,-,prj_MihalTeamsite 0809069,Microsoft 365 Group,Not connected,Off,-,Teams not connected,No,No,Assigned,Public,No,User (no admin center access),https://7rkd12.sharepoint.com/teams/prj_groupsites-0809069,0.00,0.00,None,Off,2,1,8/11/2026 4:58:25 PM,60b2646a-4bd3-40d4-ac40-7e464b6a5eba,No,-,-,N/A,-,N/A,N/A,-,-,-,-,-,-,-,-,-,-,-,-,-,-,-,-,-,-,-,-,-,-,-,-,-,-,-,-,-,-,-,-,-,-,-,-,-,-,-,-,-,-,-,-,-,-,-
prj_MihalTeamsite 0809070,Cloud domain: 7rkd12.onmicrosoft.com,Cloud container: Default Group / Team / Engage community container,Cloud,prj_mihalteamsite-0809070@7rkd12.onmicrosoft.com,8/11/2026 1:52:16 PM,-,prj_MihalTeamsite 0809070,Microsoft 365 Group,Not connected,Off,-,Teams not connected,No,No,Assigned,Private,No,User (no admin center access),https://7rkd12.sharepoint.com/sites/prj_mihalteamsite-0809070,0.00,0.00,None,Off,2,1,8/11/2026 4:50:02 PM,2ac3d0fc-b783-4e01-9e40-179fb7a3e76c,No,-,-,N/A,-,N/A,N/A,-,-,-,-,-,-,-,-,-,-,-,-,-,-,-,-,-,-,-,-,-,-,-,-,-,-,-,-,-,-,-,-,-,-,-,-,-,-,-,-,-,-,-,-,-,-,-
prj_MihalTeamsite 0809071,Cloud domain: 7rkd12.onmicrosoft.com,Cloud container: Default Group / Team / Engage community container,Cloud,prj_mihalteamsite-0809071@7rkd12.onmicrosoft.com,8/11/2026 1:52:23 PM,-,prj_MihalTeamsite 0809071,Microsoft 365 Group,Not connected,Off,-,Teams not connected,No,No,Assigned,Public,No,User (no admin center access),https://7rkd12.sharepoint.com/sites/prj_mihalteamsite-0809071,0.00,0.00,None,Off,2,1,8/11/2026 4:49:00 PM,6e715732-df09-4f6c-a402-00f5161a18ed,No,-,-,N/A,-,N/A,N/A,-,-,-,-,-,-,-,-,-,-,-,-,-,-,-,-,-,-,-,-,-,-,-,-,-,-,-,-,-,-,-,-,-,-,-,-,-,-,-,-,-,-,-,-,-,-,-
prj_MihalTeamsite 0809072,Cloud domain: 7rkd12.onmicrosoft.com,Cloud container: Default Group / Team / Engage community container,Cloud,prj_mihalteamsite-0809072@7rkd12.onmicrosoft.com,8/11/2026 1:52:31 PM,-,prj_MihalTeamsite 0809072,Microsoft 365 Group,Not connected,Off,-,Teams not connected,No,No,Assigned,Private,No,User (no admin center access),https://7rkd12.sharepoint.com/teams/prj_groupsites-0809072,0.00,0.00,None,Off,2,1,8/11/2026 4:59:17 PM,74c0ca4e-9ee3-4a9c-bd20-5a5c0394c0d1,No,-,-,N/A,-,N/A,N/A,-,-,-,-,-,-,-,-,-,-,-,-,-,-,-,-,-,-,-,-,-,-,-,-,-,-,-,-,-,-,-,-,-,-,-,-,-,-,-,-,-,-,-,-,-,-,-
prj_MihalTeamsite 0809073,Cloud domain: 7rkd12.onmicrosoft.com,Cloud container: Default Group / Team / Engage community container,Cloud,prj_mihalteamsite-0809073@7rkd12.onmicrosoft.com,8/11/2026 1:52:41 PM,-,prj_MihalTeamsite 0809073,Microsoft 365 Group,Not connected,Off,-,Teams not connected,No,No,Assigned,Private,No,User (no admin center access),https://7rkd12.sharepoint.com/sites/prj_mihalteamsite-0809073,0.00,0.00,None,Off,2,1,8/11/2026 4:51:03 PM,aaa00530-5b6c-46cf-94f5-9d414cd262f2,No,-,-,N/A,-,N/A,N/A,-,-,-,-,-,-,-,-,-,-,-,-,-,-,-,-,-,-,-,-,-,-,-,-,-,-,-,-,-,-,-,-,-,-,-,-,-,-,-,-,-,-,-,-,-,-,-
prj_MihalTeamsite 0809074,Cloud domain: 7rkd12.onmicrosoft.com,Cloud container: Default Group / Team / Engage community container,Cloud,prj_mihalteamsite-0809074@7rkd12.onmicrosoft.com,8/11/2026 1:52:47 PM,-,prj_MihalTeamsite 0809074,Microsoft 365 Group,Not connected,Off,-,Teams not connected,No,No,Assigned,Public,No,User (no admin center access),https://7rkd12.sharepoint.com/teams/prj_groupsites-0809074,0.00,0.00,None,Off,2,1,8/11/2026 5:00:03 PM,8492ed25-bc1e-4b4a-9a3b-0586aefcd82b,No,-,-,N/A,-,N/A,N/A,-,-,-,-,-,-,-,-,-,-,-,-,-,-,-,-,-,-,-,-,-,-,-,-,-,-,-,-,-,-,-,-,-,-,-,-,-,-,-,-,-,-,-,-,-,-,-
prj_MihalTeamsite 0809075,Cloud domain: 7rkd12.onmicrosoft.com,Cloud container: Default Group / Team / Engage community container,Cloud,prj_mihalteamsite-0809075@7rkd12.onmicrosoft.com,8/11/2026 1:52:58 PM,-,prj_MihalTeamsite 0809075,Microsoft 365 Group,Not connected,Off,-,Teams not connected,No,No,Assigned,Private,No,User (no admin center access),https://7rkd12.sharepoint.com/teams/prj_groupsites-0809075,0.00,0.00,None,Off,2,1,8/11/2026 4:58:01 PM,67186cf4-dc8a-40c6-b02a-51d222b41d3c,No,-,-,N/A,-,N/A,N/A,-,-,-,-,-,-,-,-,-,-,-,-,-,-,-,-,-,-,-,-,-,-,-,-,-,-,-,-,-,-,-,-,-,-,-,-,-,-,-,-,-,-,-,-,-,-,-
prj_MihalTeamsite 0809076,Cloud domain: 7rkd12.onmicrosoft.com,Cloud container: Default Group / Team / Engage community container,Cloud,prj_mihalteamsite-0809076@7rkd12.onmicrosoft.com,8/11/2026 1:53:09 PM,-,prj_MihalTeamsite 0809076,Microsoft 365 Group,Not connected,Off,-,Teams not connected,No,No,Assigned,Public,No,User (no admin center access),https://7rkd12.sharepoint.com/sites/prj_mihalteamsite-0809076,0.00,0.00,None,Off,2,1,8/11/2026 4:50:14 PM,9708f455-f168-49bd-8bf8-00267764d4d6,No,-,-,N/A,-,N/A,N/A,-,-,-,-,-,-,-,-,-,-,-,-,-,-,-,-,-,-,-,-,-,-,-,-,-,-,-,-,-,-,-,-,-,-,-,-,-,-,-,-,-,-,-,-,-,-,-
prj_MihalTeamsite 0809077,Cloud domain: 7rkd12.onmicrosoft.com,Cloud container: Default Group / Team / Engage community container,Cloud,prj_mihalteamsite-0809077@7rkd12.onmicrosoft.com,8/11/2026 1:53:16 PM,-,prj_MihalTeamsite 0809077,Microsoft 365 Group,Not connected,Off,-,Teams not connected,No,No,Assigned,Private,No,User (no admin center access),https://7rkd12.sharepoint.com/sites/prj_mihalteamsite-0809077,0.00,0.00,None,Off,2,1,8/11/2026 4:47:14 PM,1e3e4105-84ae-42e8-9445-fa89e5e50484,No,-,-,N/A,-,N/A,N/A,-,-,-,-,-,-,-,-,-,-,-,-,-,-,-,-,-,-,-,-,-,-,-,-,-,-,-,-,-,-,-,-,-,-,-,-,-,-,-,-,-,-,-,-,-,-,-
prj_MihalTeamsite 0809078,Cloud domain: 7rkd12.onmicrosoft.com,Cloud container: Default Group / Team / Engage community container,Cloud,prj_mihalteamsite-0809078@7rkd12.onmicrosoft.com,8/11/2026 1:53:23 PM,-,prj_MihalTeamsite 0809078,Microsoft 365 Group,Not connected,Off,-,Teams not connected,No,No,Assigned,Public,No,User (no admin center access),https://7rkd12.sharepoint.com/teams/prj_groupsites-0809078,0.00,0.00,None,Off,2,1,8/11/2026 5:09:06 PM,6e3b8814-ce45-41f8-954d-1a8cc8212d05,No,-,-,N/A,-,N/A,N/A,-,-,-,-,-,-,-,-,-,-,-,-,-,-,-,-,-,-,-,-,-,-,-,-,-,-,-,-,-,-,-,-,-,-,-,-,-,-,-,-,-,-,-,-,-,-,-
prj_MihalTeamsite 0809079,Cloud domain: 7rkd12.onmicrosoft.com,Cloud container: Default Group / Team / Engage community container,Cloud,prj_mihalteamsite-0809079@7rkd12.onmicrosoft.com,8/11/2026 1:53:33 PM,-,prj_MihalTeamsite 0809079,Microsoft 365 Group,Not connected,Off,-,Teams not connected,No,No,Assigned,Private,No,User (no admin center access),https://7rkd12.sharepoint.com/teams/prj_groupsites-0809079,0.00,0.00,None,Off,2,1,8/11/2026 5:02:59 PM,2bad7803-d79f-417e-afec-f684bfc21ceb,No,-,-,N/A,-,N/A,N/A,-,-,-,-,-,-,-,-,-,-,-,-,-,-,-,-,-,-,-,-,-,-,-,-,-,-,-,-,-,-,-,-,-,-,-,-,-,-,-,-,-,-,-,-,-,-,-
prj_MihalTeamsite 0809080,Cloud domain: 7rkd12.onmicrosoft.com,Cloud container: Default Group / Team / Engage community container,Cloud,prj_mihalteamsite-0809080@7rkd12.onmicrosoft.com,8/11/2026 1:53:41 PM,-,prj_MihalTeamsite 0809080,Microsoft 365 Group,Not connected,Off,-,Teams not connected,No,No,Assigned,Public,No,User (no admin center access),https://7rkd12.sharepoint.com/teams/prj_groupsites-0809080,0.00,0.00,None,Off,2,1,8/11/2026 4:58:49 PM,680bd761-f7f9-4c34-8a4d-5451c84b02b1,No,-,-,N/A,-,N/A,N/A,-,-,-,-,-,-,-,-,-,-,-,-,-,-,-,-,-,-,-,-,-,-,-,-,-,-,-,-,-,-,-,-,-,-,-,-,-,-,-,-,-,-,-,-,-,-,-
prj_MihalTeamsite 0809081,Cloud domain: 7rkd12.onmicrosoft.com,Cloud container: Default Group / Team / Engage community container,Cloud,prj_mihalteamsite-0809081@7rkd12.onmicrosoft.com,8/11/2026 1:53:49 PM,-,prj_MihalTeamsite 0809081,Microsoft 365 Group,Not connected,Off,-,Teams not connected,No,No,Assigned,Private,No,User (no admin center access),https://7rkd12.sharepoint.com/teams/prj_groupsites-0809081,0.00,0.00,None,Off,2,1,8/11/2026 5:09:28 PM,3c5f60a9-305a-457e-b822-437736d940a6,No,-,-,N/A,-,N/A,N/A,-,-,-,-,-,-,-,-,-,-,-,-,-,-,-,-,-,-,-,-,-,-,-,-,-,-,-,-,-,-,-,-,-,-,-,-,-,-,-,-,-,-,-,-,-,-,-
prj_MihalTeamsite 0809082,Cloud domain: 7rkd12.onmicrosoft.com,Cloud container: Default Group / Team / Engage community container,Cloud,prj_mihalteamsite-0809082@7rkd12.onmicrosoft.com,8/11/2026 1:53:59 PM,-,prj_MihalTeamsite 0809082,Microsoft 365 Group,Not connected,Off,-,Teams not connected,No,No,Assigned,Private,No,User (no admin center access),https://7rkd12.sharepoint.com/teams/prj_groupsites-0809082,0.00,0.00,None,Off,2,1,8/11/2026 5:00:24 PM,2dfa7b60-6c78-4475-ba1d-26fc876a03e0,No,-,-,N/A,-,N/A,N/A,-,-,-,-,-,-,-,-,-,-,-,-,-,-,-,-,-,-,-,-,-,-,-,-,-,-,-,-,-,-,-,-,-,-,-,-,-,-,-,-,-,-,-,-,-,-,-
prj_MihalTeamsite 0809083,Cloud domain: 7rkd12.onmicrosoft.com,Cloud container: Default Group / Team / Engage community container,Cloud,prj_mihalteamsite-0809083@7rkd12.onmicrosoft.com,8/11/2026 1:54:09 PM,-,prj_MihalTeamsite 0809083,Microsoft 365 Group,Not connected,Off,-,Teams not connected,No,No,Assigned,Public,No,User (no admin center access),https://7rkd12.sharepoint.com/sites/prj_mihalteamsite-0809083,0.00,0.00,None,Off,2,1,8/11/2026 4:49:51 PM,40b7426b-b4a2-4b1b-8fba-0564b2c599fb,No,-,-,N/A,-,N/A,N/A,-,-,-,-,-,-,-,-,-,-,-,-,-,-,-,-,-,-,-,-,-,-,-,-,-,-,-,-,-,-,-,-,-,-,-,-,-,-,-,-,-,-,-,-,-,-,-
prj_MihalTeamsite 0809084,Cloud domain: 7rkd12.onmicrosoft.com,Cloud container: Default Group / Team / Engage community container,Cloud,prj_mihalteamsite-0809084@7rkd12.onmicrosoft.com,8/11/2026 1:54:16 PM,-,prj_MihalTeamsite 0809084,Microsoft 365 Group,Not connected,Off,-,Teams not connected,No,No,Assigned,Private,No,User (no admin center access),https://7rkd12.sharepoint.com/sites/prj_mihalteamsite-0809084,0.00,0.00,None,Off,2,1,8/11/2026 4:50:13 PM,fe6e1d84-a0c9-4ddf-9a95-2f443bced335,No,-,-,N/A,-,N/A,N/A,-,-,-,-,-,-,-,-,-,-,-,-,-,-,-,-,-,-,-,-,-,-,-,-,-,-,-,-,-,-,-,-,-,-,-,-,-,-,-,-,-,-,-,-,-,-,-
prj_MihalTeamsite 0809085,Cloud domain: 7rkd12.onmicrosoft.com,Cloud container: Default Group / Team / Engage community container,Cloud,prj_mihalteamsite-0809085@7rkd12.onmicrosoft.com,8/11/2026 1:54:23 PM,-,prj_MihalTeamsite 0809085,Microsoft 365 Group,Not connected,Off,-,Teams not connected,No,No,Assigned,Public,No,User (no admin center access),https://7rkd12.sharepoint.com/teams/prj_groupsites-0809085,0.00,0.00,None,Off,2,1,8/11/2026 5:07:53 PM,7f68cdf3-e7f0-4f47-973c-32b5ceb4e97d,No,-,-,N/A,-,N/A,N/A,-,-,-,-,-,-,-,-,-,-,-,-,-,-,-,-,-,-,-,-,-,-,-,-,-,-,-,-,-,-,-,-,-,-,-,-,-,-,-,-,-,-,-,-,-,-,-
prj_MihalTeamsite 0809086,Cloud domain: 7rkd12.onmicrosoft.com,Cloud container: Default Group / Team / Engage community container,Cloud,prj_mihalteamsite-0809086@7rkd12.onmicrosoft.com,8/11/2026 1:54:33 PM,-,prj_MihalTeamsite 0809086,Microsoft 365 Group,Not connected,Off,-,Teams not connected,No,No,Assigned,Private,No,User (no admin center access),https://7rkd12.sharepoint.com/teams/prj_groupsites-0809086,0.00,0.00,None,Off,2,1,8/11/2026 5:01:52 PM,051ae5af-d00b-41b2-b10d-a8024f548b81,No,-,-,N/A,-,N/A,N/A,-,-,-,-,-,-,-,-,-,-,-,-,-,-,-,-,-,-,-,-,-,-,-,-,-,-,-,-,-,-,-,-,-,-,-,-,-,-,-,-,-,-,-,-,-,-,-
prj_MihalTeamsite 0809087,Cloud domain: 7rkd12.onmicrosoft.com,Cloud container: Default Group / Team / Engage community container,Cloud,prj_mihalteamsite-0809087@7rkd12.onmicrosoft.com,8/11/2026 1:54:43 PM,-,prj_MihalTeamsite 0809087,Microsoft 365 Group,Not connected,Off,-,Teams not connected,No,No,Assigned,Public,No,User (no admin center access),https://7rkd12.sharepoint.com/teams/prj_groupsites-0809087,0.00,0.00,None,Off,2,1,8/11/2026 5:04:09 PM,44bb2e31-d180-4aff-b396-8ba2fe5d18dc,No,-,-,N/A,-,N/A,N/A,-,-,-,-,-,-,-,-,-,-,-,-,-,-,-,-,-,-,-,-,-,-,-,-,-,-,-,-,-,-,-,-,-,-,-,-,-,-,-,-,-,-,-,-,-,-,-
prj_MihalTeamsite 0809088,Cloud domain: 7rkd12.onmicrosoft.com,Cloud container: Default Group / Team / Engage community container,Cloud,prj_mihalteamsite-0809088@7rkd12.onmicrosoft.com,8/11/2026 1:54:53 PM,-,prj_MihalTeamsite 0809088,Microsoft 365 Group,Not connected,Off,-,Teams not connected,No,No,Assigned,Private,No,User (no admin center access),https://7rkd12.sharepoint.com/sites/prj_mihalteamsite-0809088,0.00,0.00,None,Off,2,1,8/11/2026 4:47:41 PM,9fcadbb8-9b8f-4245-ab14-7beb78e602e1,No,-,-,N/A,-,N/A,N/A,-,-,-,-,-,-,-,-,-,-,-,-,-,-,-,-,-,-,-,-,-,-,-,-,-,-,-,-,-,-,-,-,-,-,-,-,-,-,-,-,-,-,-,-,-,-,-
prj_MihalTeamsite 0809089,Cloud domain: 7rkd12.onmicrosoft.com,Cloud container: Default Group / Team / Engage community container,Cloud,prj_mihalteamsite-0809089@7rkd12.onmicrosoft.com,8/11/2026 1:54:59 PM,-,prj_MihalTeamsite 0809089,Microsoft 365 Group,Not connected,Off,-,Teams not connected,No,No,Assigned,Public,No,User (no admin center access),https://7rkd12.sharepoint.com/sites/prj_mihalteamsite-0809089,0.00,0.00,None,Off,2,1,8/11/2026 4:48:44 PM,f66b047b-9711-4409-9634-e6f0b358ea7d,No,-,-,N/A,-,N/A,N/A,-,-,-,-,-,-,-,-,-,-,-,-,-,-,-,-,-,-,-,-,-,-,-,-,-,-,-,-,-,-,-,-,-,-,-,-,-,-,-,-,-,-,-,-,-,-,-
prj_MihalTeamsite 0809090,Cloud domain: 7rkd12.onmicrosoft.com,Cloud container: Default Group / Team / Engage community container,Cloud,prj_mihalteamsite-0809090@7rkd12.onmicrosoft.com,8/11/2026 1:55:06 PM,-,prj_MihalTeamsite 0809090,Microsoft 365 Group,Not connected,Off,-,Teams not connected,No,No,Assigned,Private,No,User (no admin center access),https://7rkd12.sharepoint.com/teams/prj_groupsites-0809090,0.00,0.00,None,Off,2,1,8/11/2026 5:06:13 PM,558e0933-fc50-40ef-8d3b-77412e171e9a,No,-,-,N/A,-,N/A,N/A,-,-,-,-,-,-,-,-,-,-,-,-,-,-,-,-,-,-,-,-,-,-,-,-,-,-,-,-,-,-,-,-,-,-,-,-,-,-,-,-,-,-,-,-,-,-,-
prj_MihalTeamsite 0809091,Cloud domain: 7rkd12.onmicrosoft.com,Cloud container: Default Group / Team / Engage community container,Cloud,prj_mihalteamsite-0809091@7rkd12.onmicrosoft.com,8/11/2026 1:55:16 PM,-,prj_MihalTeamsite 0809091,Microsoft 365 Group,Not connected,Off,-,Teams not connected,No,No,Assigned,Private,No,User (no admin center access),https://7rkd12.sharepoint.com/sites/prj_mihalteamsite-0809091,0.00,0.00,None,Off,2,1,8/11/2026 4:49:57 PM,e20f391e-e1c7-4576-a576-1d646272a6c9,No,-,-,N/A,-,N/A,N/A,-,-,-,-,-,-,-,-,-,-,-,-,-,-,-,-,-,-,-,-,-,-,-,-,-,-,-,-,-,-,-,-,-,-,-,-,-,-,-,-,-,-,-,-,-,-,-
prj_MihalTeamsite 0809092,Cloud domain: 7rkd12.onmicrosoft.com,Cloud container: Default Group / Team / Engage community container,Cloud,prj_mihalteamsite-0809092@7rkd12.onmicrosoft.com,8/11/2026 1:55:23 PM,-,prj_MihalTeamsite 0809092,Microsoft 365 Group,Not connected,Off,-,Teams not connected,No,No,Assigned,Public,No,User (no admin center access),https://7rkd12.sharepoint.com/sites/prj_mihalteamsite-0809092,0.00,0.00,None,Off,2,1,8/11/2026 4:48:56 PM,d63310c1-53be-4665-8e52-6e8f287ed8bb,No,-,-,N/A,-,N/A,N/A,-,-,-,-,-,-,-,-,-,-,-,-,-,-,-,-,-,-,-,-,-,-,-,-,-,-,-,-,-,-,-,-,-,-,-,-,-,-,-,-,-,-,-,-,-,-,-
prj_MihalTeamsite 0809093,Cloud domain: 7rkd12.onmicrosoft.com,Cloud container: Default Group / Team / Engage community container,Cloud,prj_mihalteamsite-0809093@7rkd12.onmicrosoft.com,8/11/2026 1:55:30 PM,-,prj_MihalTeamsite 0809093,Microsoft 365 Group,Not connected,Off,-,Teams not connected,No,No,Assigned,Private,No,User (no admin center access),https://7rkd12.sharepoint.com/sites/prj_mihalteamsite-0809093,0.00,0.00,None,Off,2,1,8/11/2026 4:50:38 PM,81c04f8a-800a-4bf5-89e4-ab136c6666b7,No,-,-,N/A,-,N/A,N/A,-,-,-,-,-,-,-,-,-,-,-,-,-,-,-,-,-,-,-,-,-,-,-,-,-,-,-,-,-,-,-,-,-,-,-,-,-,-,-,-,-,-,-,-,-,-,-
prj_MihalTeamsite 0809094,Cloud domain: 7rkd12.onmicrosoft.com,Cloud container: Default Group / Team / Engage community container,Cloud,prj_mihalteamsite-0809094@7rkd12.onmicrosoft.com,8/11/2026 1:55:37 PM,-,prj_MihalTeamsite 0809094,Microsoft 365 Group,Not connected,Off,-,Teams not connected,No,No,Assigned,Public,No,User (no admin center access),https://7rkd12.sharepoint.com/sites/prj_mihalteamsite-0809094,0.00,0.00,None,Off,2,1,8/11/2026 4:49:00 PM,c82d6021-6cfa-4e73-8a42-f110b8456db6,No,-,-,N/A,-,N/A,N/A,-,-,-,-,-,-,-,-,-,-,-,-,-,-,-,-,-,-,-,-,-,-,-,-,-,-,-,-,-,-,-,-,-,-,-,-,-,-,-,-,-,-,-,-,-,-,-
prj_MihalTeamsite 0809095,Cloud domain: 7rkd12.onmicrosoft.com,Cloud container: Default Group / Team / Engage community container,Cloud,prj_mihalteamsite-0809095@7rkd12.onmicrosoft.com,8/11/2026 1:55:45 PM,-,prj_MihalTeamsite 0809095,Microsoft 365 Group,Not connected,Off,-,Teams not connected,No,No,Assigned,Private,No,User (no admin center access),https://7rkd12.sharepoint.com/teams/prj_groupsites-0809095,0.00,0.00,None,Off,2,1,8/11/2026 5:05:30 PM,d7894063-1be6-4172-a0ea-50635279b6c2,No,-,-,N/A,-,N/A,N/A,-,-,-,-,-,-,-,-,-,-,-,-,-,-,-,-,-,-,-,-,-,-,-,-,-,-,-,-,-,-,-,-,-,-,-,-,-,-,-,-,-,-,-,-,-,-,-
prj_MihalTeamsite 0809096,Cloud domain: 7rkd12.onmicrosoft.com,Cloud container: Default Group / Team / Engage community container,Cloud,prj_mihalteamsite-0809096@7rkd12.onmicrosoft.com,8/11/2026 1:55:53 PM,-,prj_MihalTeamsite 0809096,Microsoft 365 Group,Not connected,Off,-,Teams not connected,No,No,Assigned,Public,No,User (no admin center access),https://7rkd12.sharepoint.com/sites/prj_mihalteamsite-0809096,0.00,0.00,None,Off,2,1,8/11/2026 4:49:49 PM,a82a3ad6-f30e-4bbe-bb9b-71bd00bdaa68,No,-,-,N/A,-,N/A,N/A,-,-,-,-,-,-,-,-,-,-,-,-,-,-,-,-,-,-,-,-,-,-,-,-,-,-,-,-,-,-,-,-,-,-,-,-,-,-,-,-,-,-,-,-,-,-,-
prj_MihalTeamsite 0809097,Cloud domain: 7rkd12.onmicrosoft.com,Cloud container: Default Group / Team / Engage community container,Cloud,prj_mihalteamsite-0809097@7rkd12.onmicrosoft.com,8/11/2026 1:56:00 PM,-,prj_MihalTeamsite 0809097,Microsoft 365 Group,Not connected,Off,-,Teams not connected,No,No,Assigned,Private,No,User (no admin center access),https://7rkd12.sharepoint.com/sites/prj_mihalteamsite-0809097,0.00,0.00,None,Off,2,1,8/11/2026 4:50:14 PM,61c3986d-66c4-447a-a2e8-e9823d4f7da2,No,-,-,N/A,-,N/A,N/A,-,-,-,-,-,-,-,-,-,-,-,-,-,-,-,-,-,-,-,-,-,-,-,-,-,-,-,-,-,-,-,-,-,-,-,-,-,-,-,-,-,-,-,-,-,-,-
prj_MihalTeamsite 0809098,Cloud domain: 7rkd12.onmicrosoft.com,Cloud container: Default Group / Team / Engage community container,Cloud,prj_mihalteamsite-0809098@7rkd12.onmicrosoft.com,8/11/2026 1:56:07 PM,-,prj_MihalTeamsite 0809098,Microsoft 365 Group,Not connected,Off,-,Teams not connected,No,No,Assigned,Public,No,User (no admin center access),https://7rkd12.sharepoint.com/teams/prj_groupsites-0809098,0.00,0.00,None,Off,2,1,8/11/2026 5:07:30 PM,701cb43a-d32f-4257-a328-68ff9111e1e3,No,-,-,N/A,-,N/A,N/A,-,-,-,-,-,-,-,-,-,-,-,-,-,-,-,-,-,-,-,-,-,-,-,-,-,-,-,-,-,-,-,-,-,-,-,-,-,-,-,-,-,-,-,-,-,-,-
prj_MihalTeamsite 0809099,Cloud domain: 7rkd12.onmicrosoft.com,Cloud container: Default Group / Team / Engage community container,Cloud,prj_mihalteamsite-0809099@7rkd12.onmicrosoft.com,8/11/2026 1:56:17 PM,-,prj_MihalTeamsite 0809099,Microsoft 365 Group,Not connected,Off,-,Teams not connected,No,No,Assigned,Private,No,User (no admin center access),https://7rkd12.sharepoint.com/teams/prj_groupsites-0809099,0.00,0.00,None,Off,2,1,8/11/2026 5:06:37 PM,067587ca-5664-4210-b213-0e2fa23155aa,No,-,-,N/A,-,N/A,N/A,-,-,-,-,-,-,-,-,-,-,-,-,-,-,-,-,-,-,-,-,-,-,-,-,-,-,-,-,-,-,-,-,-,-,-,-,-,-,-,-,-,-,-,-,-,-,-
prj_Team Site-731001,Cloud domain: 7rkd12.onmicrosoft.com,Cloud container: Default Group / Team / Engage community container,Cloud,prj_teamsite-731001@7rkd12.onmicrosoft.com,8/10/2026 4:31:22 PM,-,prj_Team Site-731001,Microsoft 365 Group,Not connected,Off,-,Teams not connected,No,No,Assigned,Private,No,User (no admin center access),https://7rkd12.sharepoint.com/teams/prj_teamsite-731001,0.00,0.00,None,Off,1,1,8/10/2026 6:55:52 PM,a18f7d2f-3491-49e5-898c-f536ca7940a6,No,-,-,N/A,-,N/A,N/A,-,-,-,-,-,-,-,-,-,-,-,-,-,-,-,-,-,-,-,-,-,-,-,-,-,-,-,-,-,-,-,-,-,-,-,-,-,-,-,-,-,-,-,-,-,-,-
prj_Team Site-731002,Cloud domain: 7rkd12.onmicrosoft.com,Cloud container: Default Group / Team / Engage community container,Cloud,prj_teamsite-731002@7rkd12.onmicrosoft.com,8/4/2026 5:13:40 PM,8/4/2026,prj_Team Site-731002,Microsoft 365 Group,Not connected,Off,-,Teams connected,No,No,Assigned,Public,No,User (no admin center access),https://7rkd12.sharepoint.com/teams/prj_teamsite-731002,0.00,0.00,None,Off,1,1,8/5/2026 9:14:15 AM,a04284fa-b9db-4f1f-b961-24969aad1b14,No,-,-,N/A,-,N/A,N/A,-,-,-,-,-,-,-,-,-,-,-,-,-,-,-,-,-,-,-,-,-,-,-,-,-,-,-,-,-,-,-,-,-,-,-,-,-,-,-,-,-,-,-,-,-,-,-
prj_Team Site-731003,Cloud domain: 7rkd12.onmicrosoft.com,Cloud container: Default Group / Team / Engage community container,Cloud,prj_teamsite-731003@7rkd12.onmicrosoft.com,8/4/2026 5:13:09 PM,8/4/2026,prj_Team Site-731003,Microsoft 365 Group,Not connected,Off,-,Teams connected,No,No,Assigned,Public,No,User (no admin center access),https://7rkd12.sharepoint.com/teams/prj_teamsite-731003,0.00,0.00,None,Off,1,1,8/5/2026 9:14:14 AM,52d2c877-8ad9-413a-a843-64ff21a16a59,No,-,-,N/A,-,N/A,N/A,-,-,-,-,-,-,-,-,-,-,-,-,-,-,-,-,-,-,-,-,-,-,-,-,-,-,-,-,-,-,-,-,-,-,-,-,-,-,-,-,-,-,-,-,-,-,-
prj_Team Site-731004,Cloud domain: 7rkd12.onmicrosoft.com,Cloud container: Default Group / Team / Engage community container,Cloud,prj_teamsite-731004@7rkd12.onmicrosoft.com,8/4/2026 5:12:40 PM,8/4/2026,prj_Team Site-731004,Microsoft 365 Group,Not connected,Off,-,Teams connected,No,No,Assigned,Public,No,User (no admin center access),https://7rkd12.sharepoint.com/teams/prj_teamsite-731004,0.00,0.00,None,Off,1,1,8/5/2026 9:14:15 AM,ba8dd144-615a-45af-8825-fe4464420667,No,-,-,N/A,-,N/A,N/A,-,-,-,-,-,-,-,-,-,-,-,-,-,-,-,-,-,-,-,-,-,-,-,-,-,-,-,-,-,-,-,-,-,-,-,-,-,-,-,-,-,-,-,-,-,-,-
prj_Team Site-731005,Cloud domain: 7rkd12.onmicrosoft.com,Cloud container: Default Group / Team / Engage community container,Cloud,prj_teamsite-731005@7rkd12.onmicrosoft.com,8/10/2026 4:23:17 PM,-,prj_Team Site-731005,Microsoft 365 Group,Not connected,Off,-,Teams not connected,No,No,Assigned,Private,No,User (no admin center access),https://7rkd12.sharepoint.com/teams/prj_teamsite-731005,0.00,0.00,None,Off,1,1,8/10/2026 6:47:12 PM,c36fb01f-3aad-4ce1-b818-7e5e9b1a1e81,No,-,-,N/A,-,N/A,N/A,-,-,-,-,-,-,-,-,-,-,-,-,-,-,-,-,-,-,-,-,-,-,-,-,-,-,-,-,-,-,-,-,-,-,-,-,-,-,-,-,-,-,-,-,-,-,-
prj_Team Site-731006,Cloud domain: 7rkd12.onmicrosoft.com,Cloud container: Default Group / Team / Engage community container,Cloud,prj_teamsite-731006@7rkd12.onmicrosoft.com,8/4/2026 5:10:57 PM,8/4/2026,prj_Team Site-731006,Microsoft 365 Group,Not connected,Off,-,Teams connected,No,No,Assigned,Public,No,User (no admin center access),https://7rkd12.sharepoint.com/teams/prj_teamsite-731006,0.00,0.00,None,Off,1,1,8/5/2026 9:14:15 AM,a440f986-7f59-41cc-870f-c01e4a5012b2,No,-,-,N/A,-,N/A,N/A,-,-,-,-,-,-,-,-,-,-,-,-,-,-,-,-,-,-,-,-,-,-,-,-,-,-,-,-,-,-,-,-,-,-,-,-,-,-,-,-,-,-,-,-,-,-,-
prj_Team Site-731007,Cloud domain: 7rkd12.onmicrosoft.com,Cloud container: Default Group / Team / Engage community container,Cloud,prj_teamsite-731007@7rkd12.onmicrosoft.com,8/4/2026 5:10:19 PM,8/4/2026,prj_Team Site-731007,Microsoft 365 Group,Not connected,Off,-,Teams connected,No,No,Assigned,Public,No,User (no admin center access),https://7rkd12.sharepoint.com/teams/prj_teamsite-731007,0.00,0.00,None,Off,1,1,8/5/2026 9:14:14 AM,f18ff250-46a1-4047-98bc-61d1b247112c,No,-,-,N/A,-,N/A,N/A,-,-,-,-,-,-,-,-,-,-,-,-,-,-,-,-,-,-,-,-,-,-,-,-,-,-,-,-,-,-,-,-,-,-,-,-,-,-,-,-,-,-,-,-,-,-,-
prj_Team Site-731008,Cloud domain: 7rkd12.onmicrosoft.com,Cloud container: Default Group / Team / Engage community container,Cloud,prj_teamsite-731008@7rkd12.onmicrosoft.com,8/4/2026 5:09:49 PM,8/4/2026,prj_Team Site-731008,Microsoft 365 Group,Not connected,Off,-,Teams connected,No,No,Assigned,Public,No,User (no admin center access),https://7rkd12.sharepoint.com/teams/prj_teamsite-731008,0.00,0.00,None,Off,1,1,8/5/2026 9:14:15 AM,0d2ba419-a1f1-4335-8eca-8b32c22e05ae,No,-,-,N/A,-,N/A,N/A,-,-,-,-,-,-,-,-,-,-,-,-,-,-,-,-,-,-,-,-,-,-,-,-,-,-,-,-,-,-,-,-,-,-,-,-,-,-,-,-,-,-,-,-,-,-,-
prj_Team Site-731009,Cloud domain: 7rkd12.onmicrosoft.com,Cloud container: Default Group / Team / Engage community container,Cloud,prj_teamsite-731009@7rkd12.onmicrosoft.com,8/5/2026 2:35:23 PM,8/5/2026,prj_Team Site-731009,Microsoft 365 Group,Not connected,Off,-,Teams connected,No,No,Assigned,Public,No,User (no admin center access),https://7rkd12.sharepoint.com/teams/prj_teamsite-731009,0.00,0.00,None,Off,1,1,8/5/2026 4:35:04 PM,a80674f2-ccac-4a13-b94f-f7965d8a9fde,No,-,-,N/A,-,N/A,N/A,-,-,-,-,-,-,-,-,-,-,-,-,-,-,-,-,-,-,-,-,-,-,-,-,-,-,-,-,-,-,-,-,-,-,-,-,-,-,-,-,-,-,-,-,-,-,-
prj_Team Site-731010,Cloud domain: 7rkd12.onmicrosoft.com,Cloud container: Default Group / Team / Engage community container,Cloud,prj_teamsite-731010@7rkd12.onmicrosoft.com,8/4/2026 5:08:01 PM,8/4/2026,prj_Team Site-731010,Microsoft 365 Group,Not connected,Off,-,Teams connected,No,No,Assigned,Public,No,User (no admin center access),https://7rkd12.sharepoint.com/teams/prj_teamsite-731010,0.00,0.00,None,Off,1,1,8/5/2026 9:14:14 AM,68ce469f-5c34-45f6-98c4-44a8a8a189c8,No,-,-,N/A,-,N/A,N/A,-,-,-,-,-,-,-,-,-,-,-,-,-,-,-,-,-,-,-,-,-,-,-,-,-,-,-,-,-,-,-,-,-,-,-,-,-,-,-,-,-,-,-,-,-,-,-
prj_Team Site-731011,Cloud domain: 7rkd12.onmicrosoft.com,Cloud container: Default Group / Team / Engage community container,Cloud,prj_teamsite-731011@7rkd12.onmicrosoft.com,8/4/2026 5:07:26 PM,8/4/2026,prj_Team Site-731011,Microsoft 365 Group,Not connected,Off,-,Teams connected,No,No,Assigned,Public,No,User (no admin center access),https://7rkd12.sharepoint.com/teams/prj_teamsite-731011,0.00,0.00,None,Off,1,1,8/5/2026 9:14:14 AM,d6ab4e8e-402d-4ebd-a01f-27a931ccf8cc,No,-,-,N/A,-,N/A,N/A,-,-,-,-,-,-,-,-,-,-,-,-,-,-,-,-,-,-,-,-,-,-,-,-,-,-,-,-,-,-,-,-,-,-,-,-,-,-,-,-,-,-,-,-,-,-,-
prj_Team Site-731012,Cloud domain: 7rkd12.onmicrosoft.com,Cloud container: Default Group / Team / Engage community container,Cloud,prj_teamsite-731012@7rkd12.onmicrosoft.com,8/10/2026 4:12:02 PM,-,prj_Team Site-731012,Microsoft 365 Group,Not connected,Off,-,Teams not connected,No,No,Assigned,Private,No,User (no admin center access),https://7rkd12.sharepoint.com/teams/prj_teamsite-731012,0.00,0.00,None,Off,1,1,8/10/2026 6:46:44 PM,8fdc2f4d-beb3-4a50-a790-5ff483b06d86,No,-,-,N/A,-,N/A,N/A,-,-,-,-,-,-,-,-,-,-,-,-,-,-,-,-,-,-,-,-,-,-,-,-,-,-,-,-,-,-,-,-,-,-,-,-,-,-,-,-,-,-,-,-,-,-,-
prj_Team Site-731013,Cloud domain: 7rkd12.onmicrosoft.com,Cloud container: Default Group / Team / Engage community container,Cloud,prj_teamsite-731013@7rkd12.onmicrosoft.com,8/5/2026 2:32:31 PM,8/5/2026,prj_Team Site-731013,Microsoft 365 Group,Not connected,Off,-,Teams connected,No,No,Assigned,Public,No,User (no admin center access),https://7rkd12.sharepoint.com/teams/prj_teamsite-731013,0.00,0.00,None,Off,1,1,8/5/2026 4:34:44 PM,3d41439d-0217-4b79-90ef-adfaba98b6e6,No,-,-,N/A,-,N/A,N/A,-,-,-,-,-,-,-,-,-,-,-,-,-,-,-,-,-,-,-,-,-,-,-,-,-,-,-,-,-,-,-,-,-,-,-,-,-,-,-,-,-,-,-,-,-,-,-
prj_Team Site-731014,Cloud domain: 7rkd12.onmicrosoft.com,Cloud container: Default Group / Team / Engage community container,Cloud,prj_teamsite-731014@7rkd12.onmicrosoft.com,8/4/2026 5:04:27 PM,8/4/2026,prj_Team Site-731014,Microsoft 365 Group,Not connected,Off,-,Teams connected,No,No,Assigned,Public,No,User (no admin center access),https://7rkd12.sharepoint.com/teams/prj_teamsite-731014,0.00,0.00,None,Off,1,1,8/5/2026 9:14:15 AM,9b870d13-f6ce-4884-b595-08d3a031ef75,No,-,-,N/A,-,N/A,N/A,-,-,-,-,-,-,-,-,-,-,-,-,-,-,-,-,-,-,-,-,-,-,-,-,-,-,-,-,-,-,-,-,-,-,-,-,-,-,-,-,-,-,-,-,-,-,-
prj_Team Site-731015,Cloud domain: 7rkd12.onmicrosoft.com,Cloud container: Default Group / Team / Engage community container,Cloud,prj_teamsite-731015@7rkd12.onmicrosoft.com,8/4/2026 5:03:57 PM,8/4/2026,prj_Team Site-731015,Microsoft 365 Group,Not connected,Off,-,Teams connected,No,No,Assigned,Public,No,User (no admin center access),https://7rkd12.sharepoint.com/teams/prj_teamsite-731015,0.00,0.00,None,Off,1,1,8/5/2026 9:14:14 AM,d69fff70-0f63-4089-a29d-59eae4b9c2fe,No,-,-,N/A,-,N/A,N/A,-,-,-,-,-,-,-,-,-,-,-,-,-,-,-,-,-,-,-,-,-,-,-,-,-,-,-,-,-,-,-,-,-,-,-,-,-,-,-,-,-,-,-,-,-,-,-
prj_Team Site-731016,Cloud domain: 7rkd12.onmicrosoft.com,Cloud container: Default Group / Team / Engage community container,Cloud,prj_teamsite-731016@7rkd12.onmicrosoft.com,8/4/2026 5:03:32 PM,8/4/2026,prj_Team Site-731016,Microsoft 365 Group,Not connected,Off,-,Teams connected,No,No,Assigned,Public,No,User (no admin center access),https://7rkd12.sharepoint.com/teams/prj_teamsite-731016,0.00,0.00,None,Off,1,1,8/5/2026 9:14:14 AM,a333c692-1e65-4b64-b64f-087de6c2f79a,No,-,-,N/A,-,N/A,N/A,-,-,-,-,-,-,-,-,-,-,-,-,-,-,-,-,-,-,-,-,-,-,-,-,-,-,-,-,-,-,-,-,-,-,-,-,-,-,-,-,-,-,-,-,-,-,-
prj_Team Site-731017,Cloud domain: 7rkd12.onmicrosoft.com,Cloud container: Default Group / Team / Engage community container,Cloud,prj_teamsite-731017@7rkd12.onmicrosoft.com,8/4/2026 5:02:46 PM,8/4/2026,prj_Team Site-731017,Microsoft 365 Group,Not connected,Off,-,Teams connected,No,No,Assigned,Public,No,User (no admin center access),https://7rkd12.sharepoint.com/teams/prj_teamsite-731017,0.00,0.00,None,Off,1,1,8/5/2026 9:14:15 AM,8a55c2e5-df1e-4e76-a48c-c31740b676c0,No,-,-,N/A,-,N/A,N/A,-,-,-,-,-,-,-,-,-,-,-,-,-,-,-,-,-,-,-,-,-,-,-,-,-,-,-,-,-,-,-,-,-,-,-,-,-,-,-,-,-,-,-,-,-,-,-
prj_Team Site-731018,Cloud domain: 7rkd12.onmicrosoft.com,Cloud container: Default Group / Team / Engage community container,Cloud,prj_teamsite-731018@7rkd12.onmicrosoft.com,8/4/2026 5:02:16 PM,8/4/2026,prj_Team Site-731018,Microsoft 365 Group,Not connected,Off,-,Teams connected,No,No,Assigned,Public,No,User (no admin center access),https://7rkd12.sharepoint.com/teams/prj_teamsite-731018,0.00,0.00,None,Off,1,1,8/5/2026 9:14:14 AM,61615f2a-a02a-4033-881a-7bc76fad2a38,No,-,-,N/A,-,N/A,N/A,-,-,-,-,-,-,-,-,-,-,-,-,-,-,-,-,-,-,-,-,-,-,-,-,-,-,-,-,-,-,-,-,-,-,-,-,-,-,-,-,-,-,-,-,-,-,-
prj_Team Site-731019,Cloud domain: 7rkd12.onmicrosoft.com,Cloud container: Default Group / Team / Engage community container,Cloud,prj_teamsite-731019@7rkd12.onmicrosoft.com,8/4/2026 5:01:47 PM,8/4/2026,prj_Team Site-731019,Microsoft 365 Group,Not connected,Off,-,Teams connected,No,No,Assigned,Public,No,User (no admin center access),https://7rkd12.sharepoint.com/teams/prj_teamsite-731019,0.00,0.00,None,Off,1,1,8/5/2026 9:14:14 AM,3fd4a28b-3225-44af-828c-73a412e2f9ed,No,-,-,N/A,-,N/A,N/A,-,-,-,-,-,-,-,-,-,-,-,-,-,-,-,-,-,-,-,-,-,-,-,-,-,-,-,-,-,-,-,-,-,-,-,-,-,-,-,-,-,-,-,-,-,-,-
prj_Team Site-731020,Cloud domain: 7rkd12.onmicrosoft.com,Cloud container: Default Group / Team / Engage community container,Cloud,prj_teamsite-731020@7rkd12.onmicrosoft.com,8/4/2026 5:01:26 PM,8/4/2026,prj_Team Site-731020,Microsoft 365 Group,Not connected,Off,-,Teams connected,No,No,Assigned,Public,No,User (no admin center access),https://7rkd12.sharepoint.com/teams/prj_teamsite-731020,0.00,0.00,None,Off,1,1,8/5/2026 9:14:15 AM,08e31e77-8aa2-4464-aed8-c24e41503156,No,-,-,N/A,-,N/A,N/A,-,-,-,-,-,-,-,-,-,-,-,-,-,-,-,-,-,-,-,-,-,-,-,-,-,-,-,-,-,-,-,-,-,-,-,-,-,-,-,-,-,-,-,-,-,-,-
prj_Team Site-731021,Cloud domain: 7rkd12.onmicrosoft.com,Cloud container: Default Group / Team / Engage community container,Cloud,prj_teamsite-731021@7rkd12.onmicrosoft.com,8/5/2026 2:30:48 PM,8/5/2026,prj_Team Site-731021,Microsoft 365 Group,Not connected,Off,-,Teams connected,No,No,Assigned,Public,No,User (no admin center access),https://7rkd12.sharepoint.com/teams/prj_teamsite-731021,0.00,0.00,None,Off,1,1,8/5/2026 4:33:53 PM,1264080f-ba07-4f6a-8bbb-034ad3ce9f5e,No,-,-,N/A,-,N/A,N/A,-,-,-,-,-,-,-,-,-,-,-,-,-,-,-,-,-,-,-,-,-,-,-,-,-,-,-,-,-,-,-,-,-,-,-,-,-,-,-,-,-,-,-,-,-,-,-
prj_Team Site-731022,Cloud domain: 7rkd12.onmicrosoft.com,Cloud container: Default Group / Team / Engage community container,Cloud,prj_teamsite-731022@7rkd12.onmicrosoft.com,8/4/2026 4:59:34 PM,8/4/2026,prj_Team Site-731022,Microsoft 365 Group,Not connected,Off,-,Teams connected,No,No,Assigned,Public,No,User (no admin center access),https://7rkd12.sharepoint.com/teams/prj_teamsite-731022,0.00,0.00,None,Off,1,1,8/5/2026 9:14:14 AM,7a082eb4-6faf-4633-9ce6-7d1afbc5b22a,No,-,-,N/A,-,N/A,N/A,-,-,-,-,-,-,-,-,-,-,-,-,-,-,-,-,-,-,-,-,-,-,-,-,-,-,-,-,-,-,-,-,-,-,-,-,-,-,-,-,-,-,-,-,-,-,-
prj_Team Site-731023,Cloud domain: 7rkd12.onmicrosoft.com,Cloud container: Default Group / Team / Engage community container,Cloud,prj_teamsite-731023@7rkd12.onmicrosoft.com,8/5/2026 2:29:06 PM,8/5/2026,prj_Team Site-731023,Microsoft 365 Group,Not connected,Off,-,Teams connected,No,No,Assigned,Public,No,User (no admin center access),https://7rkd12.sharepoint.com/teams/prj_teamsite-731023,0.00,0.00,None,Off,1,1,8/5/2026 4:33:33 PM,46609064-a837-4e18-a568-c8020794d1ad,No,-,-,N/A,-,N/A,N/A,-,-,-,-,-,-,-,-,-,-,-,-,-,-,-,-,-,-,-,-,-,-,-,-,-,-,-,-,-,-,-,-,-,-,-,-,-,-,-,-,-,-,-,-,-,-,-
prj_Team Site-731024,Cloud domain: 7rkd12.onmicrosoft.com,Cloud container: Default Group / Team / Engage community container,Cloud,prj_teamsite-731024@7rkd12.onmicrosoft.com,8/5/2026 2:27:25 PM,8/5/2026,prj_Team Site-731024,Microsoft 365 Group,Not connected,Off,-,Teams connected,No,No,Assigned,Public,No,User (no admin center access),https://7rkd12.sharepoint.com/teams/prj_teamsite-731024,0.00,0.00,None,Off,1,1,8/5/2026 4:32:08 PM,9f72ca73-41b7-4cf3-b6f4-3f55515da16c,No,-,-,N/A,-,N/A,N/A,-,-,-,-,-,-,-,-,-,-,-,-,-,-,-,-,-,-,-,-,-,-,-,-,-,-,-,-,-,-,-,-,-,-,-,-,-,-,-,-,-,-,-,-,-,-,-
prj_Team Site-731025,Cloud domain: 7rkd12.onmicrosoft.com,Cloud container: Default Group / Team / Engage community container,Cloud,prj_teamsite-731025@7rkd12.onmicrosoft.com,8/4/2026 4:56:31 PM,8/4/2026,prj_Team Site-731025,Microsoft 365 Group,Not connected,Off,-,Teams connected,No,No,Assigned,Public,No,User (no admin center access),https://7rkd12.sharepoint.com/teams/prj_teamsite-731025,0.00,0.00,None,Off,1,1,8/5/2026 9:14:15 AM,3598176b-9503-4a34-8209-4d42d2060d93,No,-,-,N/A,-,N/A,N/A,-,-,-,-,-,-,-,-,-,-,-,-,-,-,-,-,-,-,-,-,-,-,-,-,-,-,-,-,-,-,-,-,-,-,-,-,-,-,-,-,-,-,-,-,-,-,-
prj_Team Site-731026,Cloud domain: 7rkd12.onmicrosoft.com,Cloud container: Default Group / Team / Engage community container,Cloud,prj_teamsite-731026@7rkd12.onmicrosoft.com,8/5/2026 2:25:43 PM,8/5/2026,prj_Team Site-731026,Microsoft 365 Group,Not connected,Off,-,Teams connected,No,No,Assigned,Public,No,User (no admin center access),https://7rkd12.sharepoint.com/teams/prj_teamsite-731026,0.00,0.00,None,Off,1,1,8/5/2026 4:31:46 PM,6cb9620d-db0e-4b27-9c94-a87dc86ebc4b,No,-,-,N/A,-,N/A,N/A,-,-,-,-,-,-,-,-,-,-,-,-,-,-,-,-,-,-,-,-,-,-,-,-,-,-,-,-,-,-,-,-,-,-,-,-,-,-,-,-,-,-,-,-,-,-,-
prj_Team Site-731027,Cloud domain: 7rkd12.onmicrosoft.com,Cloud container: Default Group / Team / Engage community container,Cloud,prj_teamsite-731027@7rkd12.onmicrosoft.com,8/4/2026 4:54:50 PM,8/4/2026,prj_Team Site-731027,Microsoft 365 Group,Not connected,Off,-,Teams connected,No,No,Assigned,Public,No,User (no admin center access),https://7rkd12.sharepoint.com/teams/prj_teamsite-731027,0.00,0.00,None,Off,1,1,8/5/2026 9:14:14 AM,a5bfb8e4-a56c-4ad1-993e-7227db604e4f,No,-,-,N/A,-,N/A,N/A,-,-,-,-,-,-,-,-,-,-,-,-,-,-,-,-,-,-,-,-,-,-,-,-,-,-,-,-,-,-,-,-,-,-,-,-,-,-,-,-,-,-,-,-,-,-,-
prj_Team Site-731028,Cloud domain: 7rkd12.onmicrosoft.com,Cloud container: Default Group / Team / Engage community container,Cloud,prj_teamsite-731028@7rkd12.onmicrosoft.com,8/4/2026 4:54:24 PM,8/4/2026,prj_Team Site-731028,Microsoft 365 Group,Not connected,Off,-,Teams connected,No,No,Assigned,Public,No,User (no admin center access),https://7rkd12.sharepoint.com/teams/prj_teamsite-731028,0.00,0.00,None,Off,1,1,8/5/2026 9:14:15 AM,74413729-5110-4e12-83c6-d84f9f4e5546,No,-,-,N/A,-,N/A,N/A,-,-,-,-,-,-,-,-,-,-,-,-,-,-,-,-,-,-,-,-,-,-,-,-,-,-,-,-,-,-,-,-,-,-,-,-,-,-,-,-,-,-,-,-,-,-,-
prj_Team Site-731029,Cloud domain: 7rkd12.onmicrosoft.com,Cloud container: Default Group / Team / Engage community container,Cloud,prj_teamsite-731029@7rkd12.onmicrosoft.com,8/4/2026 4:53:47 PM,8/4/2026,prj_Team Site-731029,Microsoft 365 Group,Not connected,Off,-,Teams connected,No,No,Assigned,Public,No,User (no admin center access),https://7rkd12.sharepoint.com/teams/prj_teamsite-731029,0.00,0.00,None,Off,1,1,8/5/2026 9:14:15 AM,e5b0cf98-6698-474f-ab6e-94fd782fec11,No,-,-,N/A,-,N/A,N/A,-,-,-,-,-,-,-,-,-,-,-,-,-,-,-,-,-,-,-,-,-,-,-,-,-,-,-,-,-,-,-,-,-,-,-,-,-,-,-,-,-,-,-,-,-,-,-
prj_Team Site-731030,Cloud domain: 7rkd12.onmicrosoft.com,Cloud container: Default Group / Team / Engage community container,Cloud,prj_teamsite-731030@7rkd12.onmicrosoft.com,8/4/2026 4:53:17 PM,8/4/2026,prj_Team Site-731030,Microsoft 365 Group,Not connected,Off,-,Teams connected,No,No,Assigned,Public,No,User (no admin center access),https://7rkd12.sharepoint.com/teams/prj_teamsite-731030,0.00,0.00,None,Off,1,1,8/5/2026 9:14:14 AM,c0438c44-04ee-41bf-af1d-1dab8e7969a3,No,-,-,N/A,-,N/A,N/A,-,-,-,-,-,-,-,-,-,-,-,-,-,-,-,-,-,-,-,-,-,-,-,-,-,-,-,-,-,-,-,-,-,-,-,-,-,-,-,-,-,-,-,-,-,-,-
prj_Team Site-731031,Cloud domain: 7rkd12.onmicrosoft.com,Cloud container: Default Group / Team / Engage community container,Cloud,prj_teamsite-731031@7rkd12.onmicrosoft.com,8/4/2026 4:52:46 PM,8/4/2026,prj_Team Site-731031,Microsoft 365 Group,Not connected,Off,-,Teams connected,No,No,Assigned,Public,No,User (no admin center access),https://7rkd12.sharepoint.com/teams/prj_teamsite-731031,0.00,0.00,None,Off,1,1,8/5/2026 9:14:15 AM,93b05c7c-6f29-4ab1-a8ba-47c2c5a168a5,No,-,-,N/A,-,N/A,N/A,-,-,-,-,-,-,-,-,-,-,-,-,-,-,-,-,-,-,-,-,-,-,-,-,-,-,-,-,-,-,-,-,-,-,-,-,-,-,-,-,-,-,-,-,-,-,-
prj_Team Site-731032,Cloud domain: 7rkd12.onmicrosoft.com,Cloud container: Default Group / Team / Engage community container,Cloud,prj_teamsite-731032@7rkd12.onmicrosoft.com,8/4/2026 4:52:20 PM,8/4/2026,prj_Team Site-731032,Microsoft 365 Group,Not connected,Off,-,Teams connected,No,No,Assigned,Public,No,User (no admin center access),https://7rkd12.sharepoint.com/teams/prj_teamsite-731032,0.00,0.00,None,Off,1,1,8/5/2026 9:14:14 AM,98523371-04b1-40a1-9315-da30906013f9,No,-,-,N/A,-,N/A,N/A,-,-,-,-,-,-,-,-,-,-,-,-,-,-,-,-,-,-,-,-,-,-,-,-,-,-,-,-,-,-,-,-,-,-,-,-,-,-,-,-,-,-,-,-,-,-,-
prj_Team Site-731033,Cloud domain: 7rkd12.onmicrosoft.com,Cloud container: Default Group / Team / Engage community container,Cloud,prj_teamsite-731033@7rkd12.onmicrosoft.com,8/10/2026 3:46:25 PM,-,prj_Team Site-731033,Microsoft 365 Group,Not connected,Off,-,Teams not connected,No,No,Assigned,Private,No,User (no admin center access),https://7rkd12.sharepoint.com/teams/prj_teamsite-731033,0.00,0.00,None,Off,1,1,8/10/2026 6:40:00 PM,0591d4be-f757-4778-89bb-d0b0cfe38990,No,-,-,N/A,-,N/A,N/A,-,-,-,-,-,-,-,-,-,-,-,-,-,-,-,-,-,-,-,-,-,-,-,-,-,-,-,-,-,-,-,-,-,-,-,-,-,-,-,-,-,-,-,-,-,-,-
prj_Team Site-731034,Cloud domain: 7rkd12.onmicrosoft.com,Cloud container: Default Group / Team / Engage community container,Cloud,prj_teamsite-731034@7rkd12.onmicrosoft.com,8/4/2026 4:50:35 PM,8/4/2026,prj_Team Site-731034,Microsoft 365 Group,Not connected,Off,-,Teams connected,No,No,Assigned,Public,No,User (no admin center access),https://7rkd12.sharepoint.com/teams/prj_teamsite-731034,0.00,0.00,None,Off,1,1,8/5/2026 9:14:14 AM,313b355f-a665-43a5-bcdc-f6a58f41d5f6,No,-,-,N/A,-,N/A,N/A,-,-,-,-,-,-,-,-,-,-,-,-,-,-,-,-,-,-,-,-,-,-,-,-,-,-,-,-,-,-,-,-,-,-,-,-,-,-,-,-,-,-,-,-,-,-,-
prj_Team Site-731035,Cloud domain: 7rkd12.onmicrosoft.com,Cloud container: Default Group / Team / Engage community container,Cloud,prj_teamsite-731035@7rkd12.onmicrosoft.com,8/4/2026 4:50:08 PM,8/4/2026,prj_Team Site-731035,Microsoft 365 Group,Not connected,Off,-,Teams connected,No,No,Assigned,Public,No,User (no admin center access),https://7rkd12.sharepoint.com/teams/prj_teamsite-731035,0.00,0.00,None,Off,1,1,8/5/2026 9:14:14 AM,66bac473-e850-4361-91d3-224a0b50d18a,No,-,-,N/A,-,N/A,N/A,-,-,-,-,-,-,-,-,-,-,-,-,-,-,-,-,-,-,-,-,-,-,-,-,-,-,-,-,-,-,-,-,-,-,-,-,-,-,-,-,-,-,-,-,-,-,-
prj_Team Site-731036,Cloud domain: 7rkd12.onmicrosoft.com,Cloud container: Default Group / Team / Engage community container,Cloud,prj_teamsite-731036@7rkd12.onmicrosoft.com,8/5/2026 2:22:50 PM,8/5/2026,prj_Team Site-731036,Microsoft 365 Group,Not connected,Off,-,Teams connected,No,No,Assigned,Public,No,User (no admin center access),https://7rkd12.sharepoint.com/teams/prj_teamsite-731036,0.00,0.00,None,Off,1,1,8/5/2026 4:31:23 PM,3e4c1bc6-224c-4ab9-a670-ee22e8e31598,No,-,-,N/A,-,N/A,N/A,-,-,-,-,-,-,-,-,-,-,-,-,-,-,-,-,-,-,-,-,-,-,-,-,-,-,-,-,-,-,-,-,-,-,-,-,-,-,-,-,-,-,-,-,-,-,-
prj_Team Site-731037,Cloud domain: 7rkd12.onmicrosoft.com,Cloud container: Default Group / Team / Engage community container,Cloud,prj_teamsite-731037@7rkd12.onmicrosoft.com,8/4/2026 4:48:18 PM,8/4/2026,prj_Team Site-731037,Microsoft 365 Group,Not connected,Off,-,Teams connected,No,No,Assigned,Public,No,User (no admin center access),https://7rkd12.sharepoint.com/teams/prj_teamsite-731037,0.00,0.00,None,Off,1,1,8/5/2026 9:14:15 AM,e7ccb53f-1f84-4ef1-b5f4-34999984fad9,No,-,-,N/A,-,N/A,N/A,-,-,-,-,-,-,-,-,-,-,-,-,-,-,-,-,-,-,-,-,-,-,-,-,-,-,-,-,-,-,-,-,-,-,-,-,-,-,-,-,-,-,-,-,-,-,-
prj_Team Site-731038,Cloud domain: 7rkd12.onmicrosoft.com,Cloud container: Default Group / Team / Engage community container,Cloud,prj_teamsite-731038@7rkd12.onmicrosoft.com,8/5/2026 2:21:10 PM,8/5/2026,prj_Team Site-731038,Microsoft 365 Group,Not connected,Off,-,Teams connected,No,No,Assigned,Public,No,User (no admin center access),https://7rkd12.sharepoint.com/teams/prj_teamsite-731038,0.00,0.00,None,Off,1,1,8/5/2026 4:31:04 PM,f432becf-6049-4021-adee-3bc6ebd76f6f,No,-,-,N/A,-,N/A,N/A,-,-,-,-,-,-,-,-,-,-,-,-,-,-,-,-,-,-,-,-,-,-,-,-,-,-,-,-,-,-,-,-,-,-,-,-,-,-,-,-,-,-,-,-,-,-,-
prj_Team Site-731039,Cloud domain: 7rkd12.onmicrosoft.com,Cloud container: Default Group / Team / Engage community container,Cloud,prj_teamsite-731039@7rkd12.onmicrosoft.com,8/4/2026 4:46:27 PM,8/4/2026,prj_Team Site-731039,Microsoft 365 Group,Not connected,Off,-,Teams connected,No,No,Assigned,Public,No,User (no admin center access),https://7rkd12.sharepoint.com/teams/prj_teamsite-731039,0.00,0.00,None,Off,1,1,8/5/2026 9:14:15 AM,0bcc4656-236f-4bbe-a14b-af01fd49ef5f,No,-,-,N/A,-,N/A,N/A,-,-,-,-,-,-,-,-,-,-,-,-,-,-,-,-,-,-,-,-,-,-,-,-,-,-,-,-,-,-,-,-,-,-,-,-,-,-,-,-,-,-,-,-,-,-,-
prj_Team Site-731040,Cloud domain: 7rkd12.onmicrosoft.com,Cloud container: Default Group / Team / Engage community container,Cloud,prj_teamsite-731040@7rkd12.onmicrosoft.com,8/4/2026 4:45:54 PM,8/4/2026,prj_Team Site-731040,Microsoft 365 Group,Not connected,Off,-,Teams connected,No,No,Assigned,Public,No,User (no admin center access),https://7rkd12.sharepoint.com/teams/prj_teamsite-731040,0.00,0.00,None,Off,1,1,8/5/2026 9:14:15 AM,7f5fabce-8ba4-49f5-bf37-792738704e3e,No,-,-,N/A,-,N/A,N/A,-,-,-,-,-,-,-,-,-,-,-,-,-,-,-,-,-,-,-,-,-,-,-,-,-,-,-,-,-,-,-,-,-,-,-,-,-,-,-,-,-,-,-,-,-,-,-
prj_Team Site-731041,Cloud domain: 7rkd12.onmicrosoft.com,Cloud container: Default Group / Team / Engage community container,Cloud,prj_teamsite-731041@7rkd12.onmicrosoft.com,8/5/2026 2:19:28 PM,8/5/2026,prj_Team Site-731041,Microsoft 365 Group,Not connected,Off,-,Teams connected,No,No,Assigned,Public,No,User (no admin center access),https://7rkd12.sharepoint.com/teams/prj_teamsite-731041,0.00,0.00,None,Off,1,1,8/5/2026 4:30:46 PM,7b9ab3c4-b04a-4999-896f-d0a99c0e81a7,No,-,-,N/A,-,N/A,N/A,-,-,-,-,-,-,-,-,-,-,-,-,-,-,-,-,-,-,-,-,-,-,-,-,-,-,-,-,-,-,-,-,-,-,-,-,-,-,-,-,-,-,-,-,-,-,-
prj_Team Site-731042,Cloud domain: 7rkd12.onmicrosoft.com,Cloud container: Default Group / Team / Engage community container,Cloud,prj_teamsite-731042@7rkd12.onmicrosoft.com,8/4/2026 4:43:59 PM,8/4/2026,prj_Team Site-731042,Microsoft 365 Group,Not connected,Off,-,Teams connected,No,No,Assigned,Public,No,User (no admin center access),https://7rkd12.sharepoint.com/teams/prj_teamsite-731042,0.00,0.00,None,Off,1,1,8/4/2026 6:31:43 PM,968d976d-3f3c-43c8-9d8d-d1bd0620486b,No,-,-,N/A,-,N/A,N/A,-,-,-,-,-,-,-,-,-,-,-,-,-,-,-,-,-,-,-,-,-,-,-,-,-,-,-,-,-,-,-,-,-,-,-,-,-,-,-,-,-,-,-,-,-,-,-
prj_Team Site-731043,Cloud domain: 7rkd12.onmicrosoft.com,Cloud container: Default Group / Team / Engage community container,Cloud,prj_teamsite-731043@7rkd12.onmicrosoft.com,8/4/2026 4:43:26 PM,8/4/2026,prj_Team Site-731043,Microsoft 365 Group,Not connected,Off,-,Teams connected,No,No,Assigned,Public,No,User (no admin center access),https://7rkd12.sharepoint.com/teams/prj_teamsite-731043,0.00,0.00,None,Off,1,1,8/4/2026 6:32:03 PM,b794bc0d-b0cb-44e3-b954-275417d13e88,No,-,-,N/A,-,N/A,N/A,-,-,-,-,-,-,-,-,-,-,-,-,-,-,-,-,-,-,-,-,-,-,-,-,-,-,-,-,-,-,-,-,-,-,-,-,-,-,-,-,-,-,-,-,-,-,-
prj_Team Site-731044,Cloud domain: 7rkd12.onmicrosoft.com,Cloud container: Default Group / Team / Engage community container,Cloud,prj_teamsite-731044@7rkd12.onmicrosoft.com,8/4/2026 4:43:01 PM,8/4/2026,prj_Team Site-731044,Microsoft 365 Group,Not connected,Off,-,Teams connected,No,No,Assigned,Public,No,User (no admin center access),https://7rkd12.sharepoint.com/teams/prj_teamsite-731044,0.00,0.00,None,Off,1,1,8/4/2026 6:32:22 PM,3c3a38bf-9896-45d0-b70b-b0f640502ac0,No,-,-,N/A,-,N/A,N/A,-,-,-,-,-,-,-,-,-,-,-,-,-,-,-,-,-,-,-,-,-,-,-,-,-,-,-,-,-,-,-,-,-,-,-,-,-,-,-,-,-,-,-,-,-,-,-
prj_Team Site-731045,Cloud domain: 7rkd12.onmicrosoft.com,Cloud container: Default Group / Team / Engage community container,Cloud,prj_teamsite-731045@7rkd12.onmicrosoft.com,8/4/2026 4:42:25 PM,8/4/2026,prj_Team Site-731045,Microsoft 365 Group,Not connected,Off,-,Teams connected,No,No,Assigned,Public,No,User (no admin center access),https://7rkd12.sharepoint.com/teams/prj_teamsite-731045,0.00,0.00,None,Off,1,1,8/4/2026 6:31:04 PM,e219963a-5623-4568-a65f-7d0c503d35c0,No,-,-,N/A,-,N/A,N/A,-,-,-,-,-,-,-,-,-,-,-,-,-,-,-,-,-,-,-,-,-,-,-,-,-,-,-,-,-,-,-,-,-,-,-,-,-,-,-,-,-,-,-,-,-,-,-
prj_Team Site-731046,Cloud domain: 7rkd12.onmicrosoft.com,Cloud container: Default Group / Team / Engage community container,Cloud,prj_teamsite-731046@7rkd12.onmicrosoft.com,8/4/2026 4:42:03 PM,8/4/2026,prj_Team Site-731046,Microsoft 365 Group,Not connected,Off,-,Teams connected,No,No,Assigned,Public,No,User (no admin center access),https://7rkd12.sharepoint.com/teams/prj_teamsite-731046,0.00,0.00,None,Off,1,1,8/4/2026 6:31:23 PM,374ee5c3-346e-4a16-8126-debf3a7839fb,No,-,-,N/A,-,N/A,N/A,-,-,-,-,-,-,-,-,-,-,-,-,-,-,-,-,-,-,-,-,-,-,-,-,-,-,-,-,-,-,-,-,-,-,-,-,-,-,-,-,-,-,-,-,-,-,-
prj_Team Site-731047,Cloud domain: 7rkd12.onmicrosoft.com,Cloud container: Default Group / Team / Engage community container,Cloud,prj_teamsite-731047@7rkd12.onmicrosoft.com,8/4/2026 4:41:16 PM,8/4/2026,prj_Team Site-731047,Microsoft 365 Group,Not connected,Off,-,Teams connected,No,No,Assigned,Public,No,User (no admin center access),https://7rkd12.sharepoint.com/teams/prj_teamsite-731047,0.00,0.00,None,Off,1,1,8/4/2026 6:30:41 PM,8122398c-9731-4930-a120-713559e88b0f,No,-,-,N/A,-,N/A,N/A,-,-,-,-,-,-,-,-,-,-,-,-,-,-,-,-,-,-,-,-,-,-,-,-,-,-,-,-,-,-,-,-,-,-,-,-,-,-,-,-,-,-,-,-,-,-,-
prj_Team Site-731048,Cloud domain: 7rkd12.onmicrosoft.com,Cloud container: Default Group / Team / Engage community container,Cloud,prj_teamsite-731048@7rkd12.onmicrosoft.com,8/4/2026 4:40:31 PM,8/4/2026,prj_Team Site-731048,Microsoft 365 Group,Not connected,Off,-,Teams connected,No,No,Assigned,Public,No,User (no admin center access),https://7rkd12.sharepoint.com/teams/prj_teamsite-731048,0.00,0.00,None,Off,1,1,8/4/2026 6:30:22 PM,2746e0c2-46c8-4d31-b23a-0b1981aac58c,No,-,-,N/A,-,N/A,N/A,-,-,-,-,-,-,-,-,-,-,-,-,-,-,-,-,-,-,-,-,-,-,-,-,-,-,-,-,-,-,-,-,-,-,-,-,-,-,-,-,-,-,-,-,-,-,-
prj_Team Site-731049,Cloud domain: 7rkd12.onmicrosoft.com,Cloud container: Default Group / Team / Engage community container,Cloud,prj_teamsite-731049@7rkd12.onmicrosoft.com,8/4/2026 4:39:57 PM,8/4/2026,prj_Team Site-731049,Microsoft 365 Group,Not connected,Off,-,Teams connected,No,No,Assigned,Public,No,User (no admin center access),https://7rkd12.sharepoint.com/teams/prj_teamsite-731049,0.00,0.00,None,Off,1,1,8/4/2026 6:29:44 PM,17ecf411-8c16-439e-9f71-c2a16f6312f2,No,-,-,N/A,-,N/A,N/A,-,-,-,-,-,-,-,-,-,-,-,-,-,-,-,-,-,-,-,-,-,-,-,-,-,-,-,-,-,-,-,-,-,-,-,-,-,-,-,-,-,-,-,-,-,-,-
prj_Team Site-731050,Cloud domain: 7rkd12.onmicrosoft.com,Cloud container: Default Group / Team / Engage community container,Cloud,prj_teamsite-731050@7rkd12.onmicrosoft.com,8/4/2026 4:39:32 PM,8/4/2026,prj_Team Site-731050,Microsoft 365 Group,Not connected,Off,-,Teams connected,No,No,Assigned,Public,No,User (no admin center access),https://7rkd12.sharepoint.com/teams/prj_teamsite-731050,0.00,0.00,None,Off,1,1,8/4/2026 6:29:26 PM,244209c2-1f78-4e44-b9c2-b16e77619724,No,-,-,N/A,-,N/A,N/A,-,-,-,-,-,-,-,-,-,-,-,-,-,-,-,-,-,-,-,-,-,-,-,-,-,-,-,-,-,-,-,-,-,-,-,-,-,-,-,-,-,-,-,-,-,-,-
prj_Team Site-731051,Cloud domain: 7rkd12.onmicrosoft.com,Cloud container: Default Group / Team / Engage community container,Cloud,prj_teamsite-731051@7rkd12.onmicrosoft.com,8/4/2026 4:39:03 PM,8/4/2026,prj_Team Site-731051,Microsoft 365 Group,Not connected,Off,-,Teams connected,No,No,Assigned,Private,No,User (no admin center access),https://7rkd12.sharepoint.com/teams/prj_teamsite-731051,0.00,0.00,None,Off,1,1,8/4/2026 6:30:04 PM,faa56adb-4331-4df1-a8c2-99646d6407a4,No,-,-,N/A,-,N/A,N/A,-,-,-,-,-,-,-,-,-,-,-,-,-,-,-,-,-,-,-,-,-,-,-,-,-,-,-,-,-,-,-,-,-,-,-,-,-,-,-,-,-,-,-,-,-,-,-
prj_Team Site-731052,Cloud domain: 7rkd12.onmicrosoft.com,Cloud container: Default Group / Team / Engage community container,Cloud,prj_teamsite-731052@7rkd12.onmicrosoft.com,8/5/2026 2:17:45 PM,8/5/2026,prj_Team Site-731052,Microsoft 365 Group,Not connected,Off,-,Teams connected,No,No,Assigned,Private,No,User (no admin center access),https://7rkd12.sharepoint.com/teams/prj_teamsite-731052,0.00,0.00,None,Off,1,1,8/5/2026 4:29:55 PM,b4b82739-957c-41c4-b035-fbda1289e469,No,-,-,N/A,-,N/A,N/A,-,-,-,-,-,-,-,-,-,-,-,-,-,-,-,-,-,-,-,-,-,-,-,-,-,-,-,-,-,-,-,-,-,-,-,-,-,-,-,-,-,-,-,-,-,-,-
prj_Team Site-731053,Cloud domain: 7rkd12.onmicrosoft.com,Cloud container: Default Group / Team / Engage community container,Cloud,prj_teamsite-731053@7rkd12.onmicrosoft.com,8/5/2026 3:24:41 PM,8/5/2026,prj_Team Site-731053,Microsoft 365 Group,Not connected,Off,-,Teams connected,No,No,Assigned,Private,No,User (no admin center access),https://7rkd12.sharepoint.com/teams/prj_teamsite-731053,0.00,0.00,None,Off,1,1,8/5/2026 5:32:48 PM,576c72d3-a53b-4e50-baee-e125a57f3da5,No,-,-,N/A,-,N/A,N/A,-,-,-,-,-,-,-,-,-,-,-,-,-,-,-,-,-,-,-,-,-,-,-,-,-,-,-,-,-,-,-,-,-,-,-,-,-,-,-,-,-,-,-,-,-,-,-
prj_Team Site-731054,Cloud domain: 7rkd12.onmicrosoft.com,Cloud container: Default Group / Team / Engage community container,Cloud,prj_teamsite-731054@7rkd12.onmicrosoft.com,8/5/2026 2:14:55 PM,8/5/2026,prj_Team Site-731054,Microsoft 365 Group,Not connected,Off,-,Teams connected,No,No,Assigned,Private,No,User (no admin center access),https://7rkd12.sharepoint.com/teams/prj_teamsite-731054,0.00,0.00,None,Off,1,1,8/5/2026 4:29:37 PM,564f5987-652f-4f03-b175-3f0c566fac9c,No,-,-,N/A,-,N/A,N/A,-,-,-,-,-,-,-,-,-,-,-,-,-,-,-,-,-,-,-,-,-,-,-,-,-,-,-,-,-,-,-,-,-,-,-,-,-,-,-,-,-,-,-,-,-,-,-
prj_Team Site-731055,Cloud domain: 7rkd12.onmicrosoft.com,Cloud container: Default Group / Team / Engage community container,Cloud,prj_teamsite-731055@7rkd12.onmicrosoft.com,8/4/2026 4:34:54 PM,8/4/2026,prj_Team Site-731055,Microsoft 365 Group,Not connected,Off,-,Teams connected,No,No,Assigned,Private,No,User (no admin center access),https://7rkd12.sharepoint.com/teams/prj_teamsite-731055,0.00,0.00,None,Off,1,1,8/4/2026 6:29:06 PM,4941cd9a-1c15-4276-8098-aa21aa310e6d,No,-,-,N/A,-,N/A,N/A,-,-,-,-,-,-,-,-,-,-,-,-,-,-,-,-,-,-,-,-,-,-,-,-,-,-,-,-,-,-,-,-,-,-,-,-,-,-,-,-,-,-,-,-,-,-,-
prj_Team Site-731056,Cloud domain: 7rkd12.onmicrosoft.com,Cloud container: Default Group / Team / Engage community container,Cloud,prj_teamsite-731056@7rkd12.onmicrosoft.com,8/4/2026 4:34:28 PM,8/4/2026,prj_Team Site-731056,Microsoft 365 Group,Not connected,Off,-,Teams connected,No,No,Assigned,Private,No,User (no admin center access),https://7rkd12.sharepoint.com/teams/prj_teamsite-731056,0.00,0.00,None,Off,1,1,8/4/2026 6:28:29 PM,0aec4bf7-682b-47eb-ac0b-b9a07ee5b4f1,No,-,-,N/A,-,N/A,N/A,-,-,-,-,-,-,-,-,-,-,-,-,-,-,-,-,-,-,-,-,-,-,-,-,-,-,-,-,-,-,-,-,-,-,-,-,-,-,-,-,-,-,-,-,-,-,-
prj_Team Site-731057,Cloud domain: 7rkd12.onmicrosoft.com,Cloud container: Default Group / Team / Engage community container,Cloud,prj_teamsite-731057@7rkd12.onmicrosoft.com,8/4/2026 4:34:06 PM,8/4/2026,prj_Team Site-731057,Microsoft 365 Group,Not connected,Off,-,Teams connected,No,No,Assigned,Private,No,User (no admin center access),https://7rkd12.sharepoint.com/teams/prj_teamsite-731057,0.00,0.00,None,Off,1,1,8/4/2026 6:28:48 PM,038f941b-4923-46ae-9bf3-f840af55a822,No,-,-,N/A,-,N/A,N/A,-,-,-,-,-,-,-,-,-,-,-,-,-,-,-,-,-,-,-,-,-,-,-,-,-,-,-,-,-,-,-,-,-,-,-,-,-,-,-,-,-,-,-,-,-,-,-
prj_Team Site-731058,Cloud domain: 7rkd12.onmicrosoft.com,Cloud container: Default Group / Team / Engage community container,Cloud,prj_teamsite-731058@7rkd12.onmicrosoft.com,8/5/2026 2:13:06 PM,8/5/2026,prj_Team Site-731058,Microsoft 365 Group,Not connected,Off,-,Teams connected,No,No,Assigned,Private,No,User (no admin center access),https://7rkd12.sharepoint.com/teams/prj_teamsite-731058,0.00,0.00,None,Off,1,1,8/5/2026 4:28:53 PM,0f99f073-9778-41e1-ad5b-456b65868631,No,-,-,N/A,-,N/A,N/A,-,-,-,-,-,-,-,-,-,-,-,-,-,-,-,-,-,-,-,-,-,-,-,-,-,-,-,-,-,-,-,-,-,-,-,-,-,-,-,-,-,-,-,-,-,-,-
prj_Team Site-731059,Cloud domain: 7rkd12.onmicrosoft.com,Cloud container: Default Group / Team / Engage community container,Cloud,prj_teamsite-731059@7rkd12.onmicrosoft.com,8/4/2026 4:32:22 PM,8/4/2026,prj_Team Site-731059,Microsoft 365 Group,Not connected,Off,-,Teams connected,No,No,Assigned,Private,No,User (no admin center access),https://7rkd12.sharepoint.com/teams/prj_teamsite-731059,0.00,0.00,None,Off,1,1,8/4/2026 6:28:06 PM,6c898b67-3ebf-4ab5-9d0b-ed60595b9c51,No,-,-,N/A,-,N/A,N/A,-,-,-,-,-,-,-,-,-,-,-,-,-,-,-,-,-,-,-,-,-,-,-,-,-,-,-,-,-,-,-,-,-,-,-,-,-,-,-,-,-,-,-,-,-,-,-
prj_Team Site-731060,Cloud domain: 7rkd12.onmicrosoft.com,Cloud container: Default Group / Team / Engage community container,Cloud,prj_teamsite-731060@7rkd12.onmicrosoft.com,8/4/2026 4:31:53 PM,8/4/2026,prj_Team Site-731060,Microsoft 365 Group,Not connected,Off,-,Teams connected,No,No,Assigned,Private,No,User (no admin center access),https://7rkd12.sharepoint.com/teams/prj_teamsite-731060,0.00,0.00,None,Off,1,1,8/4/2026 6:27:47 PM,43f3e998-4f8c-49c8-95ae-b85c1453b104,No,-,-,N/A,-,N/A,N/A,-,-,-,-,-,-,-,-,-,-,-,-,-,-,-,-,-,-,-,-,-,-,-,-,-,-,-,-,-,-,-,-,-,-,-,-,-,-,-,-,-,-,-,-,-,-,-
prj_Team Site-731061,Cloud domain: 7rkd12.onmicrosoft.com,Cloud container: Default Group / Team / Engage community container,Cloud,prj_teamsite-731061@7rkd12.onmicrosoft.com,8/5/2026 2:11:17 PM,8/5/2026,prj_Team Site-731061,Microsoft 365 Group,Not connected,Off,-,Teams connected,No,No,Assigned,Private,No,User (no admin center access),https://7rkd12.sharepoint.com/teams/prj_teamsite-731061,0.00,0.00,None,Off,1,1,8/5/2026 4:27:20 PM,c5ebfa5d-4b14-41a8-ba94-4853df44c3ee,No,-,-,N/A,-,N/A,N/A,-,-,-,-,-,-,-,-,-,-,-,-,-,-,-,-,-,-,-,-,-,-,-,-,-,-,-,-,-,-,-,-,-,-,-,-,-,-,-,-,-,-,-,-,-,-,-
prj_Team Site-731062,Cloud domain: 7rkd12.onmicrosoft.com,Cloud container: Default Group / Team / Engage community container,Cloud,prj_teamsite-731062@7rkd12.onmicrosoft.com,8/4/2026 4:30:09 PM,8/4/2026,prj_Team Site-731062,Microsoft 365 Group,Not connected,Off,-,Teams connected,No,No,Assigned,Private,No,User (no admin center access),https://7rkd12.sharepoint.com/teams/prj_teamsite-731062,0.00,0.00,None,Off,1,1,8/4/2026 6:27:04 PM,9c5ec94b-7b49-4263-8032-4ec2ce35259a,No,-,-,N/A,-,N/A,N/A,-,-,-,-,-,-,-,-,-,-,-,-,-,-,-,-,-,-,-,-,-,-,-,-,-,-,-,-,-,-,-,-,-,-,-,-,-,-,-,-,-,-,-,-,-,-,-
prj_Team Site-731063,Cloud domain: 7rkd12.onmicrosoft.com,Cloud container: Default Group / Team / Engage community container,Cloud,prj_teamsite-731063@7rkd12.onmicrosoft.com,8/4/2026 4:29:46 PM,8/4/2026,prj_Team Site-731063,Microsoft 365 Group,Not connected,Off,-,Teams connected,No,No,Assigned,Private,No,User (no admin center access),https://7rkd12.sharepoint.com/teams/prj_teamsite-731063,0.00,0.00,None,Off,1,1,8/4/2026 6:26:43 PM,e0714ce8-7e50-4e2e-ae5f-bf93eda8eeeb,No,-,-,N/A,-,N/A,N/A,-,-,-,-,-,-,-,-,-,-,-,-,-,-,-,-,-,-,-,-,-,-,-,-,-,-,-,-,-,-,-,-,-,-,-,-,-,-,-,-,-,-,-,-,-,-,-
prj_Team Site-731064,Cloud domain: 7rkd12.onmicrosoft.com,Cloud container: Default Group / Team / Engage community container,Cloud,prj_teamsite-731064@7rkd12.onmicrosoft.com,8/4/2026 4:29:08 PM,8/4/2026,prj_Team Site-731064,Microsoft 365 Group,Not connected,Off,-,Teams connected,No,No,Assigned,Private,No,User (no admin center access),https://7rkd12.sharepoint.com/teams/prj_teamsite-731064,0.00,0.00,None,Off,1,1,8/4/2026 6:27:28 PM,61e6c292-e433-49bb-8ee9-0863da841490,No,-,-,N/A,-,N/A,N/A,-,-,-,-,-,-,-,-,-,-,-,-,-,-,-,-,-,-,-,-,-,-,-,-,-,-,-,-,-,-,-,-,-,-,-,-,-,-,-,-,-,-,-,-,-,-,-
prj_Team Site-731065,Cloud domain: 7rkd12.onmicrosoft.com,Cloud container: Default Group / Team / Engage community container,Cloud,prj_teamsite-731065@7rkd12.onmicrosoft.com,8/5/2026 2:09:37 PM,8/5/2026,prj_Team Site-731065,Microsoft 365 Group,Not connected,Off,-,Teams connected,No,No,Assigned,Private,No,User (no admin center access),https://7rkd12.sharepoint.com/teams/prj_teamsite-731065,0.00,0.00,None,Off,1,1,8/5/2026 4:26:56 PM,fd0794c4-2589-4eb7-ac1b-5978d4022687,No,-,-,N/A,-,N/A,N/A,-,-,-,-,-,-,-,-,-,-,-,-,-,-,-,-,-,-,-,-,-,-,-,-,-,-,-,-,-,-,-,-,-,-,-,-,-,-,-,-,-,-,-,-,-,-,-
prj_Team Site-731066,Cloud domain: 7rkd12.onmicrosoft.com,Cloud container: Default Group / Team / Engage community container,Cloud,prj_teamsite-731066@7rkd12.onmicrosoft.com,8/4/2026 4:27:19 PM,8/4/2026,prj_Team Site-731066,Microsoft 365 Group,Not connected,Off,-,Teams connected,No,No,Assigned,Private,No,User (no admin center access),https://7rkd12.sharepoint.com/teams/prj_teamsite-731066,0.00,0.00,None,Off,1,1,8/4/2026 6:26:25 PM,75ddb6de-42aa-4364-bdbe-e3e6dde174a2,No,-,-,N/A,-,N/A,N/A,-,-,-,-,-,-,-,-,-,-,-,-,-,-,-,-,-,-,-,-,-,-,-,-,-,-,-,-,-,-,-,-,-,-,-,-,-,-,-,-,-,-,-,-,-,-,-
prj_Team Site-731067,Cloud domain: 7rkd12.onmicrosoft.com,Cloud container: Default Group / Team / Engage community container,Cloud,prj_teamsite-731067@7rkd12.onmicrosoft.com,8/4/2026 4:26:16 PM,8/4/2026,prj_Team Site-731067,Microsoft 365 Group,Not connected,Off,-,Teams connected,No,No,Assigned,Private,No,User (no admin center access),https://7rkd12.sharepoint.com/teams/prj_teamsite-731067,0.00,0.00,None,Off,1,1,8/4/2026 6:25:42 PM,65a23f66-b024-4da9-9366-97f102273d8a,No,-,-,N/A,-,N/A,N/A,-,-,-,-,-,-,-,-,-,-,-,-,-,-,-,-,-,-,-,-,-,-,-,-,-,-,-,-,-,-,-,-,-,-,-,-,-,-,-,-,-,-,-,-,-,-,-
prj_Team Site-731068,Cloud domain: 7rkd12.onmicrosoft.com,Cloud container: Default Group / Team / Engage community container,Cloud,prj_teamsite-731068@7rkd12.onmicrosoft.com,8/4/2026 4:26:49 PM,8/4/2026,prj_Team Site-731068,Microsoft 365 Group,Not connected,Off,-,Teams connected,No,No,Assigned,Private,No,User (no admin center access),https://7rkd12.sharepoint.com/teams/prj_teamsite-731068,0.00,0.00,None,Off,1,1,8/4/2026 6:26:01 PM,60d0fe0c-1a6a-4290-b068-daaf538193ac,No,-,-,N/A,-,N/A,N/A,-,-,-,-,-,-,-,-,-,-,-,-,-,-,-,-,-,-,-,-,-,-,-,-,-,-,-,-,-,-,-,-,-,-,-,-,-,-,-,-,-,-,-,-,-,-,-
prj_Team Site-731069,Cloud domain: 7rkd12.onmicrosoft.com,Cloud container: Default Group / Team / Engage community container,Cloud,prj_teamsite-731069@7rkd12.onmicrosoft.com,8/4/2026 4:25:39 PM,8/4/2026,prj_Team Site-731069,Microsoft 365 Group,Not connected,Off,-,Teams connected,No,No,Assigned,Private,No,User (no admin center access),https://7rkd12.sharepoint.com/teams/prj_teamsite-731069,0.00,0.00,None,Off,1,1,8/4/2026 6:25:19 PM,61df17d2-1370-4b55-853a-3a6d4a20e4bd,No,-,-,N/A,-,N/A,N/A,-,-,-,-,-,-,-,-,-,-,-,-,-,-,-,-,-,-,-,-,-,-,-,-,-,-,-,-,-,-,-,-,-,-,-,-,-,-,-,-,-,-,-,-,-,-,-
prj_Team Site-731070,Cloud domain: 7rkd12.onmicrosoft.com,Cloud container: Default Group / Team / Engage community container,Cloud,prj_teamsite-731070@7rkd12.onmicrosoft.com,8/5/2026 2:07:55 PM,8/5/2026,prj_Team Site-731070,Microsoft 365 Group,Not connected,Off,-,Teams connected,No,No,Assigned,Private,No,User (no admin center access),https://7rkd12.sharepoint.com/teams/prj_teamsite-731070,0.00,0.00,None,Off,1,1,8/5/2026 4:26:07 PM,8d56c052-7c77-4fe8-9429-8089895e8a65,No,-,-,N/A,-,N/A,N/A,-,-,-,-,-,-,-,-,-,-,-,-,-,-,-,-,-,-,-,-,-,-,-,-,-,-,-,-,-,-,-,-,-,-,-,-,-,-,-,-,-,-,-,-,-,-,-
prj_Team Site-731071,Cloud domain: 7rkd12.onmicrosoft.com,Cloud container: Default Group / Team / Engage community container,Cloud,prj_teamsite-731071@7rkd12.onmicrosoft.com,8/4/2026 4:23:54 PM,8/4/2026,prj_Team Site-731071,Microsoft 365 Group,Not connected,Off,-,Teams connected,No,No,Assigned,Private,No,User (no admin center access),https://7rkd12.sharepoint.com/teams/prj_teamsite-731071,0.00,0.00,None,Off,1,1,8/4/2026 6:25:00 PM,a8804922-6be5-4667-bc0e-8ea44bf56dfa,No,-,-,N/A,-,N/A,N/A,-,-,-,-,-,-,-,-,-,-,-,-,-,-,-,-,-,-,-,-,-,-,-,-,-,-,-,-,-,-,-,-,-,-,-,-,-,-,-,-,-,-,-,-,-,-,-
prj_Team Site-731072,Cloud domain: 7rkd12.onmicrosoft.com,Cloud container: Default Group / Team / Engage community container,Cloud,prj_teamsite-731072@7rkd12.onmicrosoft.com,8/4/2026 4:23:22 PM,8/4/2026,prj_Team Site-731072,Microsoft 365 Group,Not connected,Off,-,Teams connected,No,No,Assigned,Private,No,User (no admin center access),https://7rkd12.sharepoint.com/teams/prj_teamsite-731072,0.00,0.00,None,Off,1,1,8/4/2026 6:24:17 PM,fd6b486c-c36a-40db-a0c6-2bcc33ab8a43,No,-,-,N/A,-,N/A,N/A,-,-,-,-,-,-,-,-,-,-,-,-,-,-,-,-,-,-,-,-,-,-,-,-,-,-,-,-,-,-,-,-,-,-,-,-,-,-,-,-,-,-,-,-,-,-,-
prj_Team Site-731073,Cloud domain: 7rkd12.onmicrosoft.com,Cloud container: Default Group / Team / Engage community container,Cloud,prj_teamsite-731073@7rkd12.onmicrosoft.com,8/4/2026 4:22:52 PM,8/4/2026,prj_Team Site-731073,Microsoft 365 Group,Not connected,Off,-,Teams connected,No,No,Assigned,Private,No,User (no admin center access),https://7rkd12.sharepoint.com/teams/prj_teamsite-731073,0.00,0.00,None,Off,1,1,8/4/2026 6:24:37 PM,441f6a13-5da2-4d28-868a-2f5c99fee9d4,No,-,-,N/A,-,N/A,N/A,-,-,-,-,-,-,-,-,-,-,-,-,-,-,-,-,-,-,-,-,-,-,-,-,-,-,-,-,-,-,-,-,-,-,-,-,-,-,-,-,-,-,-,-,-,-,-
prj_Team Site-731074,Cloud domain: 7rkd12.onmicrosoft.com,Cloud container: Default Group / Team / Engage community container,Cloud,prj_teamsite-731074@7rkd12.onmicrosoft.com,8/4/2026 4:22:24 PM,8/4/2026,prj_Team Site-731074,Microsoft 365 Group,Not connected,Off,-,Teams connected,No,No,Assigned,Private,No,User (no admin center access),https://7rkd12.sharepoint.com/teams/prj_teamsite-731074,0.00,0.00,None,Off,1,1,8/4/2026 6:23:56 PM,9798485b-00a8-44e1-9839-3f635f439374,No,-,-,N/A,-,N/A,N/A,-,-,-,-,-,-,-,-,-,-,-,-,-,-,-,-,-,-,-,-,-,-,-,-,-,-,-,-,-,-,-,-,-,-,-,-,-,-,-,-,-,-,-,-,-,-,-
prj_Team Site-731075,Cloud domain: 7rkd12.onmicrosoft.com,Cloud container: Default Group / Team / Engage community container,Cloud,prj_teamsite-731075@7rkd12.onmicrosoft.com,8/4/2026 4:21:48 PM,8/4/2026,prj_Team Site-731075,Microsoft 365 Group,Not connected,Off,-,Teams connected,No,No,Assigned,Private,No,User (no admin center access),https://7rkd12.sharepoint.com/teams/prj_teamsite-731075,0.00,0.00,None,Off,1,1,8/4/2026 6:23:13 PM,a767a5fd-09bb-409b-87ac-38159eb7333a,No,-,-,N/A,-,N/A,N/A,-,-,-,-,-,-,-,-,-,-,-,-,-,-,-,-,-,-,-,-,-,-,-,-,-,-,-,-,-,-,-,-,-,-,-,-,-,-,-,-,-,-,-,-,-,-,-
prj_Team Site-731076,Cloud domain: 7rkd12.onmicrosoft.com,Cloud container: Default Group / Team / Engage community container,Cloud,prj_teamsite-731076@7rkd12.onmicrosoft.com,8/4/2026 4:20:51 PM,8/4/2026,prj_Team Site-731076,Microsoft 365 Group,Not connected,Off,-,Teams connected,No,No,Assigned,Private,No,User (no admin center access),https://7rkd12.sharepoint.com/teams/prj_teamsite-731076,0.00,0.00,None,Off,1,1,8/4/2026 6:21:34 PM,cdbe2477-bbd4-4025-a887-391cf3ce7cac,No,-,-,N/A,-,N/A,N/A,-,-,-,-,-,-,-,-,-,-,-,-,-,-,-,-,-,-,-,-,-,-,-,-,-,-,-,-,-,-,-,-,-,-,-,-,-,-,-,-,-,-,-,-,-,-,-
prj_Team Site-731077,Cloud domain: 7rkd12.onmicrosoft.com,Cloud container: Default Group / Team / Engage community container,Cloud,prj_teamsite-731077@7rkd12.onmicrosoft.com,8/4/2026 4:21:16 PM,8/4/2026,prj_Team Site-731077,Microsoft 365 Group,Not connected,Off,-,Teams connected,No,No,Assigned,Private,No,User (no admin center access),https://7rkd12.sharepoint.com/teams/prj_teamsite-731077,0.00,0.00,None,Off,1,1,8/4/2026 6:23:35 PM,feb45c92-02ec-484a-a3b5-2bf113035009,No,-,-,N/A,-,N/A,N/A,-,-,-,-,-,-,-,-,-,-,-,-,-,-,-,-,-,-,-,-,-,-,-,-,-,-,-,-,-,-,-,-,-,-,-,-,-,-,-,-,-,-,-,-,-,-,-
prj_Team Site-731078,Cloud domain: 7rkd12.onmicrosoft.com,Cloud container: Default Group / Team / Engage community container,Cloud,prj_teamsite-731078@7rkd12.onmicrosoft.com,8/4/2026 4:20:27 PM,8/4/2026,prj_Team Site-731078,Microsoft 365 Group,Not connected,Off,-,Teams connected,No,No,Assigned,Private,No,User (no admin center access),https://7rkd12.sharepoint.com/teams/prj_teamsite-731078,0.00,0.00,None,Off,1,1,8/4/2026 6:21:55 PM,d3e55b0d-8965-4ee6-9a98-90f3446107b1,No,-,-,N/A,-,N/A,N/A,-,-,-,-,-,-,-,-,-,-,-,-,-,-,-,-,-,-,-,-,-,-,-,-,-,-,-,-,-,-,-,-,-,-,-,-,-,-,-,-,-,-,-,-,-,-,-
prj_Team Site-731079,Cloud domain: 7rkd12.onmicrosoft.com,Cloud container: Default Group / Team / Engage community container,Cloud,prj_teamsite-731079@7rkd12.onmicrosoft.com,8/4/2026 4:19:56 PM,8/4/2026,prj_Team Site-731079,Microsoft 365 Group,Not connected,Off,-,Teams connected,No,No,Assigned,Private,No,User (no admin center access),https://7rkd12.sharepoint.com/teams/prj_teamsite-731079,0.00,0.00,None,Off,1,1,8/4/2026 6:21:15 PM,b4072173-3a0a-49af-882f-29d6fb5f46cd,No,-,-,N/A,-,N/A,N/A,-,-,-,-,-,-,-,-,-,-,-,-,-,-,-,-,-,-,-,-,-,-,-,-,-,-,-,-,-,-,-,-,-,-,-,-,-,-,-,-,-,-,-,-,-,-,-
prj_Team Site-731080,Cloud domain: 7rkd12.onmicrosoft.com,Cloud container: Default Group / Team / Engage community container,Cloud,prj_teamsite-731080@7rkd12.onmicrosoft.com,8/5/2026 2:06:16 PM,8/5/2026,prj_Team Site-731080,Microsoft 365 Group,Not connected,Off,-,Teams connected,No,No,Assigned,Private,No,User (no admin center access),https://7rkd12.sharepoint.com/teams/prj_teamsite-731080,0.00,0.00,None,Off,1,1,8/5/2026 4:25:48 PM,359a7493-66e6-4b4f-9d1d-e54c5e1d7d5d,No,-,-,N/A,-,N/A,N/A,-,-,-,-,-,-,-,-,-,-,-,-,-,-,-,-,-,-,-,-,-,-,-,-,-,-,-,-,-,-,-,-,-,-,-,-,-,-,-,-,-,-,-,-,-,-,-
prj_Team Site-731081,Cloud domain: 7rkd12.onmicrosoft.com,Cloud container: Default Group / Team / Engage community container,Cloud,prj_teamsite-731081@7rkd12.onmicrosoft.com,8/4/2026 4:18:15 PM,8/4/2026,prj_Team Site-731081,Microsoft 365 Group,Not connected,Off,-,Teams connected,No,No,Assigned,Private,No,User (no admin center access),https://7rkd12.sharepoint.com/teams/prj_teamsite-731081,0.00,0.00,None,Off,1,1,8/4/2026 6:22:17 PM,6e82ecdf-c32e-44ff-b55d-1e8e37efcffc,No,-,-,N/A,-,N/A,N/A,-,-,-,-,-,-,-,-,-,-,-,-,-,-,-,-,-,-,-,-,-,-,-,-,-,-,-,-,-,-,-,-,-,-,-,-,-,-,-,-,-,-,-,-,-,-,-
prj_Team Site-731082,Cloud domain: 7rkd12.onmicrosoft.com,Cloud container: Default Group / Team / Engage community container,Cloud,prj_teamsite-731082@7rkd12.onmicrosoft.com,8/4/2026 4:17:51 PM,8/4/2026,prj_Team Site-731082,Microsoft 365 Group,Not connected,Off,-,Teams connected,No,No,Assigned,Private,No,User (no admin center access),https://7rkd12.sharepoint.com/teams/prj_teamsite-731082,0.00,0.00,None,Off,1,1,8/4/2026 6:22:35 PM,57b5e62e-4356-4564-9ce2-84b0e8835ad6,No,-,-,N/A,-,N/A,N/A,-,-,-,-,-,-,-,-,-,-,-,-,-,-,-,-,-,-,-,-,-,-,-,-,-,-,-,-,-,-,-,-,-,-,-,-,-,-,-,-,-,-,-,-,-,-,-
prj_Team Site-731083,Cloud domain: 7rkd12.onmicrosoft.com,Cloud container: Default Group / Team / Engage community container,Cloud,prj_teamsite-731083@7rkd12.onmicrosoft.com,8/4/2026 4:17:15 PM,8/4/2026,prj_Team Site-731083,Microsoft 365 Group,Not connected,Off,-,Teams connected,No,No,Assigned,Private,No,User (no admin center access),https://7rkd12.sharepoint.com/teams/prj_teamsite-731083,0.00,0.00,None,Off,1,1,8/4/2026 6:22:53 PM,a43591c5-0aae-4aee-9d36-4e8643ca8651,No,-,-,N/A,-,N/A,N/A,-,-,-,-,-,-,-,-,-,-,-,-,-,-,-,-,-,-,-,-,-,-,-,-,-,-,-,-,-,-,-,-,-,-,-,-,-,-,-,-,-,-,-,-,-,-,-
prj_Team Site-731084,Cloud domain: 7rkd12.onmicrosoft.com,Cloud container: Default Group / Team / Engage community container,Cloud,prj_teamsite-731084@7rkd12.onmicrosoft.com,8/5/2026 2:04:34 PM,8/5/2026,prj_Team Site-731084,Microsoft 365 Group,Not connected,Off,-,Teams connected,No,No,Assigned,Private,No,User (no admin center access),https://7rkd12.sharepoint.com/teams/prj_teamsite-731084,0.00,0.00,None,Off,1,1,8/5/2026 4:24:44 PM,03b3ff78-017a-42af-988d-8ad35c570097,No,-,-,N/A,-,N/A,N/A,-,-,-,-,-,-,-,-,-,-,-,-,-,-,-,-,-,-,-,-,-,-,-,-,-,-,-,-,-,-,-,-,-,-,-,-,-,-,-,-,-,-,-,-,-,-,-
prj_Team Site-731085,Cloud domain: 7rkd12.onmicrosoft.com,Cloud container: Default Group / Team / Engage community container,Cloud,prj_teamsite-731085@7rkd12.onmicrosoft.com,8/5/2026 2:02:53 PM,8/5/2026,prj_Team Site-731085,Microsoft 365 Group,Not connected,Off,-,Teams connected,No,No,Assigned,Private,No,User (no admin center access),https://7rkd12.sharepoint.com/teams/prj_teamsite-731085,0.00,0.00,None,Off,1,1,8/5/2026 4:23:43 PM,a49e6291-48c1-41e1-87e1-d8d642165877,No,-,-,N/A,-,N/A,N/A,-,-,-,-,-,-,-,-,-,-,-,-,-,-,-,-,-,-,-,-,-,-,-,-,-,-,-,-,-,-,-,-,-,-,-,-,-,-,-,-,-,-,-,-,-,-,-
prj_Team Site-731086,Cloud domain: 7rkd12.onmicrosoft.com,Cloud container: Default Group / Team / Engage community container,Cloud,prj_teamsite-731086@7rkd12.onmicrosoft.com,8/4/2026 4:14:14 PM,8/4/2026,prj_Team Site-731086,Microsoft 365 Group,Not connected,Off,-,Teams connected,No,No,Assigned,Private,No,User (no admin center access),https://7rkd12.sharepoint.com/teams/prj_teamsite-731086,0.00,0.00,None,Off,1,1,8/4/2026 6:20:55 PM,64eb279c-e54c-4f17-9391-165fccfd2b79,No,-,-,N/A,-,N/A,N/A,-,-,-,-,-,-,-,-,-,-,-,-,-,-,-,-,-,-,-,-,-,-,-,-,-,-,-,-,-,-,-,-,-,-,-,-,-,-,-,-,-,-,-,-,-,-,-
prj_Team Site-731087,Cloud domain: 7rkd12.onmicrosoft.com,Cloud container: Default Group / Team / Engage community container,Cloud,prj_teamsite-731087@7rkd12.onmicrosoft.com,8/5/2026 2:01:11 PM,8/5/2026,prj_Team Site-731087,Microsoft 365 Group,Not connected,Off,-,Teams connected,No,No,Assigned,Private,No,User (no admin center access),https://7rkd12.sharepoint.com/teams/prj_teamsite-731087,0.00,0.00,None,Off,1,1,8/5/2026 4:24:26 PM,648e89a6-4ad7-4dc2-98c5-bf2c52b17883,No,-,-,N/A,-,N/A,N/A,-,-,-,-,-,-,-,-,-,-,-,-,-,-,-,-,-,-,-,-,-,-,-,-,-,-,-,-,-,-,-,-,-,-,-,-,-,-,-,-,-,-,-,-,-,-,-
prj_Team Site-731088,Cloud domain: 7rkd12.onmicrosoft.com,Cloud container: Default Group / Team / Engage community container,Cloud,prj_teamsite-731088@7rkd12.onmicrosoft.com,8/4/2026 4:12:16 PM,8/4/2026,prj_Team Site-731088,Microsoft 365 Group,Not connected,Off,-,Teams connected,No,No,Assigned,Private,No,User (no admin center access),https://7rkd12.sharepoint.com/teams/prj_teamsite-731088,0.00,0.00,None,Off,1,1,8/4/2026 6:20:14 PM,02dc2ad1-bfe4-48e7-8db7-c4d4d9b6f53d,No,-,-,N/A,-,N/A,N/A,-,-,-,-,-,-,-,-,-,-,-,-,-,-,-,-,-,-,-,-,-,-,-,-,-,-,-,-,-,-,-,-,-,-,-,-,-,-,-,-,-,-,-,-,-,-,-
prj_Team Site-731089,Cloud domain: 7rkd12.onmicrosoft.com,Cloud container: Default Group / Team / Engage community container,Cloud,prj_teamsite-731089@7rkd12.onmicrosoft.com,8/4/2026 4:11:37 PM,8/4/2026,prj_Team Site-731089,Microsoft 365 Group,Not connected,Off,-,Teams connected,No,No,Assigned,Private,No,User (no admin center access),https://7rkd12.sharepoint.com/teams/prj_teamsite-731089,0.00,0.00,None,Off,1,1,8/4/2026 6:19:52 PM,757ee2b3-c7bb-43ba-9439-5073e4fbd620,No,-,-,N/A,-,N/A,N/A,-,-,-,-,-,-,-,-,-,-,-,-,-,-,-,-,-,-,-,-,-,-,-,-,-,-,-,-,-,-,-,-,-,-,-,-,-,-,-,-,-,-,-,-,-,-,-
prj_Team Site-731090,Cloud domain: 7rkd12.onmicrosoft.com,Cloud container: Default Group / Team / Engage community container,Cloud,prj_teamsite-731090@7rkd12.onmicrosoft.com,8/5/2026 1:59:30 PM,8/5/2026,prj_Team Site-731090,Microsoft 365 Group,Not connected,Off,-,Teams connected,No,No,Assigned,Private,No,User (no admin center access),https://7rkd12.sharepoint.com/teams/prj_teamsite-731090,0.00,0.00,None,Off,1,1,8/5/2026 4:23:22 PM,003b4db7-a74b-4e1e-9276-8b872d7e8320,No,-,-,N/A,-,N/A,N/A,-,-,-,-,-,-,-,-,-,-,-,-,-,-,-,-,-,-,-,-,-,-,-,-,-,-,-,-,-,-,-,-,-,-,-,-,-,-,-,-,-,-,-,-,-,-,-
prj_Team Site-731091,Cloud domain: 7rkd12.onmicrosoft.com,Cloud container: Default Group / Team / Engage community container,Cloud,prj_teamsite-731091@7rkd12.onmicrosoft.com,8/5/2026 1:58:21 PM,8/5/2026,prj_Team Site-731091,Microsoft 365 Group,Not connected,Off,-,Teams connected,No,No,Assigned,Private,No,User (no admin center access),https://7rkd12.sharepoint.com/teams/prj_teamsite-731091,0.00,0.00,None,Off,1,1,8/5/2026 4:22:27 PM,41c23a98-03ac-4c4e-847d-a9d56813c80d,No,-,-,N/A,-,N/A,N/A,-,-,-,-,-,-,-,-,-,-,-,-,-,-,-,-,-,-,-,-,-,-,-,-,-,-,-,-,-,-,-,-,-,-,-,-,-,-,-,-,-,-,-,-,-,-,-
prj_Team Site-731092,Cloud domain: 7rkd12.onmicrosoft.com,Cloud container: Default Group / Team / Engage community container,Cloud,prj_teamsite-731092@7rkd12.onmicrosoft.com,8/4/2026 4:08:36 PM,8/4/2026,prj_Team Site-731092,Microsoft 365 Group,Not connected,Off,-,Teams connected,No,No,Assigned,Private,No,User (no admin center access),https://7rkd12.sharepoint.com/teams/prj_teamsite-731092,0.00,0.00,None,Off,1,1,8/4/2026 6:19:13 PM,0c2bf5c8-6dbb-4060-a57a-12eedc593762,No,-,-,N/A,-,N/A,N/A,-,-,-,-,-,-,-,-,-,-,-,-,-,-,-,-,-,-,-,-,-,-,-,-,-,-,-,-,-,-,-,-,-,-,-,-,-,-,-,-,-,-,-,-,-,-,-
prj_Team Site-731093,Cloud domain: 7rkd12.onmicrosoft.com,Cloud container: Default Group / Team / Engage community container,Cloud,prj_teamsite-731093@7rkd12.onmicrosoft.com,8/4/2026 4:08:00 PM,8/4/2026,prj_Team Site-731093,Microsoft 365 Group,Not connected,Off,-,Teams connected,No,No,Assigned,Private,No,User (no admin center access),https://7rkd12.sharepoint.com/teams/prj_teamsite-731093,0.00,0.00,None,Off,1,1,8/4/2026 6:18:52 PM,8784ebf7-7d5d-49e7-aabb-6064744012d2,No,-,-,N/A,-,N/A,N/A,-,-,-,-,-,-,-,-,-,-,-,-,-,-,-,-,-,-,-,-,-,-,-,-,-,-,-,-,-,-,-,-,-,-,-,-,-,-,-,-,-,-,-,-,-,-,-
prj_Team Site-731094,Cloud domain: 7rkd12.onmicrosoft.com,Cloud container: Default Group / Team / Engage community container,Cloud,prj_teamsite-731094@7rkd12.onmicrosoft.com,8/4/2026 4:07:29 PM,8/4/2026,prj_Team Site-731094,Microsoft 365 Group,Not connected,Off,-,Teams connected,No,No,Assigned,Private,No,User (no admin center access),https://7rkd12.sharepoint.com/teams/prj_teamsite-731094,0.00,0.00,None,Off,1,1,8/4/2026 6:18:10 PM,9174a35c-728e-4540-964b-ece47205aade,No,-,-,N/A,-,N/A,N/A,-,-,-,-,-,-,-,-,-,-,-,-,-,-,-,-,-,-,-,-,-,-,-,-,-,-,-,-,-,-,-,-,-,-,-,-,-,-,-,-,-,-,-,-,-,-,-
prj_Team Site-731095,Cloud domain: 7rkd12.onmicrosoft.com,Cloud container: Default Group / Team / Engage community container,Cloud,prj_teamsite-731095@7rkd12.onmicrosoft.com,8/4/2026 4:07:02 PM,8/4/2026,prj_Team Site-731095,Microsoft 365 Group,Not connected,Off,-,Teams connected,No,No,Assigned,Private,No,User (no admin center access),https://7rkd12.sharepoint.com/teams/prj_teamsite-731095,0.00,0.00,None,Off,1,1,8/4/2026 6:18:33 PM,046ec1d7-9ed4-44e4-8715-5930ce3eea47,No,-,-,N/A,-,N/A,N/A,-,-,-,-,-,-,-,-,-,-,-,-,-,-,-,-,-,-,-,-,-,-,-,-,-,-,-,-,-,-,-,-,-,-,-,-,-,-,-,-,-,-,-,-,-,-,-
prj_Team Site-731096,Cloud domain: 7rkd12.onmicrosoft.com,Cloud container: Default Group / Team / Engage community container,Cloud,prj_teamsite-731096@7rkd12.onmicrosoft.com,8/4/2026 4:06:34 PM,8/4/2026,prj_Team Site-731096,Microsoft 365 Group,Not connected,Off,-,Teams connected,No,No,Assigned,Private,No,User (no admin center access),https://7rkd12.sharepoint.com/teams/prj_teamsite-731096,0.00,0.00,None,Off,1,1,8/4/2026 6:17:51 PM,5058b601-e230-4864-89da-ae8f2b0d73ca,No,-,-,N/A,-,N/A,N/A,-,-,-,-,-,-,-,-,-,-,-,-,-,-,-,-,-,-,-,-,-,-,-,-,-,-,-,-,-,-,-,-,-,-,-,-,-,-,-,-,-,-,-,-,-,-,-
prj_Team Site-731097,Cloud domain: 7rkd12.onmicrosoft.com,Cloud container: Default Group / Team / Engage community container,Cloud,prj_teamsite-731097@7rkd12.onmicrosoft.com,8/4/2026 4:06:06 PM,8/4/2026,prj_Team Site-731097,Microsoft 365 Group,Not connected,Off,-,Teams connected,No,No,Assigned,Private,No,User (no admin center access),https://7rkd12.sharepoint.com/teams/prj_teamsite-731097,0.00,0.00,None,Off,1,1,8/4/2026 6:17:31 PM,14a8632a-c317-4d84-a5cc-4e549d1da159,No,-,-,N/A,-,N/A,N/A,-,-,-,-,-,-,-,-,-,-,-,-,-,-,-,-,-,-,-,-,-,-,-,-,-,-,-,-,-,-,-,-,-,-,-,-,-,-,-,-,-,-,-,-,-,-,-
prj_Team Site-731098,Cloud domain: 7rkd12.onmicrosoft.com,Cloud container: Default Group / Team / Engage community container,Cloud,prj_teamsite-731098@7rkd12.onmicrosoft.com,8/4/2026 4:05:32 PM,8/4/2026,prj_Team Site-731098,Microsoft 365 Group,Not connected,Off,-,Teams connected,No,No,Assigned,Private,No,User (no admin center access),https://7rkd12.sharepoint.com/teams/prj_teamsite-731098,0.00,0.00,None,Off,1,1,8/4/2026 6:16:22 PM,1eb3a7fd-e20e-4d1f-9461-ade781916ac1,No,-,-,N/A,-,N/A,N/A,-,-,-,-,-,-,-,-,-,-,-,-,-,-,-,-,-,-,-,-,-,-,-,-,-,-,-,-,-,-,-,-,-,-,-,-,-,-,-,-,-,-,-,-,-,-,-
prj_Team Site-731099,Cloud domain: 7rkd12.onmicrosoft.com,Cloud container: Default Group / Team / Engage community container,Cloud,prj_teamsite-731099@7rkd12.onmicrosoft.com,8/4/2026 4:04:21 PM,8/4/2026,prj_Team Site-731099,Microsoft 365 Group,Not connected,Off,-,Teams connected,No,No,Assigned,Private,No,User (no admin center access),https://7rkd12.sharepoint.com/teams/prj_teamsite-731099,0.00,0.00,None,Off,1,1,8/4/2026 6:16:46 PM,fb72085b-ac91-47a5-a054-b0222dfa5ba6,No,-,-,N/A,-,N/A,N/A,-,-,-,-,-,-,-,-,-,-,-,-,-,-,-,-,-,-,-,-,-,-,-,-,-,-,-,-,-,-,-,-,-,-,-,-,-,-,-,-,-,-,-,-,-,-,-
prj_Team Site-731100,Cloud domain: 7rkd12.onmicrosoft.com,Cloud container: Default Group / Team / Engage community container,Cloud,prj_teamsite-731100@7rkd12.onmicrosoft.com,8/4/2026 4:05:00 PM,8/4/2026,prj_Team Site-731100,Microsoft 365 Group,Not connected,Off,-,Teams connected,No,No,Assigned,Private,No,User (no admin center access),https://7rkd12.sharepoint.com/teams/prj_teamsite-731100,0.00,0.00,None,Off,1,1,8/4/2026 6:17:08 PM,b9b00275-934f-4733-94a3-aa5d65194e0e,No,-,-,N/A,-,N/A,N/A,-,-,-,-,-,-,-,-,-,-,-,-,-,-,-,-,-,-,-,-,-,-,-,-,-,-,-,-,-,-,-,-,-,-,-,-,-,-,-,-,-,-,-,-,-,-,-
prj_teams-1,Cloud domain: 7rkd12.onmicrosoft.com,Cloud container: Default Group / Team / Engage community container,Cloud,prj_teams-1@7rkd12.onmicrosoft.com,7/8/2026 11:40:12 AM,7/29/2026,prj_temp-001,Microsoft 365 Group,Not connected,On,-,Teams connected,No,No,Assigned,Private,No,User (no admin center access),https://7rkd12.sharepoint.com/sites/prj_teams-1,0.00,0.00,None,Off,2,2,7/8/2026 1:12:11 PM,29b94944-8d58-47a0-957b-878ed0135260,No,-,-,N/A,-,N/A,N/A,-,-,-,-,-,-,-,-,-,-,-,-,-,-,-,-,-,-,-,-,-,-,-,-,-,-,-,-,-,-,-,-,-,-,-,-,-,-,-,-,-,-,-,-,-,-,-
prj_teams-test,Cloud domain: 7rkd12.onmicrosoft.com,Cloud container: Default Group / Team / Engage community container,Cloud,prj_teams-test@7rkd12.onmicrosoft.com,7/8/2026 11:25:49 AM,7/8/2026,prj_teams-test,Microsoft 365 Group,Not connected,On,-,Teams connected,No,No,Assigned,Private,No,User (no admin center access),https://7rkd12.sharepoint.com/sites/prj_teams-test,0.00,0.00,None,Off,2,2,7/8/2026 11:32:16 AM,912fbcea-1419-4105-883b-33f9fb5b3b83,No,-,-,N/A,-,N/A,N/A,-,-,-,-,-,-,-,-,-,-,-,-,-,-,-,-,-,-,-,-,-,-,-,-,-,-,-,-,-,-,-,-,-,-,-,-,-,-,-,-,-,-,-,-,-,-,-
prj_temp-001,Cloud domain: 7rkd12.onmicrosoft.com,Cloud container: Default Group / Team / Engage community container,Cloud,prj_temp-001@7rkd12.onmicrosoft.com,7/7/2026 10:34:51 AM,7/8/2026,prj_temp-001,Microsoft 365 Group,Not connected,Off,-,Teams connected,No,No,Assigned,Private,No,User (no admin center access),https://7rkd12.sharepoint.com/teams/prj_temp-001,0.00,0.01,None,Off,3,3,7/7/2026 12:18:07 PM,648cca68-1e33-4a3d-9de6-d41d171e7be7,No,-,-,N/A,-,N/A,N/A,-,-,-,-,-,-,-,-,-,-,-,-,-,-,-,-,-,-,-,-,-,-,-,-,-,-,-,-,-,-,-,-,-,-,-,-,-,-,-,-,-,-,-,-,-,-,-
prj_temp-002,Cloud domain: 7rkd12.onmicrosoft.com,Cloud container: Default Group / Team / Engage community container,Cloud,prj_temp-002@7rkd12.onmicrosoft.com,7/8/2026 11:48:57 AM,-,prj_temp-002,Microsoft 365 Group,Not connected,Off,-,Teams not connected,No,No,Assigned,Private,No,User (no admin center access),https://7rkd12.sharepoint.com/teams/prj_temp-002,0.00,0.01,None,Off,1,1,7/8/2026 2:12:07 PM,cca1b7a1-2c24-4329-9eb9-8a70407983f8,No,-,-,N/A,-,N/A,N/A,-,-,-,-,-,-,-,-,-,-,-,-,-,-,-,-,-,-,-,-,-,-,-,-,-,-,-,-,-,-,-,-,-,-,-,-,-,-,-,-,-,-,-,-,-,-,-
prj_temp-003,Cloud domain: 7rkd12.onmicrosoft.com,Cloud container: Default Group / Team / Engage community container,Cloud,prj_temp-003@7rkd12.onmicrosoft.com,7/8/2026 11:55:01 AM,-,prj_temp-003,Microsoft 365 Group,Not connected,Off,-,Teams not connected,No,No,Assigned,Public,No,User (no admin center access),https://7rkd12.sharepoint.com/teams/prj_temp-003,0.00,0.01,None,Off,1,1,7/8/2026 2:12:29 PM,aae50268-3d67-4f45-9511-03638422035a,No,-,-,N/A,-,N/A,N/A,-,-,-,-,-,-,-,-,-,-,-,-,-,-,-,-,-,-,-,-,-,-,-,-,-,-,-,-,-,-,-,-,-,-,-,-,-,-,-,-,-,-,-,-,-,-,-
prj_temp-004,Cloud domain: 7rkd12.onmicrosoft.com,Cloud container: Default Group / Team / Engage community container,Cloud,prj_temp-004@7rkd12.onmicrosoft.com,7/7/2026 11:10:15 AM,7/7/2026,prj_temp-001,Microsoft 365 Group,Not connected,On,-,Teams connected,No,No,Assigned,Private,No,User (no admin center access),https://7rkd12.sharepoint.com/sites/prj_temp-004,0.00,0.00,None,Off,2,2,7/7/2026 11:17:50 AM,76633e47-eaf1-4f2d-8e54-e74384b95dee,No,-,-,N/A,-,N/A,N/A,-,-,-,-,-,-,-,-,-,-,-,-,-,-,-,-,-,-,-,-,-,-,-,-,-,-,-,-,-,-,-,-,-,-,-,-,-,-,-,-,-,-,-,-,-,-,-
project group site,Cloud domain: 7rkd12.onmicrosoft.com,Cloud container: Default Group / Team / Engage community container,Cloud,projectgroupsite@7rkd12.onmicrosoft.com,5/22/2026 1:26:16 PM,-,project group site,Microsoft 365 Group,Not connected,Off,-,Teams not connected,No,No,Assigned,Private,No,User (no admin center access),https://7rkd12.sharepoint.com/sites/projectgroupsite,0.00,0.00,None,Off,1,2,6/24/2026 10:51:41 AM,7e1bab6c-6fd3-4db7-900c-aaa70efed7eb,No,-,-,N/A,-,N/A,N/A,-,-,-,-,-,-,-,-,-,-,-,-,-,-,-,-,-,-,-,-,-,-,-,-,-,-,-,-,-,-,-,-,-,-,-,-,-,-,-,-,-,-,-,-,-,-,-
Project Group Site02,Cloud domain: 7rkd12.onmicrosoft.com,Cloud container: Default Group / Team / Engage community container,Cloud,ProjectSite02@7rkd12.onmicrosoft.com,3/2/2026 6:05:53 PM,7/22/2026,Project Site02,Microsoft 365 Group,Not connected,Off,-,Teams not connected,No,No,Assigned,Private,No,User (no admin center access),https://7rkd12.sharepoint.com/sites/projectsite02,0.00,0.17,None,Off,13,13,6/24/2026 10:51:40 AM,aa3e5cf1-bd52-4df2-b0ee-9fa7548745cf,Yes,Admin ADB (Admin@7rkd12.onmicrosoft.com),John Rick D. Navoa (AdaLu@7rkd12.onmicrosoft.com),Manually assigned,Claimed,None,None,In compliance,-,-,-,-,-,-,-,-,-,-,-,-,-,-,-,-,-,-,-,-,-,-,CGAdoption,-,-,-,-,-,-,-,-,-,-,-,-,-,-,-,-,-,-,-,-,-,-,-
Project Site03,Cloud domain: 7rkd12.onmicrosoft.com,Cloud container: Default Group / Team / Engage community container,Cloud,ProjectSite03@7rkd12.onmicrosoft.com,7/9/2026 1:20:01 PM,8/7/2026,Project Site03,Microsoft 365 Group,Not connected,Off,-,Teams not connected,No,No,Assigned,Private,No,User (no admin center access),https://7rkd12.sharepoint.com/sites/projectsite03,0.00,0.01,None,Off,14,14,7/9/2026 3:14:28 PM,4481266a-39a2-4113-8678-01ea4098b1be,No,-,-,N/A,-,N/A,N/A,-,-,-,-,-,-,-,-,-,-,-,-,-,-,-,-,-,-,-,-,-,-,-,-,-,-,-,-,-,-,-,-,-,-,-,-,-,-,-,-,-,-,-,-,-,-,-
Project1,Cloud domain: 7rkd12.onmicrosoft.com,Cloud container: Default Group / Team / Engage community container,Cloud,Project1@7rkd12.onmicrosoft.com,9/10/2024 11:45:07 AM,12/24/2024,Project 1,Microsoft 365 Group,Not connected,Off,-,Teams not connected,No,No,Assigned,Private,No,User (no admin center access),https://7rkd12.sharepoint.com/sites/Project1,0.00,0.00,None,Off,1,2,9/6/2025 8:08:55 AM,6b62b491-beb6-465a-9cc6-f60d095c88a1,No,-,-,N/A,-,N/A,N/A,-,-,-,-,-,-,-,-,-,-,-,-,-,-,-,-,-,-,-,-,-,-,-,-,-,-,-,-,-,-,-,-,-,-,-,-,-,-,-,-,-,-,-,-,-,-,-
Project3,Cloud domain: 7rkd12.onmicrosoft.com,Cloud container: Default Group / Team / Engage community container,Cloud,Project3@7rkd12.onmicrosoft.com,9/13/2024 11:35:39 AM,8/9/2026,Project3,Microsoft 365 Group,Not connected,Off,-,Teams not connected,No,No,Assigned,Public,No,User (no admin center access),https://7rkd12.sharepoint.com/sites/Project3,0.00,0.17,None,Off,1,3,9/6/2025 8:08:55 AM,0127d867-1b8d-48c8-9451-bdc2ce161882,No,-,-,N/A,-,N/A,N/A,-,-,-,-,-,-,-,-,-,-,-,-,-,-,-,-,-,-,-,-,-,-,-,-,-,-,-,-,-,-,-,-,-,-,-,-,-,-,-,-,-,-,-,-,-,-,-
R&D,Cloud domain: 7rkd12.onmicrosoft.com,Cloud container: Default security and distribution group container,Cloud,-,9/27/2024 2:59:52 PM,-,R&D user,Security group,Not connected,Off,-,Teams not connected,No,Yes,Dynamic user,-,No,User (no admin center access),-,N/A,0.00,None,Off,2,138,10/25/2024 8:06:36 AM,98467e41-8288-475b-b7dd-13843811376e,Yes,Admin ADB (Admin@7rkd12.onmicrosoft.com),,N/A,Claimed,group contact election,Group Renewal,Renewal overdue,Admin ADB,9/3/2025 3:10:02 PM,-,9/1/2026,-,-,-,-,-,-,-,-,-,-,-,-,-,-,-,-,-,-,-,-,-,-,-,-,-,-,-,-,-,-,-,-,-,-,-,-,-,-,-,-,-,-
R1.4 dev site,Cloud domain: 7rkd12.onmicrosoft.com,Cloud container: Default Group / Team / Engage community container,Cloud,R1.4devsite@7rkd12.onmicrosoft.com,1/23/2026 3:15:15 PM,6/11/2026,R1.4 dev site,Microsoft 365 Group,Not connected,Off,-,Teams not connected,No,No,Assigned,Private,No,User (no admin center access),https://7rkd12.sharepoint.com/sites/org_csd_1.4devsite,0.00,0.4,None,Off,13,12,1/23/2026 5:08:53 PM,272b506e-6d3b-413a-bcd1-61820c075759,Yes,Bonnie Test (BonnieTest@7rkd12.onmicrosoft.com),Admin ADB (Admin@7rkd12.onmicrosoft.com),Manually assigned,Claimed,None,None,In compliance,-,-,-,-,-,-,-,-,-,-,-,-,-,-,-,-,-,-,-,-,-,-,CGAdoption,-,-,-,-,-,-,-,-,-,-,-,-,-,-,-,-,-,-,-,-,-,-,-
RAC Team,Cloud domain: 7rkd12.onmicrosoft.com,Cloud container: Default Group / Team / Engage community container,Cloud,RACteam@7rkd12.onmicrosoft.com,2/12/2025 9:26:26 AM,5/1/2026,RAC Team,Microsoft 365 Group,Not connected,Off,-,Teams connected,No,No,Assigned,Public,No,User (no admin center access),https://7rkd12.sharepoint.com/sites/RACteam,0.00,0.00,None,On,1,3,9/6/2025 8:08:55 AM,33745f42-a631-41f1-9cf3-ef13c86f2a94,No,-,-,N/A,-,N/A,N/A,-,-,-,-,-,-,-,-,-,-,-,-,-,-,-,-,-,-,-,-,-,-,-,-,-,-,-,-,-,-,-,-,-,-,-,-,-,-,-,-,-,-,-,-,-,-,-
Records and Archive Team,Cloud domain: 7rkd12.onmicrosoft.com,Cloud container: Default security and distribution group container,Cloud,rac_team@7rkd12.onmicrosoft.com,8/22/2025 3:06:49 PM,-,records,Distribution group,Not connected,Off,-,Teams not connected,No,No,Assigned,-,No,User (no admin center access),-,N/A,0.00,None,On,1,5,8/22/2025 5:08:20 PM,0be7e5cb-92a8-4a92-b650-4f6cc0195a0a,No,-,-,N/A,-,N/A,N/A,-,-,-,-,-,-,-,-,-,-,-,-,-,-,-,-,-,-,-,-,-,-,-,-,-,-,-,-,-,-,-,-,-,-,-,-,-,-,-,-,-,-,-,-,-,-,-
Retail,Cloud domain: 7rkd12.onmicrosoft.com,Cloud container: Default Group / Team / Engage community container,Cloud,Retail@7rkd12.onmicrosoft.com,5/17/2024 3:32:49 PM,8/3/2026,Description of Retail,Microsoft 365 Group,Not connected,On,-,Teams connected,No,No,Assigned,Public,No,User (no admin center access),https://7rkd12.sharepoint.com/sites/Retail,0.00,0.00,None,Off,1,14,9/6/2025 8:08:55 AM,da0f0569-af90-4107-813c-d46d2668c53a,No,-,-,N/A,-,N/A,N/A,-,-,-,-,-,-,-,-,-,-,-,-,-,-,-,-,-,-,-,-,-,-,-,-,-,-,-,-,-,-,-,-,-,-,-,-,-,-,-,-,-,-,-,-,-,-,-
RetentionLabelTest,Cloud domain: 7rkd12.onmicrosoft.com,Cloud container: Default Group / Team / Engage community container,Cloud,RetentionLabelTest@7rkd12.onmicrosoft.com,11/27/2024 9:54:43 PM,4/23/2026,RetentionLabelTest,Microsoft 365 Group,Not connected,Off,-,Teams not connected,No,No,Assigned,Private,No,User (no admin center access),https://7rkd12.sharepoint.com/sites/RetentionLabelTest,0.00,0.00,None,Off,1,2,9/6/2025 8:08:55 AM,f8861df8-aa86-4340-9055-cdb055cc9ff1,No,-,-,N/A,-,N/A,N/A,-,-,-,-,-,-,-,-,-,-,-,-,-,-,-,-,-,-,-,-,-,-,-,-,-,-,-,-,-,-,-,-,-,-,-,-,-,-,-,-,-,-,-,-,-,-,-
Sales and Marketing,Cloud domain: 7rkd12.onmicrosoft.com,Cloud container: Default Group / Team / Engage community container,Cloud,SalesandMarketing@7rkd12.onmicrosoft.com,5/17/2024 3:34:06 PM,5/7/2026,Description of Sales and Marketing,Microsoft 365 Group,Not connected,On,-,Teams connected,No,No,Assigned,Public,No,User (no admin center access),https://7rkd12.sharepoint.com/sites/SalesandMarketing,0.00,0.00,None,Off,3,16,9/6/2025 8:08:55 AM,391b97b2-e200-49f2-b0ff-b8209eea457b,No,-,-,N/A,-,N/A,N/A,-,-,-,-,-,-,-,-,-,-,-,-,-,-,-,-,-,-,-,-,-,-,-,-,-,-,-,-,-,-,-,-,-,-,-,-,-,-,-,-,-,-,-,-,-,-,-
Sales and Marketing (FLY),Cloud domain: 7rkd12.onmicrosoft.com,Cloud container: Default Group / Team / Engage community container,Cloud,SalesAndMarketingfly@7rkd12.onmicrosoft.com,7/4/2024 11:47:24 AM,5/7/2026,Sales and Marketing,Microsoft 365 Group,Not connected,Off,-,Teams connected,No,No,Assigned,Public,No,User (no admin center access),https://7rkd12.sharepoint.com/sites/SalesAndMarketingfly,0.00,0.02,None,Off,3,9,9/6/2025 8:08:55 AM,c0cec185-9583-417b-91ff-154a7c982da2,No,-,-,N/A,-,N/A,N/A,-,-,-,-,-,-,-,-,-,-,-,-,-,-,-,-,-,-,-,-,-,-,-,-,-,-,-,-,-,-,-,-,-,-,-,-,-,-,-,-,-,-,-,-,-,-,-
Sample Team Site,Cloud domain: 7rkd12.onmicrosoft.com,Cloud container: Default Group / Team / Engage community container,Cloud,SampleTeamSite@7rkd12.onmicrosoft.com,5/17/2024 7:26:35 PM,-,Sample Team Site,Microsoft 365 Group,Not connected,Off,-,Teams not connected,No,No,Assigned,Public,No,User (no admin center access),https://7rkd12.sharepoint.com/sites/SampleTeamSite,0.00,0.00,None,Off,1,1,9/6/2025 8:08:55 AM,35b8d528-9a6b-4512-9a60-6b18ee49c8f0,No,-,-,N/A,-,N/A,N/A,-,-,-,-,-,-,-,-,-,-,-,-,-,-,-,-,-,-,-,-,-,-,-,-,-,-,-,-,-,-,-,-,-,-,-,-,-,-,-,-,-,-,-,-,-,-,-
security group,Cloud domain: 7rkd12.onmicrosoft.com,Cloud container: Default security and distribution group container,Cloud,-,5/4/2026 8:10:10 PM,-,security group,Security group,Not connected,Off,-,Teams not connected,No,Yes,Assigned,Private,Yes,User (no admin center access),-,N/A,0.00,None,Off,0,1,6/24/2026 10:51:40 AM,c601bba2-befc-400e-b86e-e28c7002f055,No,-,-,N/A,-,N/A,N/A,-,-,-,-,-,-,-,-,-,-,-,-,-,-,-,-,-,-,-,-,-,-,-,-,-,-,-,-,-,-,-,-,-,-,-,-,-,-,-,-,-,-,-,-,-,-,-
Security group 1,Cloud domain: 7rkd12.onmicrosoft.com,Cloud container: Default security and distribution group container,Cloud,-,9/16/2024 7:43:14 PM,-,-,Security group,Not connected,Off,-,Teams not connected,No,Yes,Assigned,-,No,User (no admin center access),-,N/A,0.00,None,Off,2,3,10/25/2024 8:06:36 AM,f9b716fa-ee15-4554-8cf0-46020cd9604e,Yes,Admin ADB (Admin@7rkd12.onmicrosoft.com),,N/A,Claimed,group contact election,Group Renewal,Renewal overdue,Admin ADB,9/3/2025 7:53:18 PM,-,9/1/2026,-,-,-,-,-,-,-,-,-,-,-,-,-,-,-,-,-,-,-,-,-,-,-,-,-,-,-,-,-,-,-,-,-,-,-,-,-,-,-,-,-,-
SecurityGroup,Cloud domain: 7rkd12.onmicrosoft.com,Cloud container: Default security and distribution group container,Cloud,-,5/4/2026 10:45:05 AM,-,SecurityGroup,Security group,Not connected,Off,-,Teams not connected,No,Yes,Assigned,Private,Yes,User (no admin center access),-,N/A,0.00,None,Off,1,1,6/24/2026 10:51:41 AM,8a77a313-7012-41b0-bed0-238e645a836b,No,-,-,N/A,-,N/A,N/A,-,-,-,-,-,-,-,-,-,-,-,-,-,-,-,-,-,-,-,-,-,-,-,-,-,-,-,-,-,-,-,-,-,-,-,-,-,-,-,-,-,-,-,-,-,-,-
SensitivityLabelTest,Cloud domain: 7rkd12.onmicrosoft.com,Cloud container: Default Group / Team / Engage community container,Cloud,SensitivityLabelTest@7rkd12.onmicrosoft.com,11/27/2024 9:53:48 PM,7/15/2025,SensitivityLabelTest,Microsoft 365 Group,Not connected,Off,-,Teams not connected,No,No,Assigned,Public,No,User (no admin center access),https://7rkd12.sharepoint.com/sites/SensitivityLabelTest,0.00,0.00,None,Off,1,1,9/6/2025 8:08:55 AM,42c9bdb3-6799-4e7d-9076-9f87305211f7,No,-,-,N/A,-,N/A,N/A,-,-,-,-,-,-,-,-,-,-,-,-,-,-,-,-,-,-,-,-,-,-,-,-,-,-,-,-,-,-,-,-,-,-,-,-,-,-,-,-,-,-,-,-,-,-,-
SG2,Cloud domain: 7rkd12.onmicrosoft.com,Cloud container: Default security and distribution group container,Cloud,-,12/5/2024 4:50:30 PM,-,SG2,Security group,Not connected,Off,-,Teams not connected,No,Yes,Assigned,-,No,User (no admin center access),-,N/A,0.00,None,Off,0,0,12/5/2024 7:04:58 PM,f730fa04-f1b5-498e-be30-9b38646d6963,No,-,-,N/A,-,N/A,N/A,-,-,-,-,-,-,-,-,-,-,-,-,-,-,-,-,-,-,-,-,-,-,-,-,-,-,-,-,-,-,-,-,-,-,-,-,-,-,-,-,-,-,-,-,-,-,-
SG3,Cloud domain: 7rkd12.onmicrosoft.com,Cloud container: Default security and distribution group container,Cloud,-,12/5/2024 5:04:19 PM,-,SG3,Security group,Not connected,Off,-,Teams not connected,No,Yes,Assigned,-,No,User (no admin center access),-,N/A,0.00,None,Off,0,0,12/5/2024 7:05:58 PM,03f766a2-c9f3-4d91-ab64-db190a280da2,No,-,-,N/A,-,N/A,N/A,-,-,-,-,-,-,-,-,-,-,-,-,-,-,-,-,-,-,-,-,-,-,-,-,-,-,-,-,-,-,-,-,-,-,-,-,-,-,-,-,-,-,-,-,-,-,-
System account test,Cloud domain: 7rkd12.onmicrosoft.com,Cloud container: Default Group / Team / Engage community container,Cloud,Systemaccounttest@7rkd12.onmicrosoft.com,3/25/2025 3:00:51 PM,-,System account test,Microsoft 365 Group,Not connected,Off,-,Teams not connected,No,No,Assigned,Private,No,User (no admin center access),https://7rkd12.sharepoint.com/sites/Systemaccounttest,0.00,0.00,None,Off,1,2,9/6/2025 8:08:55 AM,ee5dbf39-c853-4d67-bfb4-d0df3815fe64,No,-,-,N/A,-,N/A,N/A,-,-,-,-,-,-,-,-,-,-,-,-,-,-,-,-,-,-,-,-,-,-,-,-,-,-,-,-,-,-,-,-,-,-,-,-,-,-,-,-,-,-,-,-,-,-,-
Team Display Name,Cloud domain: 7rkd12.onmicrosoft.com,Cloud container: Default Group / Team / Engage community container,Cloud,ada04@7rkd12.onmicrosoft.com,6/11/2025 9:46:15 AM,6/13/2025,Team Description,Microsoft 365 Group,Not connected,Off,-,Teams connected,No,No,Assigned,Private,No,User (no admin center access),https://7rkd12.sharepoint.com/sites/CSD_ada04,0.00,0.00,None,Off,7,8,9/6/2025 8:08:55 AM,c3dc29e6-485b-4100-bfb1-aed799b7e378,No,-,-,N/A,-,N/A,N/A,-,-,-,-,-,-,-,-,-,-,-,-,-,-,-,-,-,-,-,-,-,-,-,-,-,-,-,-,-,-,-,-,-,-,-,-,-,-,-,-,-,-,-,-,-,-,-
teams76,Cloud domain: 7rkd12.onmicrosoft.com,Cloud container: Default Group / Team / Engage community container,Cloud,teams76@7rkd12.onmicrosoft.com,7/7/2026 11:39:08 AM,7/7/2026,teams76,Microsoft 365 Group,Not connected,Off,-,Teams connected,No,No,Assigned,Public,No,User (no admin center access),https://7rkd12.sharepoint.com/sites/teams76,0.00,0.00,None,Off,1,1,7/7/2026 1:13:24 PM,27805a64-a67d-47c2-b833-3bb8719bf116,No,-,-,N/A,-,N/A,N/A,-,-,-,-,-,-,-,-,-,-,-,-,-,-,-,-,-,-,-,-,-,-,-,-,-,-,-,-,-,-,-,-,-,-,-,-,-,-,-,-,-,-,-,-,-,-,-
teams77,Cloud domain: 7rkd12.onmicrosoft.com,Cloud container: Default Group / Team / Engage community container,Cloud,teams77@7rkd12.onmicrosoft.com,7/7/2026 11:37:01 AM,7/7/2026,teams77,Microsoft 365 Group,Not connected,Off,-,Teams connected,No,No,Assigned,Private,No,User (no admin center access),https://7rkd12.sharepoint.com/sites/teams77,0.00,0.00,None,Off,1,1,7/7/2026 1:13:04 PM,12391b6f-2ffc-401c-b3e4-44776ba28108,No,-,-,N/A,-,N/A,N/A,-,-,-,-,-,-,-,-,-,-,-,-,-,-,-,-,-,-,-,-,-,-,-,-,-,-,-,-,-,-,-,-,-,-,-,-,-,-,-,-,-,-,-,-,-,-,-
teamsite1,Cloud domain: 7rkd12.onmicrosoft.com,Cloud container: Default Group / Team / Engage community container,Cloud,teamsite1@7rkd12.onmicrosoft.com,12/18/2025 3:44:17 PM,8/3/2026,teamsite1,Microsoft 365 Group,Not connected,Off,-,Teams connected,No,No,Assigned,Public,No,User (no admin center access),https://7rkd12.sharepoint.com/sites/teamsite1,0.00,0.00,None,Off,0,0,12/18/2025 6:10:18 PM,ac3bf702-095f-4a5f-afa2-4f4e4f0f4baa,No,-,-,N/A,-,N/A,N/A,-,-,-,-,-,-,-,-,-,-,-,-,-,-,-,-,-,-,-,-,-,-,-,-,-,-,-,-,-,-,-,-,-,-,-,-,-,-,-,-,-,-,-,-,-,-,-
teamsite2,Cloud domain: 7rkd12.onmicrosoft.com,Cloud container: Default Group / Team / Engage community container,Cloud,teamsite2@7rkd12.onmicrosoft.com,12/18/2025 3:47:32 PM,12/18/2025,teamsite2,Microsoft 365 Group,Not connected,Off,-,Teams not connected,No,No,Assigned,Private,No,User (no admin center access),https://7rkd12.sharepoint.com/sites/teamsite2,0.00,0.00,None,Off,1,1,12/18/2025 6:10:42 PM,ecf1cc59-4c37-49ee-8848-df54984857cf,No,-,-,N/A,-,N/A,N/A,-,-,-,-,-,-,-,-,-,-,-,-,-,-,-,-,-,-,-,-,-,-,-,-,-,-,-,-,-,-,-,-,-,-,-,-,-,-,-,-,-,-,-,-,-,-,-
Template Site,Cloud domain: 7rkd12.onmicrosoft.com,Cloud container: Default Group / Team / Engage community container,Cloud,TemplateSite@7rkd12.onmicrosoft.com,11/26/2024 5:42:56 PM,-,Template Site,Microsoft 365 Group,Not connected,Off,-,Teams not connected,No,No,Assigned,Private,No,User (no admin center access),https://7rkd12.sharepoint.com/sites/TemplateSite,0.00,0.00,None,Off,1,1,9/6/2025 8:08:55 AM,865c27eb-b765-4800-a220-f02595714959,No,-,-,N/A,-,N/A,N/A,-,-,-,-,-,-,-,-,-,-,-,-,-,-,-,-,-,-,-,-,-,-,-,-,-,-,-,-,-,-,-,-,-,-,-,-,-,-,-,-,-,-,-,-,-,-,-
Template2,Cloud domain: 7rkd12.onmicrosoft.com,Cloud container: Default Group / Team / Engage community container,Cloud,Template2@7rkd12.onmicrosoft.com,11/27/2024 9:52:21 AM,11/27/2024,Template2,Microsoft 365 Group,Not connected,Off,-,Teams not connected,No,No,Assigned,Private,No,User (no admin center access),https://7rkd12.sharepoint.com/sites/Template2,0.00,0.00,None,Off,1,1,9/6/2025 8:08:55 AM,bf28a32e-e58b-481b-b441-1b35c03460ca,No,-,-,N/A,-,N/A,N/A,-,-,-,-,-,-,-,-,-,-,-,-,-,-,-,-,-,-,-,-,-,-,-,-,-,-,-,-,-,-,-,-,-,-,-,-,-,-,-,-,-,-,-,-,-,-,-
test0708,Cloud domain: 7rkd12.onmicrosoft.com,Cloud container: Default Group / Team / Engage community container,Cloud,test0708@7rkd12.onmicrosoft.com,7/8/2026 9:50:33 AM,7/9/2026,test0708,Microsoft 365 Group,Not connected,Off,-,Teams connected,No,No,Assigned,Public,No,User (no admin center access),https://7rkd12.sharepoint.com/sites/test0708,0.00,0.00,None,Off,1,0,7/8/2026 12:19:15 PM,025b768b-fd1e-4e5f-9512-f27073d2759f,No,-,-,N/A,-,N/A,N/A,-,-,-,-,-,-,-,-,-,-,-,-,-,-,-,-,-,-,-,-,-,-,-,-,-,-,-,-,-,-,-,-,-,-,-,-,-,-,-,-,-,-,-,-,-,-,-
Test07081136,Cloud domain: 7rkd12.onmicrosoft.com,Cloud container: Default Group / Team / Engage community container,Cloud,Test07081136@7rkd12.onmicrosoft.com,7/8/2026 11:36:55 AM,-,Test07081136,Microsoft 365 Group,Not connected,Off,-,Teams not connected,No,No,Assigned,Private,No,User (no admin center access),https://7rkd12.sharepoint.com/sites/Test07081136,0.00,0.00,None,Off,1,1,7/8/2026 1:11:40 PM,43b15e62-7c32-44db-93e7-3139c1938256,No,-,-,N/A,-,N/A,N/A,-,-,-,-,-,-,-,-,-,-,-,-,-,-,-,-,-,-,-,-,-,-,-,-,-,-,-,-,-,-,-,-,-,-,-,-,-,-,-,-,-,-,-,-,-,-,-
TEST123,Cloud domain: 7rkd12.onmicrosoft.com,Cloud container: Default Group / Team / Engage community container,Cloud,TEST123@7rkd12.onmicrosoft.com,7/22/2025 8:52:18 PM,-,TEST123,Microsoft 365 Group,Not connected,Off,-,Teams not connected,No,No,Assigned,Private,No,User (no admin center access),https://7rkd12.sharepoint.com/sites/TEST123,0.00,0.00,None,Off,2,2,9/6/2025 8:08:55 AM,1e5d0bf3-c38f-4140-8017-eed55d187975,No,-,-,N/A,-,N/A,N/A,-,-,-,-,-,-,-,-,-,-,-,-,-,-,-,-,-,-,-,-,-,-,-,-,-,-,-,-,-,-,-,-,-,-,-,-,-,-,-,-,-,-,-,-,-,-,-
test2,Cloud domain: 7rkd12.onmicrosoft.com,Cloud container: Default Group / Team / Engage community container,Cloud,test2@7rkd12.onmicrosoft.com,12/24/2024 1:58:50 PM,6/11/2026,test,Microsoft 365 Group,Not connected,Off,-,Teams not connected,No,No,Assigned,Private,No,User (no admin center access),https://7rkd12.sharepoint.com/teams/grp_csd_test2,0.00,0.01,None,Off,3,3,9/6/2025 8:08:55 AM,bd92a1dd-97fc-4b1e-be42-d4b1e9e4cd82,No,-,-,N/A,-,N/A,N/A,-,-,-,-,-,-,-,-,-,-,-,-,-,-,-,-,-,-,-,-,-,-,-,-,-,-,-,-,-,-,-,-,-,-,-,-,-,-,-,-,-,-,-,-,-,-,-
testa,Cloud domain: 7rkd12.onmicrosoft.com,Cloud container: Default Group / Team / Engage community container,Cloud,testa@7rkd12.onmicrosoft.com,12/27/2024 10:16:29 AM,4/24/2026,testa,Microsoft 365 Group,Not connected,On,-,Teams connected,No,No,Assigned,Public,No,User (no admin center access),https://7rkd12.sharepoint.com/sites/testa,0.00,0.00,None,Off,3,2,9/6/2025 8:08:55 AM,7538daa7-0cc1-4f2b-9f20-be1cb964b2f0,No,-,-,N/A,-,N/A,N/A,-,-,-,-,-,-,-,-,-,-,-,-,-,-,-,-,-,-,-,-,-,-,-,-,-,-,-,-,-,-,-,-,-,-,-,-,-,-,-,-,-,-,-,-,-,-,-
TestLink,Cloud domain: 7rkd12.onmicrosoft.com,Cloud container: Default Group / Team / Engage community container,Cloud,TestLink@7rkd12.onmicrosoft.com,12/19/2025 9:46:50 AM,6/11/2026,TestLink,Microsoft 365 Group,Not connected,Off,-,Teams not connected,No,No,Assigned,Private,No,User (no admin center access),https://7rkd12.sharepoint.com/sites/org_csd_testlink,0.00,0.00,None,Off,10,9,12/19/2025 12:16:03 PM,26f67791-7e78-40f8-ad67-9892dee5697a,No,-,-,N/A,-,N/A,N/A,-,-,-,-,-,-,-,-,-,-,-,-,-,-,-,-,-,-,-,-,-,-,-,-,-,-,-,-,-,-,-,-,-,-,-,-,-,-,-,-,-,-,-,-,-,-,-
Testsite,Cloud domain: 7rkd12.onmicrosoft.com,Cloud container: Default Group / Team / Engage community container,Cloud,Testsite@7rkd12.onmicrosoft.com,12/16/2024 2:04:07 PM,7/17/2025,Testsite,Microsoft 365 Group,Not connected,Off,-,Teams not connected,No,No,Assigned,Private,No,User (no admin center access),https://7rkd12.sharepoint.com/sites/Testsite,0.00,0.06,None,Off,2,1,9/6/2025 8:08:55 AM,9ffa4aa9-c36f-4acc-a129-ccd9a21fb5fd,No,-,-,N/A,-,N/A,N/A,-,-,-,-,-,-,-,-,-,-,-,-,-,-,-,-,-,-,-,-,-,-,-,-,-,-,-,-,-,-,-,-,-,-,-,-,-,-,-,-,-,-,-,-,-,-,-
testteams,Cloud domain: 7rkd12.onmicrosoft.com,Cloud container: Default Group / Team / Engage community container,Cloud,testteams@7rkd12.onmicrosoft.com,12/18/2025 3:11:10 PM,4/13/2026,testteams,Microsoft 365 Group,Not connected,Off,-,Teams connected,No,No,Assigned,Private,No,User (no admin center access),https://7rkd12.sharepoint.com/teams/testteams,0.00,0.00,None,Off,1,1,12/18/2025 5:11:10 PM,f3f2ccbb-99ed-4c94-b4ab-002bb5eb7623,No,-,-,N/A,-,N/A,N/A,-,-,-,-,-,-,-,-,-,-,-,-,-,-,-,-,-,-,-,-,-,-,-,-,-,-,-,-,-,-,-,-,-,-,-,-,-,-,-,-,-,-,-,-,-,-,-
testteams01,Cloud domain: 7rkd12.onmicrosoft.com,Cloud container: Default Group / Team / Engage community container,Cloud,testteams01@7rkd12.onmicrosoft.com,12/18/2025 4:56:29 PM,12/18/2025,testteams01,Microsoft 365 Group,Not connected,Off,-,Teams not connected,No,No,Assigned,Private,No,User (no admin center access),https://7rkd12.sharepoint.com/teams/testteams01,0.00,0.00,None,Off,1,1,12/18/2025 7:11:48 PM,6cf0b504-2504-4811-b0c1-47049568a1e3,No,-,-,N/A,-,N/A,N/A,-,-,-,-,-,-,-,-,-,-,-,-,-,-,-,-,-,-,-,-,-,-,-,-,-,-,-,-,-,-,-,-,-,-,-,-,-,-,-,-,-,-,-,-,-,-,-
U.S. Sales,Cloud domain: 7rkd12.onmicrosoft.com,Cloud container: Default Group / Team / Engage community container,Cloud,U.S.Sales@7rkd12.onmicrosoft.com,5/17/2024 3:35:37 PM,5/7/2026,Description of U.S. Sales,Microsoft 365 Group,Not connected,On,-,Teams connected,No,No,Assigned,Public,No,User (no admin center access),https://7rkd12.sharepoint.com/sites/U.S.Sales,0.00,0.00,None,Off,3,16,9/6/2025 8:08:55 AM,45da282d-08df-45bf-acf3-43a4984ee458,No,-,-,N/A,-,N/A,N/A,-,-,-,-,-,-,-,-,-,-,-,-,-,-,-,-,-,-,-,-,-,-,-,-,-,-,-,-,-,-,-,-,-,-,-,-,-,-,-,-,-,-,-,-,-,-,-
