Object Type,Name,Description,Status,Site Status,Hold Status,URL,ID,Workspace (Email Address),Privacy,Policy,Primary Administrator,Primary Administrator (Email Address),Site Administrator,Site Administrator (Email Address),Primary Business Owner,Primary Business Owner (Email Address),Secondary Business Owner,Secondary Business Owner (Email Address),Hub,Geo Location,Site Type,Storage Quota (GB),Storage Used (GB),External Sharing for Site,External Sharing for Group/Team,Permission Index Status,Classification,Sensitivity,Claim Status,Created Time,Lease Expiration Time,Last Active Time,Inactivity Threshold Time,Last Sync Time,Phase,Phase Assignee,Phase Assignee (Email Address),Renewal Profile,External Sharing Profile,Storage Management Profile,Contact Election Profile,Renewal Start Time,Renewal Due Date,Next Renewal Date,Last Renewal Time,Last Renewed by,Last Renewed by (Display Name),Membership Assignment Method,Active lifecycle tasks,Allow External Sharing,Allow External Sharing-choice,Archiver,B-Department,B-Library name,B-Library Short Name,Business Need,Choose Project Site Template,Choose Site Template,Content Category,D- Change list setting,Delete Site,Department,Department22,Desired Outcomes,Division,DRM Department,EDRMS Site Type,External Company Name,External Sharing Allowed?,GALines,Key Risks and Considerations,Library name,Library Short Name,Manager,Manager (Email Address),Please provide business reasons for having site site.,Please Select a Library Type to Start the Library Creation Request,Please Select a Site Type to Start the Site Creation Request,Please select: Lock Site / Unlock Site,Procurement library,Project Owner,Project Owner (Email Address),Purpose of Use,Records Manager,Records Manager (Email Address),RefinableString00,Region,Remarks,Request Reason,Segment,Site Short Name,Site URL
Site,Test814,,Active,Active,,https://7rkd12.sharepoint.com/teams/Test814,114c38ab-15ae-4a13-95e0-64beddc62984,,,,Admin ADB,Admin@7rkd12.onmicrosoft.com,Admin ADB,Admin@7rkd12.onmicrosoft.com,Bonnie Test,BonnieTest@7rkd12.onmicrosoft.com,,,,Asia-Pacific,Team site (no Microsoft 365 group),1,0.002,Not Allowed,,Not registered,,,Claimed,2026-08-14 11:16:45,,2026-08-14 11:31:39,,2026-08-14 11:51:44,In compliance,,,,,,,,,,,,,,No,,,,,,,,,,,,,CSD,,,,CGAdoption,EDRMS Project Site,,,,,,,,,,,,,,,,,,,,,,,,,
Site,dane-Site-Title-ddos-125,,Active,Active,,https://7rkd12.sharepoint.com/teams/prj_dane-ddos-125,128bcae0-7320-468f-b4c5-3842b14c07bf,,,,Bonnie Test,BonnieTest@7rkd12.onmicrosoft.com,Mihal,Mihal@7rkd12.onmicrosoft.com,Mihal,Mihal@7rkd12.onmicrosoft.com,,,,Asia-Pacific,Team site (no Microsoft 365 group),25600,0.005,Existing external users,,Indexed,,,Claimed,2026-08-13 19:29:34,,2026-08-14 02:20:24,2027-02-14 02:20:24,2026-08-14 02:24:03,In compliance,,,ADB - SharePoint Site Renewal,ADB - Do not allow External Sharing (SharePoint Site),,,,,,,,,,No,,,,,,,,,,,,,ADBI,,,,CGAdoption,EDRMS Project Site,,,,,,,,,,,,,,,,,,,,,,,,dane-ddos-125,
Site,dane-Site-Title-ddos-122,,Active,Active,,https://7rkd12.sharepoint.com/teams/prj_dane-ddos-122,b9bb59b2-cf70-4cde-8ee8-0e748bb50517,,,,Bonnie Test,BonnieTest@7rkd12.onmicrosoft.com,Mihal,Mihal@7rkd12.onmicrosoft.com,Mihal,Mihal@7rkd12.onmicrosoft.com,,,,Asia-Pacific,Team site (no Microsoft 365 group),25600,0.005,Existing external users,,Indexed,,,Claimed,2026-08-13 19:29:15,,2026-08-13 21:14:57,2027-02-13 21:14:57,2026-08-13 21:17:54,In compliance,,,ADB - SharePoint Site Renewal,ADB - Do not allow External Sharing (SharePoint Site),,,,,,,,,,No,,,,,,,,,,,,,ADBI,,,,CGAdoption,EDRMS Project Site,,,,,,,,,,,,,,,,,,,,,,,,dane-ddos-122,
Site,dane-Site-Title-ddos-119,,Active,Active,,https://7rkd12.sharepoint.com/teams/prj_dane-ddos-119,273492a0-f91c-4c87-af9f-031c69a825f6,,,,Bonnie Test,BonnieTest@7rkd12.onmicrosoft.com,Mihal,Mihal@7rkd12.onmicrosoft.com,Mihal,Mihal@7rkd12.onmicrosoft.com,,,,Asia-Pacific,Team site (no Microsoft 365 group),25600,0.005,Existing external users,,Indexed,,,Claimed,2026-08-13 19:29:11,,2026-08-14 03:16:56,2027-02-14 03:16:56,2026-08-14 03:19:01,In compliance,,,ADB - SharePoint Site Renewal,ADB - Do not allow External Sharing (SharePoint Site),,,,,,,,,,No,,,,,,,,,,,,,ADBI,,,,CGAdoption,EDRMS Project Site,,,,,,,,,,,,,,,,,,,,,,,,dane-ddos-119,
Site,dane-Site-Title-ddos-118,,Active,Active,,https://7rkd12.sharepoint.com/teams/prj_dane-ddos-118,58cd8455-7a9b-45e1-933c-88f0e308148c,,,,Bonnie Test,BonnieTest@7rkd12.onmicrosoft.com,Mihal,Mihal@7rkd12.onmicrosoft.com,Mihal,Mihal@7rkd12.onmicrosoft.com,,,,Asia-Pacific,Team site (no Microsoft 365 group),25600,0.005,Existing external users,,Indexed,,,Claimed,2026-08-13 19:29:03,,2026-08-13 22:02:40,2027-02-13 22:02:40,2026-08-13 22:03:59,In compliance,,,ADB - SharePoint Site Renewal,ADB - Do not allow External Sharing (SharePoint Site),,,,,,,,,,No,,,,,,,,,,,,,ADBI,,,,CGAdoption,EDRMS Project Site,,,,,,,,,,,,,,,,,,,,,,,,dane-ddos-118,
Site,dane-Site-Title-ddos-117,,Active,Active,,https://7rkd12.sharepoint.com/teams/prj_dane-ddos-117,d786aeaf-7d0a-4112-a7a4-97e702eec674,,,,Bonnie Test,BonnieTest@7rkd12.onmicrosoft.com,Mihal,Mihal@7rkd12.onmicrosoft.com,Mihal,Mihal@7rkd12.onmicrosoft.com,,,,Asia-Pacific,Team site (no Microsoft 365 group),25600,0.005,Existing external users,,Indexed,,,Claimed,2026-08-13 19:28:59,,2026-08-13 22:28:27,2027-02-13 22:28:27,2026-08-13 22:33:58,In compliance,,,ADB - SharePoint Site Renewal,ADB - Do not allow External Sharing (SharePoint Site),,,,,,,,,,No,,,,,,,,,,,,,ADBI,,,,CGAdoption,EDRMS Project Site,,,,,,,,,,,,,,,,,,,,,,,,dane-ddos-117,
Site,dane-Site-Title-ddos-116,,Active,Active,,https://7rkd12.sharepoint.com/teams/prj_dane-ddos-116,95126fb0-d117-4c77-ba09-0c8f97356e71,,,,Bonnie Test,BonnieTest@7rkd12.onmicrosoft.com,Mihal,Mihal@7rkd12.onmicrosoft.com,Mihal,Mihal@7rkd12.onmicrosoft.com,,,,Asia-Pacific,Team site (no Microsoft 365 group),25600,0.005,Existing external users,,Indexed,,,Claimed,2026-08-13 19:28:55,,2026-08-13 22:44:00,2027-02-13 22:44:00,2026-08-13 22:46:01,In compliance,,,ADB - SharePoint Site Renewal,ADB - Do not allow External Sharing (SharePoint Site),,,,,,,,,,No,,,,,,,,,,,,,ADBI,,,,CGAdoption,EDRMS Project Site,,,,,,,,,,,,,,,,,,,,,,,,dane-ddos-116,
Site,dane-Site-Title-ddos-113,,Active,Active,,https://7rkd12.sharepoint.com/teams/prj_dane-ddos-113,dc406663-567d-4ee0-ba9f-998e26d17b7e,,,,Bonnie Test,BonnieTest@7rkd12.onmicrosoft.com,Mihal,Mihal@7rkd12.onmicrosoft.com,Mihal,Mihal@7rkd12.onmicrosoft.com,,,,Asia-Pacific,Team site (no Microsoft 365 group),25600,0.005,Existing external users,,Indexed,,,Claimed,2026-08-13 19:28:51,,2026-08-13 23:51:05,2027-02-13 23:51:05,2026-08-13 23:52:14,In compliance,,,ADB - SharePoint Site Renewal,ADB - Do not allow External Sharing (SharePoint Site),,,,,,,,,,No,,,,,,,,,,,,,ADBI,,,,CGAdoption,EDRMS Project Site,,,,,,,,,,,,,,,,,,,,,,,,dane-ddos-113,
Site,dane-Site-Title-ddos-115,,Active,Active,,https://7rkd12.sharepoint.com/teams/prj_dane-ddos-115,49730915-5ba7-4189-b707-1377ad312700,,,,Bonnie Test,BonnieTest@7rkd12.onmicrosoft.com,Mihal,Mihal@7rkd12.onmicrosoft.com,Mihal,Mihal@7rkd12.onmicrosoft.com,,,,Asia-Pacific,Team site (no Microsoft 365 group),25600,0.005,Existing external users,,Indexed,,,Claimed,2026-08-13 19:28:51,,2026-08-13 23:41:18,2027-02-13 23:41:18,2026-08-13 23:42:37,In compliance,,,ADB - SharePoint Site Renewal,ADB - Do not allow External Sharing (SharePoint Site),,,,,,,,,,No,,,,,,,,,,,,,ADBI,,,,CGAdoption,EDRMS Project Site,,,,,,,,,,,,,,,,,,,,,,,,dane-ddos-115,
Site,dane-Site-Title-ddos-112,,Active,Active,,https://7rkd12.sharepoint.com/teams/prj_dane-ddos-112,c97dc3d3-4bbb-4800-85ff-39dc9475497b,,,,Bonnie Test,BonnieTest@7rkd12.onmicrosoft.com,Mihal,Mihal@7rkd12.onmicrosoft.com,Mihal,Mihal@7rkd12.onmicrosoft.com,,,,Asia-Pacific,Team site (no Microsoft 365 group),25600,0.005,Existing external users,,Indexed,,,Claimed,2026-08-13 19:28:50,,2026-08-13 23:48:40,2027-02-13 23:48:40,2026-08-13 23:52:14,In compliance,,,ADB - SharePoint Site Renewal,ADB - Do not allow External Sharing (SharePoint Site),,,,,,,,,,No,,,,,,,,,,,,,ADBI,,,,CGAdoption,EDRMS Project Site,,,,,,,,,,,,,,,,,,,,,,,,dane-ddos-112,
Site,dane-Site-Title-ddos-114,,Active,Active,,https://7rkd12.sharepoint.com/teams/prj_dane-ddos-114,8bb142de-e113-4544-b533-6e4d08999508,,,,Bonnie Test,BonnieTest@7rkd12.onmicrosoft.com,Mihal,Mihal@7rkd12.onmicrosoft.com,Mihal,Mihal@7rkd12.onmicrosoft.com,,,,Asia-Pacific,Team site (no Microsoft 365 group),25600,0.005,Existing external users,,Indexed,,,Claimed,2026-08-13 19:28:50,,2026-08-13 23:41:26,2027-02-13 23:41:26,2026-08-13 23:45:06,In compliance,,,ADB - SharePoint Site Renewal,ADB - Do not allow External Sharing (SharePoint Site),,,,,,,,,,No,,,,,,,,,,,,,ADBI,,,,CGAdoption,EDRMS Project Site,,,,,,,,,,,,,,,,,,,,,,,,dane-ddos-114,
Site,dane-Site-Title-ddos-111,,Active,Active,,https://7rkd12.sharepoint.com/teams/prj_dane-ddos-111,40d3d319-2936-4f2a-b5d6-5319a306616f,,,,Bonnie Test,BonnieTest@7rkd12.onmicrosoft.com,Mihal,Mihal@7rkd12.onmicrosoft.com,Mihal,Mihal@7rkd12.onmicrosoft.com,,,,Asia-Pacific,Team site (no Microsoft 365 group),25600,0.005,Existing external users,,Indexed,,,Claimed,2026-08-13 19:28:41,,2026-08-14 00:03:13,2027-02-14 00:03:13,2026-08-14 00:06:37,In compliance,,,ADB - SharePoint Site Renewal,ADB - Do not allow External Sharing (SharePoint Site),,,,,,,,,,No,,,,,,,,,,,,,ADBI,,,,CGAdoption,EDRMS Project Site,,,,,,,,,,,,,,,,,,,,,,,,dane-ddos-111,
Site,dane-Site-Title-ddos-108,,Active,Active,,https://7rkd12.sharepoint.com/teams/prj_dane-ddos-108,17215cc6-ad3e-43a6-a622-86cb61a2ddac,,,,Bonnie Test,BonnieTest@7rkd12.onmicrosoft.com,Mihal,Mihal@7rkd12.onmicrosoft.com,Mihal,Mihal@7rkd12.onmicrosoft.com,,,,Asia-Pacific,Team site (no Microsoft 365 group),25600,0.005,Existing external users,,Indexed,,,Claimed,2026-08-13 19:28:40,,2026-08-14 03:55:56,2027-02-14 03:55:56,2026-08-14 03:58:41,In compliance,,,ADB - SharePoint Site Renewal,ADB - Do not allow External Sharing (SharePoint Site),,,,,,,,,,No,,,,,,,,,,,,,ADBI,,,,CGAdoption,EDRMS Project Site,,,,,,,,,,,,,,,,,,,,,,,,dane-ddos-108,
Site,dane-Site-Title-ddos-109,,Active,Active,,https://7rkd12.sharepoint.com/teams/prj_dane-ddos-109,dc99a65f-0e7d-4148-9339-88a27bc70d29,,,,Bonnie Test,BonnieTest@7rkd12.onmicrosoft.com,Mihal,Mihal@7rkd12.onmicrosoft.com,Mihal,Mihal@7rkd12.onmicrosoft.com,,,,Asia-Pacific,Team site (no Microsoft 365 group),25600,0.005,Existing external users,,Indexed,,,Claimed,2026-08-13 19:28:40,,2026-08-14 03:48:36,2027-02-14 03:48:36,2026-08-14 03:52:27,In compliance,,,ADB - SharePoint Site Renewal,ADB - Do not allow External Sharing (SharePoint Site),,,,,,,,,,No,,,,,,,,,,,,,ADBI,,,,CGAdoption,EDRMS Project Site,,,,,,,,,,,,,,,,,,,,,,,,dane-ddos-109,
Site,dane-Site-Title-ddos-110,,Active,Active,,https://7rkd12.sharepoint.com/teams/prj_dane-ddos-110,324a2f31-c4cc-4335-8442-7621725efb6c,,,,Bonnie Test,BonnieTest@7rkd12.onmicrosoft.com,Mihal,Mihal@7rkd12.onmicrosoft.com,Mihal,Mihal@7rkd12.onmicrosoft.com,,,,Asia-Pacific,Team site (no Microsoft 365 group),25600,0.005,Existing external users,,Indexed,,,Claimed,2026-08-13 19:28:39,,2026-08-14 04:23:32,2027-02-14 04:23:32,2026-08-14 04:25:53,In compliance,,,ADB - SharePoint Site Renewal,ADB - Do not allow External Sharing (SharePoint Site),,,,,,,,,,No,,,,,,,,,,,,,ADBI,,,,CGAdoption,EDRMS Project Site,,,,,,,,,,,,,,,,,,,,,,,,dane-ddos-110,
Site,dane-Site-Title-ddos-107,,Active,Active,,https://7rkd12.sharepoint.com/teams/prj_dane-ddos-107,5f02be8c-0856-4cc9-aca3-d32faa9e4b3f,,,,Bonnie Test,BonnieTest@7rkd12.onmicrosoft.com,Mihal,Mihal@7rkd12.onmicrosoft.com,Mihal,Mihal@7rkd12.onmicrosoft.com,,,,Asia-Pacific,Team site (no Microsoft 365 group),25600,0.005,Existing external users,,Indexed,,,Claimed,2026-08-13 19:28:27,,2026-08-14 03:54:55,2027-02-14 03:54:55,2026-08-14 03:58:01,In compliance,,,ADB - SharePoint Site Renewal,ADB - Do not allow External Sharing (SharePoint Site),,,,,,,,,,No,,,,,,,,,,,,,ADBI,,,,CGAdoption,EDRMS Project Site,,,,,,,,,,,,,,,,,,,,,,,,dane-ddos-107,
Site,dane-Site-Title-ddos-105,,Active,Active,,https://7rkd12.sharepoint.com/teams/prj_dane-ddos-105,d7724253-e153-4fa1-9619-df1269daa867,,,,Bonnie Test,BonnieTest@7rkd12.onmicrosoft.com,Mihal,Mihal@7rkd12.onmicrosoft.com,Mihal,Mihal@7rkd12.onmicrosoft.com,,,,Asia-Pacific,Team site (no Microsoft 365 group),25600,0.005,Existing external users,,Indexed,,,Claimed,2026-08-13 19:28:25,,2026-08-14 04:26:46,2027-02-14 04:26:46,2026-08-14 04:30:49,In compliance,,,ADB - SharePoint Site Renewal,ADB - Do not allow External Sharing (SharePoint Site),,,,,,,,,,No,,,,,,,,,,,,,ADBI,,,,CGAdoption,EDRMS Project Site,,,,,,,,,,,,,,,,,,,,,,,,dane-ddos-105,
Site,dane-Site-Title-ddos-104,,Active,Active,,https://7rkd12.sharepoint.com/teams/prj_dane-ddos-104,8af39451-4276-4e3c-86b6-83ba4595c7f0,,,,Bonnie Test,BonnieTest@7rkd12.onmicrosoft.com,Mihal,Mihal@7rkd12.onmicrosoft.com,Mihal,Mihal@7rkd12.onmicrosoft.com,,,,Asia-Pacific,Team site (no Microsoft 365 group),25600,0.005,Existing external users,,Indexed,,,Claimed,2026-08-13 19:28:17,,2026-08-14 05:19:26,2027-02-14 05:19:26,2026-08-14 05:23:47,In compliance,,,ADB - SharePoint Site Renewal,ADB - Do not allow External Sharing (SharePoint Site),,,,,,,,,,No,,,,,,,,,,,,,ADBI,,,,CGAdoption,EDRMS Project Site,,,,,,,,,,,,,,,,,,,,,,,,dane-ddos-104,
Site,dane-Site-Title-ddos-103,,Active,Active,,https://7rkd12.sharepoint.com/teams/prj_dane-ddos-103,1df55791-06fa-4dc3-9f40-eeeafdc2057b,,,,Bonnie Test,BonnieTest@7rkd12.onmicrosoft.com,Mihal,Mihal@7rkd12.onmicrosoft.com,Mihal,Mihal@7rkd12.onmicrosoft.com,,,,Asia-Pacific,Team site (no Microsoft 365 group),25600,0.005,Existing external users,,Indexed,,,Claimed,2026-08-13 19:28:17,,2026-08-14 05:01:39,2027-02-14 05:01:39,2026-08-14 05:05:12,In compliance,,,ADB - SharePoint Site Renewal,ADB - Do not allow External Sharing (SharePoint Site),,,,,,,,,,No,,,,,,,,,,,,,ADBI,,,,CGAdoption,EDRMS Project Site,,,,,,,,,,,,,,,,,,,,,,,,dane-ddos-103,
Site,dane-Site-Title-ddos-102,,Active,Active,,https://7rkd12.sharepoint.com/teams/prj_dane-ddos-102,16aa1f87-ad0b-47c4-87f9-12e8f7e6ec1f,,,,Bonnie Test,BonnieTest@7rkd12.onmicrosoft.com,Mihal,Mihal@7rkd12.onmicrosoft.com,Mihal,Mihal@7rkd12.onmicrosoft.com,,,,Asia-Pacific,Team site (no Microsoft 365 group),25600,0.005,Existing external users,,Indexed,,,Claimed,2026-08-13 19:28:09,,2026-08-14 05:35:03,2027-02-14 05:35:03,2026-08-14 05:38:06,In compliance,,,ADB - SharePoint Site Renewal,ADB - Do not allow External Sharing (SharePoint Site),,,,,,,,,,No,,,,,,,,,,,,,ADBI,,,,CGAdoption,EDRMS Project Site,,,,,,,,,,,,,,,,,,,,,,,,dane-ddos-102,
Site,dane-Site-Title-ddos-100,,Active,Active,,https://7rkd12.sharepoint.com/teams/prj_dane-ddos-100,a794a3e8-d1cc-4cd5-b4dd-2d6338cb5aae,,,,Bonnie Test,BonnieTest@7rkd12.onmicrosoft.com,Mihal,Mihal@7rkd12.onmicrosoft.com,Mihal,Mihal@7rkd12.onmicrosoft.com,,,,Asia-Pacific,Team site (no Microsoft 365 group),25600,0.005,Existing external users,,Indexed,,,Claimed,2026-08-13 19:28:07,,2026-08-14 04:48:37,2027-02-14 04:48:37,2026-08-14 04:49:55,In compliance,,,ADB - SharePoint Site Renewal,ADB - Do not allow External Sharing (SharePoint Site),,,,,,,,,,No,,,,,,,,,,,,,ADBI,,,,CGAdoption,EDRMS Project Site,,,,,,,,,,,,,,,,,,,,,,,,dane-ddos-100,
Site,dane-Site-Title-ddos-101,,Active,Active,,https://7rkd12.sharepoint.com/teams/prj_dane-ddos-101,8b7f682a-bdf5-4e70-b7a3-dc587a614789,,,,Bonnie Test,BonnieTest@7rkd12.onmicrosoft.com,Mihal,Mihal@7rkd12.onmicrosoft.com,Mihal,Mihal@7rkd12.onmicrosoft.com,,,,Asia-Pacific,Team site (no Microsoft 365 group),25600,0.005,Existing external users,,Indexed,,,Claimed,2026-08-13 19:28:07,,2026-08-14 04:53:19,2027-02-14 04:53:19,2026-08-14 04:56:09,In compliance,,,ADB - SharePoint Site Renewal,ADB - Do not allow External Sharing (SharePoint Site),,,,,,,,,,No,,,,,,,,,,,,,ADBI,,,,CGAdoption,EDRMS Project Site,,,,,,,,,,,,,,,,,,,,,,,,dane-ddos-101,
Site,dane-Site-Title-ddos-98,,Active,Active,,https://7rkd12.sharepoint.com/teams/prj_dane-ddos-98,46da12f2-ca34-494b-a8f4-080505044915,,,,Bonnie Test,BonnieTest@7rkd12.onmicrosoft.com,Mihal,Mihal@7rkd12.onmicrosoft.com,Mihal,Mihal@7rkd12.onmicrosoft.com,,,,Asia-Pacific,Team site (no Microsoft 365 group),25600,0.005,Existing external users,,Indexed,,,Claimed,2026-08-13 19:27:59,,2026-08-14 05:40:43,2027-02-14 05:40:43,2026-08-14 05:44:43,In compliance,,,ADB - SharePoint Site Renewal,ADB - Do not allow External Sharing (SharePoint Site),,,,,,,,,,No,,,,,,,,,,,,,ADBI,,,,CGAdoption,EDRMS Project Site,,,,,,,,,,,,,,,,,,,,,,,,dane-ddos-98,
Site,dane-Site-Title-ddos-97,,Active,Active,,https://7rkd12.sharepoint.com/teams/prj_dane-ddos-97,764e70b8-d5e3-4525-8b07-b37469b3dfba,,,,Bonnie Test,BonnieTest@7rkd12.onmicrosoft.com,Mihal,Mihal@7rkd12.onmicrosoft.com,Mihal,Mihal@7rkd12.onmicrosoft.com,,,,Asia-Pacific,Team site (no Microsoft 365 group),25600,0.005,Existing external users,,Indexed,,,Claimed,2026-08-13 19:27:44,,2026-08-13 23:18:10,2027-02-13 23:18:10,2026-08-13 23:19:05,In compliance,,,ADB - SharePoint Site Renewal,ADB - Do not allow External Sharing (SharePoint Site),,,,,,,,,,No,,,,,,,,,,,,,ADBI,,,,CGAdoption,EDRMS Project Site,,,,,,,,,,,,,,,,,,,,,,,,dane-ddos-97,
Site,dane-Site-Title-ddos-96,,Active,Active,,https://7rkd12.sharepoint.com/teams/prj_dane-ddos-96,b336b978-331d-442b-9832-c516166407b6,,,,Bonnie Test,BonnieTest@7rkd12.onmicrosoft.com,Mihal,Mihal@7rkd12.onmicrosoft.com,Mihal,Mihal@7rkd12.onmicrosoft.com,,,,Asia-Pacific,Team site (no Microsoft 365 group),25600,0.005,Existing external users,,Indexed,,,Claimed,2026-08-13 19:27:41,,2026-08-14 01:29:22,2027-02-14 01:29:22,2026-08-14 01:32:14,In compliance,,,ADB - SharePoint Site Renewal,ADB - Do not allow External Sharing (SharePoint Site),,,,,,,,,,No,,,,,,,,,,,,,ADBI,,,,CGAdoption,EDRMS Project Site,,,,,,,,,,,,,,,,,,,,,,,,dane-ddos-96,
Site,dane-Site-Title-ddos-95,,Active,Active,,https://7rkd12.sharepoint.com/teams/prj_dane-ddos-95,2261123d-7c56-45ac-9430-6e81e39ed1c8,,,,Bonnie Test,BonnieTest@7rkd12.onmicrosoft.com,Mihal,Mihal@7rkd12.onmicrosoft.com,Mihal,Mihal@7rkd12.onmicrosoft.com,,,,Asia-Pacific,Team site (no Microsoft 365 group),25600,0.005,Existing external users,,Indexed,,,Claimed,2026-08-13 19:27:39,,2026-08-14 02:26:52,2027-02-14 02:26:52,2026-08-14 02:28:08,In compliance,,,ADB - SharePoint Site Renewal,ADB - Do not allow External Sharing (SharePoint Site),,,,,,,,,,No,,,,,,,,,,,,,ADBI,,,,CGAdoption,EDRMS Project Site,,,,,,,,,,,,,,,,,,,,,,,,dane-ddos-95,
Site,dane-Site-Title-ddos-94,,Active,Active,,https://7rkd12.sharepoint.com/teams/prj_dane-ddos-94,6feac2d9-b69a-413e-a2ae-d823a7a2fd40,,,,Bonnie Test,BonnieTest@7rkd12.onmicrosoft.com,Mihal,Mihal@7rkd12.onmicrosoft.com,Mihal,Mihal@7rkd12.onmicrosoft.com,,,,Asia-Pacific,Team site (no Microsoft 365 group),25600,0.005,Existing external users,,Indexed,,,Claimed,2026-08-13 19:27:33,,2026-08-14 01:37:00,2027-02-14 01:37:00,2026-08-14 01:41:35,In compliance,,,ADB - SharePoint Site Renewal,ADB - Do not allow External Sharing (SharePoint Site),,,,,,,,,,No,,,,,,,,,,,,,ADBI,,,,CGAdoption,EDRMS Project Site,,,,,,,,,,,,,,,,,,,,,,,,dane-ddos-94,
Site,dane-Site-Title-ddos-93,,Active,Active,,https://7rkd12.sharepoint.com/teams/prj_dane-ddos-93,214bfd03-3071-4c9b-83ff-0c1b26139952,,,,Bonnie Test,BonnieTest@7rkd12.onmicrosoft.com,Mihal,Mihal@7rkd12.onmicrosoft.com,Mihal,Mihal@7rkd12.onmicrosoft.com,,,,Asia-Pacific,Team site (no Microsoft 365 group),25600,0.005,Existing external users,,Indexed,,,Claimed,2026-08-13 19:27:31,,2026-08-14 02:00:39,2027-02-14 02:00:39,2026-08-14 02:04:26,In compliance,,,ADB - SharePoint Site Renewal,ADB - Do not allow External Sharing (SharePoint Site),,,,,,,,,,No,,,,,,,,,,,,,ADBI,,,,CGAdoption,EDRMS Project Site,,,,,,,,,,,,,,,,,,,,,,,,dane-ddos-93,
Site,dane-Site-Title-ddos-91,,Active,Active,,https://7rkd12.sharepoint.com/teams/prj_dane-ddos-91,dbe58a5d-8ad2-4256-a7b2-539d49e190c6,,,,Bonnie Test,BonnieTest@7rkd12.onmicrosoft.com,Mihal,Mihal@7rkd12.onmicrosoft.com,Mihal,Mihal@7rkd12.onmicrosoft.com,,,,Asia-Pacific,Team site (no Microsoft 365 group),25600,0.005,Existing external users,,Indexed,,,Claimed,2026-08-13 19:27:30,,2026-08-14 02:02:14,2027-02-14 02:02:14,2026-08-14 02:05:56,In compliance,,,ADB - SharePoint Site Renewal,ADB - Do not allow External Sharing (SharePoint Site),,,,,,,,,,No,,,,,,,,,,,,,ADBI,,,,CGAdoption,EDRMS Project Site,,,,,,,,,,,,,,,,,,,,,,,,dane-ddos-91,
Site,dane-Site-Title-ddos-92,,Active,Active,,https://7rkd12.sharepoint.com/teams/prj_dane-ddos-92,8c0c7ec4-f310-4d0c-9221-287c1c696760,,,,Bonnie Test,BonnieTest@7rkd12.onmicrosoft.com,Mihal,Mihal@7rkd12.onmicrosoft.com,Mihal,Mihal@7rkd12.onmicrosoft.com,,,,Asia-Pacific,Team site (no Microsoft 365 group),25600,0.005,Existing external users,,Indexed,,,Claimed,2026-08-13 19:27:29,,2026-08-14 06:11:46,2027-02-14 06:11:46,2026-08-14 06:16:55,In compliance,,,ADB - SharePoint Site Renewal,ADB - Do not allow External Sharing (SharePoint Site),,,,,,,,,,No,,,,,,,,,,,,,ADBI,,,,CGAdoption,EDRMS Project Site,,,,,,,,,,,,,,,,,,,,,,,,dane-ddos-92,
Site,dane-Site-Title-ddos-90,,Active,Active,,https://7rkd12.sharepoint.com/teams/prj_dane-ddos-90,10ef1c83-e5fc-47d3-a553-39ed3293873a,,,,Bonnie Test,BonnieTest@7rkd12.onmicrosoft.com,Mihal,Mihal@7rkd12.onmicrosoft.com,Mihal,Mihal@7rkd12.onmicrosoft.com,,,,Asia-Pacific,Team site (no Microsoft 365 group),25600,0.005,Existing external users,,Indexed,,,Claimed,2026-08-13 19:27:22,,2026-08-14 06:09:36,2027-02-14 06:09:36,2026-08-14 06:10:48,In compliance,,,ADB - SharePoint Site Renewal,ADB - Do not allow External Sharing (SharePoint Site),,,,,,,,,,No,,,,,,,,,,,,,ADBI,,,,CGAdoption,EDRMS Project Site,,,,,,,,,,,,,,,,,,,,,,,,dane-ddos-90,
Site,dane-Site-Title-ddos-89,,Active,Active,,https://7rkd12.sharepoint.com/teams/prj_dane-ddos-89,87e328e5-f686-49b7-b01d-f86c9abd3cb0,,,,Bonnie Test,BonnieTest@7rkd12.onmicrosoft.com,Mihal,Mihal@7rkd12.onmicrosoft.com,Mihal,Mihal@7rkd12.onmicrosoft.com,,,,Asia-Pacific,Team site (no Microsoft 365 group),25600,0.005,Existing external users,,Indexed,,,Claimed,2026-08-13 19:27:18,,2026-08-14 06:43:29,2027-02-14 06:43:29,2026-08-14 06:43:48,In compliance,,,ADB - SharePoint Site Renewal,ADB - Do not allow External Sharing (SharePoint Site),,,,,,,,,,No,,,,,,,,,,,,,ADBI,,,,CGAdoption,EDRMS Project Site,,,,,,,,,,,,,,,,,,,,,,,,dane-ddos-89,
Site,dane-Site-Title-ddos-85,,Active,Active,,https://7rkd12.sharepoint.com/teams/prj_dane-ddos-85,9681d004-74a8-47ca-bb6f-ef040693641d,,,,Bonnie Test,BonnieTest@7rkd12.onmicrosoft.com,Mihal,Mihal@7rkd12.onmicrosoft.com,Mihal,Mihal@7rkd12.onmicrosoft.com,,,,Asia-Pacific,Team site (no Microsoft 365 group),25600,0.005,Existing external users,,Indexed,,,Claimed,2026-08-13 19:27:06,,2026-08-14 06:30:54,2027-02-14 06:30:54,2026-08-14 06:34:13,In compliance,,,ADB - SharePoint Site Renewal,ADB - Do not allow External Sharing (SharePoint Site),,,,,,,,,,No,,,,,,,,,,,,,ADBI,,,,CGAdoption,EDRMS Project Site,,,,,,,,,,,,,,,,,,,,,,,,dane-ddos-85,
Site,dane-Site-Title-ddos-84,,Active,Active,,https://7rkd12.sharepoint.com/teams/prj_dane-ddos-84,28c1125d-48a0-4c6d-99c4-e332edf1d29c,,,,Bonnie Test,BonnieTest@7rkd12.onmicrosoft.com,Mihal,Mihal@7rkd12.onmicrosoft.com,Mihal,Mihal@7rkd12.onmicrosoft.com,,,,Asia-Pacific,Team site (no Microsoft 365 group),25600,0.005,Existing external users,,Indexed,,,Claimed,2026-08-13 19:26:58,,2026-08-14 07:46:41,2027-02-14 07:46:41,2026-08-14 07:49:57,In compliance,,,ADB - SharePoint Site Renewal,ADB - Do not allow External Sharing (SharePoint Site),,,,,,,,,,No,,,,,,,,,,,,,ADBI,,,,CGAdoption,EDRMS Project Site,,,,,,,,,,,,,,,,,,,,,,,,dane-ddos-84,
Site,dane-Site-Title-ddos-81,,Active,Active,,https://7rkd12.sharepoint.com/teams/prj_dane-ddos-81,72573142-1413-425c-9480-63cc54b0b986,,,,Bonnie Test,BonnieTest@7rkd12.onmicrosoft.com,Mihal,Mihal@7rkd12.onmicrosoft.com,Mihal,Mihal@7rkd12.onmicrosoft.com,,,,Asia-Pacific,Team site (no Microsoft 365 group),25600,0.005,Existing external users,,Indexed,,,Claimed,2026-08-13 19:26:48,,2026-08-14 07:31:54,2027-02-14 07:31:54,2026-08-14 07:34:16,In compliance,,,ADB - SharePoint Site Renewal,ADB - Do not allow External Sharing (SharePoint Site),,,,,,,,,,No,,,,,,,,,,,,,ADBI,,,,CGAdoption,EDRMS Project Site,,,,,,,,,,,,,,,,,,,,,,,,dane-ddos-81,
Site,dane-Site-Title-ddos-80,,Active,Active,,https://7rkd12.sharepoint.com/teams/prj_dane-ddos-80,4073fc3c-65f1-40bb-af52-4b800a46dc51,,,,Bonnie Test,BonnieTest@7rkd12.onmicrosoft.com,Mihal,Mihal@7rkd12.onmicrosoft.com,Mihal,Mihal@7rkd12.onmicrosoft.com,,,,Asia-Pacific,Team site (no Microsoft 365 group),25600,0.005,Existing external users,,Indexed,,,Claimed,2026-08-13 19:26:37,,2026-08-14 08:12:00,2027-02-14 08:12:00,2026-08-14 08:13:29,In compliance,,,ADB - SharePoint Site Renewal,ADB - Do not allow External Sharing (SharePoint Site),,,,,,,,,,No,,,,,,,,,,,,,ADBI,,,,CGAdoption,EDRMS Project Site,,,,,,,,,,,,,,,,,,,,,,,,dane-ddos-80,
Site,dane-Site-Title-ddos-77,,Active,Active,,https://7rkd12.sharepoint.com/teams/prj_dane-ddos-77,3f115f3a-6600-4eb6-a435-3497229173fc,,,,Bonnie Test,BonnieTest@7rkd12.onmicrosoft.com,Mihal,Mihal@7rkd12.onmicrosoft.com,Mihal,Mihal@7rkd12.onmicrosoft.com,,,,Asia-Pacific,Team site (no Microsoft 365 group),25600,0.005,New and existing external users,,Indexed,,,Claimed,2026-08-13 19:26:18,,2026-08-14 00:03:24,2027-02-14 00:03:24,2026-08-14 00:08:06,In compliance,,,ADB - SharePoint Site Renewal,ADB - Do not allow External Sharing (SharePoint Site),,,,,,,,,,No,,,,,,,,,,,,,ADBI,,,,CGAdoption,EDRMS Project Site,,,,,,,,,,,,,,,,,,,,,,,,dane-ddos-77,
Site,dane-Site-Title-ddos-76,,Active,Active,,https://7rkd12.sharepoint.com/teams/prj_dane-ddos-76,804e8c7b-a8a2-4d67-8af2-5b6b3a598964,,,,Bonnie Test,BonnieTest@7rkd12.onmicrosoft.com,Mihal,Mihal@7rkd12.onmicrosoft.com,Mihal,Mihal@7rkd12.onmicrosoft.com,,,,Asia-Pacific,Team site (no Microsoft 365 group),25600,0.005,Existing external users,,Indexed,,,Claimed,2026-08-13 19:26:18,,2026-08-14 00:35:44,2027-02-14 00:35:44,2026-08-14 00:39:21,In compliance,,,ADB - SharePoint Site Renewal,ADB - Do not allow External Sharing (SharePoint Site),,,,,,,,,,No,,,,,,,,,,,,,ADBI,,,,CGAdoption,EDRMS Project Site,,,,,,,,,,,,,,,,,,,,,,,,dane-ddos-76,
Site,dane-Site-Title-ddos-73,,Active,Active,,https://7rkd12.sharepoint.com/teams/prj_dane-ddos-73,6e544068-efe4-4207-8ed9-3b9bca39c9a1,,,,Bonnie Test,BonnieTest@7rkd12.onmicrosoft.com,Mihal,Mihal@7rkd12.onmicrosoft.com,Mihal,Mihal@7rkd12.onmicrosoft.com,,,,Asia-Pacific,Team site (no Microsoft 365 group),25600,0.005,Existing external users,,Indexed,,,Claimed,2026-08-13 19:26:06,,2026-08-14 04:38:59,2027-02-14 04:38:59,2026-08-14 04:41:02,In compliance,,,ADB - SharePoint Site Renewal,ADB - Do not allow External Sharing (SharePoint Site),,,,,,,,,,No,,,,,,,,,,,,,ADBI,,,,CGAdoption,EDRMS Project Site,,,,,,,,,,,,,,,,,,,,,,,,dane-ddos-73,
Site,dane-Site-Title-ddos-74,,Active,Active,,https://7rkd12.sharepoint.com/teams/prj_dane-ddos-74,87c6beef-ae4a-41a6-ad4f-8e352691666e,,,,Bonnie Test,BonnieTest@7rkd12.onmicrosoft.com,Mihal,Mihal@7rkd12.onmicrosoft.com,Mihal,Mihal@7rkd12.onmicrosoft.com,,,,Asia-Pacific,Team site (no Microsoft 365 group),25600,0.005,New and existing external users,,Indexed,,,Claimed,2026-08-13 19:26:06,,2026-08-14 05:19:09,2027-02-14 05:19:09,2026-08-14 05:38:02,In compliance,,,ADB - SharePoint Site Renewal,ADB - Do not allow External Sharing (SharePoint Site),,,,,,,,,,No,,,,,,,,,,,,,ADBI,,,,CGAdoption,EDRMS Project Site,,,,,,,,,,,,,,,,,,,,,,,,dane-ddos-74,
Site,dane-Site-Title-ddos-71,,Active,Active,,https://7rkd12.sharepoint.com/teams/prj_dane-ddos-71,e22b2f06-d658-42c9-9e28-26cad0a02033,,,,Bonnie Test,BonnieTest@7rkd12.onmicrosoft.com,Mihal,Mihal@7rkd12.onmicrosoft.com,Mihal,Mihal@7rkd12.onmicrosoft.com,,,,Asia-Pacific,Team site (no Microsoft 365 group),25600,0.005,New and existing external users,,Indexed,,,Claimed,2026-08-13 19:25:56,,2026-08-14 05:40:47,2027-02-14 05:40:47,2026-08-14 05:44:13,In compliance,,,ADB - SharePoint Site Renewal,ADB - Do not allow External Sharing (SharePoint Site),,,,,,,,,,No,,,,,,,,,,,,,ADBI,,,,CGAdoption,EDRMS Project Site,,,,,,,,,,,,,,,,,,,,,,,,dane-ddos-71,
Site,dane-Site-Title-ddos-70,,Active,Active,,https://7rkd12.sharepoint.com/teams/prj_dane-ddos-70,7c8a9171-105c-41b6-ba00-290b1252d1b7,,,,Bonnie Test,BonnieTest@7rkd12.onmicrosoft.com,Mihal,Mihal@7rkd12.onmicrosoft.com,Mihal,Mihal@7rkd12.onmicrosoft.com,,,,Asia-Pacific,Team site (no Microsoft 365 group),25600,0.005,Existing external users,,Indexed,,,Claimed,2026-08-13 19:25:49,,2026-08-14 01:10:02,2027-02-14 01:10:02,2026-08-14 01:12:31,In compliance,,,ADB - SharePoint Site Renewal,ADB - Do not allow External Sharing (SharePoint Site),,,,,,,,,,No,,,,,,,,,,,,,ADBI,,,,CGAdoption,EDRMS Project Site,,,,,,,,,,,,,,,,,,,,,,,,dane-ddos-70,
Site,dane-Site-Title-ddos-69,,Active,Active,,https://7rkd12.sharepoint.com/teams/prj_dane-ddos-69,bbb937ce-be50-4e02-b703-2859776ec5c7,,,,Bonnie Test,BonnieTest@7rkd12.onmicrosoft.com,Mihal,Mihal@7rkd12.onmicrosoft.com,Mihal,Mihal@7rkd12.onmicrosoft.com,,,,Asia-Pacific,Team site (no Microsoft 365 group),25600,0.005,New and existing external users,,Indexed,,,Claimed,2026-08-13 19:25:44,,2026-08-14 00:26:59,2027-02-14 00:26:59,2026-08-14 00:32:04,In compliance,,,ADB - SharePoint Site Renewal,ADB - Do not allow External Sharing (SharePoint Site),,,,,,,,,,No,,,,,,,,,,,,,ADBI,,,,CGAdoption,EDRMS Project Site,,,,,,,,,,,,,,,,,,,,,,,,dane-ddos-69,
Site,dane-Site-Title-ddos-64,,Active,Active,,https://7rkd12.sharepoint.com/teams/prj_dane-ddos-64,961db41c-c322-4cd3-ae29-d8cda5b824ec,,,,Bonnie Test,BonnieTest@7rkd12.onmicrosoft.com,Mihal,Mihal@7rkd12.onmicrosoft.com,Mihal,Mihal@7rkd12.onmicrosoft.com,,,,Asia-Pacific,Team site (no Microsoft 365 group),25600,0.004,New and existing external users,,Indexed,,,Claimed,2026-08-13 19:25:14,,2026-08-14 10:00:11,2027-02-14 10:00:11,2026-08-14 10:02:30,In compliance,,,ADB - SharePoint Site Renewal,ADB - Do not allow External Sharing (SharePoint Site),,,,,,,,,,No,,,,,,,,,,,,,ADBI,,,,CGAdoption,EDRMS Project Site,,,,,,,,,,,,,,,,,,,,,,,,dane-ddos-64,
Site,dane-Site-Title-ddos-65,,Active,Active,,https://7rkd12.sharepoint.com/teams/prj_dane-ddos-65,e7d9d8ad-517b-4c1c-af2b-18db92a844c6,,,,Bonnie Test,BonnieTest@7rkd12.onmicrosoft.com,Mihal,Mihal@7rkd12.onmicrosoft.com,Mihal,Mihal@7rkd12.onmicrosoft.com,,,,Asia-Pacific,Team site (no Microsoft 365 group),25600,0.004,Existing external users,,Indexed,,,Claimed,2026-08-13 19:25:14,,2026-08-14 10:04:10,2027-02-14 10:04:10,2026-08-14 10:07:47,In compliance,,,ADB - SharePoint Site Renewal,ADB - Do not allow External Sharing (SharePoint Site),,,,,,,,,,No,,,,,,,,,,,,,ADBI,,,,CGAdoption,EDRMS Project Site,,,,,,,,,,,,,,,,,,,,,,,,dane-ddos-65,
Site,dane-Site-Title-ddos-63,,Active,Active,,https://7rkd12.sharepoint.com/teams/prj_dane-ddos-63,94f9dade-e710-4ff0-b2b2-8bddef3cf495,,,,Bonnie Test,BonnieTest@7rkd12.onmicrosoft.com,Mihal,Mihal@7rkd12.onmicrosoft.com,Mihal,Mihal@7rkd12.onmicrosoft.com,,,,Asia-Pacific,Team site (no Microsoft 365 group),25600,0.004,New and existing external users,,Indexed,,,Claimed,2026-08-13 19:25:09,,2026-08-14 10:35:37,2027-02-14 10:35:37,2026-08-14 10:38:44,In compliance,,,ADB - SharePoint Site Renewal,ADB - Do not allow External Sharing (SharePoint Site),,,,,,,,,,No,,,,,,,,,,,,,ADBI,,,,CGAdoption,EDRMS Project Site,,,,,,,,,,,,,,,,,,,,,,,,dane-ddos-63,
Site,dane-Site-Title-ddos-62,,Active,Active,,https://7rkd12.sharepoint.com/teams/prj_dane-ddos-62,ffaafb72-407c-42c3-a7cd-41977bf0770a,,,,Bonnie Test,BonnieTest@7rkd12.onmicrosoft.com,Mihal,Mihal@7rkd12.onmicrosoft.com,Mihal,Mihal@7rkd12.onmicrosoft.com,,,,Asia-Pacific,Team site (no Microsoft 365 group),25600,0.004,New and existing external users,,Indexed,,,Claimed,2026-08-13 19:25:06,,2026-08-14 09:32:05,2027-02-14 09:32:05,2026-08-14 09:37:13,In compliance,,,ADB - SharePoint Site Renewal,ADB - Do not allow External Sharing (SharePoint Site),,,,,,,,,,No,,,,,,,,,,,,,ADBI,,,,CGAdoption,EDRMS Project Site,,,,,,,,,,,,,,,,,,,,,,,,dane-ddos-62,
Site,dane-Site-Title-ddos-60,,Active,Active,,https://7rkd12.sharepoint.com/teams/prj_dane-ddos-60,847ed1d2-60d9-411a-96a9-438ddd1341e4,,,,Bonnie Test,BonnieTest@7rkd12.onmicrosoft.com,Mihal,Mihal@7rkd12.onmicrosoft.com,Mihal,Mihal@7rkd12.onmicrosoft.com,,,,Asia-Pacific,Team site (no Microsoft 365 group),25600,0.005,New and existing external users,,Indexed,,,Claimed,2026-08-13 19:25:02,,2026-08-13 22:16:13,2027-02-13 22:16:13,2026-08-13 22:24:28,In compliance,,,ADB - SharePoint Site Renewal,ADB - Do not allow External Sharing (SharePoint Site),,,,,,,,,,No,,,,,,,,,,,,,ADBI,,,,CGAdoption,EDRMS Project Site,,,,,,,,,,,,,,,,,,,,,,,,dane-ddos-60,
Site,dane-Site-Title-ddos-59,,Active,Active,,https://7rkd12.sharepoint.com/teams/prj_dane-ddos-59,713132e2-05c2-449e-a8fb-e77d410040dd,,,,Bonnie Test,BonnieTest@7rkd12.onmicrosoft.com,Mihal,Mihal@7rkd12.onmicrosoft.com,Mihal,Mihal@7rkd12.onmicrosoft.com,,,,Asia-Pacific,Team site (no Microsoft 365 group),25600,0.005,New and existing external users,,Indexed,,,Claimed,2026-08-13 19:24:57,,2026-08-13 22:41:26,2027-02-13 22:41:26,2026-08-13 22:44:52,In compliance,,,ADB - SharePoint Site Renewal,ADB - Do not allow External Sharing (SharePoint Site),,,,,,,,,,No,,,,,,,,,,,,,ADBI,,,,CGAdoption,EDRMS Project Site,,,,,,,,,,,,,,,,,,,,,,,,dane-ddos-59,
Site,dane-Site-Title-ddos-58,,Active,Active,,https://7rkd12.sharepoint.com/teams/prj_dane-ddos-58,30586d9c-d52f-4100-bb90-90b9ead356fc,,,,Bonnie Test,BonnieTest@7rkd12.onmicrosoft.com,Mihal,Mihal@7rkd12.onmicrosoft.com,Mihal,Mihal@7rkd12.onmicrosoft.com,,,,Asia-Pacific,Team site (no Microsoft 365 group),25600,0.005,Existing external users,,Indexed,,,Claimed,2026-08-13 19:24:53,,2026-08-13 23:05:15,2027-02-13 23:05:15,2026-08-13 23:07:42,In compliance,,,ADB - SharePoint Site Renewal,ADB - Do not allow External Sharing (SharePoint Site),,,,,,,,,,No,,,,,,,,,,,,,ADBI,,,,CGAdoption,EDRMS Project Site,,,,,,,,,,,,,,,,,,,,,,,,dane-ddos-58,
Site,dane-Site-Title-ddos-57,,Active,Active,,https://7rkd12.sharepoint.com/teams/prj_dane-ddos-57,8fc5f1d9-18e2-4b5a-b7b7-60598bdee6d2,,,,Bonnie Test,BonnieTest@7rkd12.onmicrosoft.com,Mihal,Mihal@7rkd12.onmicrosoft.com,Mihal,Mihal@7rkd12.onmicrosoft.com,,,,Asia-Pacific,Team site (no Microsoft 365 group),25600,0.005,Existing external users,,Indexed,,,Claimed,2026-08-13 19:24:53,,2026-08-13 22:23:27,2027-02-13 22:23:27,2026-08-13 22:25:36,In compliance,,,ADB - SharePoint Site Renewal,ADB - Do not allow External Sharing (SharePoint Site),,,,,,,,,,No,,,,,,,,,,,,,ADBI,,,,CGAdoption,EDRMS Project Site,,,,,,,,,,,,,,,,,,,,,,,,dane-ddos-57,
Site,dane-Site-Title-ddos-56,,Active,Active,,https://7rkd12.sharepoint.com/teams/prj_dane-ddos-56,f5b43bf6-2ebf-48de-823a-575f57d3d614,,,,Bonnie Test,BonnieTest@7rkd12.onmicrosoft.com,Mihal,Mihal@7rkd12.onmicrosoft.com,Mihal,Mihal@7rkd12.onmicrosoft.com,,,,Asia-Pacific,Team site (no Microsoft 365 group),25600,0.005,Existing external users,,Indexed,,,Claimed,2026-08-13 19:24:49,,2026-08-13 22:04:09,2027-02-13 22:04:09,2026-08-13 22:09:19,In compliance,,,ADB - SharePoint Site Renewal,ADB - Do not allow External Sharing (SharePoint Site),,,,,,,,,,No,,,,,,,,,,,,,ADBI,,,,CGAdoption,EDRMS Project Site,,,,,,,,,,,,,,,,,,,,,,,,dane-ddos-56,
Site,dane-Site-Title-ddos-54,,Active,Active,,https://7rkd12.sharepoint.com/teams/prj_dane-ddos-54,014bcf51-6041-49dd-841d-604a9be725f8,,,,Bonnie Test,BonnieTest@7rkd12.onmicrosoft.com,Mihal,Mihal@7rkd12.onmicrosoft.com,Mihal,Mihal@7rkd12.onmicrosoft.com,,,,Asia-Pacific,Team site (no Microsoft 365 group),25600,0.005,Existing external users,,Indexed,,,Claimed,2026-08-13 19:24:45,,2026-08-14 07:42:41,2027-02-14 07:42:41,2026-08-14 07:43:47,In compliance,,,ADB - SharePoint Site Renewal,ADB - Do not allow External Sharing (SharePoint Site),,,,,,,,,,No,,,,,,,,,,,,,ADBI,,,,CGAdoption,EDRMS Project Site,,,,,,,,,,,,,,,,,,,,,,,,dane-ddos-54,
Site,dane-Site-Title-ddos-52,,Active,Active,,https://7rkd12.sharepoint.com/teams/prj_dane-ddos-52,4ba714b7-9fa6-478f-81f8-794ce461d9c0,,,,Bonnie Test,BonnieTest@7rkd12.onmicrosoft.com,Mihal,Mihal@7rkd12.onmicrosoft.com,Mihal,Mihal@7rkd12.onmicrosoft.com,,,,Asia-Pacific,Team site (no Microsoft 365 group),25600,0.004,Existing external users,,Indexed,,,Claimed,2026-08-13 19:24:36,,2026-08-14 10:50:48,2027-02-14 10:50:48,2026-08-14 10:52:43,In compliance,,,ADB - SharePoint Site Renewal,ADB - Do not allow External Sharing (SharePoint Site),,,,,,,,,,No,,,,,,,,,,,,,ADBI,,,,CGAdoption,EDRMS Project Site,,,,,,,,,,,,,,,,,,,,,,,,dane-ddos-52,
Site,dane-Site-Title-ddos-50,,Active,Active,,https://7rkd12.sharepoint.com/teams/prj_dane-ddos-50,e0b85805-1d1a-4465-8241-046d1605413c,,,,Bonnie Test,BonnieTest@7rkd12.onmicrosoft.com,Mihal,Mihal@7rkd12.onmicrosoft.com,Mihal,Mihal@7rkd12.onmicrosoft.com,,,,Asia-Pacific,Team site (no Microsoft 365 group),25600,0.004,New and existing external users,,Indexed,,,Claimed,2026-08-13 19:24:35,,2026-08-14 10:22:05,2027-02-14 10:22:05,2026-08-14 10:25:42,In compliance,,,ADB - SharePoint Site Renewal,ADB - Do not allow External Sharing (SharePoint Site),,,,,,,,,,No,,,,,,,,,,,,,ADBI,,,,CGAdoption,EDRMS Project Site,,,,,,,,,,,,,,,,,,,,,,,,dane-ddos-50,
Site,dane-Site-Title-ddos-46,,Active,Active,,https://7rkd12.sharepoint.com/teams/prj_dane-ddos-46,30de58d5-7cd6-4cc4-88ce-0924f6ab6f45,,,,Bonnie Test,BonnieTest@7rkd12.onmicrosoft.com,Mihal,Mihal@7rkd12.onmicrosoft.com,Mihal,Mihal@7rkd12.onmicrosoft.com,,,,Asia-Pacific,Team site (no Microsoft 365 group),25600,0.005,New and existing external users,,Indexed,,,Claimed,2026-08-13 19:24:26,,2026-08-14 04:12:03,2027-02-14 04:12:03,2026-08-14 04:13:46,In compliance,,,ADB - SharePoint Site Renewal,ADB - Do not allow External Sharing (SharePoint Site),,,,,,,,,,No,,,,,,,,,,,,,ADBI,,,,CGAdoption,EDRMS Project Site,,,,,,,,,,,,,,,,,,,,,,,,dane-ddos-46,
Site,dane-Site-Title-ddos-47,,Active,Active,,https://7rkd12.sharepoint.com/teams/prj_dane-ddos-47,1973126b-c8f1-40a1-9360-b7213a426353,,,,Bonnie Test,BonnieTest@7rkd12.onmicrosoft.com,Mihal,Mihal@7rkd12.onmicrosoft.com,Mihal,Mihal@7rkd12.onmicrosoft.com,,,,Asia-Pacific,Team site (no Microsoft 365 group),25600,0.005,New and existing external users,,Indexed,,,Claimed,2026-08-13 19:24:26,,2026-08-14 04:13:02,2027-02-14 04:13:02,2026-08-14 04:16:42,In compliance,,,ADB - SharePoint Site Renewal,ADB - Do not allow External Sharing (SharePoint Site),,,,,,,,,,No,,,,,,,,,,,,,ADBI,,,,CGAdoption,EDRMS Project Site,,,,,,,,,,,,,,,,,,,,,,,,dane-ddos-47,
Site,dane-Site-Title-ddos-48,,Active,Active,,https://7rkd12.sharepoint.com/teams/prj_dane-ddos-48,ce403455-d73f-427c-9995-441902739345,,,,Bonnie Test,BonnieTest@7rkd12.onmicrosoft.com,Mihal,Mihal@7rkd12.onmicrosoft.com,Mihal,Mihal@7rkd12.onmicrosoft.com,,,,Asia-Pacific,Team site (no Microsoft 365 group),25600,0.005,Existing external users,,Indexed,,,Claimed,2026-08-13 19:24:25,,2026-08-14 03:46:16,2027-02-14 03:46:16,2026-08-14 03:49:36,In compliance,,,ADB - SharePoint Site Renewal,ADB - Do not allow External Sharing (SharePoint Site),,,,,,,,,,No,,,,,,,,,,,,,ADBI,,,,CGAdoption,EDRMS Project Site,,,,,,,,,,,,,,,,,,,,,,,,dane-ddos-48,
Site,dane-Site-Title-ddos-45,,Active,Active,,https://7rkd12.sharepoint.com/teams/prj_dane-ddos-45,e6598565-eb34-4039-9136-445ad66d6a1e,,,,Bonnie Test,BonnieTest@7rkd12.onmicrosoft.com,Mihal,Mihal@7rkd12.onmicrosoft.com,Mihal,Mihal@7rkd12.onmicrosoft.com,,,,Asia-Pacific,Team site (no Microsoft 365 group),25600,0.005,New and existing external users,,Indexed,,,Claimed,2026-08-13 19:24:16,,2026-08-14 08:34:36,2027-02-14 08:34:36,2026-08-14 08:38:18,In compliance,,,ADB - SharePoint Site Renewal,ADB - Do not allow External Sharing (SharePoint Site),,,,,,,,,,No,,,,,,,,,,,,,ADBI,,,,CGAdoption,EDRMS Project Site,,,,,,,,,,,,,,,,,,,,,,,,dane-ddos-45,
Site,dane-Site-Title-ddos-39,,Active,Active,,https://7rkd12.sharepoint.com/teams/prj_dane-ddos-39,8d81f7c4-c7ef-4543-8e3b-f164e10a4fa7,,,,Bonnie Test,BonnieTest@7rkd12.onmicrosoft.com,Mihal,Mihal@7rkd12.onmicrosoft.com,Mihal,Mihal@7rkd12.onmicrosoft.com,,,,Asia-Pacific,Team site (no Microsoft 365 group),25600,0.005,Existing external users,,Indexed,,,Claimed,2026-08-13 19:24:07,,2026-08-14 05:33:40,2027-02-14 05:33:40,2026-08-14 05:43:03,In compliance,,,ADB - SharePoint Site Renewal,ADB - Do not allow External Sharing (SharePoint Site),,,,,,,,,,No,,,,,,,,,,,,,ADBI,,,,CGAdoption,EDRMS Project Site,,,,,,,,,,,,,,,,,,,,,,,,dane-ddos-39,
Site,dane-Site-Title-ddos-40,,Active,Active,,https://7rkd12.sharepoint.com/teams/prj_dane-ddos-40,dca97684-f8ad-48fa-990f-fef9f0988fe9,,,,Bonnie Test,BonnieTest@7rkd12.onmicrosoft.com,Mihal,Mihal@7rkd12.onmicrosoft.com,Mihal,Mihal@7rkd12.onmicrosoft.com,,,,Asia-Pacific,Team site (no Microsoft 365 group),25600,0.005,New and existing external users,,Indexed,,,Claimed,2026-08-13 19:24:06,,2026-08-14 07:49:18,2027-02-14 07:49:18,2026-08-14 07:52:39,In compliance,,,ADB - SharePoint Site Renewal,ADB - Do not allow External Sharing (SharePoint Site),,,,,,,,,,No,,,,,,,,,,,,,ADBI,,,,CGAdoption,EDRMS Project Site,,,,,,,,,,,,,,,,,,,,,,,,dane-ddos-40,
Site,dane-Site-Title-ddos-36,,Active,Active,,https://7rkd12.sharepoint.com/teams/prj_dane-ddos-36,88793818-b176-4282-a687-ea1260bc6523,,,,Bonnie Test,BonnieTest@7rkd12.onmicrosoft.com,Mihal,Mihal@7rkd12.onmicrosoft.com,Mihal,Mihal@7rkd12.onmicrosoft.com,,,,Asia-Pacific,Team site (no Microsoft 365 group),25600,0.004,Existing external users,,Indexed,,,Claimed,2026-08-13 19:23:54,,2026-08-14 11:10:27,2027-02-14 11:10:27,2026-08-14 11:13:02,In compliance,,,ADB - SharePoint Site Renewal,ADB - Do not allow External Sharing (SharePoint Site),,,,,,,,,,No,,,,,,,,,,,,,ADBI,,,,CGAdoption,EDRMS Project Site,,,,,,,,,,,,,,,,,,,,,,,,dane-ddos-36,
Site,dane-Site-Title-ddos-34,,Active,Active,,https://7rkd12.sharepoint.com/teams/prj_dane-ddos-34,a983a7c0-a596-4073-ab5f-42cc21dbefde,,,,Bonnie Test,BonnieTest@7rkd12.onmicrosoft.com,Mihal,Mihal@7rkd12.onmicrosoft.com,Mihal,Mihal@7rkd12.onmicrosoft.com,,,,Asia-Pacific,Team site (no Microsoft 365 group),25600,0.004,Existing external users,,Indexed,,,Claimed,2026-08-13 19:23:53,,2026-08-14 11:09:32,2027-02-14 11:09:32,2026-08-14 11:13:07,In compliance,,,ADB - SharePoint Site Renewal,ADB - Do not allow External Sharing (SharePoint Site),,,,,,,,,,No,,,,,,,,,,,,,ADBI,,,,CGAdoption,EDRMS Project Site,,,,,,,,,,,,,,,,,,,,,,,,dane-ddos-34,
Site,dane-Site-Title-ddos-31,,Active,Active,,https://7rkd12.sharepoint.com/teams/prj_dane-ddos-31,2f5b6148-9f5f-4255-af37-3502b7e56053,,,,Bonnie Test,BonnieTest@7rkd12.onmicrosoft.com,Mihal,Mihal@7rkd12.onmicrosoft.com,Mihal,Mihal@7rkd12.onmicrosoft.com,,,,Asia-Pacific,Team site (no Microsoft 365 group),25600,0.005,New and existing external users,,Indexed,,,Claimed,2026-08-13 19:23:44,,2026-08-13 23:07:18,2027-02-13 23:07:18,2026-08-13 23:09:51,In compliance,,,ADB - SharePoint Site Renewal,ADB - Do not allow External Sharing (SharePoint Site),,,,,,,,,,No,,,,,,,,,,,,,ADBI,,,,CGAdoption,EDRMS Project Site,,,,,,,,,,,,,,,,,,,,,,,,dane-ddos-31,
Site,dane-Site-Title-ddos-32,,Active,Active,,https://7rkd12.sharepoint.com/teams/prj_dane-ddos-32,e58a5273-d0be-4f99-b9a6-722b9a9c6987,,,,Bonnie Test,BonnieTest@7rkd12.onmicrosoft.com,Mihal,Mihal@7rkd12.onmicrosoft.com,Mihal,Mihal@7rkd12.onmicrosoft.com,,,,Asia-Pacific,Team site (no Microsoft 365 group),25600,0.005,Existing external users,,Indexed,,,Claimed,2026-08-13 19:23:43,,2026-08-13 22:28:55,2027-02-13 22:28:55,2026-08-13 22:42:47,In compliance,,,ADB - SharePoint Site Renewal,ADB - Do not allow External Sharing (SharePoint Site),,,,,,,,,,No,,,,,,,,,,,,,ADBI,,,,CGAdoption,EDRMS Project Site,,,,,,,,,,,,,,,,,,,,,,,,dane-ddos-32,
Site,dane-Site-Title-ddos-33,,Active,Active,,https://7rkd12.sharepoint.com/teams/prj_dane-ddos-33,881b6682-4807-4c0f-8562-698b6e4bf3d0,,,,Bonnie Test,BonnieTest@7rkd12.onmicrosoft.com,Mihal,Mihal@7rkd12.onmicrosoft.com,Mihal,Mihal@7rkd12.onmicrosoft.com,,,,Asia-Pacific,Team site (no Microsoft 365 group),25600,0.005,New and existing external users,,Indexed,,,Claimed,2026-08-13 19:23:43,,2026-08-14 02:55:09,2027-02-14 02:55:09,2026-08-14 02:58:42,In compliance,,,ADB - SharePoint Site Renewal,ADB - Do not allow External Sharing (SharePoint Site),,,,,,,,,,No,,,,,,,,,,,,,ADBI,,,,CGAdoption,EDRMS Project Site,,,,,,,,,,,,,,,,,,,,,,,,dane-ddos-33,
Site,dane-Site-Title-ddos-30,,Active,Active,,https://7rkd12.sharepoint.com/teams/prj_dane-ddos-30,8cecd0e6-febb-48c9-bc50-d0abe84b5c49,,,,Bonnie Test,BonnieTest@7rkd12.onmicrosoft.com,Mihal,Mihal@7rkd12.onmicrosoft.com,Mihal,Mihal@7rkd12.onmicrosoft.com,,,,Asia-Pacific,Team site (no Microsoft 365 group),25600,0.005,New and existing external users,,Indexed,,,Claimed,2026-08-13 19:23:38,,2026-08-14 01:06:14,2027-02-14 01:06:14,2026-08-14 01:09:25,In compliance,,,ADB - SharePoint Site Renewal,ADB - Do not allow External Sharing (SharePoint Site),,,,,,,,,,No,,,,,,,,,,,,,ADBI,,,,CGAdoption,EDRMS Project Site,,,,,,,,,,,,,,,,,,,,,,,,dane-ddos-30,
Site,dane-Site-Title-ddos-28,,Active,Active,,https://7rkd12.sharepoint.com/teams/prj_dane-ddos-28,fa313640-5d03-4be4-85e9-bdac62503db6,,,,Bonnie Test,BonnieTest@7rkd12.onmicrosoft.com,Mihal,Mihal@7rkd12.onmicrosoft.com,Mihal,Mihal@7rkd12.onmicrosoft.com,,,,Asia-Pacific,Team site (no Microsoft 365 group),25600,0.005,New and existing external users,,Indexed,,,Claimed,2026-08-13 19:23:30,,2026-08-14 01:02:45,2027-02-14 01:02:45,2026-08-14 01:06:24,In compliance,,,ADB - SharePoint Site Renewal,ADB - Do not allow External Sharing (SharePoint Site),,,,,,,,,,No,,,,,,,,,,,,,ADBI,,,,CGAdoption,EDRMS Project Site,,,,,,,,,,,,,,,,,,,,,,,,dane-ddos-28,
Site,dane-Site-Title-ddos-27,,Active,Active,,https://7rkd12.sharepoint.com/teams/prj_dane-ddos-27,fbabe9b1-f476-4748-9479-6740e0be43d4,,,,Bonnie Test,BonnieTest@7rkd12.onmicrosoft.com,Mihal,Mihal@7rkd12.onmicrosoft.com,Mihal,Mihal@7rkd12.onmicrosoft.com,,,,Asia-Pacific,Team site (no Microsoft 365 group),25600,0.005,New and existing external users,,Indexed,,,Claimed,2026-08-13 19:23:28,,2026-08-14 01:17:28,2027-02-14 01:17:28,2026-08-14 01:23:44,In compliance,,,ADB - SharePoint Site Renewal,ADB - Do not allow External Sharing (SharePoint Site),,,,,,,,,,No,,,,,,,,,,,,,ADBI,,,,CGAdoption,EDRMS Project Site,,,,,,,,,,,,,,,,,,,,,,,,dane-ddos-27,
Site,dane-Site-Title-ddos-24,,Active,Active,,https://7rkd12.sharepoint.com/teams/prj_dane-ddos-24,acaa780b-addc-4bb6-9052-f1d7316f24da,,,,Bonnie Test,BonnieTest@7rkd12.onmicrosoft.com,Mihal,Mihal@7rkd12.onmicrosoft.com,Mihal,Mihal@7rkd12.onmicrosoft.com,,,,Asia-Pacific,Team site (no Microsoft 365 group),25600,0.005,New and existing external users,,Indexed,,,Claimed,2026-08-13 19:23:27,,2026-08-14 02:32:45,2027-02-14 02:32:45,2026-08-14 02:34:20,In compliance,,,ADB - SharePoint Site Renewal,ADB - Do not allow External Sharing (SharePoint Site),,,,,,,,,,No,,,,,,,,,,,,,ADBI,,,,CGAdoption,EDRMS Project Site,,,,,,,,,,,,,,,,,,,,,,,,dane-ddos-24,
Site,dane-Site-Title-ddos-26,,Active,Active,,https://7rkd12.sharepoint.com/teams/prj_dane-ddos-26,9b48b575-7239-4edc-be90-e21edffe5006,,,,Bonnie Test,BonnieTest@7rkd12.onmicrosoft.com,Mihal,Mihal@7rkd12.onmicrosoft.com,Mihal,Mihal@7rkd12.onmicrosoft.com,,,,Asia-Pacific,Team site (no Microsoft 365 group),25600,0.005,New and existing external users,,Indexed,,,Claimed,2026-08-13 19:23:27,,2026-08-14 02:03:10,2027-02-14 02:03:10,2026-08-14 02:04:19,In compliance,,,ADB - SharePoint Site Renewal,ADB - Do not allow External Sharing (SharePoint Site),,,,,,,,,,No,,,,,,,,,,,,,ADBI,,,,CGAdoption,EDRMS Project Site,,,,,,,,,,,,,,,,,,,,,,,,dane-ddos-26,
Site,dane-Site-Title-ddos-25,,Active,Active,,https://7rkd12.sharepoint.com/teams/prj_dane-ddos-25,229a655a-f33c-48b9-88f3-e39e822026fa,,,,Bonnie Test,BonnieTest@7rkd12.onmicrosoft.com,Mihal,Mihal@7rkd12.onmicrosoft.com,Mihal,Mihal@7rkd12.onmicrosoft.com,,,,Asia-Pacific,Team site (no Microsoft 365 group),25600,0.005,New and existing external users,,Indexed,,,Claimed,2026-08-13 19:23:26,,2026-08-14 02:28:01,2027-02-14 02:28:01,2026-08-14 02:31:38,In compliance,,,ADB - SharePoint Site Renewal,ADB - Do not allow External Sharing (SharePoint Site),,,,,,,,,,No,,,,,,,,,,,,,ADBI,,,,CGAdoption,EDRMS Project Site,,,,,,,,,,,,,,,,,,,,,,,,dane-ddos-25,
Site,dane-Site-Title-ddos-21,,Active,Active,,https://7rkd12.sharepoint.com/teams/prj_dane-ddos-21,999dda03-576f-41a8-b0ed-69f371ae1d95,,,,Bonnie Test,BonnieTest@7rkd12.onmicrosoft.com,Mihal,Mihal@7rkd12.onmicrosoft.com,Mihal,Mihal@7rkd12.onmicrosoft.com,,,,Asia-Pacific,Team site (no Microsoft 365 group),25600,0.004,New and existing external users,,Indexed,,,Claimed,2026-08-13 19:23:14,,2026-08-14 09:18:20,2027-02-14 09:18:20,2026-08-14 09:19:41,In compliance,,,ADB - SharePoint Site Renewal,ADB - Do not allow External Sharing (SharePoint Site),,,,,,,,,,No,,,,,,,,,,,,,ADBI,,,,CGAdoption,EDRMS Project Site,,,,,,,,,,,,,,,,,,,,,,,,dane-ddos-21,
Site,dane-Site-Title-ddos-22,,Active,Active,,https://7rkd12.sharepoint.com/teams/prj_dane-ddos-22,ebc44ff9-1819-47ef-a9b6-6166737fa172,,,,Bonnie Test,BonnieTest@7rkd12.onmicrosoft.com,Mihal,Mihal@7rkd12.onmicrosoft.com,Mihal,Mihal@7rkd12.onmicrosoft.com,,,,Asia-Pacific,Team site (no Microsoft 365 group),25600,0.004,New and existing external users,,Indexed,,,Claimed,2026-08-13 19:23:14,,2026-08-14 10:07:36,2027-02-14 10:07:36,2026-08-14 10:08:59,In compliance,,,ADB - SharePoint Site Renewal,ADB - Do not allow External Sharing (SharePoint Site),,,,,,,,,,No,,,,,,,,,,,,,ADBI,,,,CGAdoption,EDRMS Project Site,,,,,,,,,,,,,,,,,,,,,,,,dane-ddos-22,
Site,dane-Site-Title-ddos-20,,Active,Active,,https://7rkd12.sharepoint.com/teams/prj_dane-ddos-20,5620b3da-85d6-471b-aa61-e61ce22c6a15,,,,Bonnie Test,BonnieTest@7rkd12.onmicrosoft.com,Mihal,Mihal@7rkd12.onmicrosoft.com,Mihal,Mihal@7rkd12.onmicrosoft.com,,,,Asia-Pacific,Team site (no Microsoft 365 group),25600,0.004,New and existing external users,,Indexed,,,Claimed,2026-08-13 19:23:13,,2026-08-14 09:53:33,2027-02-14 09:53:33,2026-08-14 09:56:05,In compliance,,,ADB - SharePoint Site Renewal,ADB - Do not allow External Sharing (SharePoint Site),,,,,,,,,,No,,,,,,,,,,,,,ADBI,,,,CGAdoption,EDRMS Project Site,,,,,,,,,,,,,,,,,,,,,,,,dane-ddos-20,
Site,dane-Site-Title-ddos-18,,Active,Active,,https://7rkd12.sharepoint.com/teams/prj_dane-ddos-18,b5473804-6f9f-43ec-b2f9-682a4bb4b635,,,,Bonnie Test,BonnieTest@7rkd12.onmicrosoft.com,Mihal,Mihal@7rkd12.onmicrosoft.com,Mihal,Mihal@7rkd12.onmicrosoft.com,,,,Asia-Pacific,Team site (no Microsoft 365 group),25600,0.004,New and existing external users,,Indexed,,,Claimed,2026-08-13 19:23:04,,2026-08-14 10:11:57,2027-02-14 10:11:57,2026-08-14 10:14:32,In compliance,,,ADB - SharePoint Site Renewal,ADB - Do not allow External Sharing (SharePoint Site),,,,,,,,,,No,,,,,,,,,,,,,ADBI,,,,CGAdoption,EDRMS Project Site,,,,,,,,,,,,,,,,,,,,,,,,dane-ddos-18,
Site,dane-Site-Title-ddos-17,,Active,Active,,https://7rkd12.sharepoint.com/teams/prj_dane-ddos-17,b22d4584-1349-4f1a-ba19-fed5f5a8ed9c,,,,Bonnie Test,BonnieTest@7rkd12.onmicrosoft.com,Mihal,Mihal@7rkd12.onmicrosoft.com,Mihal,Mihal@7rkd12.onmicrosoft.com,,,,Asia-Pacific,Team site (no Microsoft 365 group),25600,0.004,New and existing external users,,Indexed,,,Claimed,2026-08-13 19:23:04,,2026-08-14 08:52:51,2027-02-14 08:52:51,2026-08-14 08:55:54,In compliance,,,ADB - SharePoint Site Renewal,ADB - Do not allow External Sharing (SharePoint Site),,,,,,,,,,No,,,,,,,,,,,,,ADBI,,,,CGAdoption,EDRMS Project Site,,,,,,,,,,,,,,,,,,,,,,,,dane-ddos-17,
Site,dane-Site-Title-ddos-19,,Active,Active,,https://7rkd12.sharepoint.com/teams/prj_dane-ddos-19,7281ea85-1328-4762-b101-ecd77022f0bc,,,,Bonnie Test,BonnieTest@7rkd12.onmicrosoft.com,Mihal,Mihal@7rkd12.onmicrosoft.com,Mihal,Mihal@7rkd12.onmicrosoft.com,,,,Asia-Pacific,Team site (no Microsoft 365 group),25600,0.004,New and existing external users,,Indexed,,,Claimed,2026-08-13 19:23:04,,2026-08-14 09:06:29,2027-02-14 09:06:29,2026-08-14 09:07:23,In compliance,,,ADB - SharePoint Site Renewal,ADB - Do not allow External Sharing (SharePoint Site),,,,,,,,,,No,,,,,,,,,,,,,ADBI,,,,CGAdoption,EDRMS Project Site,,,,,,,,,,,,,,,,,,,,,,,,dane-ddos-19,
Site,dane-Site-Title-ddos-16,,Active,Active,,https://7rkd12.sharepoint.com/teams/prj_dane-ddos-16,44549d93-a015-40d2-80dc-1d2eeaa36701,,,,Bonnie Test,BonnieTest@7rkd12.onmicrosoft.com,Mihal,Mihal@7rkd12.onmicrosoft.com,Mihal,Mihal@7rkd12.onmicrosoft.com,,,,Asia-Pacific,Team site (no Microsoft 365 group),25600,0.004,New and existing external users,,Indexed,,,Claimed,2026-08-13 19:23:03,,2026-08-14 09:45:56,2027-02-14 09:45:56,2026-08-14 09:47:32,In compliance,,,ADB - SharePoint Site Renewal,ADB - Do not allow External Sharing (SharePoint Site),,,,,,,,,,No,,,,,,,,,,,,,ADBI,,,,CGAdoption,EDRMS Project Site,,,,,,,,,,,,,,,,,,,,,,,,dane-ddos-16,
Site,dane-Site-Title-ddos-13,,Active,Active,,https://7rkd12.sharepoint.com/teams/prj_dane-ddos-13,f2fb4f49-9b72-4ed1-a735-ff6d2634e6d8,,,,Bonnie Test,BonnieTest@7rkd12.onmicrosoft.com,Mihal,Mihal@7rkd12.onmicrosoft.com,Mihal,Mihal@7rkd12.onmicrosoft.com,,,,Asia-Pacific,Team site (no Microsoft 365 group),25600,0.004,New and existing external users,,Indexed,,,Claimed,2026-08-13 19:22:54,,2026-08-14 11:48:44,2027-02-14 11:48:44,2026-08-14 11:53:25,In compliance,,,ADB - SharePoint Site Renewal,ADB - Do not allow External Sharing (SharePoint Site),,,,,,,,,,No,,,,,,,,,,,,,ADBI,,,,CGAdoption,EDRMS Project Site,,,,,,,,,,,,,,,,,,,,,,,,dane-ddos-13,
Site,dane-Site-Title-ddos-14,,Active,Active,,https://7rkd12.sharepoint.com/teams/prj_dane-ddos-14,b8e72dee-d863-4659-938b-a7d8e4e43696,,,,Bonnie Test,BonnieTest@7rkd12.onmicrosoft.com,Mihal,Mihal@7rkd12.onmicrosoft.com,Mihal,Mihal@7rkd12.onmicrosoft.com,,,,Asia-Pacific,Team site (no Microsoft 365 group),25600,0.004,New and existing external users,,Indexed,,,Claimed,2026-08-13 19:22:52,,2026-08-14 12:07:44,2027-02-14 12:07:44,2026-08-14 12:10:21,In compliance,,,ADB - SharePoint Site Renewal,ADB - Do not allow External Sharing (SharePoint Site),,,,,,,,,,No,,,,,,,,,,,,,ADBI,,,,CGAdoption,EDRMS Project Site,,,,,,,,,,,,,,,,,,,,,,,,dane-ddos-14,
Site,dane-Site-Title-ddos-12,,Active,Active,,https://7rkd12.sharepoint.com/teams/prj_dane-ddos-12,37b9073d-7800-4148-9922-4f9aa42c80de,,,,Bonnie Test,BonnieTest@7rkd12.onmicrosoft.com,Mihal,Mihal@7rkd12.onmicrosoft.com,Mihal,Mihal@7rkd12.onmicrosoft.com,,,,Asia-Pacific,Team site (no Microsoft 365 group),25600,0.004,New and existing external users,,Indexed,,,Claimed,2026-08-13 19:22:44,,2026-08-14 11:23:40,2027-02-14 11:23:40,2026-08-14 11:26:53,In compliance,,,ADB - SharePoint Site Renewal,ADB - Do not allow External Sharing (SharePoint Site),,,,,,,,,,No,,,,,,,,,,,,,ADBI,,,,CGAdoption,EDRMS Project Site,,,,,,,,,,,,,,,,,,,,,,,,dane-ddos-12,
Site,dane-Site-Title-ddos-10,,Active,Active,,https://7rkd12.sharepoint.com/teams/prj_dane-ddos-10,f2557b82-e9b9-45d0-987d-fc6f9349053b,,,,Bonnie Test,BonnieTest@7rkd12.onmicrosoft.com,Mihal,Mihal@7rkd12.onmicrosoft.com,Mihal,Mihal@7rkd12.onmicrosoft.com,,,,Asia-Pacific,Team site (no Microsoft 365 group),25600,0.004,New and existing external users,,Indexed,,,Claimed,2026-08-13 19:22:44,,2026-08-14 11:24:06,2027-02-14 11:24:06,2026-08-14 11:28:58,In compliance,,,ADB - SharePoint Site Renewal,ADB - Do not allow External Sharing (SharePoint Site),,,,,,,,,,No,,,,,,,,,,,,,ADBI,,,,CGAdoption,EDRMS Project Site,,,,,,,,,,,,,,,,,,,,,,,,dane-ddos-10,
Site,dane-Site-Title-ddos-9,,Active,Active,,https://7rkd12.sharepoint.com/teams/prj_dane-ddos-9,d38aa197-76e0-4f2c-9cc8-1b64fbccd19b,,,,Bonnie Test,BonnieTest@7rkd12.onmicrosoft.com,Mihal,Mihal@7rkd12.onmicrosoft.com,Mihal,Mihal@7rkd12.onmicrosoft.com,,,,Asia-Pacific,Team site (no Microsoft 365 group),25600,0.004,New and existing external users,,Indexed,,,Claimed,2026-08-13 19:22:44,,2026-08-14 11:49:54,2027-02-14 11:49:54,2026-08-14 11:52:24,In compliance,,,ADB - SharePoint Site Renewal,ADB - Do not allow External Sharing (SharePoint Site),,,,,,,,,,No,,,,,,,,,,,,,ADBI,,,,CGAdoption,EDRMS Project Site,,,,,,,,,,,,,,,,,,,,,,,,dane-ddos-9,
Site,dane-Site-Title-ddos-11,,Active,Active,,https://7rkd12.sharepoint.com/teams/prj_dane-ddos-11,4e978101-5692-4947-9a99-84b1cbb0fe19,,,,Bonnie Test,BonnieTest@7rkd12.onmicrosoft.com,Mihal,Mihal@7rkd12.onmicrosoft.com,Mihal,Mihal@7rkd12.onmicrosoft.com,,,,Asia-Pacific,Team site (no Microsoft 365 group),25600,0.004,New and existing external users,,Indexed,,,Claimed,2026-08-13 19:22:43,,2026-08-14 12:44:34,2027-02-14 12:44:34,2026-08-14 12:46:22,In compliance,,,ADB - SharePoint Site Renewal,ADB - Do not allow External Sharing (SharePoint Site),,,,,,,,,,No,,,,,,,,,,,,,ADBI,,,,CGAdoption,EDRMS Project Site,,,,,,,,,,,,,,,,,,,,,,,,dane-ddos-11,
Site,dane-Site-Title-ddos-8,,Active,Active,,https://7rkd12.sharepoint.com/teams/prj_dane-ddos-8,316f9cf7-9288-46bd-909e-8174ea4df972,,,,Bonnie Test,BonnieTest@7rkd12.onmicrosoft.com,Mihal,Mihal@7rkd12.onmicrosoft.com,Mihal,Mihal@7rkd12.onmicrosoft.com,,,,Asia-Pacific,Team site (no Microsoft 365 group),25600,0.004,New and existing external users,,Indexed,,,Claimed,2026-08-13 19:22:33,,2026-08-14 12:35:01,2027-02-14 12:35:01,2026-08-14 12:37:58,In compliance,,,ADB - SharePoint Site Renewal,ADB - Do not allow External Sharing (SharePoint Site),,,,,,,,,,No,,,,,,,,,,,,,ADBI,,,,CGAdoption,EDRMS Project Site,,,,,,,,,,,,,,,,,,,,,,,,dane-ddos-8,
Site,dane-Site-Title-ddos-5,,Active,Active,,https://7rkd12.sharepoint.com/teams/prj_dane-ddos-5,a541f83e-7588-4545-957f-70ccd30f7af6,,,,Bonnie Test,BonnieTest@7rkd12.onmicrosoft.com,Mihal,Mihal@7rkd12.onmicrosoft.com,Mihal,Mihal@7rkd12.onmicrosoft.com,,,,Asia-Pacific,Team site (no Microsoft 365 group),25600,0.004,New and existing external users,,Indexed,,,Claimed,2026-08-13 19:22:33,,2026-08-14 12:30:23,2027-02-14 12:30:23,2026-08-14 12:31:48,In compliance,,,ADB - SharePoint Site Renewal,ADB - Do not allow External Sharing (SharePoint Site),,,,,,,,,,No,,,,,,,,,,,,,CWRD;SARD,,,,CGAdoption,EDRMS Project Site,,,,,,,,,,,,,,,,,,,,,,,,dane-ddos-5,
Site,dane-Site-Title-ddos-4,,Active,Active,,https://7rkd12.sharepoint.com/teams/prj_dane-ddos-4,e48e9c15-84bf-4c3b-afcf-53df4cb0a4fb,,,,Bonnie Test,BonnieTest@7rkd12.onmicrosoft.com,Mihal,Mihal@7rkd12.onmicrosoft.com,Mihal,Mihal@7rkd12.onmicrosoft.com,,,,Asia-Pacific,Team site (no Microsoft 365 group),25600,0.004,New and existing external users,,Indexed,,,Claimed,2026-08-13 19:22:22,,2026-08-14 12:18:18,2027-02-14 12:18:18,2026-08-14 12:18:48,In compliance,,,ADB - SharePoint Site Renewal,ADB - Do not allow External Sharing (SharePoint Site),,,,,,,,,,No,,,,,,,,,,,,,ADBI;SARD,,,,CGAdoption,EDRMS Project Site,,,,,,,,,,,,,,,,,,,,,,,,dane-ddos-4,
Site,dane-Site-Title-ddos-1,1,Active,Active,,https://7rkd12.sharepoint.com/teams/prj_dane-ddos-1,ea941f4e-56d8-4d10-a384-bb4911729de8,,,,Bonnie Test,BonnieTest@7rkd12.onmicrosoft.com,Mihal,Mihal@7rkd12.onmicrosoft.com,Mihal,Mihal@7rkd12.onmicrosoft.com,,,,Asia-Pacific,Team site (no Microsoft 365 group),25600,0.004,New and existing external users,,Indexed,,,Claimed,2026-08-13 19:22:20,,2026-08-14 12:56:54,2027-02-14 12:56:54,2026-08-14 12:58:16,In compliance,,,ADB - SharePoint Site Renewal,ADB - Do not allow External Sharing (SharePoint Site),,,,,,,,,,No,,,,,,,,,,,,,ADBI;BOD;CSD;CWRD;SARD,,,,CGAdoption,EDRMS Project Site,,,,,,,,,,,,,,,,,,,,,,,,dane-ddos-1,
Site,dane-Site-Title-ddos-3,,Active,Active,,https://7rkd12.sharepoint.com/teams/prj_dane-ddos-3,b81ae97d-5c75-4d32-8b61-ec9ee1f4158b,,,,Bonnie Test,BonnieTest@7rkd12.onmicrosoft.com,Mihal,Mihal@7rkd12.onmicrosoft.com,Mihal,Mihal@7rkd12.onmicrosoft.com,,,,Asia-Pacific,Team site (no Microsoft 365 group),25600,0.004,New and existing external users,,Indexed,,,Claimed,2026-08-13 19:22:19,,2026-08-14 12:58:04,2027-02-14 12:58:04,2026-08-14 13:01:19,In compliance,,,ADB - SharePoint Site Renewal,ADB - Do not allow External Sharing (SharePoint Site),,,,,,,,,,No,,,,,,,,,,,,,ADBI;BOD;SARD,,,,CGAdoption,EDRMS Project Site,,,,,,,,,,,,,,,,,,,,,,,,dane-ddos-3,
Site,dane-Site-Title-ddos-2,,Active,Active,,https://7rkd12.sharepoint.com/teams/prj_dane-ddos-2,be2f0d4a-6ee8-47a9-8296-c1bfcde5dea6,,,,Bonnie Test,BonnieTest@7rkd12.onmicrosoft.com,Mihal,Mihal@7rkd12.onmicrosoft.com,Mihal,Mihal@7rkd12.onmicrosoft.com,,,,Asia-Pacific,Team site (no Microsoft 365 group),25600,0.004,New and existing external users,,Indexed,,,Claimed,2026-08-13 19:22:17,,2026-08-14 13:25:34,2027-02-14 13:25:34,2026-08-14 13:28:05,In compliance,,,ADB - SharePoint Site Renewal,ADB - Do not allow External Sharing (SharePoint Site),,,,,,,,,,No,,,,,,,,,,,,,ADBI,,,,CGAdoption,EDRMS Project Site,,,,,,,,,,,,,,,,,,,,,,,,dane-ddos-2,
Site,dane-Site-Title-l-83,,Active,Active,,https://7rkd12.sharepoint.com/teams/prj_dane-l-83,89981e7d-1b1a-4162-8aa1-9c80e9f92cd2,,,,Bonnie Test,BonnieTest@7rkd12.onmicrosoft.com,Mihal,Mihal@7rkd12.onmicrosoft.com,Mihal,Mihal@7rkd12.onmicrosoft.com,,,,Asia-Pacific,Team site (no Microsoft 365 group),25600,0.004,Existing external users,,Indexed,,,Claimed,2026-08-13 19:18:20,,2026-08-14 13:21:40,2027-02-14 13:21:40,2026-08-14 13:26:44,In compliance,,,ADB - SharePoint Site Renewal,ADB - Do not allow External Sharing (SharePoint Site),,,,,,,,,,No,,,,,,,,,,,,,ADBI,,,,CGAdoption,EDRMS Project Site,,,,,,,,,,,,,,,,,,,,,,,,dane-l-83,
Site,dane-Site-Title-l-81,,Active,Active,,https://7rkd12.sharepoint.com/teams/prj_dane-l-81,e1a278d8-9886-4917-83fe-36705fdd022f,,,,Bonnie Test,BonnieTest@7rkd12.onmicrosoft.com,Mihal,Mihal@7rkd12.onmicrosoft.com,Mihal,Mihal@7rkd12.onmicrosoft.com,,,,Asia-Pacific,Team site (no Microsoft 365 group),25600,0.004,Existing external users,,Indexed,,,Claimed,2026-08-13 19:18:14,,2026-08-14 14:29:02,2027-02-14 14:29:02,2026-08-14 14:32:18,In compliance,,,ADB - SharePoint Site Renewal,ADB - Do not allow External Sharing (SharePoint Site),,,,,,,,,,No,,,,,,,,,,,,,ADBI,,,,CGAdoption,EDRMS Project Site,,,,,,,,,,,,,,,,,,,,,,,,dane-l-81,
Site,dane-Site-Title-l-50,,Active,Active,,https://7rkd12.sharepoint.com/teams/prj_dane-l-50,5421a7e0-70d4-4d74-aef7-10ebe4c98e0b,,,,Bonnie Test,BonnieTest@7rkd12.onmicrosoft.com,Mihal,Mihal@7rkd12.onmicrosoft.com,Mihal,Mihal@7rkd12.onmicrosoft.com,,,,Asia-Pacific,Team site (no Microsoft 365 group),25600,0.004,Existing external users,,Indexed,,,Claimed,2026-08-13 19:16:26,,2026-08-14 14:06:07,2027-02-14 14:06:07,2026-08-14 14:08:36,In compliance,,,ADB - SharePoint Site Renewal,ADB - Do not allow External Sharing (SharePoint Site),,,,,,,,,,No,,,,,,,,,,,,,ADBI,,,,CGAdoption,EDRMS Project Site,,,,,,,,,,,,,,,,,,,,,,,,dane-l-50,
Site,dane-Site-Title-l-49,,Active,Active,,https://7rkd12.sharepoint.com/teams/prj_dane-l-49,5256f43d-d84f-4b3d-b0ad-5291dc31b387,,,,Bonnie Test,BonnieTest@7rkd12.onmicrosoft.com,Mihal,Mihal@7rkd12.onmicrosoft.com,Mihal,Mihal@7rkd12.onmicrosoft.com,,,,Asia-Pacific,Team site (no Microsoft 365 group),25600,0.004,Existing external users,,Indexed,,,Claimed,2026-08-13 19:16:23,,2026-08-14 13:38:54,2027-02-14 13:38:54,2026-08-14 13:41:16,In compliance,,,ADB - SharePoint Site Renewal,ADB - Do not allow External Sharing (SharePoint Site),,,,,,,,,,No,,,,,,,,,,,,,ADBI,,,,CGAdoption,EDRMS Project Site,,,,,,,,,,,,,,,,,,,,,,,,dane-l-49,
Site,dane-Site-Title-l-48,,Active,Active,,https://7rkd12.sharepoint.com/teams/prj_dane-l-48,00d788b3-7a59-4cbc-9c4e-7eeaadbb7d52,,,,Bonnie Test,BonnieTest@7rkd12.onmicrosoft.com,Mihal,Mihal@7rkd12.onmicrosoft.com,Mihal,Mihal@7rkd12.onmicrosoft.com,,,,Asia-Pacific,Team site (no Microsoft 365 group),25600,0.004,Existing external users,,Indexed,,,Claimed,2026-08-13 19:16:19,,2026-08-14 13:21:43,2027-02-14 13:21:43,2026-08-14 13:23:03,In compliance,,,ADB - SharePoint Site Renewal,ADB - Do not allow External Sharing (SharePoint Site),,,,,,,,,,No,,,,,,,,,,,,,ADBI,,,,CGAdoption,EDRMS Project Site,,,,,,,,,,,,,,,,,,,,,,,,dane-l-48,
Site,dane-Site-Title-l-46,,Active,Active,,https://7rkd12.sharepoint.com/teams/prj_dane-l-46,ddcf6222-24ec-4cac-a7ca-dc22ebe9ac75,,,,Bonnie Test,BonnieTest@7rkd12.onmicrosoft.com,Mihal,Mihal@7rkd12.onmicrosoft.com,Mihal,Mihal@7rkd12.onmicrosoft.com,,,,Asia-Pacific,Team site (no Microsoft 365 group),25600,0.004,Existing external users,,Indexed,,,Claimed,2026-08-13 19:16:15,,2026-08-14 13:29:00,2027-02-14 13:29:00,2026-08-14 13:29:50,In compliance,,,ADB - SharePoint Site Renewal,ADB - Do not allow External Sharing (SharePoint Site),,,,,,,,,,No,,,,,,,,,,,,,ADBI,,,,CGAdoption,EDRMS Project Site,,,,,,,,,,,,,,,,,,,,,,,,dane-l-46,
Site,dane-Site-Title-l-42,,Active,Active,,https://7rkd12.sharepoint.com/teams/prj_dane-l-42,980bb082-3392-4b95-9eb5-3f82fa2fa47e,,,,Bonnie Test,BonnieTest@7rkd12.onmicrosoft.com,Mihal,Mihal@7rkd12.onmicrosoft.com,Mihal,Mihal@7rkd12.onmicrosoft.com,,,,Asia-Pacific,Team site (no Microsoft 365 group),25600,0.004,Existing external users,,Indexed,,,Claimed,2026-08-13 19:16:05,,2026-08-14 14:33:51,2027-02-14 14:33:51,2026-08-14 14:35:19,In compliance,,,ADB - SharePoint Site Renewal,ADB - Do not allow External Sharing (SharePoint Site),,,,,,,,,,No,,,,,,,,,,,,,ADBI,,,,CGAdoption,EDRMS Project Site,,,,,,,,,,,,,,,,,,,,,,,,dane-l-42,
Site,dane-Site-Title-l-35,,Active,Active,,https://7rkd12.sharepoint.com/teams/prj_dane-l-35,59b1dff7-0e54-4335-870a-759581b848ac,,,,Bonnie Test,BonnieTest@7rkd12.onmicrosoft.com,Mihal,Mihal@7rkd12.onmicrosoft.com,Mihal,Mihal@7rkd12.onmicrosoft.com,,,,Asia-Pacific,Team site (no Microsoft 365 group),25600,0.004,Existing external users,,Indexed,,,Claimed,2026-08-13 19:15:46,,2026-08-14 14:42:36,2027-02-14 14:42:36,2026-08-14 14:43:58,In compliance,,,ADB - SharePoint Site Renewal,ADB - Do not allow External Sharing (SharePoint Site),,,,,,,,,,No,,,,,,,,,,,,,ADBI,,,,CGAdoption,EDRMS Project Site,,,,,,,,,,,,,,,,,,,,,,,,dane-l-35,
Site,dane-Group-Site-a-088,a,Active,Active,,https://7rkd12.sharepoint.com/teams/prj_danegroupsite-088,102fc0db-dd9d-4f5a-81ce-2dff5058bd56,,,,Bonnie Test,BonnieTest@7rkd12.onmicrosoft.com,Mihal,Mihal@7rkd12.onmicrosoft.com,Mihal,Mihal@7rkd12.onmicrosoft.com,,,,Asia-Pacific,Team site (no Microsoft 365 group),25600,0.004,Existing external users,,Indexed,,,Claimed,2026-08-13 15:47:56,,2026-08-13 17:03:08,2027-02-13 17:03:08,2026-08-13 17:05:44,In compliance,,,ADB - SharePoint Site Renewal,ADB - Do not allow External Sharing (SharePoint Site),,,,,,,,,,No,,,,,,,,,,,,,ADBI,,,,CGAdoption,EDRMS Project Site,,,,,,,,,,,,,,,,,,,,,,,,danegroupsite-088,
Site,dane-Group-Site-a-082,a,Active,Active,,https://7rkd12.sharepoint.com/teams/prj_danegroupsite-082,9e8a3375-9a68-4c8e-941a-109438730386,,,,Bonnie Test,BonnieTest@7rkd12.onmicrosoft.com,Mihal,Mihal@7rkd12.onmicrosoft.com,Mihal,Mihal@7rkd12.onmicrosoft.com,,,,Asia-Pacific,Team site (no Microsoft 365 group),25600,0.004,Existing external users,,Indexed,,,Claimed,2026-08-13 15:47:15,,2026-08-13 17:21:10,2027-02-13 17:21:10,2026-08-13 17:23:19,In compliance,,,ADB - SharePoint Site Renewal,ADB - Do not allow External Sharing (SharePoint Site),,,,,,,,,,No,,,,,,,,,,,,,ADBI,,,,CGAdoption,EDRMS Project Site,,,,,,,,,,,,,,,,,,,,,,,,danegroupsite-082,
Site,dane-Group-Site-a-073,a,Active,Active,,https://7rkd12.sharepoint.com/teams/prj_danegroupsite-073,893a35f4-2b82-427d-a207-1efce0d0e0df,,,,Bonnie Test,BonnieTest@7rkd12.onmicrosoft.com,Mihal,Mihal@7rkd12.onmicrosoft.com,Mihal,Mihal@7rkd12.onmicrosoft.com,,,,Asia-Pacific,Team site (no Microsoft 365 group),25600,0.004,New and existing external users,,Indexed,,,Claimed,2026-08-13 15:45:45,,2026-08-13 17:54:49,2027-02-13 17:54:49,2026-08-13 17:58:39,In compliance,,,ADB - SharePoint Site Renewal,ADB - Do not allow External Sharing (SharePoint Site),,,,,,,,,,No,,,,,,,,,,,,,ADBI,,,,CGAdoption,EDRMS Project Site,,,,,,,,,,,,,,,,,,,,,,,,danegroupsite-073,
Site,dane-Group-Site-a-069,a,Active,Active,,https://7rkd12.sharepoint.com/teams/prj_danegroupsite-069,1100d972-99dc-4202-8c88-f417f3403937,,,,Bonnie Test,BonnieTest@7rkd12.onmicrosoft.com,Mihal,Mihal@7rkd12.onmicrosoft.com,Mihal,Mihal@7rkd12.onmicrosoft.com,,,,Asia-Pacific,Team site (no Microsoft 365 group),25600,0.004,New and existing external users,,Indexed,,,Claimed,2026-08-13 15:45:34,,2026-08-13 17:53:31,2027-02-13 17:53:31,2026-08-13 17:55:35,In compliance,,,ADB - SharePoint Site Renewal,ADB - Do not allow External Sharing (SharePoint Site),,,,,,,,,,No,,,,,,,,,,,,,ADBI,,,,CGAdoption,EDRMS Project Site,,,,,,,,,,,,,,,,,,,,,,,,danegroupsite-069,
Site,dane-Group-Site-a-068,a,Active,Active,,https://7rkd12.sharepoint.com/teams/prj_danegroupsite-068,f44303b1-fff7-4514-b781-7c3a5868cf42,,,,Bonnie Test,BonnieTest@7rkd12.onmicrosoft.com,Mihal,Mihal@7rkd12.onmicrosoft.com,Mihal,Mihal@7rkd12.onmicrosoft.com,,,,Asia-Pacific,Team site (no Microsoft 365 group),25600,0.004,New and existing external users,,Indexed,,,Claimed,2026-08-13 15:45:33,,2026-08-13 17:50:49,2027-02-13 17:50:49,2026-08-13 17:54:18,In compliance,,,ADB - SharePoint Site Renewal,ADB - Do not allow External Sharing (SharePoint Site),,,,,,,,,,No,,,,,,,,,,,,,ADBI,,,,CGAdoption,EDRMS Project Site,,,,,,,,,,,,,,,,,,,,,,,,danegroupsite-068,
Site,dane-Group-Site-a-067,a,Active,Active,,https://7rkd12.sharepoint.com/teams/prj_danegroupsite-067,028dd032-7279-43ed-bf56-2a0005dbf4ec,,,,Bonnie Test,BonnieTest@7rkd12.onmicrosoft.com,Mihal,Mihal@7rkd12.onmicrosoft.com,Mihal,Mihal@7rkd12.onmicrosoft.com,,,,Asia-Pacific,Team site (no Microsoft 365 group),25600,0.004,New and existing external users,,Indexed,,,Claimed,2026-08-13 15:45:29,,2026-08-13 17:18:05,2027-02-13 17:18:05,2026-08-13 17:19:11,In compliance,,,ADB - SharePoint Site Renewal,ADB - Do not allow External Sharing (SharePoint Site),,,,,,,,,,No,,,,,,,,,,,,,ADBI,,,,CGAdoption,EDRMS Project Site,,,,,,,,,,,,,,,,,,,,,,,,danegroupsite-067,
Site,dane-Group-Site-a-065,a,Active,Active,,https://7rkd12.sharepoint.com/teams/prj_danegroupsite-065,1f2e638a-9d2a-450b-8744-56ae91850520,,,,Bonnie Test,BonnieTest@7rkd12.onmicrosoft.com,Mihal,Mihal@7rkd12.onmicrosoft.com,Mihal,Mihal@7rkd12.onmicrosoft.com,,,,Asia-Pacific,Team site (no Microsoft 365 group),25600,0.004,Existing external users,,Indexed,,,Claimed,2026-08-13 15:45:24,,2026-08-13 18:01:22,2027-02-13 18:01:22,2026-08-13 18:25:18,In compliance,,,ADB - SharePoint Site Renewal,ADB - Do not allow External Sharing (SharePoint Site),,,,,,,,,,No,,,,,,,,,,,,,ADBI,,,,CGAdoption,EDRMS Project Site,,,,,,,,,,,,,,,,,,,,,,,,danegroupsite-065,
Site,dane-Group-Site-a-062,a,Active,Active,,https://7rkd12.sharepoint.com/teams/prj_danegroupsite-062,8f2a627f-f69c-415e-8b08-fb5349271af3,,,,Bonnie Test,BonnieTest@7rkd12.onmicrosoft.com,Mihal,Mihal@7rkd12.onmicrosoft.com,Mihal,Mihal@7rkd12.onmicrosoft.com,,,,Asia-Pacific,Team site (no Microsoft 365 group),25600,0.004,New and existing external users,,Indexed,,,Claimed,2026-08-13 15:45:16,,2026-08-13 17:41:59,2027-02-13 17:41:59,2026-08-13 17:43:27,In compliance,,,ADB - SharePoint Site Renewal,ADB - Do not allow External Sharing (SharePoint Site),,,,,,,,,,No,,,,,,,,,,,,,ADBI,,,,CGAdoption,EDRMS Project Site,,,,,,,,,,,,,,,,,,,,,,,,danegroupsite-062,
Site,dane-Group-Site-a-059,a,Active,Active,,https://7rkd12.sharepoint.com/teams/prj_danegroupsite-059,25c56a1c-573e-49db-abba-21d574ccff97,,,,Bonnie Test,BonnieTest@7rkd12.onmicrosoft.com,Mihal,Mihal@7rkd12.onmicrosoft.com,Mihal,Mihal@7rkd12.onmicrosoft.com,,,,Asia-Pacific,Team site (no Microsoft 365 group),25600,0.005,New and existing external users,,Indexed,,,Claimed,2026-08-13 15:44:33,,2026-08-13 20:19:52,2027-02-13 20:19:52,2026-08-13 20:22:00,In compliance,,,ADB - SharePoint Site Renewal,ADB - Do not allow External Sharing (SharePoint Site),,,,,,,,,,No,,,,,,,,,,,,,ADBI,,,,CGAdoption,EDRMS Project Site,,,,,,,,,,,,,,,,,,,,,,,,danegroupsite-059,
Site,dane-Group-Site-a-025,a,Active,Active,,https://7rkd12.sharepoint.com/teams/prj_danegroupsite-025,bd1b2895-87ee-4a11-ac5c-7dad66fb6138,,,,Bonnie Test,BonnieTest@7rkd12.onmicrosoft.com,Mihal,Mihal@7rkd12.onmicrosoft.com,Mihal,Mihal@7rkd12.onmicrosoft.com,,,,Asia-Pacific,Team site (no Microsoft 365 group),25600,0.004,New and existing external users,,Indexed,,,Claimed,2026-08-13 15:41:44,,2026-08-13 18:34:34,2027-02-13 18:34:34,2026-08-13 18:36:58,In compliance,,,ADB - SharePoint Site Renewal,ADB - Do not allow External Sharing (SharePoint Site),,,,,,,,,,No,,,,,,,,,,,,,ADBI,,,,CGAdoption,EDRMS Project Site,,,,,,,,,,,,,,,,,,,,,,,,danegroupsite-025,
Site,dane-Site-Title-c-30,,Active,Active,,https://7rkd12.sharepoint.com/teams/prj_dane-c-30,63331795-97f9-48e6-bb92-fa18b17ca493,,,,Bonnie Test,BonnieTest@7rkd12.onmicrosoft.com,Mihal,Mihal@7rkd12.onmicrosoft.com,Mihal,Mihal@7rkd12.onmicrosoft.com,,,,Asia-Pacific,Team site (no Microsoft 365 group),25600,0.004,Existing external users,,Indexed,,,Claimed,2026-08-13 12:12:29,,2026-08-13 13:46:06,2027-02-13 13:46:06,2026-08-13 13:49:55,In compliance,,,ADB - SharePoint Site Renewal,ADB - Do not allow External Sharing (SharePoint Site),,,,,,,,,,No,,,,,,,,,,,,,ADBI,,,,CGAdoption,EDRMS Project Site,,,,,,,,,,,,,,,,,,,,,,,,dane-c-30,
Site,dane-Site-Title-c-29,,Active,Active,,https://7rkd12.sharepoint.com/teams/prj_dane-c-29,842ce18b-63f8-4a1c-92d3-1eb242f9ccf5,,,,Bonnie Test,BonnieTest@7rkd12.onmicrosoft.com,Mihal,Mihal@7rkd12.onmicrosoft.com,Mihal,Mihal@7rkd12.onmicrosoft.com,,,,Asia-Pacific,Team site (no Microsoft 365 group),25600,0.004,Existing external users,,Indexed,,,Claimed,2026-08-13 12:12:24,,2026-08-13 13:55:43,2027-02-13 13:55:43,2026-08-13 13:56:52,In compliance,,,ADB - SharePoint Site Renewal,ADB - Do not allow External Sharing (SharePoint Site),,,,,,,,,,No,,,,,,,,,,,,,ADBI,,,,CGAdoption,EDRMS Project Site,,,,,,,,,,,,,,,,,,,,,,,,dane-c-29,
Site,dane-Site-Title-c-27,,Active,Active,,https://7rkd12.sharepoint.com/teams/prj_dane-c-27,d1d16a2e-c280-42c1-92eb-f44a20e76f46,,,,Bonnie Test,BonnieTest@7rkd12.onmicrosoft.com,Mihal,Mihal@7rkd12.onmicrosoft.com,Mihal,Mihal@7rkd12.onmicrosoft.com,,,,Asia-Pacific,Team site (no Microsoft 365 group),25600,0.004,Existing external users,,Indexed,,,Claimed,2026-08-13 12:12:21,,2026-08-13 14:02:44,2027-02-13 14:02:44,2026-08-13 14:09:48,In compliance,,,ADB - SharePoint Site Renewal,ADB - Do not allow External Sharing (SharePoint Site),,,,,,,,,,No,,,,,,,,,,,,,ADBI,,,,CGAdoption,EDRMS Project Site,,,,,,,,,,,,,,,,,,,,,,,,dane-c-27,
Site,dane-Site-Title-c-23,,Active,Active,,https://7rkd12.sharepoint.com/teams/prj_dane-c-23,17327fac-4d41-479a-87ff-61fcd80169ab,,,,Bonnie Test,BonnieTest@7rkd12.onmicrosoft.com,Mihal,Mihal@7rkd12.onmicrosoft.com,Mihal,Mihal@7rkd12.onmicrosoft.com,,,,Asia-Pacific,Team site (no Microsoft 365 group),25600,0.004,Existing external users,,Indexed,,,Claimed,2026-08-13 12:12:11,,2026-08-13 13:38:08,2027-02-13 13:38:08,2026-08-13 13:38:47,In compliance,,,ADB - SharePoint Site Renewal,ADB - Do not allow External Sharing (SharePoint Site),,,,,,,,,,No,,,,,,,,,,,,,ADBI,,,,CGAdoption,EDRMS Project Site,,,,,,,,,,,,,,,,,,,,,,,,dane-c-23,
Site,dane-Site-Title-c-19,,Active,Active,,https://7rkd12.sharepoint.com/teams/prj_dane-c-19,4e0d86b0-6b8d-4cad-8a2c-9947aef154e5,,,,Bonnie Test,BonnieTest@7rkd12.onmicrosoft.com,Mihal,Mihal@7rkd12.onmicrosoft.com,Mihal,Mihal@7rkd12.onmicrosoft.com,,,,Asia-Pacific,Team site (no Microsoft 365 group),25600,0.004,New and existing external users,,Indexed,,,Claimed,2026-08-13 12:12:00,,2026-08-13 15:18:07,2027-02-13 15:18:07,2026-08-13 15:21:02,In compliance,,,ADB - SharePoint Site Renewal,ADB - Do not allow External Sharing (SharePoint Site),,,,,,,,,,No,,,,,,,,,,,,,ADBI,,,,CGAdoption,EDRMS Project Site,,,,,,,,,,,,,,,,,,,,,,,,dane-c-19,
Site,dane-Site-Title-c-16,,Active,Active,,https://7rkd12.sharepoint.com/teams/prj_dane-c-16,e0066e78-22ea-44a4-850e-ce335378b808,,,,Bonnie Test,BonnieTest@7rkd12.onmicrosoft.com,Mihal,Mihal@7rkd12.onmicrosoft.com,Mihal,Mihal@7rkd12.onmicrosoft.com,,,,Asia-Pacific,Team site (no Microsoft 365 group),25600,0.004,New and existing external users,,Indexed,,,Claimed,2026-08-13 12:11:53,,2026-08-13 15:13:13,2027-02-13 15:13:13,2026-08-13 15:15:53,In compliance,,,ADB - SharePoint Site Renewal,ADB - Do not allow External Sharing (SharePoint Site),,,,,,,,,,No,,,,,,,,,,,,,ADBI,,,,CGAdoption,EDRMS Project Site,,,,,,,,,,,,,,,,,,,,,,,,dane-c-16,
Site,dane-Site-Title-c-15,,Active,Active,,https://7rkd12.sharepoint.com/teams/prj_dane-c-15,147a70cf-97d4-4549-9814-db8d6fcd651b,,,,Bonnie Test,BonnieTest@7rkd12.onmicrosoft.com,Mihal,Mihal@7rkd12.onmicrosoft.com,Mihal,Mihal@7rkd12.onmicrosoft.com,,,,Asia-Pacific,Team site (no Microsoft 365 group),25600,0.004,New and existing external users,,Indexed,,,Claimed,2026-08-13 12:11:51,,2026-08-13 15:18:13,2027-02-13 15:18:13,2026-08-13 15:18:54,In compliance,,,ADB - SharePoint Site Renewal,ADB - Do not allow External Sharing (SharePoint Site),,,,,,,,,,No,,,,,,,,,,,,,ADBI,,,,CGAdoption,EDRMS Project Site,,,,,,,,,,,,,,,,,,,,,,,,dane-c-15,
Site,dane-Site-Title-c-11,,Active,Active,,https://7rkd12.sharepoint.com/teams/prj_dane-c-11,66c2328e-808f-4962-8788-19f6f982218f,,,,Bonnie Test,BonnieTest@7rkd12.onmicrosoft.com,Mihal,Mihal@7rkd12.onmicrosoft.com,Mihal,Mihal@7rkd12.onmicrosoft.com,,,,Asia-Pacific,Team site (no Microsoft 365 group),25600,0.004,New and existing external users,,Indexed,,,Claimed,2026-08-13 12:10:58,,2026-08-13 14:14:51,2027-02-13 14:14:51,2026-08-13 14:16:51,In compliance,,,ADB - SharePoint Site Renewal,ADB - Do not allow External Sharing (SharePoint Site),,,,,,,,,,No,,,,,,,,,,,,,ADBI,,,,CGAdoption,EDRMS Project Site,,,,,,,,,,,,,,,,,,,,,,,,dane-c-11,
Site,dane-Site-Title-c-10,,Active,Active,,https://7rkd12.sharepoint.com/teams/prj_dane-c-10,d451bafd-00c0-4569-98a0-2c7ad0fdbb86,,,,Bonnie Test,BonnieTest@7rkd12.onmicrosoft.com,Mihal,Mihal@7rkd12.onmicrosoft.com,Mihal,Mihal@7rkd12.onmicrosoft.com,,,,Asia-Pacific,Team site (no Microsoft 365 group),25600,0.004,New and existing external users,,Indexed,,,Claimed,2026-08-13 12:10:57,,2026-08-13 14:06:35,2027-02-13 14:06:35,2026-08-13 14:09:48,In compliance,,,ADB - SharePoint Site Renewal,ADB - Do not allow External Sharing (SharePoint Site),,,,,,,,,,No,,,,,,,,,,,,,ADBI,,,,CGAdoption,EDRMS Project Site,,,,,,,,,,,,,,,,,,,,,,,,dane-c-10,
Site,dane-Site-Title-c-9,,Active,Active,,https://7rkd12.sharepoint.com/teams/prj_dane-c-9,63602c7e-929f-4833-8a1f-78fbce5b12e2,,,,Bonnie Test,BonnieTest@7rkd12.onmicrosoft.com,Mihal,Mihal@7rkd12.onmicrosoft.com,Mihal,Mihal@7rkd12.onmicrosoft.com,,,,Asia-Pacific,Team site (no Microsoft 365 group),25600,0.004,Existing external users,,Indexed,,,Claimed,2026-08-13 12:10:56,,2026-08-13 13:38:04,2027-02-13 13:38:04,2026-08-13 13:41:42,In compliance,,,ADB - SharePoint Site Renewal,ADB - Do not allow External Sharing (SharePoint Site),,,,,,,,,,No,,,,,,,,,,,,,ADBI,,,,CGAdoption,EDRMS Project Site,,,,,,,,,,,,,,,,,,,,,,,,dane-c-9,
Site,dane-Site-Title-c-8,,Active,Active,,https://7rkd12.sharepoint.com/teams/prj_dane-c-8,49d66296-e09e-44da-8e39-3de4b0420ed7,,,,Bonnie Test,BonnieTest@7rkd12.onmicrosoft.com,Mihal,Mihal@7rkd12.onmicrosoft.com,Mihal,Mihal@7rkd12.onmicrosoft.com,,,,Asia-Pacific,Team site (no Microsoft 365 group),25600,0.004,New and existing external users,,Indexed,,,Claimed,2026-08-13 12:10:52,,2026-08-13 14:57:32,2027-02-13 14:57:32,2026-08-13 14:58:55,In compliance,,,ADB - SharePoint Site Renewal,ADB - Do not allow External Sharing (SharePoint Site),,,,,,,,,,No,,,,,,,,,,,,,ADBI,,,,CGAdoption,EDRMS Project Site,,,,,,,,,,,,,,,,,,,,,,,,dane-c-8,
Site,dane-Site-Title-c-7,,Active,Active,,https://7rkd12.sharepoint.com/teams/prj_dane-c-7,8311f04a-4ec5-4f07-ac9c-9cc87c3cc3de,,,,Bonnie Test,BonnieTest@7rkd12.onmicrosoft.com,Mihal,Mihal@7rkd12.onmicrosoft.com,Mihal,Mihal@7rkd12.onmicrosoft.com,,,,Asia-Pacific,Team site (no Microsoft 365 group),25600,0.004,New and existing external users,,Indexed,,,Claimed,2026-08-13 12:10:50,,2026-08-13 14:25:32,2027-02-13 14:25:32,2026-08-13 14:29:00,In compliance,,,ADB - SharePoint Site Renewal,ADB - Do not allow External Sharing (SharePoint Site),,,,,,,,,,No,,,,,,,,,,,,,ADBI,,,,CGAdoption,EDRMS Project Site,,,,,,,,,,,,,,,,,,,,,,,,dane-c-7,
Site,dane-Site-Title-c-6,6,Active,Active,,https://7rkd12.sharepoint.com/teams/prj_dane-c-6,56a2576f-2303-49c3-b172-31e429205225,,,,Bonnie Test,BonnieTest@7rkd12.onmicrosoft.com,Mihal,Mihal@7rkd12.onmicrosoft.com,Mihal,Mihal@7rkd12.onmicrosoft.com,,,,Asia-Pacific,Team site (no Microsoft 365 group),25600,0.004,New and existing external users,,Indexed,,,Claimed,2026-08-13 12:10:47,,2026-08-13 14:34:10,2027-02-13 14:34:10,2026-08-13 14:37:44,In compliance,,,ADB - SharePoint Site Renewal,ADB - Do not allow External Sharing (SharePoint Site),,,,,,,,,,No,,,,,,,,,,,,,ADBI;BOD;CSD,,,,CGAdoption,EDRMS Project Site,,,,,,,,,,,,,,,,,,,,,,,,dane-c-6,
Site,dane-Site-Title-c-5,,Active,Active,,https://7rkd12.sharepoint.com/teams/prj_dane-c-5,b8c36d4f-8345-4da3-ab41-e72eb8ad7d31,,,,Bonnie Test,BonnieTest@7rkd12.onmicrosoft.com,Mihal,Mihal@7rkd12.onmicrosoft.com,Mihal,Mihal@7rkd12.onmicrosoft.com,,,,Asia-Pacific,Team site (no Microsoft 365 group),25600,0.004,New and existing external users,,Indexed,,,Claimed,2026-08-13 12:10:46,,2026-08-13 14:33:03,2027-02-13 14:33:03,2026-08-13 14:36:46,In compliance,,,ADB - SharePoint Site Renewal,ADB - Do not allow External Sharing (SharePoint Site),,,,,,,,,,No,,,,,,,,,,,,,CWRD;SARD,,,,CGAdoption,EDRMS Project Site,,,,,,,,,,,,,,,,,,,,,,,,dane-c-5,
Site,dane-Site-Title-c-4,,Active,Active,,https://7rkd12.sharepoint.com/teams/prj_dane-c-4,c0792f6d-9219-4bc1-8dce-ef6123c35467,,,,Bonnie Test,BonnieTest@7rkd12.onmicrosoft.com,Mihal,Mihal@7rkd12.onmicrosoft.com,Mihal,Mihal@7rkd12.onmicrosoft.com,,,,Asia-Pacific,Team site (no Microsoft 365 group),25600,0.004,New and existing external users,,Indexed,,,Claimed,2026-08-13 12:10:44,,2026-08-13 14:48:52,2027-02-13 14:48:52,2026-08-13 14:52:45,In compliance,,,ADB - SharePoint Site Renewal,ADB - Do not allow External Sharing (SharePoint Site),,,,,,,,,,No,,,,,,,,,,,,,ADBI;SARD,,,,CGAdoption,EDRMS Project Site,,,,,,,,,,,,,,,,,,,,,,,,dane-c-4,
Site,kendrick-Site-Title-t-6,6,Active,Active,,https://7rkd12.sharepoint.com/teams/prj_kendrick-t-6,0a6dea6e-bd6a-48c2-990e-e19ca78c7118,,,,Bonnie Test,BonnieTest@7rkd12.onmicrosoft.com,Mihal,Mihal@7rkd12.onmicrosoft.com,Mihal,Mihal@7rkd12.onmicrosoft.com,,,,Asia-Pacific,Team site (no Microsoft 365 group),25600,0.004,Existing external users,,Indexed,,,Claimed,2026-08-13 11:10:45,,2026-08-13 13:05:50,2027-02-13 13:05:50,2026-08-13 13:07:31,In compliance,,,ADB - SharePoint Site Renewal,ADB - Do not allow External Sharing (SharePoint Site),,,,,,,,,,No,,,,,,,,,,,,,ADBI;BOD;CSD,,,,CGAdoption,EDRMS Project Site,,,,,,,,,,,,,,,,,,,,,,,,kendrick-t-6,
Site,kendrick-Site-Title-t-5,,Active,Active,,https://7rkd12.sharepoint.com/teams/prj_kendrick-t-5,bde35c40-d663-445f-92db-d869bd5b3904,,,,Bonnie Test,BonnieTest@7rkd12.onmicrosoft.com,Mihal,Mihal@7rkd12.onmicrosoft.com,Mihal,Mihal@7rkd12.onmicrosoft.com,,,,Asia-Pacific,Team site (no Microsoft 365 group),25600,0.004,Existing external users,,Indexed,,,Claimed,2026-08-13 11:10:42,,2026-08-13 12:59:27,2027-02-13 12:59:27,2026-08-13 13:00:34,In compliance,,,ADB - SharePoint Site Renewal,ADB - Do not allow External Sharing (SharePoint Site),,,,,,,,,,No,,,,,,,,,,,,,CWRD;SARD,,,,CGAdoption,EDRMS Project Site,,,,,,,,,,,,,,,,,,,,,,,,kendrick-t-5,
Site,kendrick-Site-Title-t-4,,Active,Active,,https://7rkd12.sharepoint.com/teams/prj_kendrick-t-4,1fea5bab-e0ee-4c3f-8933-c1362545bff6,,,,Bonnie Test,BonnieTest@7rkd12.onmicrosoft.com,Mihal,Mihal@7rkd12.onmicrosoft.com,Mihal,Mihal@7rkd12.onmicrosoft.com,,,,Asia-Pacific,Team site (no Microsoft 365 group),25600,0.004,Existing external users,,Indexed,,,Claimed,2026-08-13 11:10:39,,2026-08-13 12:35:22,2027-02-13 12:35:22,2026-08-13 12:37:19,In compliance,,,ADB - SharePoint Site Renewal,ADB - Do not allow External Sharing (SharePoint Site),,,,,,,,,,No,,,,,,,,,,,,,ADBI;SARD,,,,CGAdoption,EDRMS Project Site,,,,,,,,,,,,,,,,,,,,,,,,kendrick-t-4,
Site,kendrick-Site-Title-t-3,,Active,Active,,https://7rkd12.sharepoint.com/teams/prj_kendrick-t-3,5a19a560-0e25-4915-be22-385e6edcac1d,,,,Bonnie Test,BonnieTest@7rkd12.onmicrosoft.com,Mihal,Mihal@7rkd12.onmicrosoft.com,Mihal,Mihal@7rkd12.onmicrosoft.com,,,,Asia-Pacific,Team site (no Microsoft 365 group),25600,0.004,Existing external users,,Indexed,,,Claimed,2026-08-13 11:10:39,,2026-08-13 12:53:10,2027-02-13 12:53:10,2026-08-13 12:54:32,In compliance,,,ADB - SharePoint Site Renewal,ADB - Do not allow External Sharing (SharePoint Site),,,,,,,,,,No,,,,,,,,,,,,,ADBI;BOD;SARD,,,,CGAdoption,EDRMS Project Site,,,,,,,,,,,,,,,,,,,,,,,,kendrick-t-3,
Site,kendrick-Site-Title-t-2,,Active,Active,,https://7rkd12.sharepoint.com/teams/prj_kendrick-t-2,e94f1e64-9722-4274-adab-d92317cda91f,,,,Bonnie Test,BonnieTest@7rkd12.onmicrosoft.com,Mihal,Mihal@7rkd12.onmicrosoft.com,Mihal,Mihal@7rkd12.onmicrosoft.com,,,,Asia-Pacific,Team site (no Microsoft 365 group),25600,0.004,Existing external users,,Indexed,,,Claimed,2026-08-13 11:10:36,,2026-08-13 12:36:30,2027-02-13 12:36:30,2026-08-13 12:37:19,In compliance,,,ADB - SharePoint Site Renewal,ADB - Do not allow External Sharing (SharePoint Site),,,,,,,,,,No,,,,,,,,,,,,,ADBI,,,,CGAdoption,EDRMS Project Site,,,,,,,,,,,,,,,,,,,,,,,,kendrick-t-2,
Site,kendrick-Site-Title-t-1,1,Active,Active,,https://7rkd12.sharepoint.com/teams/prj_kendrick-t-1,2ec988b3-e688-438f-b010-2ba0fa8237d4,,,,Bonnie Test,BonnieTest@7rkd12.onmicrosoft.com,Mihal,Mihal@7rkd12.onmicrosoft.com,Mihal,Mihal@7rkd12.onmicrosoft.com,,,,Asia-Pacific,Team site (no Microsoft 365 group),25600,0.004,Existing external users,,Indexed,,,Claimed,2026-08-13 11:10:35,,2026-08-13 13:19:53,2027-02-13 13:19:53,2026-08-13 13:22:30,In compliance,,,ADB - SharePoint Site Renewal,ADB - Do not allow External Sharing (SharePoint Site),,,,,,,,,,No,,,,,,,,,,,,,ADBI;BOD;CSD;CWRD;SARD,,,,CGAdoption,EDRMS Project Site,,,,,,,,,,,,,,,,,,,,,,,,kendrick-t-1,
Site,Dane-Site-Title-d-6,6,Active,Active,,https://7rkd12.sharepoint.com/teams/prj_dane-d-6,144e32f8-4b7b-4b1d-80fe-82d256eb1d7a,,,,Bonnie Test,BonnieTest@7rkd12.onmicrosoft.com,Mihal,Mihal@7rkd12.onmicrosoft.com,Mihal,Mihal@7rkd12.onmicrosoft.com,,,,Asia-Pacific,Team site (no Microsoft 365 group),25600,0.005,Existing external users,,Indexed,,,Claimed,2026-08-12 20:01:41,,2026-08-12 23:22:55,2027-02-12 23:22:55,2026-08-12 23:26:55,In compliance,,,ADB - SharePoint Site Renewal,ADB - Do not allow External Sharing (SharePoint Site),,,,,,,,,,No,,,,,,,,,,,,,ADBI;BOD;CSD,,,,CGAdoption,EDRMS Project Site,,,,,,,,,,,,,,,,,,,,,,,,dane-d-6,
Site,Dane-Site-Title-d-4,,Active,Active,,https://7rkd12.sharepoint.com/teams/prj_dane-d-4,ee2aa04f-fed2-4f0c-a111-7303d9a04d9d,,,,Bonnie Test,BonnieTest@7rkd12.onmicrosoft.com,Mihal,Mihal@7rkd12.onmicrosoft.com,Mihal,Mihal@7rkd12.onmicrosoft.com,,,,Asia-Pacific,Team site (no Microsoft 365 group),25600,0.005,Existing external users,,Indexed,,,Claimed,2026-08-12 20:01:11,,2026-08-12 23:00:11,2027-02-12 23:00:11,2026-08-12 23:04:19,In compliance,,,ADB - SharePoint Site Renewal,ADB - Do not allow External Sharing (SharePoint Site),,,,,,,,,,No,,,,,,,,,,,,,ADBI;SARD,,,,CGAdoption,EDRMS Project Site,,,,,,,,,,,,,,,,,,,,,,,,dane-d-4,
Site,Dane-Site-Title-d-3,,Active,Active,,https://7rkd12.sharepoint.com/teams/prj_dane-d-3,58fab87e-0abc-482e-b468-c211d48b0485,,,,Bonnie Test,BonnieTest@7rkd12.onmicrosoft.com,Mihal,Mihal@7rkd12.onmicrosoft.com,Mihal,Mihal@7rkd12.onmicrosoft.com,,,,Asia-Pacific,Team site (no Microsoft 365 group),25600,0.005,Existing external users,,Indexed,,,Claimed,2026-08-12 20:00:52,,2026-08-12 23:13:10,2027-02-12 23:13:10,2026-08-12 23:17:13,In compliance,,,ADB - SharePoint Site Renewal,ADB - Do not allow External Sharing (SharePoint Site),,,,,,,,,,No,,,,,,,,,,,,,ADBI;BOD;SARD,,,,CGAdoption,EDRMS Project Site,,,,,,,,,,,,,,,,,,,,,,,,dane-d-3,
Site,Dane-Site-Title-d-2,,Active,Active,,https://7rkd12.sharepoint.com/teams/prj_dane-d-2,1b3d351c-c986-4716-99dd-be7b4112a1c3,,,,Bonnie Test,BonnieTest@7rkd12.onmicrosoft.com,Mihal,Mihal@7rkd12.onmicrosoft.com,Mihal,Mihal@7rkd12.onmicrosoft.com,,,,Asia-Pacific,Team site (no Microsoft 365 group),25600,0.005,Existing external users,,Indexed,,,Claimed,2026-08-12 20:00:50,,2026-08-12 22:59:02,2027-02-12 22:59:02,2026-08-12 23:03:03,In compliance,,,ADB - SharePoint Site Renewal,ADB - Do not allow External Sharing (SharePoint Site),,,,,,,,,,No,,,,,,,,,,,,,ADBI,,,,CGAdoption,EDRMS Project Site,,,,,,,,,,,,,,,,,,,,,,,,dane-d-2,
Site,Dane-Site-Title-d-1,1,Active,Active,,https://7rkd12.sharepoint.com/teams/prj_dane-d-1,a30291e1-3059-45e5-89d1-729ebc14f207,,,,Bonnie Test,BonnieTest@7rkd12.onmicrosoft.com,Mihal,Mihal@7rkd12.onmicrosoft.com,Mihal,Mihal@7rkd12.onmicrosoft.com,,,,Asia-Pacific,Team site (no Microsoft 365 group),25600,0.005,Existing external users,,Indexed,,,Claimed,2026-08-12 20:00:49,,2026-08-12 23:06:37,2027-02-12 23:06:37,2026-08-12 23:08:55,In compliance,,,ADB - SharePoint Site Renewal,ADB - Do not allow External Sharing (SharePoint Site),,,,,,,,,,No,,,,,,,,,,,,,ADBI;BOD;CSD;CWRD;SARD,,,,CGAdoption,EDRMS Project Site,,,,,,,,,,,,,,,,,,,,,,,,dane-d-1,
Site,kendrick-Site-Title-d-6,6,Active,Active,,https://7rkd12.sharepoint.com/teams/prj_kendrick-d-6,8905544c-dbf0-486b-91c9-905345719aa7,,,,Bonnie Test,BonnieTest@7rkd12.onmicrosoft.com,Mihal,Mihal@7rkd12.onmicrosoft.com,Mihal,Mihal@7rkd12.onmicrosoft.com,,,,Asia-Pacific,Team site (no Microsoft 365 group),25600,0.005,Existing external users,,Indexed,,,Claimed,2026-08-12 00:25:44,,2026-08-12 01:49:08,2027-02-12 01:49:08,2026-08-12 01:50:43,In compliance,,,ADB - SharePoint Site Renewal,ADB - Do not allow External Sharing (SharePoint Site),,,,,,,,,,No,,,,,,,,,,,,,ADBI;BOD;CSD,,,,CGAdoption,EDRMS Project Site,,,,,,,,,,,,,,,,,,,,,,,,kendrick-d-6,
Site,kendrick-Site-Title-d-5,,Active,Active,,https://7rkd12.sharepoint.com/teams/prj_kendrick-d-5,6575dfcd-10b9-4f1e-9cb9-b6647f9023f2,,,,Bonnie Test,BonnieTest@7rkd12.onmicrosoft.com,Mihal,Mihal@7rkd12.onmicrosoft.com,Mihal,Mihal@7rkd12.onmicrosoft.com,,,,Asia-Pacific,Team site (no Microsoft 365 group),25600,0.005,Existing external users,,Indexed,,,Claimed,2026-08-12 00:25:07,,2026-08-12 02:14:39,2027-02-12 02:14:39,2026-08-12 02:18:30,In compliance,,,ADB - SharePoint Site Renewal,ADB - Do not allow External Sharing (SharePoint Site),,,,,,,,,,No,,,,,,,,,,,,,CWRD;SARD,,,,CGAdoption,EDRMS Project Site,,,,,,,,,,,,,,,,,,,,,,,,kendrick-d-5,
Site,kendrick-Site-Title-d-4,,Active,Active,,https://7rkd12.sharepoint.com/teams/prj_kendrick-d-4,2175ebd0-a130-4653-b6d8-d7591718fff9,,,,Bonnie Test,BonnieTest@7rkd12.onmicrosoft.com,Mihal,Mihal@7rkd12.onmicrosoft.com,Mihal,Mihal@7rkd12.onmicrosoft.com,,,,Asia-Pacific,Team site (no Microsoft 365 group),25600,0.005,Existing external users,,Indexed,,,Claimed,2026-08-12 00:25:06,,2026-08-12 02:13:25,2027-02-12 02:13:25,2026-08-12 02:16:49,In compliance,,,ADB - SharePoint Site Renewal,ADB - Do not allow External Sharing (SharePoint Site),,,,,,,,,,No,,,,,,,,,,,,,ADBI;SARD,,,,CGAdoption,EDRMS Project Site,,,,,,,,,,,,,,,,,,,,,,,,kendrick-d-4,
Site,kendrick-Site-Title-d-3,,Active,Active,,https://7rkd12.sharepoint.com/teams/prj_kendrick-d-3,1adaf29b-2e43-47d5-a94f-e1ce4762cff1,,,,Bonnie Test,BonnieTest@7rkd12.onmicrosoft.com,Mihal,Mihal@7rkd12.onmicrosoft.com,Mihal,Mihal@7rkd12.onmicrosoft.com,,,,Asia-Pacific,Team site (no Microsoft 365 group),25600,0.005,Existing external users,,Indexed,,,Claimed,2026-08-12 00:25:06,,2026-08-12 02:10:54,2027-02-12 02:10:54,2026-08-12 02:14:36,In compliance,,,ADB - SharePoint Site Renewal,ADB - Do not allow External Sharing (SharePoint Site),,,,,,,,,,No,,,,,,,,,,,,,ADBI;BOD;SARD,,,,CGAdoption,EDRMS Project Site,,,,,,,,,,,,,,,,,,,,,,,,kendrick-d-3,
Site,kendrick-Site-Title-d-1,1,Active,Active,,https://7rkd12.sharepoint.com/teams/prj_kendrick-d-1,7db2883d-6609-4210-94ab-3b7037afb3ac,,,,Bonnie Test,BonnieTest@7rkd12.onmicrosoft.com,Mihal,Mihal@7rkd12.onmicrosoft.com,Mihal,Mihal@7rkd12.onmicrosoft.com,,,,Asia-Pacific,Team site (no Microsoft 365 group),25600,0.005,Existing external users,,Indexed,,,Claimed,2026-08-12 00:24:58,,2026-08-12 02:15:59,2027-02-12 02:15:59,2026-08-12 02:20:51,In compliance,,,ADB - SharePoint Site Renewal,ADB - Do not allow External Sharing (SharePoint Site),,,,,,,,,,No,,,,,,,,,,,,,ADBI;BOD;CSD;CWRD;SARD,,,,CGAdoption,EDRMS Project Site,,,,,,,,,,,,,,,,,,,,,,,,kendrick-d-1,
Site,Group Sites-0810073,,Active,Active,,https://7rkd12.sharepoint.com/teams/prj_groupsites-0810073,3c922e33-1446-45b2-b7b8-05e222a75845,,,,Bonnie Test,BonnieTest@7rkd12.onmicrosoft.com,Bonnie Test,BonnieTest@7rkd12.onmicrosoft.com,Bonnie Test,BonnieTest@7rkd12.onmicrosoft.com,,,,Asia-Pacific,Team site (no Microsoft 365 group),25600,0.004,Existing external users,,Indexed,,,Claimed,2026-08-10 16:52:46,,2026-08-11 03:19:56,2027-02-11 03:19:56,2026-08-11 03:25:00,In compliance,,,ADB - SharePoint Site Renewal,ADB - Do not allow External Sharing (SharePoint Site),,,,,,,,,,No,,,,,,,,,,,,,ADBI,,,,CGAdoption,EDRMS Project Site,,,,,,,,,,,,,,,,,,,,,,,,groupsites-0810073,
Site,Team Sites-0808048,,Active,Active,,https://7rkd12.sharepoint.com/teams/prj_teamsites-0808048,51b8898f-51d9-4240-847c-5d22e761bec7,,,,Bonnie Test,BonnieTest@7rkd12.onmicrosoft.com,Mihal,Mihal@7rkd12.onmicrosoft.com,Bonnie Test,BonnieTest@7rkd12.onmicrosoft.com,,,,Asia-Pacific,Team site (no Microsoft 365 group),25600,0.004,New and existing external users,,Indexed,,,Claimed,2026-08-10 16:40:16,,2026-08-11 15:41:01,2027-02-11 15:41:01,2026-08-11 15:45:44,In compliance,,,ADB - SharePoint Site Renewal,ADB - Do not allow External Sharing (SharePoint Site),,,,,,,,,,No,,,,,,,,,,,,,ADBI;BOD,,,,CGAdoption,EDRMS Project Site,,,,,,,,,,,,,,,,,,,,,,,,teamsites-0808048,
Site,Team Sites-0808050,,Active,Active,,https://7rkd12.sharepoint.com/teams/prj_teamsites-0808050,a37bd990-5b8a-41c5-b878-6dc38f8e36ed,,,,Bonnie Test,BonnieTest@7rkd12.onmicrosoft.com,Mihal,Mihal@7rkd12.onmicrosoft.com,Bonnie Test,BonnieTest@7rkd12.onmicrosoft.com,,,,Asia-Pacific,Team site (no Microsoft 365 group),25600,0.004,Existing external users,,Indexed,,,Claimed,2026-08-10 16:39:56,,2026-08-11 15:28:14,2027-02-11 15:28:14,2026-08-11 15:35:39,In compliance,,,ADB - SharePoint Site Renewal,ADB - Do not allow External Sharing (SharePoint Site),,,,,,,,,,No,,,,,,,,,,,,,ADBI;BOD,,,,CGAdoption,EDRMS Project Site,,,,,,,,,,,,,,,,,,,,,,,,teamsites-0808050,
Site,Team Sites-0808049,,Active,Active,,https://7rkd12.sharepoint.com/teams/prj_teamsites-0808049,2619fed2-9aab-4654-af4f-3076eb6f99dc,,,,Bonnie Test,BonnieTest@7rkd12.onmicrosoft.com,Mihal,Mihal@7rkd12.onmicrosoft.com,Bonnie Test,BonnieTest@7rkd12.onmicrosoft.com,,,,Asia-Pacific,Team site (no Microsoft 365 group),25600,0.004,New and existing external users,,Indexed,,,Claimed,2026-08-10 16:39:52,,2026-08-11 14:18:12,2027-02-11 14:18:12,2026-08-11 14:23:08,In compliance,,,ADB - SharePoint Site Renewal,ADB - Do not allow External Sharing (SharePoint Site),,,,,,,,,,No,,,,,,,,,,,,,ADBI;BOD,,,,CGAdoption,EDRMS Project Site,,,,,,,,,,,,,,,,,,,,,,,,teamsites-0808049,
Site,Team Sites-0808045,,Active,Active,,https://7rkd12.sharepoint.com/teams/prj_teamsites-0808045,f4560b44-0bd1-4a43-8018-ce395387743a,,,,Bonnie Test,BonnieTest@7rkd12.onmicrosoft.com,Mihal,Mihal@7rkd12.onmicrosoft.com,Bonnie Test,BonnieTest@7rkd12.onmicrosoft.com,,,,Asia-Pacific,Team site (no Microsoft 365 group),25600,0.004,Existing external users,,Indexed,,,Claimed,2026-08-10 16:39:46,,2026-08-10 23:35:56,2027-02-10 23:35:56,2026-08-10 23:38:57,In compliance,,,ADB - SharePoint Site Renewal,ADB - Do not allow External Sharing (SharePoint Site),,,,,,,,,,No,,,,,,,,,,,,,ADBI;BOD,,,,CGAdoption,EDRMS Project Site,,,,,,,,,,,,,,,,,,,,,,,,teamsites-0808045,
Site,Team Sites-0808047,,Active,Active,,https://7rkd12.sharepoint.com/teams/prj_teamsites-0808047,0ae233b8-3486-4dc9-a987-2ee99bc6d951,,,,Bonnie Test,BonnieTest@7rkd12.onmicrosoft.com,Mihal,Mihal@7rkd12.onmicrosoft.com,Bonnie Test,BonnieTest@7rkd12.onmicrosoft.com,,,,Asia-Pacific,Team site (no Microsoft 365 group),25600,0.004,Existing external users,,Indexed,,,Claimed,2026-08-10 16:39:11,,2026-08-10 23:37:18,2027-02-10 23:37:18,2026-08-10 23:45:31,In compliance,,,ADB - SharePoint Site Renewal,ADB - Do not allow External Sharing (SharePoint Site),,,,,,,,,,No,,,,,,,,,,,,,ADBI;BOD,,,,CGAdoption,EDRMS Project Site,,,,,,,,,,,,,,,,,,,,,,,,teamsites-0808047,
Site,Team Sites-0808046,,Active,Active,,https://7rkd12.sharepoint.com/teams/prj_teamsites-0808046,b5c42080-9501-47bb-8ece-c617411cd1bb,,,,Bonnie Test,BonnieTest@7rkd12.onmicrosoft.com,Mihal,Mihal@7rkd12.onmicrosoft.com,Bonnie Test,BonnieTest@7rkd12.onmicrosoft.com,,,,Asia-Pacific,Team site (no Microsoft 365 group),25600,0.004,Existing external users,,Indexed,,,Claimed,2026-08-10 16:39:10,,2026-08-10 23:39:56,2027-02-10 23:39:56,2026-08-10 23:46:32,In compliance,,,ADB - SharePoint Site Renewal,ADB - Do not allow External Sharing (SharePoint Site),,,,,,,,,,No,,,,,,,,,,,,,ADBI;BOD,,,,CGAdoption,EDRMS Project Site,,,,,,,,,,,,,,,,,,,,,,,,teamsites-0808046,
Site,Team Sites-0808041,,Active,Active,,https://7rkd12.sharepoint.com/teams/prj_teamsites-0808041,05819af7-7921-4c5e-98cb-2619c0dddea8,,,,Bonnie Test,BonnieTest@7rkd12.onmicrosoft.com,Mihal,Mihal@7rkd12.onmicrosoft.com,Bonnie Test,BonnieTest@7rkd12.onmicrosoft.com,,,,Asia-Pacific,Team site (no Microsoft 365 group),25600,0.004,Existing external users,,Indexed,,,Claimed,2026-08-10 16:38:44,,2026-08-10 23:28:36,2027-02-10 23:28:36,2026-08-10 23:32:01,In compliance,,,ADB - SharePoint Site Renewal,ADB - Do not allow External Sharing (SharePoint Site),,,,,,,,,,No,,,,,,,,,,,,,ADBI;BOD,,,,CGAdoption,EDRMS Project Site,,,,,,,,,,,,,,,,,,,,,,,,teamsites-0808041,
Site,Team Sites-0808040,,Active,Active,,https://7rkd12.sharepoint.com/teams/prj_teamsites-0808040,d4f22be6-86f6-401d-8bb5-55176065826a,,,,Bonnie Test,BonnieTest@7rkd12.onmicrosoft.com,Mihal,Mihal@7rkd12.onmicrosoft.com,Bonnie Test,BonnieTest@7rkd12.onmicrosoft.com,,,,Asia-Pacific,Team site (no Microsoft 365 group),25600,0.004,Existing external users,,Indexed,,,Claimed,2026-08-10 16:38:41,,2026-08-10 23:31:12,2027-02-10 23:31:12,2026-08-10 23:34:51,In compliance,,,ADB - SharePoint Site Renewal,ADB - Do not allow External Sharing (SharePoint Site),,,,,,,,,,No,,,,,,,,,,,,,ADBI;BOD,,,,CGAdoption,EDRMS Project Site,,,,,,,,,,,,,,,,,,,,,,,,teamsites-0808040,
Site,Team Sites-0808038,,Active,Active,,https://7rkd12.sharepoint.com/teams/prj_teamsites-0808038,5aac13b7-78fd-492c-8482-316edcca8127,,,,Bonnie Test,BonnieTest@7rkd12.onmicrosoft.com,Mihal,Mihal@7rkd12.onmicrosoft.com,Bonnie Test,BonnieTest@7rkd12.onmicrosoft.com,,,,Asia-Pacific,Team site (no Microsoft 365 group),25600,0.004,Existing external users,,Indexed,,,Claimed,2026-08-10 16:38:40,,2026-08-10 23:38:51,2027-02-10 23:38:51,2026-08-10 23:45:37,In compliance,,,ADB - SharePoint Site Renewal,ADB - Do not allow External Sharing (SharePoint Site),,,,,,,,,,No,,,,,,,,,,,,,ADBI;BOD,,,,CGAdoption,EDRMS Project Site,,,,,,,,,,,,,,,,,,,,,,,,teamsites-0808038,
Site,Team Sites-0808036,,Active,Active,,https://7rkd12.sharepoint.com/teams/prj_teamsites-0808036,aaae6990-be67-48e1-b62e-4ffeae21c4fe,,,,Bonnie Test,BonnieTest@7rkd12.onmicrosoft.com,Mihal,Mihal@7rkd12.onmicrosoft.com,Bonnie Test,BonnieTest@7rkd12.onmicrosoft.com,,,,Asia-Pacific,Team site (no Microsoft 365 group),25600,0.004,Existing external users,,Indexed,,,Claimed,2026-08-10 16:38:28,,2026-08-11 10:13:20,2027-02-11 10:13:20,2026-08-11 10:17:46,In compliance,,,ADB - SharePoint Site Renewal,ADB - Do not allow External Sharing (SharePoint Site),,,,,,,,,,No,,,,,,,,,,,,,ADBI;BOD,,,,CGAdoption,EDRMS Project Site,,,,,,,,,,,,,,,,,,,,,,,,teamsites-0808036,
Site,Team Sites-0808033,,Active,Active,,https://7rkd12.sharepoint.com/teams/prj_teamsites-0808033,de6d342b-9c2a-44c4-b5fd-43dca4bab9da,,,,Bonnie Test,BonnieTest@7rkd12.onmicrosoft.com,Mihal,Mihal@7rkd12.onmicrosoft.com,Bonnie Test,BonnieTest@7rkd12.onmicrosoft.com,,,,Asia-Pacific,Team site (no Microsoft 365 group),25600,0.004,Existing external users,,Indexed,,,Claimed,2026-08-10 16:38:24,,2026-08-11 04:29:20,2027-02-11 04:29:20,2026-08-11 04:35:01,In compliance,,,ADB - SharePoint Site Renewal,ADB - Do not allow External Sharing (SharePoint Site),,,,,,,,,,No,,,,,,,,,,,,,ADBI;BOD,,,,CGAdoption,EDRMS Project Site,,,,,,,,,,,,,,,,,,,,,,,,teamsites-0808033,
Site,Team Sites-0808030,,Active,Active,,https://7rkd12.sharepoint.com/teams/prj_teamsites-0808030,306db891-6679-4772-b862-a9785d7aaea5,,,,Bonnie Test,BonnieTest@7rkd12.onmicrosoft.com,Mihal,Mihal@7rkd12.onmicrosoft.com,Bonnie Test,BonnieTest@7rkd12.onmicrosoft.com,,,,Asia-Pacific,Team site (no Microsoft 365 group),25600,0.004,Existing external users,,Indexed,,,Claimed,2026-08-10 16:38:17,,2026-08-11 13:15:46,2027-02-11 13:15:46,2026-08-11 13:21:09,In compliance,,,ADB - SharePoint Site Renewal,ADB - Do not allow External Sharing (SharePoint Site),,,,,,,,,,No,,,,,,,,,,,,,ADBI;BOD,,,,CGAdoption,EDRMS Project Site,,,,,,,,,,,,,,,,,,,,,,,,teamsites-0808030,
Site,Team Sites-0808037,,Active,Active,,https://7rkd12.sharepoint.com/teams/prj_teamsites-0808037,c108ba10-0af1-41a6-8e9f-67ebeb0df62c,,,,Bonnie Test,BonnieTest@7rkd12.onmicrosoft.com,Mihal,Mihal@7rkd12.onmicrosoft.com,Bonnie Test,BonnieTest@7rkd12.onmicrosoft.com,,,,Asia-Pacific,Team site (no Microsoft 365 group),25600,0.004,Existing external users,,Indexed,,,Claimed,2026-08-10 16:38:08,,2026-08-11 10:16:29,2027-02-11 10:16:29,2026-08-11 10:21:38,In compliance,,,ADB - SharePoint Site Renewal,ADB - Do not allow External Sharing (SharePoint Site),,,,,,,,,,No,,,,,,,,,,,,,ADBI;BOD,,,,CGAdoption,EDRMS Project Site,,,,,,,,,,,,,,,,,,,,,,,,teamsites-0808037,
Site,Team Sites-0808035,,Active,Active,,https://7rkd12.sharepoint.com/teams/prj_teamsites-0808035,acd5def6-6d89-453b-afb1-1db7ec6ff87c,,,,Bonnie Test,BonnieTest@7rkd12.onmicrosoft.com,Mihal,Mihal@7rkd12.onmicrosoft.com,Bonnie Test,BonnieTest@7rkd12.onmicrosoft.com,,,,Asia-Pacific,Team site (no Microsoft 365 group),25600,0.004,Existing external users,,Indexed,,,Claimed,2026-08-10 16:37:47,,2026-08-11 12:02:21,2027-02-11 12:02:21,2026-08-11 12:07:17,In compliance,,,ADB - SharePoint Site Renewal,ADB - Do not allow External Sharing (SharePoint Site),,,,,,,,,,No,,,,,,,,,,,,,ADBI;BOD,,,,CGAdoption,EDRMS Project Site,,,,,,,,,,,,,,,,,,,,,,,,teamsites-0808035,
Site,Team Sites-0808027,,Active,Active,,https://7rkd12.sharepoint.com/teams/prj_teamsites-0808027,87f10615-0982-465c-82a5-780270a91e84,,,,Bonnie Test,BonnieTest@7rkd12.onmicrosoft.com,Mihal,Mihal@7rkd12.onmicrosoft.com,Bonnie Test,BonnieTest@7rkd12.onmicrosoft.com,,,,Asia-Pacific,Team site (no Microsoft 365 group),25600,0.004,Existing external users,,Indexed,,,Claimed,2026-08-10 16:37:47,,2026-08-11 03:44:23,2027-02-11 03:44:23,2026-08-11 03:49:37,In compliance,,,ADB - SharePoint Site Renewal,ADB - Do not allow External Sharing (SharePoint Site),,,,,,,,,,No,,,,,,,,,,,,,ADBI;BOD,,,,CGAdoption,EDRMS Project Site,,,,,,,,,,,,,,,,,,,,,,,,teamsites-0808027,
Site,Team Sites-0808034,,Active,Active,,https://7rkd12.sharepoint.com/teams/prj_teamsites-0808034,761b0981-3e55-40b1-9764-9fcf07fc4e27,,,,Bonnie Test,BonnieTest@7rkd12.onmicrosoft.com,Mihal,Mihal@7rkd12.onmicrosoft.com,Bonnie Test,BonnieTest@7rkd12.onmicrosoft.com,,,,Asia-Pacific,Team site (no Microsoft 365 group),25600,0.004,Existing external users,,Indexed,,,Claimed,2026-08-10 16:37:47,,2026-08-11 12:18:24,2027-02-11 12:18:24,2026-08-11 12:22:03,In compliance,,,ADB - SharePoint Site Renewal,ADB - Do not allow External Sharing (SharePoint Site),,,,,,,,,,No,,,,,,,,,,,,,ADBI;BOD,,,,CGAdoption,EDRMS Project Site,,,,,,,,,,,,,,,,,,,,,,,,teamsites-0808034,
Site,Team Sites-0808032,,Active,Active,,https://7rkd12.sharepoint.com/teams/prj_teamsites-0808032,91a76c6a-7950-40ea-b4ec-765e27313cda,,,,Bonnie Test,BonnieTest@7rkd12.onmicrosoft.com,Mihal,Mihal@7rkd12.onmicrosoft.com,Bonnie Test,BonnieTest@7rkd12.onmicrosoft.com,,,,Asia-Pacific,Team site (no Microsoft 365 group),25600,0.004,Existing external users,,Indexed,,,Claimed,2026-08-10 16:37:39,,2026-08-10 23:25:46,2027-02-10 23:25:46,2026-08-10 23:31:20,In compliance,,,ADB - SharePoint Site Renewal,ADB - Do not allow External Sharing (SharePoint Site),,,,,,,,,,No,,,,,,,,,,,,,ADBI;BOD,,,,CGAdoption,EDRMS Project Site,,,,,,,,,,,,,,,,,,,,,,,,teamsites-0808032,
Site,Team Sites-0808031,,Active,Active,,https://7rkd12.sharepoint.com/teams/prj_teamsites-0808031,fc99c517-6173-4c8f-9b56-24a64ad48148,,,,Bonnie Test,BonnieTest@7rkd12.onmicrosoft.com,Mihal,Mihal@7rkd12.onmicrosoft.com,Bonnie Test,BonnieTest@7rkd12.onmicrosoft.com,,,,Asia-Pacific,Team site (no Microsoft 365 group),25600,0.004,Existing external users,,Indexed,,,Claimed,2026-08-10 16:37:28,,2026-08-11 13:25:24,2027-02-11 13:25:24,2026-08-11 13:30:05,In compliance,,,ADB - SharePoint Site Renewal,ADB - Do not allow External Sharing (SharePoint Site),,,,,,,,,,No,,,,,,,,,,,,,ADBI;BOD,,,,CGAdoption,EDRMS Project Site,,,,,,,,,,,,,,,,,,,,,,,,teamsites-0808031,
Site,Team Sites-0808029,,Active,Active,,https://7rkd12.sharepoint.com/teams/prj_teamsites-0808029,4f4e7979-4afb-4774-8a8d-4417e63372c7,,,,Bonnie Test,BonnieTest@7rkd12.onmicrosoft.com,Mihal,Mihal@7rkd12.onmicrosoft.com,Bonnie Test,BonnieTest@7rkd12.onmicrosoft.com,,,,Asia-Pacific,Team site (no Microsoft 365 group),25600,0.004,New and existing external users,,Indexed,,,Claimed,2026-08-10 16:37:23,,2026-08-11 13:40:45,2027-02-11 13:40:45,2026-08-11 13:45:58,In compliance,,,ADB - SharePoint Site Renewal,ADB - Do not allow External Sharing (SharePoint Site),,,,,,,,,,No,,,,,,,,,,,,,ADBI;BOD,,,,CGAdoption,EDRMS Project Site,,,,,,,,,,,,,,,,,,,,,,,,teamsites-0808029,
Site,Team Sites-0808025,,Active,Active,,https://7rkd12.sharepoint.com/teams/prj_teamsites-0808025,b18cdf83-6a3b-48d2-a579-6551db0039f5,,,,Bonnie Test,BonnieTest@7rkd12.onmicrosoft.com,Mihal,Mihal@7rkd12.onmicrosoft.com,Bonnie Test,BonnieTest@7rkd12.onmicrosoft.com,,,,Asia-Pacific,Team site (no Microsoft 365 group),25600,0.004,Existing external users,,Indexed,,,Claimed,2026-08-10 16:37:16,,2026-08-11 07:44:14,2027-02-11 07:44:14,2026-08-11 07:47:57,In compliance,,,ADB - SharePoint Site Renewal,ADB - Do not allow External Sharing (SharePoint Site),,,,,,,,,,No,,,,,,,,,,,,,ADBI;BOD,,,,CGAdoption,EDRMS Project Site,,,,,,,,,,,,,,,,,,,,,,,,teamsites-0808025,
Site,Team Sites-0808028,,Active,Active,,https://7rkd12.sharepoint.com/teams/prj_teamsites-0808028,a948341f-5809-4703-9bea-45646fdfcb6c,,,,Bonnie Test,BonnieTest@7rkd12.onmicrosoft.com,Mihal,Mihal@7rkd12.onmicrosoft.com,Bonnie Test,BonnieTest@7rkd12.onmicrosoft.com,,,,Asia-Pacific,Team site (no Microsoft 365 group),25600,0.004,Existing external users,,Indexed,,,Claimed,2026-08-10 16:37:13,,2026-08-11 08:49:20,2027-02-11 08:49:20,2026-08-11 08:54:21,In compliance,,,ADB - SharePoint Site Renewal,ADB - Do not allow External Sharing (SharePoint Site),,,,,,,,,,No,,,,,,,,,,,,,ADBI;BOD,,,,CGAdoption,EDRMS Project Site,,,,,,,,,,,,,,,,,,,,,,,,teamsites-0808028,
Site,Team Sites-0808021,,Active,Active,,https://7rkd12.sharepoint.com/teams/prj_teamsites-0808021,69699f4d-a37f-4cda-9cbb-d8cdce458332,,,,Bonnie Test,BonnieTest@7rkd12.onmicrosoft.com,Mihal,Mihal@7rkd12.onmicrosoft.com,Bonnie Test,BonnieTest@7rkd12.onmicrosoft.com,,,,Asia-Pacific,Team site (no Microsoft 365 group),25600,0.004,Existing external users,,Indexed,,,Claimed,2026-08-10 16:36:47,,2026-08-11 06:29:21,2027-02-11 06:29:21,2026-08-11 06:36:18,In compliance,,,ADB - SharePoint Site Renewal,ADB - Do not allow External Sharing (SharePoint Site),,,,,,,,,,No,,,,,,,,,,,,,ADBI;BOD,,,,CGAdoption,EDRMS Project Site,,,,,,,,,,,,,,,,,,,,,,,,teamsites-0808021,
Site,Team Sites-0808026,,Active,Active,,https://7rkd12.sharepoint.com/teams/prj_teamsites-0808026,943368cd-8770-4f26-8cb6-d5243d2a7ed1,,,,Bonnie Test,BonnieTest@7rkd12.onmicrosoft.com,Mihal,Mihal@7rkd12.onmicrosoft.com,Bonnie Test,BonnieTest@7rkd12.onmicrosoft.com,,,,Asia-Pacific,Team site (no Microsoft 365 group),25600,0.004,Existing external users,,Indexed,,,Claimed,2026-08-10 16:36:47,,2026-08-11 04:29:05,2027-02-11 04:29:05,2026-08-11 04:31:50,In compliance,,,ADB - SharePoint Site Renewal,ADB - Do not allow External Sharing (SharePoint Site),,,,,,,,,,No,,,,,,,,,,,,,ADBI;BOD,,,,CGAdoption,EDRMS Project Site,,,,,,,,,,,,,,,,,,,,,,,,teamsites-0808026,
Site,Team Sites-0808024,,Active,Active,,https://7rkd12.sharepoint.com/teams/prj_teamsites-0808024,6e9ec5c2-859e-4392-9e18-668b731def4d,,,,Bonnie Test,BonnieTest@7rkd12.onmicrosoft.com,Mihal,Mihal@7rkd12.onmicrosoft.com,Bonnie Test,BonnieTest@7rkd12.onmicrosoft.com,,,,Asia-Pacific,Team site (no Microsoft 365 group),25600,0.005,Existing external users,,Indexed,,,Claimed,2026-08-10 16:36:20,,2026-08-11 19:04:54,2027-02-11 19:04:54,2026-08-11 19:05:48,In compliance,,,ADB - SharePoint Site Renewal,ADB - Do not allow External Sharing (SharePoint Site),,,,,,,,,,No,,,,,,,,,,,,,ADBI;BOD,,,,CGAdoption,EDRMS Project Site,,,,,,,,,,,,,,,,,,,,,,,,teamsites-0808024,
Site,Team Sites-0808023,,Active,Active,,https://7rkd12.sharepoint.com/teams/prj_teamsites-0808023,cd81b0c8-e754-45e6-a18d-ef2d42396729,,,,Bonnie Test,BonnieTest@7rkd12.onmicrosoft.com,Mihal,Mihal@7rkd12.onmicrosoft.com,Bonnie Test,BonnieTest@7rkd12.onmicrosoft.com,,,,Asia-Pacific,Team site (no Microsoft 365 group),25600,0.004,Existing external users,,Indexed,,,Claimed,2026-08-10 16:36:18,,2026-08-11 05:50:49,2027-02-11 05:50:49,2026-08-11 05:53:11,In compliance,,,ADB - SharePoint Site Renewal,ADB - Do not allow External Sharing (SharePoint Site),,,,,,,,,,No,,,,,,,,,,,,,ADBI;BOD,,,,CGAdoption,EDRMS Project Site,,,,,,,,,,,,,,,,,,,,,,,,teamsites-0808023,
Site,Team Sites-0808020,,Active,Active,,https://7rkd12.sharepoint.com/teams/prj_teamsites-0808020,13c1c085-fc00-4b47-b468-a6d9f814fd08,,,,Bonnie Test,BonnieTest@7rkd12.onmicrosoft.com,Mihal,Mihal@7rkd12.onmicrosoft.com,Bonnie Test,BonnieTest@7rkd12.onmicrosoft.com,,,,Asia-Pacific,Team site (no Microsoft 365 group),25600,0.004,Existing external users,,Indexed,,,Claimed,2026-08-10 16:36:17,,2026-08-11 10:27:23,2027-02-11 10:27:23,2026-08-11 10:29:48,In compliance,,,ADB - SharePoint Site Renewal,ADB - Do not allow External Sharing (SharePoint Site),,,,,,,,,,No,,,,,,,,,,,,,ADBI;BOD,,,,CGAdoption,EDRMS Project Site,,,,,,,,,,,,,,,,,,,,,,,,teamsites-0808020,
Site,Team Sites-0808019,,Active,Active,,https://7rkd12.sharepoint.com/teams/prj_teamsites-0808019,36e0eb7a-91a9-462c-9fd6-e7f0bc15727f,,,,Bonnie Test,BonnieTest@7rkd12.onmicrosoft.com,Mihal,Mihal@7rkd12.onmicrosoft.com,Bonnie Test,BonnieTest@7rkd12.onmicrosoft.com,,,,Asia-Pacific,Team site (no Microsoft 365 group),25600,0.005,New and existing external users,,Indexed,,,Claimed,2026-08-10 16:36:02,,2026-08-11 20:06:17,2027-02-11 20:06:17,2026-08-11 20:10:09,In compliance,,,ADB - SharePoint Site Renewal,ADB - Do not allow External Sharing (SharePoint Site),,,,,,,,,,No,,,,,,,,,,,,,ADBI;BOD,,,,CGAdoption,EDRMS Project Site,,,,,,,,,,,,,,,,,,,,,,,,teamsites-0808019,
Site,Team Sites-0808018,,Active,Active,,https://7rkd12.sharepoint.com/teams/prj_teamsites-0808018,6a81e965-2293-4890-ba33-c5e597f1c44b,,,,Bonnie Test,BonnieTest@7rkd12.onmicrosoft.com,Mihal,Mihal@7rkd12.onmicrosoft.com,Bonnie Test,BonnieTest@7rkd12.onmicrosoft.com,,,,Asia-Pacific,Team site (no Microsoft 365 group),25600,0.004,New and existing external users,,Indexed,,,Claimed,2026-08-10 16:35:56,,2026-08-11 15:36:44,2027-02-11 15:36:44,2026-08-11 15:44:49,In compliance,,,ADB - SharePoint Site Renewal,ADB - Do not allow External Sharing (SharePoint Site),,,,,,,,,,No,,,,,,,,,,,,,ADBI;BOD,,,,CGAdoption,EDRMS Project Site,,,,,,,,,,,,,,,,,,,,,,,,teamsites-0808018,
Site,Team Sites-0808016,,Active,Active,,https://7rkd12.sharepoint.com/teams/prj_teamsites-0808016,0be7c0c5-378b-49f8-9de3-87644378db44,,,,Bonnie Test,BonnieTest@7rkd12.onmicrosoft.com,Mihal,Mihal@7rkd12.onmicrosoft.com,Bonnie Test,BonnieTest@7rkd12.onmicrosoft.com,,,,Asia-Pacific,Team site (no Microsoft 365 group),25600,0.004,New and existing external users,,Indexed,,,Claimed,2026-08-10 16:35:51,,2026-08-11 14:19:06,2027-02-11 14:19:06,2026-08-11 14:25:38,In compliance,,,ADB - SharePoint Site Renewal,ADB - Do not allow External Sharing (SharePoint Site),,,,,,,,,,No,,,,,,,,,,,,,ADBI;BOD,,,,CGAdoption,EDRMS Project Site,,,,,,,,,,,,,,,,,,,,,,,,teamsites-0808016,
Site,Team Sites-0808011,,Active,Active,,https://7rkd12.sharepoint.com/teams/prj_teamsites-0808011,78cbf433-9157-4e8d-ba4e-93ef6619283f,,,,Bonnie Test,BonnieTest@7rkd12.onmicrosoft.com,Mihal,Mihal@7rkd12.onmicrosoft.com,Bonnie Test,BonnieTest@7rkd12.onmicrosoft.com,,,,Asia-Pacific,Team site (no Microsoft 365 group),25600,0.004,Existing external users,,Indexed,,,Claimed,2026-08-10 16:35:23,,2026-08-11 01:54:00,2027-02-11 01:54:00,2026-08-11 01:59:50,In compliance,,,ADB - SharePoint Site Renewal,ADB - Do not allow External Sharing (SharePoint Site),,,,,,,,,,No,,,,,,,,,,,,,ADBI;BOD,,,,CGAdoption,EDRMS Project Site,,,,,,,,,,,,,,,,,,,,,,,,teamsites-0808011,
Site,Team Sites-0808009,,Active,Active,,https://7rkd12.sharepoint.com/teams/prj_teamsites-0808009,b691c124-3815-4e6b-8266-e32f60a1a395,,,,Bonnie Test,BonnieTest@7rkd12.onmicrosoft.com,Mihal,Mihal@7rkd12.onmicrosoft.com,Bonnie Test,BonnieTest@7rkd12.onmicrosoft.com,,,,Asia-Pacific,Team site (no Microsoft 365 group),25600,0.004,Existing external users,,Indexed,,,Claimed,2026-08-10 16:35:17,,2026-08-11 02:58:30,2027-02-11 02:58:30,2026-08-11 03:03:29,In compliance,,,ADB - SharePoint Site Renewal,ADB - Do not allow External Sharing (SharePoint Site),,,,,,,,,,No,,,,,,,,,,,,,ADBI;BOD,,,,CGAdoption,EDRMS Project Site,,,,,,,,,,,,,,,,,,,,,,,,teamsites-0808009,
Site,Team Sites-0808017,,Active,Active,,https://7rkd12.sharepoint.com/teams/prj_teamsites-0808017,add4a53a-0ffd-4f12-bb6a-cee887153c8a,,,,Bonnie Test,BonnieTest@7rkd12.onmicrosoft.com,Mihal,Mihal@7rkd12.onmicrosoft.com,Bonnie Test,BonnieTest@7rkd12.onmicrosoft.com,,,,Asia-Pacific,Team site (no Microsoft 365 group),25600,0.005,New and existing external users,,Indexed,,,Claimed,2026-08-10 16:35:13,,2026-08-11 21:37:46,2027-02-11 21:37:46,2026-08-11 21:44:09,In compliance,,,ADB - SharePoint Site Renewal,ADB - Do not allow External Sharing (SharePoint Site),,,,,,,,,,No,,,,,,,,,,,,,ADBI;BOD,,,,CGAdoption,EDRMS Project Site,,,,,,,,,,,,,,,,,,,,,,,,teamsites-0808017,
Site,Team Sites-0808015,,Active,Active,,https://7rkd12.sharepoint.com/teams/prj_teamsites-0808015,81ef92d3-ce2b-4d73-abed-35ad0632d2fd,,,,Bonnie Test,BonnieTest@7rkd12.onmicrosoft.com,Mihal,Mihal@7rkd12.onmicrosoft.com,Bonnie Test,BonnieTest@7rkd12.onmicrosoft.com,,,,Asia-Pacific,Team site (no Microsoft 365 group),25600,0.004,Existing external users,,Indexed,,,Claimed,2026-08-10 16:34:59,,2026-08-11 00:38:09,2027-02-11 00:38:09,2026-08-11 00:41:48,In compliance,,,ADB - SharePoint Site Renewal,ADB - Do not allow External Sharing (SharePoint Site),,,,,,,,,,No,,,,,,,,,,,,,ADBI;BOD,,,,CGAdoption,EDRMS Project Site,,,,,,,,,,,,,,,,,,,,,,,,teamsites-0808015,
Site,Team Sites-0808010,,Active,Active,,https://7rkd12.sharepoint.com/teams/prj_teamsites-0808010,0ad6b20c-1863-41e4-927e-a4f1d44f0add,,,,Bonnie Test,BonnieTest@7rkd12.onmicrosoft.com,Mihal,Mihal@7rkd12.onmicrosoft.com,Bonnie Test,BonnieTest@7rkd12.onmicrosoft.com,,,,Asia-Pacific,Team site (no Microsoft 365 group),25600,0.004,Existing external users,,Indexed,,,Claimed,2026-08-10 16:34:27,,2026-08-11 02:10:56,2027-02-11 02:10:56,2026-08-11 02:14:58,In compliance,,,ADB - SharePoint Site Renewal,ADB - Do not allow External Sharing (SharePoint Site),,,,,,,,,,No,,,,,,,,,,,,,ADBI;BOD,,,,CGAdoption,EDRMS Project Site,,,,,,,,,,,,,,,,,,,,,,,,teamsites-0808010,
Site,Team Sites-0808004,,Active,Active,,https://7rkd12.sharepoint.com/teams/prj_teamsites-0808004,658783e3-39da-44ab-9da8-cceb9e73050c,,,,Bonnie Test,BonnieTest@7rkd12.onmicrosoft.com,Mihal,Mihal@7rkd12.onmicrosoft.com,Bonnie Test,BonnieTest@7rkd12.onmicrosoft.com,,,,Asia-Pacific,Team site (no Microsoft 365 group),25600,0.004,New and existing external users,,Indexed,,,Claimed,2026-08-10 16:34:26,,2026-08-11 16:51:03,2027-02-11 16:51:03,2026-08-11 16:53:16,In compliance,,,ADB - SharePoint Site Renewal,ADB - Do not allow External Sharing (SharePoint Site),,,,,,,,,,No,,,,,,,,,,,,,ADBI;BOD,,,,CGAdoption,EDRMS Project Site,,,,,,,,,,,,,,,,,,,,,,,,teamsites-0808004,
Site,Team Sites-0808007,,Active,Active,,https://7rkd12.sharepoint.com/teams/prj_teamsites-0808007,4083f892-5b9d-41d2-b951-169a932d121f,,,,Bonnie Test,BonnieTest@7rkd12.onmicrosoft.com,Mihal,Mihal@7rkd12.onmicrosoft.com,Bonnie Test,BonnieTest@7rkd12.onmicrosoft.com,,,,Asia-Pacific,Team site (no Microsoft 365 group),25600,0.004,Existing external users,,Indexed,,,Claimed,2026-08-10 16:34:07,,2026-08-11 06:12:29,2027-02-11 06:12:29,2026-08-11 06:18:05,In compliance,,,ADB - SharePoint Site Renewal,ADB - Do not allow External Sharing (SharePoint Site),,,,,,,,,,No,,,,,,,,,,,,,ADBI;BOD,,,,CGAdoption,EDRMS Project Site,,,,,,,,,,,,,,,,,,,,,,,,teamsites-0808007,
Site,Team Sites-0808006,,Active,Active,,https://7rkd12.sharepoint.com/teams/prj_teamsites-0808006,bf601732-2129-4392-8cf6-7cd1f21a8d95,,,,Bonnie Test,BonnieTest@7rkd12.onmicrosoft.com,Mihal,Mihal@7rkd12.onmicrosoft.com,Bonnie Test,BonnieTest@7rkd12.onmicrosoft.com,,,,Asia-Pacific,Team site (no Microsoft 365 group),25600,0.004,New and existing external users,,Indexed,,,Claimed,2026-08-10 16:33:59,,2026-08-11 17:26:47,2027-02-11 17:26:47,2026-08-11 17:28:54,In compliance,,,ADB - SharePoint Site Renewal,ADB - Do not allow External Sharing (SharePoint Site),,,,,,,,,,No,,,,,,,,,,,,,ADBI;BOD,,,,CGAdoption,EDRMS Project Site,,,,,,,,,,,,,,,,,,,,,,,,teamsites-0808006,
Site,Team Sites-0808001,,Active,Active,,https://7rkd12.sharepoint.com/teams/prj_teamsites-0808001,6fb31e15-5acf-4e69-92f2-96457f22057f,,,,Bonnie Test,BonnieTest@7rkd12.onmicrosoft.com,Mihal,Mihal@7rkd12.onmicrosoft.com,Bonnie Test,BonnieTest@7rkd12.onmicrosoft.com,,,,Asia-Pacific,Team site (no Microsoft 365 group),25600,0.004,Existing external users,,Indexed,,,Claimed,2026-08-10 16:33:53,,2026-08-11 09:00:00,2027-02-11 06:45:05,2026-08-11 06:52:33,In compliance,,,ADB - SharePoint Site Renewal,ADB - Do not allow External Sharing (SharePoint Site),,,,,,,,,,No,,,,,,,,,,,,,ADBI;BOD,,,,CGAdoption,EDRMS Project Site,,,,,,,,,,,,,,,,,,,,,,,,teamsites-0808001,
Site,Team Sites-0808005,,Active,Active,,https://7rkd12.sharepoint.com/teams/prj_teamsites-0808005,aba0e8b1-9bd6-4769-973c-9570acd36e02,,,,Bonnie Test,BonnieTest@7rkd12.onmicrosoft.com,Mihal,Mihal@7rkd12.onmicrosoft.com,Bonnie Test,BonnieTest@7rkd12.onmicrosoft.com,,,,Asia-Pacific,Team site (no Microsoft 365 group),25600,0.004,Existing external users,,Indexed,,,Claimed,2026-08-10 16:33:48,,2026-08-11 17:05:17,2027-02-11 17:05:17,2026-08-11 17:06:33,In compliance,,,ADB - SharePoint Site Renewal,ADB - Do not allow External Sharing (SharePoint Site),,,,,,,,,,No,,,,,,,,,,,,,ADBI;BOD,,,,CGAdoption,EDRMS Project Site,,,,,,,,,,,,,,,,,,,,,,,,teamsites-0808005,
Site,Group Sites-0808047,,Active,Active,,https://7rkd12.sharepoint.com/teams/prj_groupsites-0808047,3e95010d-0fc5-4e40-a592-a9a2bf51fde2,,,,Bonnie Test,BonnieTest@7rkd12.onmicrosoft.com,Mihal,Mihal@7rkd12.onmicrosoft.com,Bonnie Test,BonnieTest@7rkd12.onmicrosoft.com,,,,Asia-Pacific,Team site (no Microsoft 365 group),25600,0.004,Existing external users,,Indexed,,,Claimed,2026-08-10 16:33:47,,2026-08-11 13:19:37,2027-02-11 13:19:37,2026-08-11 13:23:14,In compliance,,,ADB - SharePoint Site Renewal,ADB - Do not allow External Sharing (SharePoint Site),,,,,,,,,,No,,,,,,,,,,,,,ADBI;BOD,,,,CGAdoption,EDRMS Project Site,,,,,,,,,,,,,,,,,,,,,,,,groupsites-0808047,
Site,Team Sites-0808002,,Active,Active,,https://7rkd12.sharepoint.com/teams/prj_teamsites-0808002,bd07b867-a504-435d-8785-ead8fb1906a6,,,,Bonnie Test,BonnieTest@7rkd12.onmicrosoft.com,Mihal,Mihal@7rkd12.onmicrosoft.com,Bonnie Test,BonnieTest@7rkd12.onmicrosoft.com,,,,Asia-Pacific,Team site (no Microsoft 365 group),25600,0.004,Existing external users,,Indexed,,,Claimed,2026-08-10 16:33:35,,2026-08-11 09:00:00,2027-02-10 23:33:16,2026-08-10 23:37:38,In compliance,,,ADB - SharePoint Site Renewal,ADB - Do not allow External Sharing (SharePoint Site),,,,,,,,,,No,,,,,,,,,,,,,ADBI;BOD,,,,CGAdoption,EDRMS Project Site,,,,,,,,,,,,,,,,,,,,,,,,teamsites-0808002,
Site,Group Sites-0808045,,Active,Active,,https://7rkd12.sharepoint.com/teams/prj_groupsites-0808045,b3a2914a-3aff-4bc7-a5e1-f00321d3a7fb,,,,Bonnie Test,BonnieTest@7rkd12.onmicrosoft.com,Mihal,Mihal@7rkd12.onmicrosoft.com,Bonnie Test,BonnieTest@7rkd12.onmicrosoft.com,,,,Asia-Pacific,Team site (no Microsoft 365 group),25600,0.004,Existing external users,,Indexed,,,Claimed,2026-08-10 16:33:16,,2026-08-11 05:30:18,2027-02-11 05:30:18,2026-08-11 05:33:08,In compliance,,,ADB - SharePoint Site Renewal,ADB - Do not allow External Sharing (SharePoint Site),,,,,,,,,,No,,,,,,,,,,,,,ADBI;BOD,,,,CGAdoption,EDRMS Project Site,,,,,,,,,,,,,,,,,,,,,,,,groupsites-0808045,
Site,Group Sites-0808050,,Active,Active,,https://7rkd12.sharepoint.com/teams/prj_groupsites-0808050,9c52f607-f69d-4fce-9681-6479a3bb3d14,,,,Bonnie Test,BonnieTest@7rkd12.onmicrosoft.com,Mihal,Mihal@7rkd12.onmicrosoft.com,Bonnie Test,BonnieTest@7rkd12.onmicrosoft.com,,,,Asia-Pacific,Team site (no Microsoft 365 group),25600,0.004,Existing external users,,Indexed,,,Claimed,2026-08-10 16:33:15,,2026-08-11 12:12:25,2027-02-11 12:12:25,2026-08-11 12:19:09,In compliance,,,ADB - SharePoint Site Renewal,ADB - Do not allow External Sharing (SharePoint Site),,,,,,,,,,No,,,,,,,,,,,,,ADBI;BOD,,,,CGAdoption,EDRMS Project Site,,,,,,,,,,,,,,,,,,,,,,,,groupsites-0808050,
Site,Group Sites-0808049,,Active,Active,,https://7rkd12.sharepoint.com/teams/prj_groupsites-0808049,1bbfea78-1d18-4b94-b3af-b0fd84f99b20,,,,Bonnie Test,BonnieTest@7rkd12.onmicrosoft.com,Mihal,Mihal@7rkd12.onmicrosoft.com,Bonnie Test,BonnieTest@7rkd12.onmicrosoft.com,,,,Asia-Pacific,Team site (no Microsoft 365 group),25600,0.004,Existing external users,,Indexed,,,Claimed,2026-08-10 16:32:56,,2026-08-11 15:14:10,2027-02-11 15:14:10,2026-08-11 15:18:41,In compliance,,,ADB - SharePoint Site Renewal,ADB - Do not allow External Sharing (SharePoint Site),,,,,,,,,,No,,,,,,,,,,,,,ADBI;BOD,,,,CGAdoption,EDRMS Project Site,,,,,,,,,,,,,,,,,,,,,,,,groupsites-0808049,
Site,Group Sites-0808048,,Active,Active,,https://7rkd12.sharepoint.com/teams/prj_groupsites-0808048,4e764de3-09ce-49b2-87f9-efff81b37e64,,,,Bonnie Test,BonnieTest@7rkd12.onmicrosoft.com,Mihal,Mihal@7rkd12.onmicrosoft.com,Bonnie Test,BonnieTest@7rkd12.onmicrosoft.com,,,,Asia-Pacific,Team site (no Microsoft 365 group),25600,0.004,Existing external users,,Indexed,,,Claimed,2026-08-10 16:32:56,,2026-08-11 08:13:05,2027-02-11 08:13:05,2026-08-11 08:18:20,In compliance,,,ADB - SharePoint Site Renewal,ADB - Do not allow External Sharing (SharePoint Site),,,,,,,,,,No,,,,,,,,,,,,,ADBI;BOD,,,,CGAdoption,EDRMS Project Site,,,,,,,,,,,,,,,,,,,,,,,,groupsites-0808048,
Site,Group Sites-0808040,,Active,Active,,https://7rkd12.sharepoint.com/teams/prj_groupsites-0808040,0d88951f-e288-4b79-b4c4-5edca09e2c5d,,,,Bonnie Test,BonnieTest@7rkd12.onmicrosoft.com,Mihal,Mihal@7rkd12.onmicrosoft.com,Bonnie Test,BonnieTest@7rkd12.onmicrosoft.com,,,,Asia-Pacific,Team site (no Microsoft 365 group),25600,0.004,Existing external users,,Indexed,,,Claimed,2026-08-10 16:32:47,,2026-08-11 02:56:15,2027-02-11 02:56:15,2026-08-11 03:00:53,In compliance,,,ADB - SharePoint Site Renewal,ADB - Do not allow External Sharing (SharePoint Site),,,,,,,,,,No,,,,,,,,,,,,,ADBI;BOD,,,,CGAdoption,EDRMS Project Site,,,,,,,,,,,,,,,,,,,,,,,,groupsites-0808040,
Site,Group Sites-0808044,,Active,Active,,https://7rkd12.sharepoint.com/teams/prj_groupsites-0808044,869c7905-8685-4cfb-8604-98cbb2660da8,,,,Bonnie Test,BonnieTest@7rkd12.onmicrosoft.com,Mihal,Mihal@7rkd12.onmicrosoft.com,Bonnie Test,BonnieTest@7rkd12.onmicrosoft.com,,,,Asia-Pacific,Team site (no Microsoft 365 group),25600,0.004,Existing external users,,Indexed,,,Claimed,2026-08-10 16:32:36,,2026-08-11 01:46:43,2027-02-11 01:46:43,2026-08-11 01:51:12,In compliance,,,ADB - SharePoint Site Renewal,ADB - Do not allow External Sharing (SharePoint Site),,,,,,,,,,No,,,,,,,,,,,,,ADBI;BOD,,,,CGAdoption,EDRMS Project Site,,,,,,,,,,,,,,,,,,,,,,,,groupsites-0808044,
Site,Group Sites-0808041,,Active,Active,,https://7rkd12.sharepoint.com/teams/prj_groupsites-0808041,9594e063-afff-4ca4-9676-7bd7ec76c401,,,,Bonnie Test,BonnieTest@7rkd12.onmicrosoft.com,Mihal,Mihal@7rkd12.onmicrosoft.com,Bonnie Test,BonnieTest@7rkd12.onmicrosoft.com,,,,Asia-Pacific,Team site (no Microsoft 365 group),25600,0.004,Existing external users,,Indexed,,,Claimed,2026-08-10 16:32:04,,2026-08-11 07:05:44,2027-02-11 07:05:44,2026-08-11 07:08:48,In compliance,,,ADB - SharePoint Site Renewal,ADB - Do not allow External Sharing (SharePoint Site),,,,,,,,,,No,,,,,,,,,,,,,ADBI;BOD,,,,CGAdoption,EDRMS Project Site,,,,,,,,,,,,,,,,,,,,,,,,groupsites-0808041,
Site,Group Sites-0808036,,Active,Active,,https://7rkd12.sharepoint.com/teams/prj_groupsites-0808036,2de90b6e-be2a-4191-9679-51c28f779695,,,,Bonnie Test,BonnieTest@7rkd12.onmicrosoft.com,Mihal,Mihal@7rkd12.onmicrosoft.com,Bonnie Test,BonnieTest@7rkd12.onmicrosoft.com,,,,Asia-Pacific,Team site (no Microsoft 365 group),25600,0.005,Existing external users,,Indexed,,,Claimed,2026-08-10 16:32:01,,2026-08-11 22:46:36,2027-02-11 22:46:36,2026-08-11 22:50:21,In compliance,,,ADB - SharePoint Site Renewal,ADB - Do not allow External Sharing (SharePoint Site),,,,,,,,,,No,,,,,,,,,,,,,ADBI;BOD,,,,CGAdoption,EDRMS Project Site,,,,,,,,,,,,,,,,,,,,,,,,groupsites-0808036,
Site,Group Sites-0808027,,Active,Active,,https://7rkd12.sharepoint.com/teams/prj_groupsites-0808027,d56f7cef-3b95-4f32-aff6-d777504b53e9,,,,Bonnie Test,BonnieTest@7rkd12.onmicrosoft.com,Mihal,Mihal@7rkd12.onmicrosoft.com,Bonnie Test,BonnieTest@7rkd12.onmicrosoft.com,,,,Asia-Pacific,Team site (no Microsoft 365 group),25600,0.005,Existing external users,,Indexed,,,Claimed,2026-08-10 16:31:47,,2026-08-11 20:11:26,2027-02-11 20:11:26,2026-08-11 20:17:22,In compliance,,,ADB - SharePoint Site Renewal,ADB - Do not allow External Sharing (SharePoint Site),,,,,,,,,,No,,,,,,,,,,,,,ADBI;BOD,,,,CGAdoption,EDRMS Project Site,,,,,,,,,,,,,,,,,,,,,,,,groupsites-0808027,
Site,Group Sites-0808039,,Active,Active,,https://7rkd12.sharepoint.com/teams/prj_groupsites-0808039,294b1cfc-00df-49fb-bb8f-dc62d4760d83,,,,Bonnie Test,BonnieTest@7rkd12.onmicrosoft.com,Mihal,Mihal@7rkd12.onmicrosoft.com,Bonnie Test,BonnieTest@7rkd12.onmicrosoft.com,,,,Asia-Pacific,Team site (no Microsoft 365 group),25600,0.004,Existing external users,,Indexed,,,Claimed,2026-08-10 16:31:43,,2026-08-11 01:56:18,2027-02-11 01:56:18,2026-08-11 02:00:08,In compliance,,,ADB - SharePoint Site Renewal,ADB - Do not allow External Sharing (SharePoint Site),,,,,,,,,,No,,,,,,,,,,,,,ADBI;BOD,,,,CGAdoption,EDRMS Project Site,,,,,,,,,,,,,,,,,,,,,,,,groupsites-0808039,
Site,Group Sites-0808037,,Active,Active,,https://7rkd12.sharepoint.com/teams/prj_groupsites-0808037,ba1014af-8cd0-4416-82d7-65d2c90a3df6,,,,Bonnie Test,BonnieTest@7rkd12.onmicrosoft.com,Mihal,Mihal@7rkd12.onmicrosoft.com,Bonnie Test,BonnieTest@7rkd12.onmicrosoft.com,,,,Asia-Pacific,Team site (no Microsoft 365 group),25600,0.004,Existing external users,,Indexed,,,Claimed,2026-08-10 16:31:34,,2026-08-11 17:12:37,2027-02-11 17:12:37,2026-08-11 17:15:41,In compliance,,,ADB - SharePoint Site Renewal,ADB - Do not allow External Sharing (SharePoint Site),,,,,,,,,,No,,,,,,,,,,,,,ADBI;BOD,,,,CGAdoption,EDRMS Project Site,,,,,,,,,,,,,,,,,,,,,,,,groupsites-0808037,
Site,Group Sites-0808033,,Active,Active,,https://7rkd12.sharepoint.com/teams/prj_groupsites-0808033,4219ec85-71f9-4f21-b326-f14fac9d8de2,,,,Bonnie Test,BonnieTest@7rkd12.onmicrosoft.com,Mihal,Mihal@7rkd12.onmicrosoft.com,Bonnie Test,BonnieTest@7rkd12.onmicrosoft.com,,,,Asia-Pacific,Team site (no Microsoft 365 group),25600,0.004,Existing external users,,Indexed,,,Claimed,2026-08-10 16:31:18,,2026-08-11 10:56:06,2027-02-11 10:56:06,2026-08-11 11:00:21,In compliance,,,ADB - SharePoint Site Renewal,ADB - Do not allow External Sharing (SharePoint Site),,,,,,,,,,No,,,,,,,,,,,,,ADBI;BOD,,,,CGAdoption,EDRMS Project Site,,,,,,,,,,,,,,,,,,,,,,,,groupsites-0808033,
Site,Group Sites-0808032,,Active,Active,,https://7rkd12.sharepoint.com/teams/prj_groupsites-0808032,4109280e-c62b-4cf9-9ecd-530d44eb5105,,,,Bonnie Test,BonnieTest@7rkd12.onmicrosoft.com,Mihal,Mihal@7rkd12.onmicrosoft.com,Bonnie Test,BonnieTest@7rkd12.onmicrosoft.com,,,,Asia-Pacific,Team site (no Microsoft 365 group),25600,0.004,Existing external users,,Indexed,,,Claimed,2026-08-10 16:31:13,,2026-08-11 10:40:27,2027-02-11 10:40:27,2026-08-11 10:45:54,In compliance,,,ADB - SharePoint Site Renewal,ADB - Do not allow External Sharing (SharePoint Site),,,,,,,,,,No,,,,,,,,,,,,,ADBI;BOD,,,,CGAdoption,EDRMS Project Site,,,,,,,,,,,,,,,,,,,,,,,,groupsites-0808032,
Site,Group Sites-0808031,,Active,Active,,https://7rkd12.sharepoint.com/teams/prj_groupsites-0808031,5e168142-a4d2-4191-b50b-9415a8a28772,,,,Bonnie Test,BonnieTest@7rkd12.onmicrosoft.com,Mihal,Mihal@7rkd12.onmicrosoft.com,Bonnie Test,BonnieTest@7rkd12.onmicrosoft.com,,,,Asia-Pacific,Team site (no Microsoft 365 group),25600,0.004,Existing external users,,Indexed,,,Claimed,2026-08-10 16:31:11,,2026-08-11 10:57:20,2027-02-11 10:57:20,2026-08-11 11:02:58,In compliance,,,ADB - SharePoint Site Renewal,ADB - Do not allow External Sharing (SharePoint Site),,,,,,,,,,No,,,,,,,,,,,,,ADBI;BOD,,,,CGAdoption,EDRMS Project Site,,,,,,,,,,,,,,,,,,,,,,,,groupsites-0808031,
Site,Group Sites-0808030,,Active,Active,,https://7rkd12.sharepoint.com/teams/prj_groupsites-0808030,de6d19c8-b6dc-4484-9ec9-e0450544c077,,,,Bonnie Test,BonnieTest@7rkd12.onmicrosoft.com,Mihal,Mihal@7rkd12.onmicrosoft.com,Bonnie Test,BonnieTest@7rkd12.onmicrosoft.com,,,,Asia-Pacific,Team site (no Microsoft 365 group),25600,0.004,Existing external users,,Indexed,,,Claimed,2026-08-10 16:31:04,,2026-08-11 12:13:21,2027-02-11 12:13:21,2026-08-11 12:19:31,In compliance,,,ADB - SharePoint Site Renewal,ADB - Do not allow External Sharing (SharePoint Site),,,,,,,,,,No,,,,,,,,,,,,,ADBI;BOD,,,,CGAdoption,EDRMS Project Site,,,,,,,,,,,,,,,,,,,,,,,,groupsites-0808030,
Site,Group Sites-0808029,,Active,Active,,https://7rkd12.sharepoint.com/teams/prj_groupsites-0808029,7a4ae77b-f646-4623-a8df-0918fb7ffd01,,,,Bonnie Test,BonnieTest@7rkd12.onmicrosoft.com,Mihal,Mihal@7rkd12.onmicrosoft.com,Bonnie Test,BonnieTest@7rkd12.onmicrosoft.com,,,,Asia-Pacific,Team site (no Microsoft 365 group),25600,0.004,Existing external users,,Indexed,,,Claimed,2026-08-10 16:30:59,,2026-08-11 11:52:53,2027-02-11 11:52:53,2026-08-11 11:57:31,In compliance,,,ADB - SharePoint Site Renewal,ADB - Do not allow External Sharing (SharePoint Site),,,,,,,,,,No,,,,,,,,,,,,,ADBI;BOD,,,,CGAdoption,EDRMS Project Site,,,,,,,,,,,,,,,,,,,,,,,,groupsites-0808029,
Site,Group Sites-0808025,,Active,Active,,https://7rkd12.sharepoint.com/teams/prj_groupsites-0808025,6d37ed32-51c3-4eee-ab34-50f6049aa852,,,,Bonnie Test,BonnieTest@7rkd12.onmicrosoft.com,Mihal,Mihal@7rkd12.onmicrosoft.com,Bonnie Test,BonnieTest@7rkd12.onmicrosoft.com,,,,Asia-Pacific,Team site (no Microsoft 365 group),25600,0.004,Existing external users,,Indexed,,,Claimed,2026-08-10 16:30:48,,2026-08-11 01:42:29,2027-02-11 01:42:29,2026-08-11 01:49:16,In compliance,,,ADB - SharePoint Site Renewal,ADB - Do not allow External Sharing (SharePoint Site),,,,,,,,,,No,,,,,,,,,,,,,ADBI;BOD,,,,CGAdoption,EDRMS Project Site,,,,,,,,,,,,,,,,,,,,,,,,groupsites-0808025,
Site,Group Sites-0808023,,Active,Active,,https://7rkd12.sharepoint.com/teams/prj_groupsites-0808023,2253fbc5-0292-4c12-a210-23f80fc3eba0,,,,Bonnie Test,BonnieTest@7rkd12.onmicrosoft.com,Mihal,Mihal@7rkd12.onmicrosoft.com,Bonnie Test,BonnieTest@7rkd12.onmicrosoft.com,,,,Asia-Pacific,Team site (no Microsoft 365 group),25600,0.004,Existing external users,,Indexed,,,Claimed,2026-08-10 16:29:57,,2026-08-11 04:09:41,2027-02-11 04:09:41,2026-08-11 04:15:42,In compliance,,,ADB - SharePoint Site Renewal,ADB - Do not allow External Sharing (SharePoint Site),,,,,,,,,,No,,,,,,,,,,,,,ADBI;BOD,,,,CGAdoption,EDRMS Project Site,,,,,,,,,,,,,,,,,,,,,,,,groupsites-0808023,
Site,Group Sites-0808022,,Active,Active,,https://7rkd12.sharepoint.com/teams/prj_groupsites-0808022,0a713c4f-5aaa-4b31-a6a6-54671b044fb2,,,,Bonnie Test,BonnieTest@7rkd12.onmicrosoft.com,Mihal,Mihal@7rkd12.onmicrosoft.com,Bonnie Test,BonnieTest@7rkd12.onmicrosoft.com,,,,Asia-Pacific,Team site (no Microsoft 365 group),25600,0.004,Existing external users,,Indexed,,,Claimed,2026-08-10 16:29:49,,2026-08-11 03:20:55,2027-02-11 03:20:55,2026-08-11 03:29:24,In compliance,,,ADB - SharePoint Site Renewal,ADB - Do not allow External Sharing (SharePoint Site),,,,,,,,,,No,,,,,,,,,,,,,ADBI;BOD,,,,CGAdoption,EDRMS Project Site,,,,,,,,,,,,,,,,,,,,,,,,groupsites-0808022,
Site,Group Sites-0808021,,Active,Active,,https://7rkd12.sharepoint.com/teams/prj_groupsites-0808021,31896bd4-6c89-44a7-90c7-f45d42351af8,,,,Bonnie Test,BonnieTest@7rkd12.onmicrosoft.com,Mihal,Mihal@7rkd12.onmicrosoft.com,Bonnie Test,BonnieTest@7rkd12.onmicrosoft.com,,,,Asia-Pacific,Team site (no Microsoft 365 group),25600,0.004,Existing external users,,Indexed,,,Claimed,2026-08-10 16:29:48,,2026-08-11 16:51:57,2027-02-11 16:51:57,2026-08-11 16:55:44,In compliance,,,ADB - SharePoint Site Renewal,ADB - Do not allow External Sharing (SharePoint Site),,,,,,,,,,No,,,,,,,,,,,,,ADBI;BOD,,,,CGAdoption,EDRMS Project Site,,,,,,,,,,,,,,,,,,,,,,,,groupsites-0808021,
Site,Group Sites-0808020,,Active,Active,,https://7rkd12.sharepoint.com/teams/prj_groupsites-0808020,2b9da8a1-38ad-4c40-8b8a-a1eca826c570,,,,Bonnie Test,BonnieTest@7rkd12.onmicrosoft.com,Mihal,Mihal@7rkd12.onmicrosoft.com,Bonnie Test,BonnieTest@7rkd12.onmicrosoft.com,,,,Asia-Pacific,Team site (no Microsoft 365 group),25600,0.004,Existing external users,,Indexed,,,Claimed,2026-08-10 16:29:39,,2026-08-11 09:35:18,2027-02-11 09:35:18,2026-08-11 09:40:11,In compliance,,,ADB - SharePoint Site Renewal,ADB - Do not allow External Sharing (SharePoint Site),,,,,,,,,,No,,,,,,,,,,,,,ADBI;BOD,,,,CGAdoption,EDRMS Project Site,,,,,,,,,,,,,,,,,,,,,,,,groupsites-0808020,
Site,Group Sites-0808019,,Active,Active,,https://7rkd12.sharepoint.com/teams/prj_groupsites-0808019,d8a2f3ac-a084-4639-a485-86ff46f72fe1,,,,Bonnie Test,BonnieTest@7rkd12.onmicrosoft.com,Mihal,Mihal@7rkd12.onmicrosoft.com,Bonnie Test,BonnieTest@7rkd12.onmicrosoft.com,,,,Asia-Pacific,Team site (no Microsoft 365 group),25600,0.004,Existing external users,,Indexed,,,Claimed,2026-08-10 16:29:36,,2026-08-11 08:01:12,2027-02-11 08:01:12,2026-08-11 08:07:39,In compliance,,,ADB - SharePoint Site Renewal,ADB - Do not allow External Sharing (SharePoint Site),,,,,,,,,,No,,,,,,,,,,,,,ADBI;BOD,,,,CGAdoption,EDRMS Project Site,,,,,,,,,,,,,,,,,,,,,,,,groupsites-0808019,
Site,Group Sites-0808018,,Active,Active,,https://7rkd12.sharepoint.com/teams/prj_groupsites-0808018,cb322f76-0982-4d0a-b3c4-97d9e6864faf,,,,Bonnie Test,BonnieTest@7rkd12.onmicrosoft.com,Mihal,Mihal@7rkd12.onmicrosoft.com,Bonnie Test,BonnieTest@7rkd12.onmicrosoft.com,,,,Asia-Pacific,Team site (no Microsoft 365 group),25600,0.005,Existing external users,,Indexed,,,Claimed,2026-08-10 16:29:32,,2026-08-11 19:03:39,2027-02-11 19:03:39,2026-08-11 19:05:34,In compliance,,,ADB - SharePoint Site Renewal,ADB - Do not allow External Sharing (SharePoint Site),,,,,,,,,,No,,,,,,,,,,,,,ADBI;BOD,,,,CGAdoption,EDRMS Project Site,,,,,,,,,,,,,,,,,,,,,,,,groupsites-0808018,
Site,Group Sites-0808017,,Active,Active,,https://7rkd12.sharepoint.com/teams/prj_groupsites-0808017,265d64c0-08e0-40c6-8cb8-3db5b384c867,,,,Bonnie Test,BonnieTest@7rkd12.onmicrosoft.com,Mihal,Mihal@7rkd12.onmicrosoft.com,Bonnie Test,BonnieTest@7rkd12.onmicrosoft.com,,,,Asia-Pacific,Team site (no Microsoft 365 group),25600,0.004,Existing external users,,Indexed,,,Claimed,2026-08-10 16:29:29,,2026-08-11 17:42:46,2027-02-11 17:42:46,2026-08-11 17:45:59,In compliance,,,ADB - SharePoint Site Renewal,ADB - Do not allow External Sharing (SharePoint Site),,,,,,,,,,No,,,,,,,,,,,,,ADBI;BOD,,,,CGAdoption,EDRMS Project Site,,,,,,,,,,,,,,,,,,,,,,,,groupsites-0808017,
Site,Group Sites-0808010,,Active,Active,,https://7rkd12.sharepoint.com/teams/prj_groupsites-0808010,07ac4f81-e9a8-457f-8c63-949b0f763537,,,,Bonnie Test,BonnieTest@7rkd12.onmicrosoft.com,Mihal,Mihal@7rkd12.onmicrosoft.com,Bonnie Test,BonnieTest@7rkd12.onmicrosoft.com,,,,Asia-Pacific,Team site (no Microsoft 365 group),25600,0.004,Existing external users,,Indexed,,,Claimed,2026-08-10 16:29:23,,2026-08-11 11:57:38,2027-02-11 11:57:38,2026-08-11 12:01:06,In compliance,,,ADB - SharePoint Site Renewal,ADB - Do not allow External Sharing (SharePoint Site),,,,,,,,,,No,,,,,,,,,,,,,ADBI;BOD,,,,CGAdoption,EDRMS Project Site,,,,,,,,,,,,,,,,,,,,,,,,groupsites-0808010,
Site,Group Sites-0808006,,Active,Active,,https://7rkd12.sharepoint.com/teams/prj_groupsites-0808006,56bce569-479a-4542-8667-ba6a6402bdf8,,,,Bonnie Test,BonnieTest@7rkd12.onmicrosoft.com,Mihal,Mihal@7rkd12.onmicrosoft.com,Bonnie Test,BonnieTest@7rkd12.onmicrosoft.com,,,,Asia-Pacific,Team site (no Microsoft 365 group),25600,0.004,Existing external users,,Indexed,,,Claimed,2026-08-10 16:29:18,,2026-08-11 17:50:50,2027-02-11 17:50:50,2026-08-11 17:56:35,In compliance,,,ADB - SharePoint Site Renewal,ADB - Do not allow External Sharing (SharePoint Site),,,,,,,,,,No,,,,,,,,,,,,,ADBI;BOD,,,,CGAdoption,EDRMS Project Site,,,,,,,,,,,,,,,,,,,,,,,,groupsites-0808006,
Site,Group Sites-0808014,,Active,Active,,https://7rkd12.sharepoint.com/teams/prj_groupsites-0808014,6e9d5d73-6c2a-4b4e-8ca3-330c474d1f7c,,,,Bonnie Test,BonnieTest@7rkd12.onmicrosoft.com,Mihal,Mihal@7rkd12.onmicrosoft.com,Bonnie Test,BonnieTest@7rkd12.onmicrosoft.com,,,,Asia-Pacific,Team site (no Microsoft 365 group),25600,0.004,Existing external users,,Indexed,,,Claimed,2026-08-10 16:29:16,,2026-08-11 16:44:56,2027-02-11 16:44:56,2026-08-11 16:48:21,In compliance,,,ADB - SharePoint Site Renewal,ADB - Do not allow External Sharing (SharePoint Site),,,,,,,,,,No,,,,,,,,,,,,,ADBI;BOD,,,,CGAdoption,EDRMS Project Site,,,,,,,,,,,,,,,,,,,,,,,,groupsites-0808014,
Site,Group Sites-0808013,,Active,Active,,https://7rkd12.sharepoint.com/teams/prj_groupsites-0808013,f5651788-323a-4afb-8562-b576c0fd9ad9,,,,Bonnie Test,BonnieTest@7rkd12.onmicrosoft.com,Mihal,Mihal@7rkd12.onmicrosoft.com,Bonnie Test,BonnieTest@7rkd12.onmicrosoft.com,,,,Asia-Pacific,Team site (no Microsoft 365 group),25600,0.005,Existing external users,,Indexed,,,Claimed,2026-08-10 16:29:10,,2026-08-12 03:40:46,2027-02-12 03:40:46,2026-08-12 03:42:35,In compliance,,,ADB - SharePoint Site Renewal,ADB - Do not allow External Sharing (SharePoint Site),,,,,,,,,,No,,,,,,,,,,,,,ADBI;BOD,,,,CGAdoption,EDRMS Project Site,,,,,,,,,,,,,,,,,,,,,,,,groupsites-0808013,
Site,Group Sites-0808012,,Active,Active,,https://7rkd12.sharepoint.com/teams/prj_groupsites-0808012,8e2992b0-d9fb-4ef2-94ae-f968966dccee,,,,Bonnie Test,BonnieTest@7rkd12.onmicrosoft.com,Mihal,Mihal@7rkd12.onmicrosoft.com,Bonnie Test,BonnieTest@7rkd12.onmicrosoft.com,,,,Asia-Pacific,Team site (no Microsoft 365 group),25600,0.004,Existing external users,,Indexed,,,Claimed,2026-08-10 16:29:06,,2026-08-11 09:30:31,2027-02-11 09:30:31,2026-08-11 09:34:21,In compliance,,,ADB - SharePoint Site Renewal,ADB - Do not allow External Sharing (SharePoint Site),,,,,,,,,,No,,,,,,,,,,,,,ADBI;BOD,,,,CGAdoption,EDRMS Project Site,,,,,,,,,,,,,,,,,,,,,,,,groupsites-0808012,
Site,Group Sites-0808011,,Active,Active,,https://7rkd12.sharepoint.com/teams/prj_groupsites-0808011,3e08e5d0-1fb0-4eb9-8f6a-6515cd7b8733,,,,Bonnie Test,BonnieTest@7rkd12.onmicrosoft.com,Mihal,Mihal@7rkd12.onmicrosoft.com,Bonnie Test,BonnieTest@7rkd12.onmicrosoft.com,,,,Asia-Pacific,Team site (no Microsoft 365 group),25600,0.004,Existing external users,,Indexed,,,Claimed,2026-08-10 16:29:04,,2026-08-11 07:01:01,2027-02-11 07:01:01,2026-08-11 07:05:51,In compliance,,,ADB - SharePoint Site Renewal,ADB - Do not allow External Sharing (SharePoint Site),,,,,,,,,,No,,,,,,,,,,,,,ADBI;BOD,,,,CGAdoption,EDRMS Project Site,,,,,,,,,,,,,,,,,,,,,,,,groupsites-0808011,
Site,Group Sites-0808008,,Active,Active,,https://7rkd12.sharepoint.com/teams/prj_groupsites-0808008,e1f4d9d5-b018-42b3-a058-bd681d6274a4,,,,Bonnie Test,BonnieTest@7rkd12.onmicrosoft.com,Mihal,Mihal@7rkd12.onmicrosoft.com,Bonnie Test,BonnieTest@7rkd12.onmicrosoft.com,,,,Asia-Pacific,Team site (no Microsoft 365 group),25600,0.004,Existing external users,,Indexed,,,Claimed,2026-08-10 16:28:55,,2026-08-11 01:55:16,2027-02-11 01:55:16,2026-08-11 02:00:08,In compliance,,,ADB - SharePoint Site Renewal,ADB - Do not allow External Sharing (SharePoint Site),,,,,,,,,,No,,,,,,,,,,,,,ADBI;BOD,,,,CGAdoption,EDRMS Project Site,,,,,,,,,,,,,,,,,,,,,,,,groupsites-0808008,
Site,Group Sites-0808007,,Active,Active,,https://7rkd12.sharepoint.com/teams/prj_groupsites-0808007,7e9f3ade-e4ee-4171-be0e-3eaee78659ea,,,,Bonnie Test,BonnieTest@7rkd12.onmicrosoft.com,Mihal,Mihal@7rkd12.onmicrosoft.com,Bonnie Test,BonnieTest@7rkd12.onmicrosoft.com,,,,Asia-Pacific,Team site (no Microsoft 365 group),25600,0.004,Existing external users,,Indexed,,,Claimed,2026-08-10 16:28:55,,2026-08-11 06:48:40,2027-02-11 06:48:40,2026-08-11 06:53:31,In compliance,,,ADB - SharePoint Site Renewal,ADB - Do not allow External Sharing (SharePoint Site),,,,,,,,,,No,,,,,,,,,,,,,ADBI;BOD,,,,CGAdoption,EDRMS Project Site,,,,,,,,,,,,,,,,,,,,,,,,groupsites-0808007,
Site,Group Sites-0808005,,Active,Active,,https://7rkd12.sharepoint.com/teams/prj_groupsites-0808005,c8e7666e-2f6a-452a-914b-7ac5e75caf7a,,,,Bonnie Test,BonnieTest@7rkd12.onmicrosoft.com,Mihal,Mihal@7rkd12.onmicrosoft.com,Bonnie Test,BonnieTest@7rkd12.onmicrosoft.com,,,,Asia-Pacific,Team site (no Microsoft 365 group),25600,0.004,Existing external users,,Indexed,,,Claimed,2026-08-10 16:28:45,,2026-08-11 04:07:12,2027-02-11 04:07:12,2026-08-11 04:12:42,In compliance,,,ADB - SharePoint Site Renewal,ADB - Do not allow External Sharing (SharePoint Site),,,,,,,,,,No,,,,,,,,,,,,,ADBI;BOD,,,,CGAdoption,EDRMS Project Site,,,,,,,,,,,,,,,,,,,,,,,,groupsites-0808005,
Site,Group Sites-0808003,,Active,Active,,https://7rkd12.sharepoint.com/teams/prj_groupsites-0808003,e93aa5df-7368-4d32-8c92-521ab4c74ebc,,,,Bonnie Test,BonnieTest@7rkd12.onmicrosoft.com,Mihal,Mihal@7rkd12.onmicrosoft.com,Bonnie Test,BonnieTest@7rkd12.onmicrosoft.com,,,,Asia-Pacific,Team site (no Microsoft 365 group),25600,0.004,Existing external users,,Indexed,,,Claimed,2026-08-10 16:28:36,,2026-08-11 05:26:45,2027-02-11 05:26:45,2026-08-11 05:29:00,In compliance,,,ADB - SharePoint Site Renewal,ADB - Do not allow External Sharing (SharePoint Site),,,,,,,,,,No,,,,,,,,,,,,,ADBI;BOD,,,,CGAdoption,EDRMS Project Site,,,,,,,,,,,,,,,,,,,,,,,,groupsites-0808003,
Site,Group Sites-0808004,,Active,Active,,https://7rkd12.sharepoint.com/teams/prj_groupsites-0808004,8107c643-f47f-4b1c-9dbd-0643fae88350,,,,Bonnie Test,BonnieTest@7rkd12.onmicrosoft.com,Mihal,Mihal@7rkd12.onmicrosoft.com,Bonnie Test,BonnieTest@7rkd12.onmicrosoft.com,,,,Asia-Pacific,Team site (no Microsoft 365 group),25600,0.004,Existing external users,,Indexed,,,Claimed,2026-08-10 16:28:35,,2026-08-11 05:46:17,2027-02-11 05:46:17,2026-08-11 05:50:39,In compliance,,,ADB - SharePoint Site Renewal,ADB - Do not allow External Sharing (SharePoint Site),,,,,,,,,,No,,,,,,,,,,,,,ADBI;BOD,,,,CGAdoption,EDRMS Project Site,,,,,,,,,,,,,,,,,,,,,,,,groupsites-0808004,
Site,Group Sites-0808002,,Active,Active,,https://7rkd12.sharepoint.com/teams/prj_groupsites-0808002,528616c1-8840-4766-9647-4c3d89538f40,,,,Bonnie Test,BonnieTest@7rkd12.onmicrosoft.com,Mihal,Mihal@7rkd12.onmicrosoft.com,Bonnie Test,BonnieTest@7rkd12.onmicrosoft.com,,,,Asia-Pacific,Team site (no Microsoft 365 group),25600,0.004,Existing external users,,Indexed,,,Claimed,2026-08-10 16:28:30,,2026-08-11 09:00:00,2027-02-11 08:26:56,2026-08-11 08:33:29,In compliance,,,ADB - SharePoint Site Renewal,ADB - Do not allow External Sharing (SharePoint Site),,,,,,,,,,No,,,,,,,,,,,,,ADBI;BOD,,,,CGAdoption,EDRMS Project Site,,,,,,,,,,,,,,,,,,,,,,,,groupsites-0808002,
Site,Team Sites-0809100,,Active,Active,,https://7rkd12.sharepoint.com/teams/prj_teamsites-0809100,d1022749-ec84-47f4-919c-5ddb5c43db50,,,,Bonnie Test,BonnieTest@7rkd12.onmicrosoft.com,Mihal,Mihal@7rkd12.onmicrosoft.com,Bonnie Test,BonnieTest@7rkd12.onmicrosoft.com,,,,Asia-Pacific,Team site (no Microsoft 365 group),25600,0.004,Existing external users,,Indexed,,,Claimed,2026-08-10 16:28:23,,2026-08-11 17:55:41,2027-02-11 17:55:41,2026-08-11 17:58:10,In compliance,,,ADB - SharePoint Site Renewal,ADB - Do not allow External Sharing (SharePoint Site),,,,,,,,,,No,,,,,,,,,,,,,ADBI;BOD,,,,CGAdoption,EDRMS Project Site,,,,,,,,,,,,,,,,,,,,,,,,teamsites-0809100,
Site,Team Sites-0809099,,Active,Active,,https://7rkd12.sharepoint.com/teams/prj_teamsites-0809099,07533b81-3fda-4244-9dcf-fcceb6333f35,,,,Bonnie Test,BonnieTest@7rkd12.onmicrosoft.com,Mihal,Mihal@7rkd12.onmicrosoft.com,Bonnie Test,BonnieTest@7rkd12.onmicrosoft.com,,,,Asia-Pacific,Team site (no Microsoft 365 group),25600,0.004,Existing external users,,Indexed,,,Claimed,2026-08-10 16:28:17,,2026-08-11 07:12:41,2027-02-11 07:12:41,2026-08-11 07:18:05,In compliance,,,ADB - SharePoint Site Renewal,ADB - Do not allow External Sharing (SharePoint Site),,,,,,,,,,No,,,,,,,,,,,,,ADBI;BOD,,,,CGAdoption,EDRMS Project Site,,,,,,,,,,,,,,,,,,,,,,,,teamsites-0809099,
Site,Team Sites-0809098,,Active,Active,,https://7rkd12.sharepoint.com/teams/prj_teamsites-0809098,46212aab-2cf1-4ae2-a593-257a24dc4858,,,,Bonnie Test,BonnieTest@7rkd12.onmicrosoft.com,Mihal,Mihal@7rkd12.onmicrosoft.com,Bonnie Test,BonnieTest@7rkd12.onmicrosoft.com,,,,Asia-Pacific,Team site (no Microsoft 365 group),25600,0.004,Existing external users,,Indexed,,,Claimed,2026-08-10 16:28:15,,2026-08-11 18:46:56,2027-02-11 18:46:56,2026-08-11 18:50:42,In compliance,,,ADB - SharePoint Site Renewal,ADB - Do not allow External Sharing (SharePoint Site),,,,,,,,,,No,,,,,,,,,,,,,ADBI;BOD,,,,CGAdoption,EDRMS Project Site,,,,,,,,,,,,,,,,,,,,,,,,teamsites-0809098,
Site,Team Sites-0809097,,Active,Active,,https://7rkd12.sharepoint.com/teams/prj_teamsites-0809097,c5c4e089-0cf3-418f-8b92-87df480c433d,,,,Bonnie Test,BonnieTest@7rkd12.onmicrosoft.com,Mihal,Mihal@7rkd12.onmicrosoft.com,Bonnie Test,BonnieTest@7rkd12.onmicrosoft.com,,,,Asia-Pacific,Team site (no Microsoft 365 group),25600,0.004,Existing external users,,Indexed,,,Claimed,2026-08-10 16:28:10,,2026-08-11 08:10:47,2027-02-11 08:10:47,2026-08-11 08:19:26,In compliance,,,ADB - SharePoint Site Renewal,ADB - Do not allow External Sharing (SharePoint Site),,,,,,,,,,No,,,,,,,,,,,,,ADBI;BOD,,,,CGAdoption,EDRMS Project Site,,,,,,,,,,,,,,,,,,,,,,,,teamsites-0809097,
Site,Team Sites-0809096,,Active,Active,,https://7rkd12.sharepoint.com/teams/prj_teamsites-0809096,4c16c6b6-7b0f-41e0-994d-50235fd8214f,,,,Bonnie Test,BonnieTest@7rkd12.onmicrosoft.com,Mihal,Mihal@7rkd12.onmicrosoft.com,Bonnie Test,BonnieTest@7rkd12.onmicrosoft.com,,,,Asia-Pacific,Team site (no Microsoft 365 group),25600,0.004,Existing external users,,Indexed,,,Claimed,2026-08-10 16:28:05,,2026-08-11 01:01:57,2027-02-11 01:01:57,2026-08-11 01:06:30,In compliance,,,ADB - SharePoint Site Renewal,ADB - Do not allow External Sharing (SharePoint Site),,,,,,,,,,No,,,,,,,,,,,,,ADBI;BOD,,,,CGAdoption,EDRMS Project Site,,,,,,,,,,,,,,,,,,,,,,,,teamsites-0809096,
Site,Team Sites-0809092,,Active,Active,,https://7rkd12.sharepoint.com/teams/prj_teamsites-0809092,20777b4b-da73-4815-80fd-eef999c7d7c6,,,,Bonnie Test,BonnieTest@7rkd12.onmicrosoft.com,Mihal,Mihal@7rkd12.onmicrosoft.com,Bonnie Test,BonnieTest@7rkd12.onmicrosoft.com,,,,Asia-Pacific,Team site (no Microsoft 365 group),25600,0.004,Existing external users,,Indexed,,,Claimed,2026-08-10 16:27:53,,2026-08-11 01:53:55,2027-02-11 01:53:55,2026-08-11 01:57:20,In compliance,,,ADB - SharePoint Site Renewal,ADB - Do not allow External Sharing (SharePoint Site),,,,,,,,,,No,,,,,,,,,,,,,ADBI;BOD,,,,CGAdoption,EDRMS Project Site,,,,,,,,,,,,,,,,,,,,,,,,teamsites-0809092,
Site,Team Sites-0809094,,Active,Active,,https://7rkd12.sharepoint.com/teams/prj_teamsites-0809094,cef7e8dd-dc09-4b77-a06b-ab4394bf31e0,,,,Bonnie Test,BonnieTest@7rkd12.onmicrosoft.com,Mihal,Mihal@7rkd12.onmicrosoft.com,Bonnie Test,BonnieTest@7rkd12.onmicrosoft.com,,,,Asia-Pacific,Team site (no Microsoft 365 group),25600,0.004,Existing external users,,Indexed,,,Claimed,2026-08-10 16:27:53,,2026-08-11 01:44:12,2027-02-11 01:44:12,2026-08-11 01:47:46,In compliance,,,ADB - SharePoint Site Renewal,ADB - Do not allow External Sharing (SharePoint Site),,,,,,,,,,No,,,,,,,,,,,,,ADBI;BOD,,,,CGAdoption,EDRMS Project Site,,,,,,,,,,,,,,,,,,,,,,,,teamsites-0809094,
Site,Team Sites-0809093,,Active,Active,,https://7rkd12.sharepoint.com/teams/prj_teamsites-0809093,65101994-e565-4aa8-94bb-2570540676b7,,,,Bonnie Test,BonnieTest@7rkd12.onmicrosoft.com,Mihal,Mihal@7rkd12.onmicrosoft.com,Bonnie Test,BonnieTest@7rkd12.onmicrosoft.com,,,,Asia-Pacific,Team site (no Microsoft 365 group),25600,0.004,Existing external users,,Indexed,,,Claimed,2026-08-10 16:27:53,,2026-08-11 01:57:36,2027-02-11 01:57:36,2026-08-11 01:59:50,In compliance,,,ADB - SharePoint Site Renewal,ADB - Do not allow External Sharing (SharePoint Site),,,,,,,,,,No,,,,,,,,,,,,,ADBI;BOD,,,,CGAdoption,EDRMS Project Site,,,,,,,,,,,,,,,,,,,,,,,,teamsites-0809093,
Site,Team Sites-0809091,,Active,Active,,https://7rkd12.sharepoint.com/teams/prj_teamsites-0809091,b64e9a80-df1f-4ceb-bd49-451bbd68ec30,,,,Bonnie Test,BonnieTest@7rkd12.onmicrosoft.com,Mihal,Mihal@7rkd12.onmicrosoft.com,Bonnie Test,BonnieTest@7rkd12.onmicrosoft.com,,,,Asia-Pacific,Team site (no Microsoft 365 group),25600,0.004,Existing external users,,Indexed,,,Claimed,2026-08-10 16:27:43,,2026-08-11 09:53:21,2027-02-11 09:53:21,2026-08-11 09:58:01,In compliance,,,ADB - SharePoint Site Renewal,ADB - Do not allow External Sharing (SharePoint Site),,,,,,,,,,No,,,,,,,,,,,,,ADBI;BOD,,,,CGAdoption,EDRMS Project Site,,,,,,,,,,,,,,,,,,,,,,,,teamsites-0809091,
Site,Team Sites-0809088,,Active,Active,,https://7rkd12.sharepoint.com/teams/prj_teamsites-0809088,64b9a12b-8cc5-4e22-91d7-fbecfed4fb6d,,,,Bonnie Test,BonnieTest@7rkd12.onmicrosoft.com,Mihal,Mihal@7rkd12.onmicrosoft.com,Bonnie Test,BonnieTest@7rkd12.onmicrosoft.com,,,,Asia-Pacific,Team site (no Microsoft 365 group),25600,0.004,Existing external users,,Indexed,,,Claimed,2026-08-10 16:27:34,,2026-08-11 16:27:05,2027-02-11 16:27:05,2026-08-11 16:28:24,In compliance,,,ADB - SharePoint Site Renewal,ADB - Do not allow External Sharing (SharePoint Site),,,,,,,,,,No,,,,,,,,,,,,,ADBI;BOD,,,,CGAdoption,EDRMS Project Site,,,,,,,,,,,,,,,,,,,,,,,,teamsites-0809088,
Site,Team Sites-0809087,,Active,Active,,https://7rkd12.sharepoint.com/teams/prj_teamsites-0809087,c077c332-3494-4d9b-9ad8-a5432903a2f3,,,,Bonnie Test,BonnieTest@7rkd12.onmicrosoft.com,Mihal,Mihal@7rkd12.onmicrosoft.com,Bonnie Test,BonnieTest@7rkd12.onmicrosoft.com,,,,Asia-Pacific,Team site (no Microsoft 365 group),25600,0.005,Existing external users,,Indexed,,,Claimed,2026-08-10 16:27:33,,2026-08-12 03:31:48,2027-02-12 03:31:48,2026-08-12 03:33:12,In compliance,,,ADB - SharePoint Site Renewal,ADB - Do not allow External Sharing (SharePoint Site),,,,,,,,,,No,,,,,,,,,,,,,ADBI;BOD,,,,CGAdoption,EDRMS Project Site,,,,,,,,,,,,,,,,,,,,,,,,teamsites-0809087,
Site,Team Sites-0809086,,Active,Active,,https://7rkd12.sharepoint.com/teams/prj_teamsites-0809086,f40dd199-a769-4b80-88ff-d1feea3156a1,,,,Bonnie Test,BonnieTest@7rkd12.onmicrosoft.com,Mihal,Mihal@7rkd12.onmicrosoft.com,Bonnie Test,BonnieTest@7rkd12.onmicrosoft.com,,,,Asia-Pacific,Team site (no Microsoft 365 group),25600,0.004,Existing external users,,Indexed,,,Claimed,2026-08-10 16:27:28,,2026-08-11 03:44:14,2027-02-11 03:44:14,2026-08-11 03:50:17,In compliance,,,ADB - SharePoint Site Renewal,ADB - Do not allow External Sharing (SharePoint Site),,,,,,,,,,No,,,,,,,,,,,,,ADBI;BOD,,,,CGAdoption,EDRMS Project Site,,,,,,,,,,,,,,,,,,,,,,,,teamsites-0809086,
Site,Team Sites-0809083,,Active,Active,,https://7rkd12.sharepoint.com/teams/prj_teamsites-0809083,8f887b65-72f4-4bc6-bf6e-99c1f862ba5d,,,,Bonnie Test,BonnieTest@7rkd12.onmicrosoft.com,Mihal,Mihal@7rkd12.onmicrosoft.com,Bonnie Test,BonnieTest@7rkd12.onmicrosoft.com,,,,Asia-Pacific,Team site (no Microsoft 365 group),25600,0.004,Existing external users,,Indexed,,,Claimed,2026-08-10 16:27:19,,2026-08-11 14:23:00,2027-02-11 14:23:00,2026-08-11 14:27:25,In compliance,,,ADB - SharePoint Site Renewal,ADB - Do not allow External Sharing (SharePoint Site),,,,,,,,,,No,,,,,,,,,,,,,ADBI;BOD,,,,CGAdoption,EDRMS Project Site,,,,,,,,,,,,,,,,,,,,,,,,teamsites-0809083,
Site,Team Sites-0809085,,Active,Active,,https://7rkd12.sharepoint.com/teams/prj_teamsites-0809085,543c4f7c-b107-4bc3-88b4-e12ce9097756,,,,Bonnie Test,BonnieTest@7rkd12.onmicrosoft.com,Mihal,Mihal@7rkd12.onmicrosoft.com,Bonnie Test,BonnieTest@7rkd12.onmicrosoft.com,,,,Asia-Pacific,Team site (no Microsoft 365 group),25600,0.005,Existing external users,,Indexed,,,Claimed,2026-08-10 16:27:16,,2026-08-11 22:34:38,2027-02-11 22:34:38,2026-08-11 22:38:22,In compliance,,,ADB - SharePoint Site Renewal,ADB - Do not allow External Sharing (SharePoint Site),,,,,,,,,,No,,,,,,,,,,,,,ADBI;BOD,,,,CGAdoption,EDRMS Project Site,,,,,,,,,,,,,,,,,,,,,,,,teamsites-0809085,
Site,Team Sites-0809084,,Active,Active,,https://7rkd12.sharepoint.com/teams/prj_teamsites-0809084,1636e6b5-3e71-456f-9bf4-cdb482bd8912,,,,Bonnie Test,BonnieTest@7rkd12.onmicrosoft.com,Mihal,Mihal@7rkd12.onmicrosoft.com,Bonnie Test,BonnieTest@7rkd12.onmicrosoft.com,,,,Asia-Pacific,Team site (no Microsoft 365 group),25600,0.005,Existing external users,,Indexed,,,Claimed,2026-08-10 16:27:12,,2026-08-13 15:24:28,2027-02-13 15:24:28,2026-08-13 15:26:49,In compliance,,,ADB - SharePoint Site Renewal,ADB - Do not allow External Sharing (SharePoint Site),,,,,,,,,,No,,,,,,,,,,,,,ADBI;BOD,,,,CGAdoption,EDRMS Project Site,,,,,,,,,,,,,,,,,,,,,,,,teamsites-0809084,
Site,Team Sites-0809081,,Active,Active,,https://7rkd12.sharepoint.com/teams/prj_teamsites-0809081,fc2a98fd-1eaf-41f4-b38a-6b38ad1bf50f,,,,Bonnie Test,BonnieTest@7rkd12.onmicrosoft.com,Mihal,Mihal@7rkd12.onmicrosoft.com,Bonnie Test,BonnieTest@7rkd12.onmicrosoft.com,,,,Asia-Pacific,Team site (no Microsoft 365 group),25600,0.005,Existing external users,,Indexed,,,Claimed,2026-08-10 16:26:31,,2026-08-13 15:50:05,2027-02-13 15:50:05,2026-08-13 15:57:58,In compliance,,,ADB - SharePoint Site Renewal,ADB - Do not allow External Sharing (SharePoint Site),,,,,,,,,,No,,,,,,,,,,,,,ADBI;BOD,,,,CGAdoption,EDRMS Project Site,,,,,,,,,,,,,,,,,,,,,,,,teamsites-0809081,
Site,Team Sites-0809080,,Active,Active,,https://7rkd12.sharepoint.com/teams/prj_teamsites-0809080,ab279109-032d-46ba-966a-fe5abd33f76c,,,,Bonnie Test,BonnieTest@7rkd12.onmicrosoft.com,Mihal,Mihal@7rkd12.onmicrosoft.com,Bonnie Test,BonnieTest@7rkd12.onmicrosoft.com,,,,Asia-Pacific,Team site (no Microsoft 365 group),25600,0.004,Existing external users,,Indexed,,,Claimed,2026-08-10 16:26:23,,2026-08-11 15:31:32,2027-02-11 15:31:32,2026-08-11 15:36:44,In compliance,,,ADB - SharePoint Site Renewal,ADB - Do not allow External Sharing (SharePoint Site),,,,,,,,,,No,,,,,,,,,,,,,ADBI;BOD,,,,CGAdoption,EDRMS Project Site,,,,,,,,,,,,,,,,,,,,,,,,teamsites-0809080,
Site,Team Sites-0809079,,Active,Active,,https://7rkd12.sharepoint.com/teams/prj_teamsites-0809079,6eef6a7e-54ac-4e9e-bed3-af1eb2c60bc5,,,,Bonnie Test,BonnieTest@7rkd12.onmicrosoft.com,Mihal,Mihal@7rkd12.onmicrosoft.com,Bonnie Test,BonnieTest@7rkd12.onmicrosoft.com,,,,Asia-Pacific,Team site (no Microsoft 365 group),25600,0.004,Existing external users,,Indexed,,,Claimed,2026-08-10 16:26:23,,2026-08-11 16:36:39,2027-02-11 16:36:39,2026-08-11 16:40:39,In compliance,,,ADB - SharePoint Site Renewal,ADB - Do not allow External Sharing (SharePoint Site),,,,,,,,,,No,,,,,,,,,,,,,ADBI;BOD,,,,CGAdoption,EDRMS Project Site,,,,,,,,,,,,,,,,,,,,,,,,teamsites-0809079,
Site,Team Sites-0809076,,Active,Active,,https://7rkd12.sharepoint.com/teams/prj_teamsites-0809076,8e3c4a51-01c2-4b76-b1ee-156be308f4f3,,,,Bonnie Test,BonnieTest@7rkd12.onmicrosoft.com,Mihal,Mihal@7rkd12.onmicrosoft.com,Bonnie Test,BonnieTest@7rkd12.onmicrosoft.com,,,,Asia-Pacific,Team site (no Microsoft 365 group),25600,0.005,Existing external users,,Indexed,,,Claimed,2026-08-10 16:26:12,,2026-08-12 01:11:21,2027-02-12 01:11:21,2026-08-12 01:14:02,In compliance,,,ADB - SharePoint Site Renewal,ADB - Do not allow External Sharing (SharePoint Site),,,,,,,,,,No,,,,,,,,,,,,,ADBI;BOD,,,,CGAdoption,EDRMS Project Site,,,,,,,,,,,,,,,,,,,,,,,,teamsites-0809076,
Site,Team Sites-0809077,,Active,Active,,https://7rkd12.sharepoint.com/teams/prj_teamsites-0809077,f1e379a9-f35b-4443-9098-a708037a9321,,,,Bonnie Test,BonnieTest@7rkd12.onmicrosoft.com,Mihal,Mihal@7rkd12.onmicrosoft.com,Bonnie Test,BonnieTest@7rkd12.onmicrosoft.com,,,,Asia-Pacific,Team site (no Microsoft 365 group),25600,0.005,Existing external users,,Indexed,,,Claimed,2026-08-10 16:26:12,,2026-08-12 01:05:06,2027-02-12 01:05:06,2026-08-12 01:11:23,In compliance,,,ADB - SharePoint Site Renewal,ADB - Do not allow External Sharing (SharePoint Site),,,,,,,,,,No,,,,,,,,,,,,,ADBI;BOD,,,,CGAdoption,EDRMS Project Site,,,,,,,,,,,,,,,,,,,,,,,,teamsites-0809077,
Site,Team Sites-0809074,,Active,Active,,https://7rkd12.sharepoint.com/teams/prj_teamsites-0809074,0de4b5cb-bd83-4fb2-a62e-cc0eaa3577ba,,,,Bonnie Test,BonnieTest@7rkd12.onmicrosoft.com,Mihal,Mihal@7rkd12.onmicrosoft.com,Bonnie Test,BonnieTest@7rkd12.onmicrosoft.com,,,,Asia-Pacific,Team site (no Microsoft 365 group),25600,0.005,Existing external users,,Indexed,,,Claimed,2026-08-10 16:26:06,,2026-08-12 01:20:54,2027-02-12 01:20:54,2026-08-12 01:24:05,In compliance,,,ADB - SharePoint Site Renewal,ADB - Do not allow External Sharing (SharePoint Site),,,,,,,,,,No,,,,,,,,,,,,,ADBI;BOD,,,,CGAdoption,EDRMS Project Site,,,,,,,,,,,,,,,,,,,,,,,,teamsites-0809074,
Site,Team Sites-0809075,,Active,Active,,https://7rkd12.sharepoint.com/teams/prj_teamsites-0809075,c1b6245c-7e0d-48bf-9a82-d95c4c323cff,,,,Bonnie Test,BonnieTest@7rkd12.onmicrosoft.com,Mihal,Mihal@7rkd12.onmicrosoft.com,Bonnie Test,BonnieTest@7rkd12.onmicrosoft.com,,,,Asia-Pacific,Team site (no Microsoft 365 group),25600,0.005,Existing external users,,Indexed,,,Claimed,2026-08-10 16:26:06,,2026-08-13 16:33:13,2027-02-13 16:33:13,2026-08-13 16:36:18,In compliance,,,ADB - SharePoint Site Renewal,ADB - Do not allow External Sharing (SharePoint Site),,,,,,,,,,No,,,,,,,,,,,,,ADBI;BOD,,,,CGAdoption,EDRMS Project Site,,,,,,,,,,,,,,,,,,,,,,,,teamsites-0809075,
Site,Team Sites-0809073,,Active,Active,,https://7rkd12.sharepoint.com/teams/prj_teamsites-0809073,455d8d18-4dd4-4d0f-8c4b-ceab15eb5294,,,,Bonnie Test,BonnieTest@7rkd12.onmicrosoft.com,Mihal,Mihal@7rkd12.onmicrosoft.com,Bonnie Test,BonnieTest@7rkd12.onmicrosoft.com,,,,Asia-Pacific,Team site (no Microsoft 365 group),25600,0.004,Existing external users,,Indexed,,,Claimed,2026-08-10 16:25:50,,2026-08-11 04:31:46,2027-02-11 04:31:46,2026-08-11 04:37:22,In compliance,,,ADB - SharePoint Site Renewal,ADB - Do not allow External Sharing (SharePoint Site),,,,,,,,,,No,,,,,,,,,,,,,ADBI;BOD,,,,CGAdoption,EDRMS Project Site,,,,,,,,,,,,,,,,,,,,,,,,teamsites-0809073,
Site,Team Sites-0809070,,Active,Active,,https://7rkd12.sharepoint.com/teams/prj_teamsites-0809070,e91e2098-06b0-4bf3-90f7-043d8c082f93,,,,Bonnie Test,BonnieTest@7rkd12.onmicrosoft.com,Mihal,Mihal@7rkd12.onmicrosoft.com,Bonnie Test,BonnieTest@7rkd12.onmicrosoft.com,,,,Asia-Pacific,Team site (no Microsoft 365 group),25600,0.004,Existing external users,,Indexed,,,Claimed,2026-08-10 16:25:11,,2026-08-11 23:42:30,2027-02-11 23:42:30,2026-08-11 23:45:15,In compliance,,,ADB - SharePoint Site Renewal,ADB - Do not allow External Sharing (SharePoint Site),,,,,,,,,,No,,,,,,,,,,,,,ADBI;BOD,,,,CGAdoption,EDRMS Project Site,,,,,,,,,,,,,,,,,,,,,,,,teamsites-0809070,
Site,Team Sites-0809069,,Active,Active,,https://7rkd12.sharepoint.com/teams/prj_teamsites-0809069,fb594bcf-c8d0-49c6-8767-e901232e54a0,,,,Bonnie Test,BonnieTest@7rkd12.onmicrosoft.com,Mihal,Mihal@7rkd12.onmicrosoft.com,Bonnie Test,BonnieTest@7rkd12.onmicrosoft.com,,,,Asia-Pacific,Team site (no Microsoft 365 group),25600,0.004,Existing external users,,Indexed,,,Claimed,2026-08-10 16:25:00,,2026-08-11 08:15:19,2027-02-11 08:15:19,2026-08-11 08:19:28,In compliance,,,ADB - SharePoint Site Renewal,ADB - Do not allow External Sharing (SharePoint Site),,,,,,,,,,No,,,,,,,,,,,,,ADBI;BOD,,,,CGAdoption,EDRMS Project Site,,,,,,,,,,,,,,,,,,,,,,,,teamsites-0809069,
Site,Team Sites-0809066,,Active,Active,,https://7rkd12.sharepoint.com/teams/prj_teamsites-0809066,b991558f-51f5-4a11-9e0c-0d88d8ecf4cf,,,,Bonnie Test,BonnieTest@7rkd12.onmicrosoft.com,Mihal,Mihal@7rkd12.onmicrosoft.com,Bonnie Test,BonnieTest@7rkd12.onmicrosoft.com,,,,Asia-Pacific,Team site (no Microsoft 365 group),25600,0.005,Existing external users,,Indexed,,,Claimed,2026-08-10 16:24:48,,2026-08-11 23:52:01,2027-02-11 23:52:01,2026-08-11 23:54:22,In compliance,,,ADB - SharePoint Site Renewal,ADB - Do not allow External Sharing (SharePoint Site),,,,,,,,,,No,,,,,,,,,,,,,ADBI;BOD,,,,CGAdoption,EDRMS Project Site,,,,,,,,,,,,,,,,,,,,,,,,teamsites-0809066,
Site,Team Sites-0809065,,Active,Active,,https://7rkd12.sharepoint.com/teams/prj_teamsites-0809065,9b1fdd1c-2666-4368-8b88-01c43a04f2ce,,,,Bonnie Test,BonnieTest@7rkd12.onmicrosoft.com,Mihal,Mihal@7rkd12.onmicrosoft.com,Bonnie Test,BonnieTest@7rkd12.onmicrosoft.com,,,,Asia-Pacific,Team site (no Microsoft 365 group),25600,0.004,Existing external users,,Indexed,,,Claimed,2026-08-10 16:24:43,,2026-08-11 15:30:23,2027-02-11 15:30:23,2026-08-11 15:33:39,In compliance,,,ADB - SharePoint Site Renewal,ADB - Do not allow External Sharing (SharePoint Site),,,,,,,,,,No,,,,,,,,,,,,,ADBI;BOD,,,,CGAdoption,EDRMS Project Site,,,,,,,,,,,,,,,,,,,,,,,,teamsites-0809065,
Site,Team Sites-0809064,,Active,Active,,https://7rkd12.sharepoint.com/teams/prj_teamsites-0809064,cd1be29b-b3ae-43a2-b15b-9b9f797fb454,,,,Bonnie Test,BonnieTest@7rkd12.onmicrosoft.com,Mihal,Mihal@7rkd12.onmicrosoft.com,Bonnie Test,BonnieTest@7rkd12.onmicrosoft.com,,,,Asia-Pacific,Team site (no Microsoft 365 group),25600,0.004,Existing external users,,Indexed,,,Claimed,2026-08-10 16:24:38,,2026-08-11 14:30:26,2027-02-11 14:30:26,2026-08-11 14:32:57,In compliance,,,ADB - SharePoint Site Renewal,ADB - Do not allow External Sharing (SharePoint Site),,,,,,,,,,No,,,,,,,,,,,,,ADBI;BOD,,,,CGAdoption,EDRMS Project Site,,,,,,,,,,,,,,,,,,,,,,,,teamsites-0809064,
Site,Team Sites-0809062,,Active,Active,,https://7rkd12.sharepoint.com/teams/prj_teamsites-0809062,99df37e7-d063-4744-b586-7554b39db0fa,,,,Bonnie Test,BonnieTest@7rkd12.onmicrosoft.com,Mihal,Mihal@7rkd12.onmicrosoft.com,Bonnie Test,BonnieTest@7rkd12.onmicrosoft.com,,,,Asia-Pacific,Team site (no Microsoft 365 group),25600,0.005,Existing external users,,Indexed,,,Claimed,2026-08-10 16:24:33,,2026-08-11 20:15:44,2027-02-11 20:15:44,2026-08-11 20:21:57,In compliance,,,ADB - SharePoint Site Renewal,ADB - Do not allow External Sharing (SharePoint Site),,,,,,,,,,No,,,,,,,,,,,,,ADBI;BOD,,,,CGAdoption,EDRMS Project Site,,,,,,,,,,,,,,,,,,,,,,,,teamsites-0809062,
Site,Team Sites-0809061,,Active,Active,,https://7rkd12.sharepoint.com/teams/prj_teamsites-0809061,0501b30e-03bf-4cf8-80b9-f89932039e78,,,,Bonnie Test,BonnieTest@7rkd12.onmicrosoft.com,Mihal,Mihal@7rkd12.onmicrosoft.com,Bonnie Test,BonnieTest@7rkd12.onmicrosoft.com,,,,Asia-Pacific,Team site (no Microsoft 365 group),25600,0.004,Existing external users,,Indexed,,,Claimed,2026-08-10 16:24:28,,2026-08-11 17:59:00,2027-02-11 17:59:00,2026-08-11 18:01:14,In compliance,,,ADB - SharePoint Site Renewal,ADB - Do not allow External Sharing (SharePoint Site),,,,,,,,,,No,,,,,,,,,,,,,ADBI;BOD,,,,CGAdoption,EDRMS Project Site,,,,,,,,,,,,,,,,,,,,,,,,teamsites-0809061,
Site,Team Sites-0809060,,Active,Active,,https://7rkd12.sharepoint.com/teams/prj_teamsites-0809060,c4eaad0e-d17d-43fe-8c7c-ecd7daf8472b,,,,Bonnie Test,BonnieTest@7rkd12.onmicrosoft.com,Mihal,Mihal@7rkd12.onmicrosoft.com,Bonnie Test,BonnieTest@7rkd12.onmicrosoft.com,,,,Asia-Pacific,Team site (no Microsoft 365 group),25600,0.005,Existing external users,,Indexed,,,Claimed,2026-08-10 16:24:24,,2026-08-11 21:30:56,2027-02-11 21:30:56,2026-08-11 21:33:02,In compliance,,,ADB - SharePoint Site Renewal,ADB - Do not allow External Sharing (SharePoint Site),,,,,,,,,,No,,,,,,,,,,,,,ADBI;BOD,,,,CGAdoption,EDRMS Project Site,,,,,,,,,,,,,,,,,,,,,,,,teamsites-0809060,
Site,Team Sites-0809059,,Active,Active,,https://7rkd12.sharepoint.com/teams/prj_teamsites-0809059,021421e4-850b-4666-bb0b-d6dba759f906,,,,Bonnie Test,BonnieTest@7rkd12.onmicrosoft.com,Mihal,Mihal@7rkd12.onmicrosoft.com,Bonnie Test,BonnieTest@7rkd12.onmicrosoft.com,,,,Asia-Pacific,Team site (no Microsoft 365 group),25600,0.004,Existing external users,,Indexed,,,Claimed,2026-08-10 16:24:15,,2026-08-11 10:41:57,2027-02-11 10:41:57,2026-08-11 10:45:54,In compliance,,,ADB - SharePoint Site Renewal,ADB - Do not allow External Sharing (SharePoint Site),,,,,,,,,,No,,,,,,,,,,,,,ADBI;BOD,,,,CGAdoption,EDRMS Project Site,,,,,,,,,,,,,,,,,,,,,,,,teamsites-0809059,
Site,Team Sites-0809058,,Active,Active,,https://7rkd12.sharepoint.com/teams/prj_teamsites-0809058,fdb4349e-8422-43a9-a14c-01a3026cc876,,,,Bonnie Test,BonnieTest@7rkd12.onmicrosoft.com,Mihal,Mihal@7rkd12.onmicrosoft.com,Bonnie Test,BonnieTest@7rkd12.onmicrosoft.com,,,,Asia-Pacific,Team site (no Microsoft 365 group),25600,0.005,Existing external users,,Indexed,,,Claimed,2026-08-10 16:23:53,,2026-08-12 03:57:48,2027-02-12 03:57:48,2026-08-12 04:01:00,In compliance,,,ADB - SharePoint Site Renewal,ADB - Do not allow External Sharing (SharePoint Site),,,,,,,,,,No,,,,,,,,,,,,,ADBI;BOD,,,,CGAdoption,EDRMS Project Site,,,,,,,,,,,,,,,,,,,,,,,,teamsites-0809058,
Site,Team Sites-0809057,,Active,Active,,https://7rkd12.sharepoint.com/teams/prj_teamsites-0809057,1eccb7e8-79c0-4557-b46f-f4a2bcd075bd,,,,Bonnie Test,BonnieTest@7rkd12.onmicrosoft.com,Mihal,Mihal@7rkd12.onmicrosoft.com,Bonnie Test,BonnieTest@7rkd12.onmicrosoft.com,,,,Asia-Pacific,Team site (no Microsoft 365 group),25600,0.005,Existing external users,,Indexed,,,Claimed,2026-08-10 16:23:48,,2026-08-12 04:24:27,2027-02-12 04:24:27,2026-08-12 04:27:46,In compliance,,,ADB - SharePoint Site Renewal,ADB - Do not allow External Sharing (SharePoint Site),,,,,,,,,,No,,,,,,,,,,,,,ADBI;BOD,,,,CGAdoption,EDRMS Project Site,,,,,,,,,,,,,,,,,,,,,,,,teamsites-0809057,
Site,Team Sites-0809056,,Active,Active,,https://7rkd12.sharepoint.com/teams/prj_teamsites-0809056,2176f0cb-8e40-443d-922d-49281b82b9f3,,,,Bonnie Test,BonnieTest@7rkd12.onmicrosoft.com,Mihal,Mihal@7rkd12.onmicrosoft.com,Bonnie Test,BonnieTest@7rkd12.onmicrosoft.com,,,,Asia-Pacific,Team site (no Microsoft 365 group),25600,0.005,Existing external users,,Indexed,,,Claimed,2026-08-10 16:23:45,,2026-08-12 04:58:18,2027-02-12 04:58:18,2026-08-12 05:00:51,In compliance,,,ADB - SharePoint Site Renewal,ADB - Do not allow External Sharing (SharePoint Site),,,,,,,,,,No,,,,,,,,,,,,,ADBI;BOD,,,,CGAdoption,EDRMS Project Site,,,,,,,,,,,,,,,,,,,,,,,,teamsites-0809056,
Site,Team Sites-0809055,,Active,Active,,https://7rkd12.sharepoint.com/teams/prj_teamsites-0809055,21b7c750-18f1-4cae-8218-87b2a128df04,,,,Bonnie Test,BonnieTest@7rkd12.onmicrosoft.com,Mihal,Mihal@7rkd12.onmicrosoft.com,Bonnie Test,BonnieTest@7rkd12.onmicrosoft.com,,,,Asia-Pacific,Team site (no Microsoft 365 group),25600,0.005,Existing external users,,Indexed,,,Claimed,2026-08-10 16:23:45,,2026-08-12 04:26:52,2027-02-12 04:26:52,2026-08-12 04:32:48,In compliance,,,ADB - SharePoint Site Renewal,ADB - Do not allow External Sharing (SharePoint Site),,,,,,,,,,No,,,,,,,,,,,,,ADBI;BOD,,,,CGAdoption,EDRMS Project Site,,,,,,,,,,,,,,,,,,,,,,,,teamsites-0809055,
Site,Team Sites-0809054,,Active,Active,,https://7rkd12.sharepoint.com/teams/prj_teamsites-0809054,72665826-08fa-4a35-9445-fe3a42b914e5,,,,Bonnie Test,BonnieTest@7rkd12.onmicrosoft.com,Mihal,Mihal@7rkd12.onmicrosoft.com,Bonnie Test,BonnieTest@7rkd12.onmicrosoft.com,,,,Asia-Pacific,Team site (no Microsoft 365 group),25600,0.004,Existing external users,,Indexed,,,Claimed,2026-08-10 16:23:33,,2026-08-11 16:39:41,2027-02-11 16:39:41,2026-08-11 16:43:24,In compliance,,,ADB - SharePoint Site Renewal,ADB - Do not allow External Sharing (SharePoint Site),,,,,,,,,,No,,,,,,,,,,,,,ADBI;BOD,,,,CGAdoption,EDRMS Project Site,,,,,,,,,,,,,,,,,,,,,,,,teamsites-0809054,
Site,Team Sites-0809053,,Active,Active,,https://7rkd12.sharepoint.com/teams/prj_teamsites-0809053,cdd496f2-f35f-4b66-936e-28381c66239a,,,,Bonnie Test,BonnieTest@7rkd12.onmicrosoft.com,Mihal,Mihal@7rkd12.onmicrosoft.com,Bonnie Test,BonnieTest@7rkd12.onmicrosoft.com,,,,Asia-Pacific,Team site (no Microsoft 365 group),25600,0.005,Existing external users,,Indexed,,,Claimed,2026-08-10 16:23:28,,2026-08-11 19:13:19,2027-02-11 19:13:19,2026-08-11 19:15:15,In compliance,,,ADB - SharePoint Site Renewal,ADB - Do not allow External Sharing (SharePoint Site),,,,,,,,,,No,,,,,,,,,,,,,ADBI;BOD,,,,CGAdoption,EDRMS Project Site,,,,,,,,,,,,,,,,,,,,,,,,teamsites-0809053,
Site,Team Sites-0809052,,Active,Active,,https://7rkd12.sharepoint.com/teams/prj_teamsites-0809052,3f758cd1-4fc1-4245-97c2-4da75c929db9,,,,Bonnie Test,BonnieTest@7rkd12.onmicrosoft.com,Mihal,Mihal@7rkd12.onmicrosoft.com,Bonnie Test,BonnieTest@7rkd12.onmicrosoft.com,,,,Asia-Pacific,Team site (no Microsoft 365 group),25600,0.005,Existing external users,,Indexed,,,Claimed,2026-08-10 16:23:24,,2026-08-11 19:06:24,2027-02-11 19:06:24,2026-08-11 19:06:53,In compliance,,,ADB - SharePoint Site Renewal,ADB - Do not allow External Sharing (SharePoint Site),,,,,,,,,,No,,,,,,,,,,,,,ADBI;BOD,,,,CGAdoption,EDRMS Project Site,,,,,,,,,,,,,,,,,,,,,,,,teamsites-0809052,
Site,Team Sites-0809051,,Active,Active,,https://7rkd12.sharepoint.com/teams/prj_teamsites-0809051,9d0a95c7-755a-40fa-85ac-8856a67edaf6,,,,Bonnie Test,BonnieTest@7rkd12.onmicrosoft.com,Mihal,Mihal@7rkd12.onmicrosoft.com,Bonnie Test,BonnieTest@7rkd12.onmicrosoft.com,,,,Asia-Pacific,Team site (no Microsoft 365 group),25600,0.004,Existing external users,,Indexed,,,Claimed,2026-08-10 16:23:22,,2026-08-11 17:55:50,2027-02-11 17:55:50,2026-08-11 17:57:08,In compliance,,,ADB - SharePoint Site Renewal,ADB - Do not allow External Sharing (SharePoint Site),,,,,,,,,,No,,,,,,,,,,,,,ADBI;BOD,,,,CGAdoption,EDRMS Project Site,,,,,,,,,,,,,,,,,,,,,,,,teamsites-0809051,
Site,Team Sites-0809050,,Active,Active,,https://7rkd12.sharepoint.com/teams/prj_teamsites-0809050,2932746d-4ffe-4d74-9d1f-6df963f2f6e1,,,,Bonnie Test,BonnieTest@7rkd12.onmicrosoft.com,Mihal,Mihal@7rkd12.onmicrosoft.com,Bonnie Test,BonnieTest@7rkd12.onmicrosoft.com,,,,Asia-Pacific,Team site (no Microsoft 365 group),25600,0.005,Existing external users,,Indexed,,,Claimed,2026-08-10 16:23:16,,2026-08-11 22:28:29,2027-02-11 22:28:29,2026-08-11 22:33:37,In compliance,,,ADB - SharePoint Site Renewal,ADB - Do not allow External Sharing (SharePoint Site),,,,,,,,,,No,,,,,,,,,,,,,ADBI;BOD,,,,CGAdoption,EDRMS Project Site,,,,,,,,,,,,,,,,,,,,,,,,teamsites-0809050,
Site,Team Sites-0809049,,Active,Active,,https://7rkd12.sharepoint.com/teams/prj_teamsites-0809049,4873f837-64de-405a-b5cd-802fd10057c6,,,,Bonnie Test,BonnieTest@7rkd12.onmicrosoft.com,Mihal,Mihal@7rkd12.onmicrosoft.com,Bonnie Test,BonnieTest@7rkd12.onmicrosoft.com,,,,Asia-Pacific,Team site (no Microsoft 365 group),25600,0.005,Existing external users,,Indexed,,,Claimed,2026-08-10 16:23:14,,2026-08-11 23:47:11,2027-02-11 23:47:11,2026-08-11 23:47:52,In compliance,,,ADB - SharePoint Site Renewal,ADB - Do not allow External Sharing (SharePoint Site),,,,,,,,,,No,,,,,,,,,,,,,ADBI;BOD,,,,CGAdoption,EDRMS Project Site,,,,,,,,,,,,,,,,,,,,,,,,teamsites-0809049,
Site,Team Sites-0809048,,Active,Active,,https://7rkd12.sharepoint.com/teams/prj_teamsites-0809048,043abf56-c1c7-4e08-87e3-386f89831fdd,,,,Bonnie Test,BonnieTest@7rkd12.onmicrosoft.com,Mihal,Mihal@7rkd12.onmicrosoft.com,Bonnie Test,BonnieTest@7rkd12.onmicrosoft.com,,,,Asia-Pacific,Team site (no Microsoft 365 group),25600,0.004,Existing external users,,Indexed,,,Claimed,2026-08-10 16:23:06,,2026-08-11 11:10:43,2027-02-11 11:10:43,2026-08-11 11:15:04,In compliance,,,ADB - SharePoint Site Renewal,ADB - Do not allow External Sharing (SharePoint Site),,,,,,,,,,No,,,,,,,,,,,,,ADBI;BOD,,,,CGAdoption,EDRMS Project Site,,,,,,,,,,,,,,,,,,,,,,,,teamsites-0809048,
Site,Team Sites-0809046,,Active,Active,,https://7rkd12.sharepoint.com/teams/prj_teamsites-0809046,e684b29c-1b6e-4e2d-b196-cecd2c67bcfa,,,,Bonnie Test,BonnieTest@7rkd12.onmicrosoft.com,Mihal,Mihal@7rkd12.onmicrosoft.com,Bonnie Test,BonnieTest@7rkd12.onmicrosoft.com,,,,Asia-Pacific,Team site (no Microsoft 365 group),25600,0.005,Existing external users,,Indexed,,,Claimed,2026-08-10 16:23:04,,2026-08-11 20:11:14,2027-02-11 20:11:14,2026-08-11 20:14:33,In compliance,,,ADB - SharePoint Site Renewal,ADB - Do not allow External Sharing (SharePoint Site),,,,,,,,,,No,,,,,,,,,,,,,ADBI;BOD,,,,CGAdoption,EDRMS Project Site,,,,,,,,,,,,,,,,,,,,,,,,teamsites-0809046,
Site,Team Sites-0809047,,Active,Active,,https://7rkd12.sharepoint.com/teams/prj_teamsites-0809047,0416d001-b3bd-4118-a98f-126a25005140,,,,Bonnie Test,BonnieTest@7rkd12.onmicrosoft.com,Mihal,Mihal@7rkd12.onmicrosoft.com,Bonnie Test,BonnieTest@7rkd12.onmicrosoft.com,,,,Asia-Pacific,Team site (no Microsoft 365 group),25600,0.005,Existing external users,,Indexed,,,Claimed,2026-08-10 16:23:03,,2026-08-11 19:24:13,2027-02-11 19:24:13,2026-08-11 19:26:47,In compliance,,,ADB - SharePoint Site Renewal,ADB - Do not allow External Sharing (SharePoint Site),,,,,,,,,,No,,,,,,,,,,,,,ADBI;BOD,,,,CGAdoption,EDRMS Project Site,,,,,,,,,,,,,,,,,,,,,,,,teamsites-0809047,
Site,Team Sites-0809045,,Active,Active,,https://7rkd12.sharepoint.com/teams/prj_teamsites-0809045,c694fdc3-9997-46e3-be5b-e474f9dfb4c8,,,,Bonnie Test,BonnieTest@7rkd12.onmicrosoft.com,Mihal,Mihal@7rkd12.onmicrosoft.com,Bonnie Test,BonnieTest@7rkd12.onmicrosoft.com,,,,Asia-Pacific,Team site (no Microsoft 365 group),25600,0.004,Existing external users,,Indexed,,,Claimed,2026-08-10 16:22:54,,2026-08-11 00:01:46,2027-02-11 00:01:46,2026-08-11 00:06:08,In compliance,,,ADB - SharePoint Site Renewal,ADB - Do not allow External Sharing (SharePoint Site),,,,,,,,,,No,,,,,,,,,,,,,ADBI;BOD,,,,CGAdoption,EDRMS Project Site,,,,,,,,,,,,,,,,,,,,,,,,teamsites-0809045,
Site,Team Sites-0809044,,Active,Active,,https://7rkd12.sharepoint.com/teams/prj_teamsites-0809044,fa886d43-4030-4256-a2c6-5ec826dd2105,,,,Bonnie Test,BonnieTest@7rkd12.onmicrosoft.com,Mihal,Mihal@7rkd12.onmicrosoft.com,Bonnie Test,BonnieTest@7rkd12.onmicrosoft.com,,,,Asia-Pacific,Team site (no Microsoft 365 group),25600,0.004,Existing external users,,Indexed,,,Claimed,2026-08-10 16:22:52,,2026-08-11 18:18:29,2027-02-11 18:18:29,2026-08-11 18:22:36,In compliance,,,ADB - SharePoint Site Renewal,ADB - Do not allow External Sharing (SharePoint Site),,,,,,,,,,No,,,,,,,,,,,,,ADBI;BOD,,,,CGAdoption,EDRMS Project Site,,,,,,,,,,,,,,,,,,,,,,,,teamsites-0809044,
Site,Team Sites-0809043,,Active,Active,,https://7rkd12.sharepoint.com/teams/prj_teamsites-0809043,1f715874-7dde-4000-803e-4c7f84b275fd,,,,Bonnie Test,BonnieTest@7rkd12.onmicrosoft.com,Mihal,Mihal@7rkd12.onmicrosoft.com,Bonnie Test,BonnieTest@7rkd12.onmicrosoft.com,,,,Asia-Pacific,Team site (no Microsoft 365 group),25600,0.004,Existing external users,,Indexed,,,Claimed,2026-08-10 16:22:51,,2026-08-11 15:51:26,2027-02-11 15:51:26,2026-08-11 15:54:53,In compliance,,,ADB - SharePoint Site Renewal,ADB - Do not allow External Sharing (SharePoint Site),,,,,,,,,,No,,,,,,,,,,,,,ADBI;BOD,,,,CGAdoption,EDRMS Project Site,,,,,,,,,,,,,,,,,,,,,,,,teamsites-0809043,
Site,Team Sites-0809042,,Active,Active,,https://7rkd12.sharepoint.com/teams/prj_teamsites-0809042,286f07dd-5ba4-4ddb-84bd-6585ee4891d6,,,,Bonnie Test,BonnieTest@7rkd12.onmicrosoft.com,Mihal,Mihal@7rkd12.onmicrosoft.com,Bonnie Test,BonnieTest@7rkd12.onmicrosoft.com,,,,Asia-Pacific,Team site (no Microsoft 365 group),25600,0.005,Existing external users,,Indexed,,,Claimed,2026-08-10 16:22:41,,2026-08-12 00:10:25,2027-02-12 00:10:25,2026-08-12 00:13:07,In compliance,,,ADB - SharePoint Site Renewal,ADB - Do not allow External Sharing (SharePoint Site),,,,,,,,,,No,,,,,,,,,,,,,ADBI;BOD,,,,CGAdoption,EDRMS Project Site,,,,,,,,,,,,,,,,,,,,,,,,teamsites-0809042,
Site,Team Sites-0809041,,Active,Active,,https://7rkd12.sharepoint.com/teams/prj_teamsites-0809041,951618a1-b3a2-40d0-af3c-44e2fb5c44c3,,,,Bonnie Test,BonnieTest@7rkd12.onmicrosoft.com,Mihal,Mihal@7rkd12.onmicrosoft.com,Bonnie Test,BonnieTest@7rkd12.onmicrosoft.com,,,,Asia-Pacific,Team site (no Microsoft 365 group),25600,0.005,Existing external users,,Indexed,,,Claimed,2026-08-10 16:22:23,,2026-08-11 20:12:13,2027-02-11 20:12:13,2026-08-11 20:17:18,In compliance,,,ADB - SharePoint Site Renewal,ADB - Do not allow External Sharing (SharePoint Site),,,,,,,,,,No,,,,,,,,,,,,,ADBI;BOD,,,,CGAdoption,EDRMS Project Site,,,,,,,,,,,,,,,,,,,,,,,,teamsites-0809041,
Site,Team Sites-0809040,,Active,Active,,https://7rkd12.sharepoint.com/teams/prj_teamsites-0809040,68f1ab34-23bf-48b7-861d-83f833e9c308,,,,Bonnie Test,BonnieTest@7rkd12.onmicrosoft.com,Mihal,Mihal@7rkd12.onmicrosoft.com,Bonnie Test,BonnieTest@7rkd12.onmicrosoft.com,,,,Asia-Pacific,Team site (no Microsoft 365 group),25600,0.004,Existing external users,,Indexed,,,Claimed,2026-08-10 16:22:19,,2026-08-11 05:02:01,2027-02-11 05:02:01,2026-08-11 05:08:52,In compliance,,,ADB - SharePoint Site Renewal,ADB - Do not allow External Sharing (SharePoint Site),,,,,,,,,,No,,,,,,,,,,,,,ADBI;BOD,,,,CGAdoption,EDRMS Project Site,,,,,,,,,,,,,,,,,,,,,,,,teamsites-0809040,
Site,Team Sites-0809039,,Active,Active,,https://7rkd12.sharepoint.com/teams/prj_teamsites-0809039,0ebe5782-6262-414d-a3d9-ea77f33db41e,,,,Bonnie Test,BonnieTest@7rkd12.onmicrosoft.com,Mihal,Mihal@7rkd12.onmicrosoft.com,Bonnie Test,BonnieTest@7rkd12.onmicrosoft.com,,,,Asia-Pacific,Team site (no Microsoft 365 group),25600,0.004,Existing external users,,Indexed,,,Claimed,2026-08-10 16:22:18,,2026-08-11 05:48:25,2027-02-11 05:48:25,2026-08-11 05:55:39,In compliance,,,ADB - SharePoint Site Renewal,ADB - Do not allow External Sharing (SharePoint Site),,,,,,,,,,No,,,,,,,,,,,,,ADBI;BOD,,,,CGAdoption,EDRMS Project Site,,,,,,,,,,,,,,,,,,,,,,,,teamsites-0809039,
Site,Team Sites-0809038,,Active,Active,,https://7rkd12.sharepoint.com/teams/prj_teamsites-0809038,f083137e-1d8f-4988-b6b7-c48bd5764600,,,,Bonnie Test,BonnieTest@7rkd12.onmicrosoft.com,Mihal,Mihal@7rkd12.onmicrosoft.com,Bonnie Test,BonnieTest@7rkd12.onmicrosoft.com,,,,Asia-Pacific,Team site (no Microsoft 365 group),25600,0.005,Existing external users,,Indexed,,,Claimed,2026-08-10 16:22:13,,2026-08-11 21:15:09,2027-02-11 21:15:09,2026-08-11 21:18:21,In compliance,,,ADB - SharePoint Site Renewal,ADB - Do not allow External Sharing (SharePoint Site),,,,,,,,,,No,,,,,,,,,,,,,ADBI;BOD,,,,CGAdoption,EDRMS Project Site,,,,,,,,,,,,,,,,,,,,,,,,teamsites-0809038,
Site,Team Sites-0809037,,Active,Active,,https://7rkd12.sharepoint.com/teams/prj_teamsites-0809037,e3581925-1cdc-4b82-80eb-413bd45bfa66,,,,Bonnie Test,BonnieTest@7rkd12.onmicrosoft.com,Mihal,Mihal@7rkd12.onmicrosoft.com,Bonnie Test,BonnieTest@7rkd12.onmicrosoft.com,,,,Asia-Pacific,Team site (no Microsoft 365 group),25600,0.005,Existing external users,,Indexed,,,Claimed,2026-08-10 16:22:05,,2026-08-12 01:07:37,2027-02-12 01:07:37,2026-08-12 01:09:46,In compliance,,,ADB - SharePoint Site Renewal,ADB - Do not allow External Sharing (SharePoint Site),,,,,,,,,,No,,,,,,,,,,,,,ADBI;BOD,,,,CGAdoption,EDRMS Project Site,,,,,,,,,,,,,,,,,,,,,,,,teamsites-0809037,
Site,Team Sites-0809035,,Active,Active,,https://7rkd12.sharepoint.com/teams/prj_teamsites-0809035,dbb5e99e-8537-4ad9-9213-9cf5a4df555a,,,,Bonnie Test,BonnieTest@7rkd12.onmicrosoft.com,Mihal,Mihal@7rkd12.onmicrosoft.com,Bonnie Test,BonnieTest@7rkd12.onmicrosoft.com,,,,Asia-Pacific,Team site (no Microsoft 365 group),25600,0.005,Existing external users,,Indexed,,,Claimed,2026-08-10 16:22:04,,2026-08-12 01:04:02,2027-02-12 01:04:02,2026-08-12 01:06:30,In compliance,,,ADB - SharePoint Site Renewal,ADB - Do not allow External Sharing (SharePoint Site),,,,,,,,,,No,,,,,,,,,,,,,ADBI;BOD,,,,CGAdoption,EDRMS Project Site,,,,,,,,,,,,,,,,,,,,,,,,teamsites-0809035,
Site,Team Sites-0809036,,Active,Active,,https://7rkd12.sharepoint.com/teams/prj_teamsites-0809036,0baabf0b-005c-4aed-bb76-dd58ac8be193,,,,Bonnie Test,BonnieTest@7rkd12.onmicrosoft.com,Mihal,Mihal@7rkd12.onmicrosoft.com,Bonnie Test,BonnieTest@7rkd12.onmicrosoft.com,,,,Asia-Pacific,Team site (no Microsoft 365 group),25600,0.005,Existing external users,,Indexed,,,Claimed,2026-08-10 16:22:02,,2026-08-12 01:18:30,2027-02-12 01:18:30,2026-08-12 01:23:18,In compliance,,,ADB - SharePoint Site Renewal,ADB - Do not allow External Sharing (SharePoint Site),,,,,,,,,,No,,,,,,,,,,,,,ADBI;BOD,,,,CGAdoption,EDRMS Project Site,,,,,,,,,,,,,,,,,,,,,,,,teamsites-0809036,
Site,Team Sites-0809034,,Active,Active,,https://7rkd12.sharepoint.com/teams/prj_teamsites-0809034,c24f029f-c0b4-43a3-b054-e82b01f57627,,,,Bonnie Test,BonnieTest@7rkd12.onmicrosoft.com,Mihal,Mihal@7rkd12.onmicrosoft.com,Bonnie Test,BonnieTest@7rkd12.onmicrosoft.com,,,,Asia-Pacific,Team site (no Microsoft 365 group),25600,0.005,Existing external users,,Indexed,,,Claimed,2026-08-10 16:21:53,,2026-08-12 02:38:12,2027-02-12 02:38:12,2026-08-12 02:41:57,In compliance,,,ADB - SharePoint Site Renewal,ADB - Do not allow External Sharing (SharePoint Site),,,,,,,,,,No,,,,,,,,,,,,,ADBI;BOD,,,,CGAdoption,EDRMS Project Site,,,,,,,,,,,,,,,,,,,,,,,,teamsites-0809034,
Site,Team Sites-0809033,,Active,Active,,https://7rkd12.sharepoint.com/teams/prj_teamsites-0809033,3a4039f7-4d64-4177-9e02-cfacc459cc92,,,,Bonnie Test,BonnieTest@7rkd12.onmicrosoft.com,Mihal,Mihal@7rkd12.onmicrosoft.com,Bonnie Test,BonnieTest@7rkd12.onmicrosoft.com,,,,Asia-Pacific,Team site (no Microsoft 365 group),25600,0.004,Existing external users,,Indexed,,,Claimed,2026-08-10 16:21:52,,2026-08-11 05:00:56,2027-02-11 05:00:56,2026-08-11 05:08:47,In compliance,,,ADB - SharePoint Site Renewal,ADB - Do not allow External Sharing (SharePoint Site),,,,,,,,,,No,,,,,,,,,,,,,ADBI;BOD,,,,CGAdoption,EDRMS Project Site,,,,,,,,,,,,,,,,,,,,,,,,teamsites-0809033,
Site,Team Sites-0809032,,Active,Active,,https://7rkd12.sharepoint.com/teams/prj_teamsites-0809032,d047c711-11f8-4cca-879b-df0626901e32,,,,Bonnie Test,BonnieTest@7rkd12.onmicrosoft.com,Mihal,Mihal@7rkd12.onmicrosoft.com,Bonnie Test,BonnieTest@7rkd12.onmicrosoft.com,,,,Asia-Pacific,Team site (no Microsoft 365 group),25600,0.005,Existing external users,,Indexed,,,Claimed,2026-08-10 16:21:49,,2026-08-12 04:48:34,2027-02-12 04:48:34,2026-08-12 04:55:57,In compliance,,,ADB - SharePoint Site Renewal,ADB - Do not allow External Sharing (SharePoint Site),,,,,,,,,,No,,,,,,,,,,,,,ADBI;BOD,,,,CGAdoption,EDRMS Project Site,,,,,,,,,,,,,,,,,,,,,,,,teamsites-0809032,
Site,Team Sites-0809031,,Active,Active,,https://7rkd12.sharepoint.com/teams/prj_teamsites-0809031,b3e42629-8d55-4915-a48f-fbafaa5f162e,,,,Bonnie Test,BonnieTest@7rkd12.onmicrosoft.com,Mihal,Mihal@7rkd12.onmicrosoft.com,Bonnie Test,BonnieTest@7rkd12.onmicrosoft.com,,,,Asia-Pacific,Team site (no Microsoft 365 group),25600,0.004,Existing external users,,Indexed,,,Claimed,2026-08-10 16:21:39,,2026-08-11 12:39:11,2027-02-11 12:39:11,2026-08-11 12:48:11,In compliance,,,ADB - SharePoint Site Renewal,ADB - Do not allow External Sharing (SharePoint Site),,,,,,,,,,No,,,,,,,,,,,,,ADBI;BOD,,,,CGAdoption,EDRMS Project Site,,,,,,,,,,,,,,,,,,,,,,,,teamsites-0809031,
Site,Team Sites-0809030,,Active,Active,,https://7rkd12.sharepoint.com/teams/prj_teamsites-0809030,28c8e690-3a0a-4ed0-bbce-e4f23d55ed2e,,,,Bonnie Test,BonnieTest@7rkd12.onmicrosoft.com,Mihal,Mihal@7rkd12.onmicrosoft.com,Bonnie Test,BonnieTest@7rkd12.onmicrosoft.com,,,,Asia-Pacific,Team site (no Microsoft 365 group),25600,0.004,Existing external users,,Indexed,,,Claimed,2026-08-10 16:21:35,,2026-08-11 09:48:35,2027-02-11 09:48:35,2026-08-11 09:54:46,In compliance,,,ADB - SharePoint Site Renewal,ADB - Do not allow External Sharing (SharePoint Site),,,,,,,,,,No,,,,,,,,,,,,,ADBI;BOD,,,,CGAdoption,EDRMS Project Site,,,,,,,,,,,,,,,,,,,,,,,,teamsites-0809030,
Site,Team Sites-0809029,,Active,Active,,https://7rkd12.sharepoint.com/teams/prj_teamsites-0809029,08b1f621-d675-4aea-bb73-958fa85cda14,,,,Bonnie Test,BonnieTest@7rkd12.onmicrosoft.com,Mihal,Mihal@7rkd12.onmicrosoft.com,Bonnie Test,BonnieTest@7rkd12.onmicrosoft.com,,,,Asia-Pacific,Team site (no Microsoft 365 group),25600,0.004,Existing external users,,Indexed,,,Claimed,2026-08-10 16:21:31,,2026-08-11 09:39:05,2027-02-11 09:39:05,2026-08-11 09:43:02,In compliance,,,ADB - SharePoint Site Renewal,ADB - Do not allow External Sharing (SharePoint Site),,,,,,,,,,No,,,,,,,,,,,,,ADBI;BOD,,,,CGAdoption,EDRMS Project Site,,,,,,,,,,,,,,,,,,,,,,,,teamsites-0809029,
Site,Team Sites-0809028,,Active,Active,,https://7rkd12.sharepoint.com/teams/prj_teamsites-0809028,2bb835b2-7764-431f-8dd2-fba05916f990,,,,Bonnie Test,BonnieTest@7rkd12.onmicrosoft.com,Mihal,Mihal@7rkd12.onmicrosoft.com,Bonnie Test,BonnieTest@7rkd12.onmicrosoft.com,,,,Asia-Pacific,Team site (no Microsoft 365 group),25600,0.005,Existing external users,,Indexed,,,Claimed,2026-08-10 16:21:20,,2026-08-12 06:50:57,2027-02-12 06:50:57,2026-08-12 06:55:54,In compliance,,,ADB - SharePoint Site Renewal,ADB - Do not allow External Sharing (SharePoint Site),,,,,,,,,,No,,,,,,,,,,,,,ADBI;BOD,,,,CGAdoption,EDRMS Project Site,,,,,,,,,,,,,,,,,,,,,,,,teamsites-0809028,
Site,Team Sites-0809027,,Active,Active,,https://7rkd12.sharepoint.com/teams/prj_teamsites-0809027,1c0c2ecb-400b-4263-b1c0-99d12abf9bdd,,,,Bonnie Test,BonnieTest@7rkd12.onmicrosoft.com,Mihal,Mihal@7rkd12.onmicrosoft.com,Bonnie Test,BonnieTest@7rkd12.onmicrosoft.com,,,,Asia-Pacific,Team site (no Microsoft 365 group),25600,0.005,Existing external users,,Indexed,,,Claimed,2026-08-10 16:20:58,,2026-08-12 06:57:12,2027-02-12 06:57:12,2026-08-12 07:01:47,In compliance,,,ADB - SharePoint Site Renewal,ADB - Do not allow External Sharing (SharePoint Site),,,,,,,,,,No,,,,,,,,,,,,,ADBI;BOD,,,,CGAdoption,EDRMS Project Site,,,,,,,,,,,,,,,,,,,,,,,,teamsites-0809027,
Site,Team Sites-0809026,,Active,Active,,https://7rkd12.sharepoint.com/teams/prj_teamsites-0809026,ffdd26bd-13a5-4bd0-8ea4-4411b691f579,,,,Bonnie Test,BonnieTest@7rkd12.onmicrosoft.com,Mihal,Mihal@7rkd12.onmicrosoft.com,Bonnie Test,BonnieTest@7rkd12.onmicrosoft.com,,,,Asia-Pacific,Team site (no Microsoft 365 group),25600,0.004,Existing external users,,Indexed,,,Claimed,2026-08-10 16:20:52,,2026-08-11 07:34:27,2027-02-11 07:34:27,2026-08-11 07:39:34,In compliance,,,ADB - SharePoint Site Renewal,ADB - Do not allow External Sharing (SharePoint Site),,,,,,,,,,No,,,,,,,,,,,,,ADBI;BOD,,,,CGAdoption,EDRMS Project Site,,,,,,,,,,,,,,,,,,,,,,,,teamsites-0809026,
Site,Team Sites-0809024,,Active,Active,,https://7rkd12.sharepoint.com/teams/prj_teamsites-0809024,11ede032-dc58-4c8d-8451-040d5c9079e0,,,,Bonnie Test,BonnieTest@7rkd12.onmicrosoft.com,Mihal,Mihal@7rkd12.onmicrosoft.com,Bonnie Test,BonnieTest@7rkd12.onmicrosoft.com,,,,Asia-Pacific,Team site (no Microsoft 365 group),25600,0.004,Existing external users,,Indexed,,,Claimed,2026-08-10 16:20:39,,2026-08-11 14:04:44,2027-02-11 14:04:44,2026-08-11 14:08:20,In compliance,,,ADB - SharePoint Site Renewal,ADB - Do not allow External Sharing (SharePoint Site),,,,,,,,,,No,,,,,,,,,,,,,ADBI;BOD,,,,CGAdoption,EDRMS Project Site,,,,,,,,,,,,,,,,,,,,,,,,teamsites-0809024,
Site,Team Sites-0809023,,Active,Active,,https://7rkd12.sharepoint.com/teams/prj_teamsites-0809023,11319fb5-9cf6-40ce-b848-1aa94790ee8e,,,,Bonnie Test,BonnieTest@7rkd12.onmicrosoft.com,Mihal,Mihal@7rkd12.onmicrosoft.com,Bonnie Test,BonnieTest@7rkd12.onmicrosoft.com,,,,Asia-Pacific,Team site (no Microsoft 365 group),25600,0.005,Existing external users,,Indexed,,,Claimed,2026-08-10 16:20:28,,2026-08-11 19:55:22,2027-02-11 19:55:22,2026-08-11 19:56:50,In compliance,,,ADB - SharePoint Site Renewal,ADB - Do not allow External Sharing (SharePoint Site),,,,,,,,,,No,,,,,,,,,,,,,ADBI;BOD,,,,CGAdoption,EDRMS Project Site,,,,,,,,,,,,,,,,,,,,,,,,teamsites-0809023,
Site,Team Sites-0809022,,Active,Active,,https://7rkd12.sharepoint.com/teams/prj_teamsites-0809022,14529b02-1bb4-48fa-badd-8af4b0a36852,,,,Bonnie Test,BonnieTest@7rkd12.onmicrosoft.com,Mihal,Mihal@7rkd12.onmicrosoft.com,Bonnie Test,BonnieTest@7rkd12.onmicrosoft.com,,,,Asia-Pacific,Team site (no Microsoft 365 group),25600,0.005,Existing external users,,Indexed,,,Claimed,2026-08-10 16:20:25,,2026-08-11 19:32:44,2027-02-11 19:32:44,2026-08-11 19:36:01,In compliance,,,ADB - SharePoint Site Renewal,ADB - Do not allow External Sharing (SharePoint Site),,,,,,,,,,No,,,,,,,,,,,,,ADBI;BOD,,,,CGAdoption,EDRMS Project Site,,,,,,,,,,,,,,,,,,,,,,,,teamsites-0809022,
Site,Team Sites-0809021,,Active,Active,,https://7rkd12.sharepoint.com/teams/prj_teamsites-0809021,264c62cc-5b5d-4ebd-9ca4-5eb0b062b6a6,,,,Bonnie Test,BonnieTest@7rkd12.onmicrosoft.com,Mihal,Mihal@7rkd12.onmicrosoft.com,Bonnie Test,BonnieTest@7rkd12.onmicrosoft.com,,,,Asia-Pacific,Team site (no Microsoft 365 group),25600,0.004,Existing external users,,Indexed,,,Claimed,2026-08-10 16:20:23,,2026-08-11 03:08:54,2027-02-11 03:08:54,2026-08-11 03:14:56,In compliance,,,ADB - SharePoint Site Renewal,ADB - Do not allow External Sharing (SharePoint Site),,,,,,,,,,No,,,,,,,,,,,,,ADBI;BOD,,,,CGAdoption,EDRMS Project Site,,,,,,,,,,,,,,,,,,,,,,,,teamsites-0809021,
Site,Team Sites-0809020,,Active,Active,,https://7rkd12.sharepoint.com/teams/prj_teamsites-0809020,62519bf7-d1d9-4b29-816a-c1db1057a5d9,,,,Bonnie Test,BonnieTest@7rkd12.onmicrosoft.com,Mihal,Mihal@7rkd12.onmicrosoft.com,Bonnie Test,BonnieTest@7rkd12.onmicrosoft.com,,,,Asia-Pacific,Team site (no Microsoft 365 group),25600,0.004,Existing external users,,Indexed,,,Claimed,2026-08-10 16:20:16,,2026-08-11 15:57:19,2027-02-11 15:57:19,2026-08-11 16:01:01,In compliance,,,ADB - SharePoint Site Renewal,ADB - Do not allow External Sharing (SharePoint Site),,,,,,,,,,No,,,,,,,,,,,,,ADBI;BOD,,,,CGAdoption,EDRMS Project Site,,,,,,,,,,,,,,,,,,,,,,,,teamsites-0809020,
Site,Team Sites-0809019,,Active,Active,,https://7rkd12.sharepoint.com/teams/prj_teamsites-0809019,eab54c9b-1de2-446d-a09d-75e4e479b891,,,,Bonnie Test,BonnieTest@7rkd12.onmicrosoft.com,Mihal,Mihal@7rkd12.onmicrosoft.com,Bonnie Test,BonnieTest@7rkd12.onmicrosoft.com,,,,Asia-Pacific,Team site (no Microsoft 365 group),25600,0.004,Existing external users,,Indexed,,,Claimed,2026-08-10 16:20:14,,2026-08-11 23:38:42,2027-02-11 23:38:42,2026-08-11 23:41:33,In compliance,,,ADB - SharePoint Site Renewal,ADB - Do not allow External Sharing (SharePoint Site),,,,,,,,,,No,,,,,,,,,,,,,ADBI;BOD,,,,CGAdoption,EDRMS Project Site,,,,,,,,,,,,,,,,,,,,,,,,teamsites-0809019,
Site,Team Sites-0809018,,Active,Active,,https://7rkd12.sharepoint.com/teams/prj_teamsites-0809018,7d5045b5-3b5d-4be3-88c4-206935dde8ec,,,,Bonnie Test,BonnieTest@7rkd12.onmicrosoft.com,Mihal,Mihal@7rkd12.onmicrosoft.com,Bonnie Test,BonnieTest@7rkd12.onmicrosoft.com,,,,Asia-Pacific,Team site (no Microsoft 365 group),25600,0.005,Existing external users,,Indexed,,,Claimed,2026-08-10 16:19:45,,2026-08-12 08:12:28,2027-02-12 08:12:28,2026-08-12 08:14:19,In compliance,,,ADB - SharePoint Site Renewal,ADB - Do not allow External Sharing (SharePoint Site),,,,,,,,,,No,,,,,,,,,,,,,ADBI;BOD,,,,CGAdoption,EDRMS Project Site,,,,,,,,,,,,,,,,,,,,,,,,teamsites-0809018,
Site,Team Sites-0809017,,Active,Active,,https://7rkd12.sharepoint.com/teams/prj_teamsites-0809017,90038bd8-fb94-42c5-821c-c0eb7ac4e936,,,,Bonnie Test,BonnieTest@7rkd12.onmicrosoft.com,Mihal,Mihal@7rkd12.onmicrosoft.com,Bonnie Test,BonnieTest@7rkd12.onmicrosoft.com,,,,Asia-Pacific,Team site (no Microsoft 365 group),25600,0.005,Existing external users,,Indexed,,,Claimed,2026-08-10 16:19:36,,2026-08-12 08:19:54,2027-02-12 08:19:54,2026-08-12 08:23:16,In compliance,,,ADB - SharePoint Site Renewal,ADB - Do not allow External Sharing (SharePoint Site),,,,,,,,,,No,,,,,,,,,,,,,ADBI;BOD,,,,CGAdoption,EDRMS Project Site,,,,,,,,,,,,,,,,,,,,,,,,teamsites-0809017,
Site,Team Sites-0809016,,Active,Active,,https://7rkd12.sharepoint.com/teams/prj_teamsites-0809016,2f6b5f4f-0add-4cb9-ae22-9fef6f136f63,,,,Bonnie Test,BonnieTest@7rkd12.onmicrosoft.com,Mihal,Mihal@7rkd12.onmicrosoft.com,Bonnie Test,BonnieTest@7rkd12.onmicrosoft.com,,,,Asia-Pacific,Team site (no Microsoft 365 group),25600,0.005,Existing external users,,Indexed,,,Claimed,2026-08-10 16:19:36,,2026-08-12 08:01:32,2027-02-12 08:01:32,2026-08-12 08:03:49,In compliance,,,ADB - SharePoint Site Renewal,ADB - Do not allow External Sharing (SharePoint Site),,,,,,,,,,No,,,,,,,,,,,,,ADBI;BOD,,,,CGAdoption,EDRMS Project Site,,,,,,,,,,,,,,,,,,,,,,,,teamsites-0809016,
Site,Team Sites-0809015,,Active,Active,,https://7rkd12.sharepoint.com/teams/prj_teamsites-0809015,41c75ad1-e0d7-4224-b038-f088a99dd3ff,,,,Bonnie Test,BonnieTest@7rkd12.onmicrosoft.com,Mihal,Mihal@7rkd12.onmicrosoft.com,Bonnie Test,BonnieTest@7rkd12.onmicrosoft.com,,,,Asia-Pacific,Team site (no Microsoft 365 group),25600,0.004,Existing external users,,Indexed,,,Claimed,2026-08-10 16:19:31,,2026-08-12 09:18:00,2027-02-12 09:18:00,2026-08-12 09:19:15,In compliance,,,ADB - SharePoint Site Renewal,ADB - Do not allow External Sharing (SharePoint Site),,,,,,,,,,No,,,,,,,,,,,,,ADBI;BOD,,,,CGAdoption,EDRMS Project Site,,,,,,,,,,,,,,,,,,,,,,,,teamsites-0809015,
Site,Team Sites-0809014,,Active,Active,,https://7rkd12.sharepoint.com/teams/prj_teamsites-0809014,0e2c9f2a-5d43-47b3-a461-9799b58a2549,,,,Bonnie Test,BonnieTest@7rkd12.onmicrosoft.com,Mihal,Mihal@7rkd12.onmicrosoft.com,Bonnie Test,BonnieTest@7rkd12.onmicrosoft.com,,,,Asia-Pacific,Team site (no Microsoft 365 group),25600,0.005,Existing external users,,Indexed,,,Claimed,2026-08-10 16:19:24,,2026-08-13 16:41:28,2027-02-13 16:41:28,2026-08-13 16:44:10,In compliance,,,ADB - SharePoint Site Renewal,ADB - Do not allow External Sharing (SharePoint Site),,,,,,,,,,No,,,,,,,,,,,,,ADBI;BOD,,,,CGAdoption,EDRMS Project Site,,,,,,,,,,,,,,,,,,,,,,,,teamsites-0809014,
Site,Team Sites-0809013,,Active,Active,,https://7rkd12.sharepoint.com/teams/prj_teamsites-0809013,cb3e82f0-9677-45ec-a40b-838b76f3007e,,,,Bonnie Test,BonnieTest@7rkd12.onmicrosoft.com,Mihal,Mihal@7rkd12.onmicrosoft.com,Bonnie Test,BonnieTest@7rkd12.onmicrosoft.com,,,,Asia-Pacific,Team site (no Microsoft 365 group),25600,0.004,Existing external users,,Indexed,,,Claimed,2026-08-10 16:19:20,,2026-08-12 10:04:20,2027-02-12 10:04:20,2026-08-12 10:07:46,In compliance,,,ADB - SharePoint Site Renewal,ADB - Do not allow External Sharing (SharePoint Site),,,,,,,,,,No,,,,,,,,,,,,,ADBI;BOD,,,,CGAdoption,EDRMS Project Site,,,,,,,,,,,,,,,,,,,,,,,,teamsites-0809013,
Site,Team Sites-0809012,,Active,Active,,https://7rkd12.sharepoint.com/teams/prj_teamsites-0809012,52a893df-b030-4c0a-840a-3aabaed2e451,,,,Bonnie Test,BonnieTest@7rkd12.onmicrosoft.com,Mihal,Mihal@7rkd12.onmicrosoft.com,Bonnie Test,BonnieTest@7rkd12.onmicrosoft.com,,,,Asia-Pacific,Team site (no Microsoft 365 group),25600,0.005,Existing external users,,Indexed,,,Claimed,2026-08-10 16:19:16,,2026-08-11 21:38:53,2027-02-11 21:38:53,2026-08-11 21:44:05,In compliance,,,ADB - SharePoint Site Renewal,ADB - Do not allow External Sharing (SharePoint Site),,,,,,,,,,No,,,,,,,,,,,,,ADBI;BOD,,,,CGAdoption,EDRMS Project Site,,,,,,,,,,,,,,,,,,,,,,,,teamsites-0809012,
Site,Team Sites-0809011,,Active,Active,,https://7rkd12.sharepoint.com/teams/prj_teamsites-0809011,fc5fadf1-2f94-456e-8940-1a8ba532d441,,,,Bonnie Test,BonnieTest@7rkd12.onmicrosoft.com,Mihal,Mihal@7rkd12.onmicrosoft.com,Bonnie Test,BonnieTest@7rkd12.onmicrosoft.com,,,,Asia-Pacific,Team site (no Microsoft 365 group),25600,0.005,Existing external users,,Indexed,,,Claimed,2026-08-10 16:19:12,,2026-08-13 16:08:08,2027-02-13 16:08:08,2026-08-13 16:09:04,In compliance,,,ADB - SharePoint Site Renewal,ADB - Do not allow External Sharing (SharePoint Site),,,,,,,,,,No,,,,,,,,,,,,,ADBI;BOD,,,,CGAdoption,EDRMS Project Site,,,,,,,,,,,,,,,,,,,,,,,,teamsites-0809011,
Site,Team Sites-0809010,,Active,Active,,https://7rkd12.sharepoint.com/teams/prj_teamsites-0809010,19914dbb-ab60-4b3b-96a4-0e2d604989e4,,,,Bonnie Test,BonnieTest@7rkd12.onmicrosoft.com,Mihal,Mihal@7rkd12.onmicrosoft.com,Bonnie Test,BonnieTest@7rkd12.onmicrosoft.com,,,,Asia-Pacific,Team site (no Microsoft 365 group),25600,0.005,Existing external users,,Indexed,,,Claimed,2026-08-10 16:19:08,,2026-08-11 23:29:25,2027-02-11 23:29:25,2026-08-11 23:31:53,In compliance,,,ADB - SharePoint Site Renewal,ADB - Do not allow External Sharing (SharePoint Site),,,,,,,,,,No,,,,,,,,,,,,,ADBI;BOD,,,,CGAdoption,EDRMS Project Site,,,,,,,,,,,,,,,,,,,,,,,,teamsites-0809010,
Site,Team Sites-0809009,,Active,Active,,https://7rkd12.sharepoint.com/teams/prj_teamsites-0809009,39050128-92db-47ef-aa53-a104a42bd7fe,,,,Bonnie Test,BonnieTest@7rkd12.onmicrosoft.com,Mihal,Mihal@7rkd12.onmicrosoft.com,Bonnie Test,BonnieTest@7rkd12.onmicrosoft.com,,,,Asia-Pacific,Team site (no Microsoft 365 group),25600,0.005,Existing external users,,Indexed,,,Claimed,2026-08-10 16:19:00,,2026-08-11 21:40:05,2027-02-11 21:40:05,2026-08-11 21:43:53,In compliance,,,ADB - SharePoint Site Renewal,ADB - Do not allow External Sharing (SharePoint Site),,,,,,,,,,No,,,,,,,,,,,,,ADBI;BOD,,,,CGAdoption,EDRMS Project Site,,,,,,,,,,,,,,,,,,,,,,,,teamsites-0809009,
Site,Team Sites-0809008,,Active,Active,,https://7rkd12.sharepoint.com/teams/prj_teamsites-0809008,3ffedc3d-df20-4600-979a-27169d0789bb,,,,Bonnie Test,BonnieTest@7rkd12.onmicrosoft.com,Mihal,Mihal@7rkd12.onmicrosoft.com,Bonnie Test,BonnieTest@7rkd12.onmicrosoft.com,,,,Asia-Pacific,Team site (no Microsoft 365 group),25600,0.005,Existing external users,,Indexed,,,Claimed,2026-08-10 16:18:55,,2026-08-11 23:55:35,2027-02-11 23:55:35,2026-08-11 23:56:51,In compliance,,,ADB - SharePoint Site Renewal,ADB - Do not allow External Sharing (SharePoint Site),,,,,,,,,,No,,,,,,,,,,,,,ADBI;BOD,,,,CGAdoption,EDRMS Project Site,,,,,,,,,,,,,,,,,,,,,,,,teamsites-0809008,
Site,Team Sites-0809007,,Active,Active,,https://7rkd12.sharepoint.com/teams/prj_teamsites-0809007,aea90e18-1bc2-4bb4-b96b-4b1921c4bf6b,,,,Bonnie Test,BonnieTest@7rkd12.onmicrosoft.com,Mihal,Mihal@7rkd12.onmicrosoft.com,Bonnie Test,BonnieTest@7rkd12.onmicrosoft.com,,,,Asia-Pacific,Team site (no Microsoft 365 group),25600,0.004,Existing external users,,Indexed,,,Claimed,2026-08-10 16:18:24,,2026-08-11 00:40:30,2027-02-11 00:40:30,2026-08-11 00:43:39,In compliance,,,ADB - SharePoint Site Renewal,ADB - Do not allow External Sharing (SharePoint Site),,,,,,,,,,No,,,,,,,,,,,,,ADBI;BOD,,,,CGAdoption,EDRMS Project Site,,,,,,,,,,,,,,,,,,,,,,,,teamsites-0809007,
Site,Team Sites-0809006,,Active,Active,,https://7rkd12.sharepoint.com/teams/prj_teamsites-0809006,42355377-a503-4fee-bf95-16b61cc5c0c7,,,,Bonnie Test,BonnieTest@7rkd12.onmicrosoft.com,Mihal,Mihal@7rkd12.onmicrosoft.com,Bonnie Test,BonnieTest@7rkd12.onmicrosoft.com,,,,Asia-Pacific,Team site (no Microsoft 365 group),25600,0.005,Existing external users,,Indexed,,,Claimed,2026-08-10 16:18:21,,2026-08-12 05:16:41,2027-02-12 05:16:41,2026-08-12 05:18:21,In compliance,,,ADB - SharePoint Site Renewal,ADB - Do not allow External Sharing (SharePoint Site),,,,,,,,,,No,,,,,,,,,,,,,ADBI;BOD,,,,CGAdoption,EDRMS Project Site,,,,,,,,,,,,,,,,,,,,,,,,teamsites-0809006,
Site,Team Sites-0809005,,Active,Active,,https://7rkd12.sharepoint.com/teams/prj_teamsites-0809005,fe316b7f-e5c8-4689-a765-2a89a4c4bedc,,,,Bonnie Test,BonnieTest@7rkd12.onmicrosoft.com,Mihal,Mihal@7rkd12.onmicrosoft.com,Bonnie Test,BonnieTest@7rkd12.onmicrosoft.com,,,,Asia-Pacific,Team site (no Microsoft 365 group),25600,0.004,Existing external users,,Indexed,,,Claimed,2026-08-10 16:18:20,,2026-08-11 04:24:22,2027-02-11 04:24:22,2026-08-11 04:28:49,In compliance,,,ADB - SharePoint Site Renewal,ADB - Do not allow External Sharing (SharePoint Site),,,,,,,,,,No,,,,,,,,,,,,,ADBI;BOD,,,,CGAdoption,EDRMS Project Site,,,,,,,,,,,,,,,,,,,,,,,,teamsites-0809005,
Site,Team Sites-0809003,,Active,Active,,https://7rkd12.sharepoint.com/teams/prj_teamsites-0809003,396cf12b-754d-437d-91b0-f3b5c83eddc5,,,,Bonnie Test,BonnieTest@7rkd12.onmicrosoft.com,Mihal,Mihal@7rkd12.onmicrosoft.com,Bonnie Test,BonnieTest@7rkd12.onmicrosoft.com,,,,Asia-Pacific,Team site (no Microsoft 365 group),25600,0.005,Existing external users,,Indexed,,,Claimed,2026-08-10 16:18:12,,2026-08-12 05:09:11,2027-02-12 05:09:11,2026-08-12 05:12:22,In compliance,,,ADB - SharePoint Site Renewal,ADB - Do not allow External Sharing (SharePoint Site),,,,,,,,,,No,,,,,,,,,,,,,ADBI;BOD,,,,CGAdoption,EDRMS Project Site,,,,,,,,,,,,,,,,,,,,,,,,teamsites-0809003,
Site,Team Sites-0809004,,Active,Active,,https://7rkd12.sharepoint.com/teams/prj_teamsites-0809004,f4c8d9c2-81d0-4e8e-9876-132b3698dceb,,,,Bonnie Test,BonnieTest@7rkd12.onmicrosoft.com,Mihal,Mihal@7rkd12.onmicrosoft.com,Bonnie Test,BonnieTest@7rkd12.onmicrosoft.com,,,,Asia-Pacific,Team site (no Microsoft 365 group),25600,0.005,Existing external users,,Indexed,,,Claimed,2026-08-10 16:18:12,,2026-08-12 06:16:05,2027-02-12 06:16:05,2026-08-12 06:18:51,In compliance,,,ADB - SharePoint Site Renewal,ADB - Do not allow External Sharing (SharePoint Site),,,,,,,,,,No,,,,,,,,,,,,,ADBI;BOD,,,,CGAdoption,EDRMS Project Site,,,,,,,,,,,,,,,,,,,,,,,,teamsites-0809004,
Site,Team Sites-0809002,,Active,Active,,https://7rkd12.sharepoint.com/teams/prj_teamsites-0809002,040286c4-52b1-4f5a-98cd-0731820a158b,,,,Bonnie Test,BonnieTest@7rkd12.onmicrosoft.com,Mihal,Mihal@7rkd12.onmicrosoft.com,Bonnie Test,BonnieTest@7rkd12.onmicrosoft.com,,,,Asia-Pacific,Team site (no Microsoft 365 group),25600,0.005,Existing external users,,Indexed,,,Claimed,2026-08-10 16:18:12,,2026-08-12 05:42:08,2027-02-12 05:42:08,2026-08-12 05:45:37,In compliance,,,ADB - SharePoint Site Renewal,ADB - Do not allow External Sharing (SharePoint Site),,,,,,,,,,No,,,,,,,,,,,,,ADBI;BOD,,,,CGAdoption,EDRMS Project Site,,,,,,,,,,,,,,,,,,,,,,,,teamsites-0809002,
Site,Team Sites-0809001,,Active,Active,,https://7rkd12.sharepoint.com/teams/prj_teamsites-0809001,af0d475b-870e-43da-9b31-1ea5152da449,,,,Bonnie Test,BonnieTest@7rkd12.onmicrosoft.com,Mihal,Mihal@7rkd12.onmicrosoft.com,Bonnie Test,BonnieTest@7rkd12.onmicrosoft.com,,,,Asia-Pacific,Team site (no Microsoft 365 group),25600,0.005,Existing external users,,Indexed,,,Claimed,2026-08-10 16:18:00,,2026-08-12 03:09:41,2027-02-12 03:09:41,2026-08-12 03:13:30,In compliance,,,ADB - SharePoint Site Renewal,ADB - Do not allow External Sharing (SharePoint Site),,,,,,,,,,No,,,,,,,,,,,,,ADBI;BOD,,,,CGAdoption,EDRMS Project Site,,,,,,,,,,,,,,,,,,,,,,,,teamsites-0809001,
Site,Group Sites-0809100,,Active,Active,,https://7rkd12.sharepoint.com/teams/prj_groupsites-0809100,6f3da03a-2ceb-4e09-a7a4-c9ea064d6997,,,,Bonnie Test,BonnieTest@7rkd12.onmicrosoft.com,Mihal,Mihal@7rkd12.onmicrosoft.com,Bonnie Test,BonnieTest@7rkd12.onmicrosoft.com,,,,Asia-Pacific,Team site (no Microsoft 365 group),25600,0.005,Existing external users,,Indexed,,,Claimed,2026-08-10 16:17:51,,2026-08-12 02:21:54,2027-02-12 02:21:54,2026-08-12 02:24:31,In compliance,,,ADB - SharePoint Site Renewal,ADB - Do not allow External Sharing (SharePoint Site),,,,,,,,,,No,,,,,,,,,,,,,ADBI;BOD,,,,CGAdoption,EDRMS Project Site,,,,,,,,,,,,,,,,,,,,,,,,groupsites-0809100,
Site,Group Sites-0809099,,Active,Active,,https://7rkd12.sharepoint.com/teams/prj_groupsites-0809099,948bef90-22b9-4e87-ae59-81a913b02779,,,,Bonnie Test,BonnieTest@7rkd12.onmicrosoft.com,Mihal,Mihal@7rkd12.onmicrosoft.com,Bonnie Test,BonnieTest@7rkd12.onmicrosoft.com,,,,Asia-Pacific,Team site (no Microsoft 365 group),25600,0.005,New and existing external users,,Indexed,,,Claimed,2026-08-10 16:17:50,,2026-08-12 08:31:44,2027-02-12 08:31:44,2026-08-12 08:35:04,In compliance,,,ADB - SharePoint Site Renewal,ADB - Do not allow External Sharing (SharePoint Site),,,,,,,,,,No,,,,,,,,,,,,,ADBI;BOD,,,,CGAdoption,EDRMS Project Site,,,,,,,,,,,,,,,,,,,,,,,,groupsites-0809099,
Site,Group Sites-0809098,,Active,Active,,https://7rkd12.sharepoint.com/teams/prj_groupsites-0809098,f8f9f49f-893a-40d8-aabe-a526ee962962,,,,Bonnie Test,BonnieTest@7rkd12.onmicrosoft.com,Mihal,Mihal@7rkd12.onmicrosoft.com,Bonnie Test,BonnieTest@7rkd12.onmicrosoft.com,,,,Asia-Pacific,Team site (no Microsoft 365 group),25600,0.005,New and existing external users,,Indexed,,,Claimed,2026-08-10 16:17:45,,2026-08-12 02:12:19,2027-02-12 02:12:19,2026-08-12 02:14:45,In compliance,,,ADB - SharePoint Site Renewal,ADB - Do not allow External Sharing (SharePoint Site),,,,,,,,,,No,,,,,,,,,,,,,ADBI;BOD,,,,CGAdoption,EDRMS Project Site,,,,,,,,,,,,,,,,,,,,,,,,groupsites-0809098,
Site,Group Sites-0809097,,Active,Active,,https://7rkd12.sharepoint.com/teams/prj_groupsites-0809097,65536e57-0e8f-4712-bb7d-3133be42e3f7,,,,Bonnie Test,BonnieTest@7rkd12.onmicrosoft.com,Mihal,Mihal@7rkd12.onmicrosoft.com,Bonnie Test,BonnieTest@7rkd12.onmicrosoft.com,,,,Asia-Pacific,Team site (no Microsoft 365 group),25600,0.004,Existing external users,,Indexed,,,Claimed,2026-08-10 16:17:41,,2026-08-11 03:16:05,2027-02-11 03:16:05,2026-08-11 03:18:53,In compliance,,,ADB - SharePoint Site Renewal,ADB - Do not allow External Sharing (SharePoint Site),,,,,,,,,,No,,,,,,,,,,,,,ADBI;BOD,,,,CGAdoption,EDRMS Project Site,,,,,,,,,,,,,,,,,,,,,,,,groupsites-0809097,
Site,Group Sites-0809096,,Active,Active,,https://7rkd12.sharepoint.com/teams/prj_groupsites-0809096,b7bf49b7-ce3f-4232-a52f-32f4bbf3891a,,,,Bonnie Test,BonnieTest@7rkd12.onmicrosoft.com,Mihal,Mihal@7rkd12.onmicrosoft.com,Bonnie Test,BonnieTest@7rkd12.onmicrosoft.com,,,,Asia-Pacific,Team site (no Microsoft 365 group),25600,0.004,Existing external users,,Indexed,,,Claimed,2026-08-10 16:17:41,,2026-08-11 07:52:07,2027-02-11 07:52:07,2026-08-11 07:57:48,In compliance,,,ADB - SharePoint Site Renewal,ADB - Do not allow External Sharing (SharePoint Site),,,,,,,,,,No,,,,,,,,,,,,,ADBI;BOD,,,,CGAdoption,EDRMS Project Site,,,,,,,,,,,,,,,,,,,,,,,,groupsites-0809096,
Site,Group Sites-0809095,,Active,Active,,https://7rkd12.sharepoint.com/teams/prj_groupsites-0809095,576f6e56-da30-4c06-b63b-c0526d75432a,,,,Bonnie Test,BonnieTest@7rkd12.onmicrosoft.com,Mihal,Mihal@7rkd12.onmicrosoft.com,Bonnie Test,BonnieTest@7rkd12.onmicrosoft.com,,,,Asia-Pacific,Team site (no Microsoft 365 group),25600,0.004,Existing external users,,Indexed,,,Claimed,2026-08-10 16:17:31,,2026-08-11 09:36:37,2027-02-11 09:36:37,2026-08-11 09:40:01,In compliance,,,ADB - SharePoint Site Renewal,ADB - Do not allow External Sharing (SharePoint Site),,,,,,,,,,No,,,,,,,,,,,,,ADBI;BOD,,,,CGAdoption,EDRMS Project Site,,,,,,,,,,,,,,,,,,,,,,,,groupsites-0809095,
Site,Group Sites-0809092,,Active,Active,,https://7rkd12.sharepoint.com/teams/prj_groupsites-0809092,90b164de-a7fe-4b9e-92fe-103d34d06309,,,,Bonnie Test,BonnieTest@7rkd12.onmicrosoft.com,Mihal,Mihal@7rkd12.onmicrosoft.com,Bonnie Test,BonnieTest@7rkd12.onmicrosoft.com,,,,Asia-Pacific,Team site (no Microsoft 365 group),25600,0.005,Existing external users,,Indexed,,,Claimed,2026-08-10 16:17:23,,2026-08-12 10:00:43,2027-02-12 10:00:43,2026-08-12 10:06:28,In compliance,,,ADB - SharePoint Site Renewal,ADB - Do not allow External Sharing (SharePoint Site),,,,,,,,,,No,,,,,,,,,,,,,ADBI;BOD,,,,CGAdoption,EDRMS Project Site,,,,,,,,,,,,,,,,,,,,,,,,groupsites-0809092,
Site,Group Sites-0809091,,Active,Active,,https://7rkd12.sharepoint.com/teams/prj_groupsites-0809091,424bb3a2-abc0-4292-8abf-c144e843a6e7,,,,Bonnie Test,BonnieTest@7rkd12.onmicrosoft.com,Mihal,Mihal@7rkd12.onmicrosoft.com,Bonnie Test,BonnieTest@7rkd12.onmicrosoft.com,,,,Asia-Pacific,Team site (no Microsoft 365 group),25600,0.005,Existing external users,,Indexed,,,Claimed,2026-08-10 16:17:18,,2026-08-12 08:24:34,2027-02-12 08:24:34,2026-08-12 08:25:32,In compliance,,,ADB - SharePoint Site Renewal,ADB - Do not allow External Sharing (SharePoint Site),,,,,,,,,,No,,,,,,,,,,,,,ADBI;BOD,,,,CGAdoption,EDRMS Project Site,,,,,,,,,,,,,,,,,,,,,,,,groupsites-0809091,
Site,Group Sites-0809090,,Active,Active,,https://7rkd12.sharepoint.com/teams/prj_groupsites-0809090,3a8568eb-52eb-46c3-8cc7-573bd1aa4ab3,,,,Bonnie Test,BonnieTest@7rkd12.onmicrosoft.com,Mihal,Mihal@7rkd12.onmicrosoft.com,Bonnie Test,BonnieTest@7rkd12.onmicrosoft.com,,,,Asia-Pacific,Team site (no Microsoft 365 group),25600,0.004,New and existing external users,,Indexed,,,Claimed,2026-08-10 16:17:15,,2026-08-12 10:29:47,2027-02-12 10:29:47,2026-08-12 10:33:05,In compliance,,,ADB - SharePoint Site Renewal,ADB - Do not allow External Sharing (SharePoint Site),,,,,,,,,,No,,,,,,,,,,,,,ADBI;BOD,,,,CGAdoption,EDRMS Project Site,,,,,,,,,,,,,,,,,,,,,,,,groupsites-0809090,
Site,Group Sites-0809089,,Active,Active,,https://7rkd12.sharepoint.com/teams/prj_groupsites-0809089,d841db1d-a415-43b0-bada-ff2209b1f660,,,,Bonnie Test,BonnieTest@7rkd12.onmicrosoft.com,Mihal,Mihal@7rkd12.onmicrosoft.com,Bonnie Test,BonnieTest@7rkd12.onmicrosoft.com,,,,Asia-Pacific,Team site (no Microsoft 365 group),25600,0.004,Existing external users,,Indexed,,,Claimed,2026-08-10 16:17:09,,2026-08-12 10:29:19,2027-02-12 10:29:19,2026-08-12 10:31:48,In compliance,,,ADB - SharePoint Site Renewal,ADB - Do not allow External Sharing (SharePoint Site),,,,,,,,,,No,,,,,,,,,,,,,ADBI;BOD,,,,CGAdoption,EDRMS Project Site,,,,,,,,,,,,,,,,,,,,,,,,groupsites-0809089,
Site,Group Sites-0809088,,Active,Active,,https://7rkd12.sharepoint.com/teams/prj_groupsites-0809088,d7bc86ff-77ba-461f-97da-13ac9cbe8ce0,,,,Bonnie Test,BonnieTest@7rkd12.onmicrosoft.com,Mihal,Mihal@7rkd12.onmicrosoft.com,Bonnie Test,BonnieTest@7rkd12.onmicrosoft.com,,,,Asia-Pacific,Team site (no Microsoft 365 group),25600,0.004,Existing external users,,Indexed,,,Claimed,2026-08-10 16:17:07,,2026-08-12 09:03:41,2027-02-12 09:03:41,2026-08-12 09:05:23,In compliance,,,ADB - SharePoint Site Renewal,ADB - Do not allow External Sharing (SharePoint Site),,,,,,,,,,No,,,,,,,,,,,,,ADBI;BOD,,,,CGAdoption,EDRMS Project Site,,,,,,,,,,,,,,,,,,,,,,,,groupsites-0809088,
Site,Group Sites-0809087,,Active,Active,,https://7rkd12.sharepoint.com/teams/prj_groupsites-0809087,9f4f3c2a-0d0b-48d6-9ca0-d4d5f654fdd5,,,,Bonnie Test,BonnieTest@7rkd12.onmicrosoft.com,Mihal,Mihal@7rkd12.onmicrosoft.com,Bonnie Test,BonnieTest@7rkd12.onmicrosoft.com,,,,Asia-Pacific,Team site (no Microsoft 365 group),25600,0.004,New and existing external users,,Indexed,,,Claimed,2026-08-10 16:17:05,,2026-08-12 11:57:47,2027-02-12 11:57:47,2026-08-12 12:00:29,In compliance,,,ADB - SharePoint Site Renewal,ADB - Do not allow External Sharing (SharePoint Site),,,,,,,,,,No,,,,,,,,,,,,,ADBI;BOD,,,,CGAdoption,EDRMS Project Site,,,,,,,,,,,,,,,,,,,,,,,,groupsites-0809087,
Site,Group Sites-0809085,,Active,Active,,https://7rkd12.sharepoint.com/teams/prj_groupsites-0809085,66b036cf-a677-47a9-a358-fcdf01243769,,,,Bonnie Test,BonnieTest@7rkd12.onmicrosoft.com,Mihal,Mihal@7rkd12.onmicrosoft.com,Bonnie Test,BonnieTest@7rkd12.onmicrosoft.com,,,,Asia-Pacific,Team site (no Microsoft 365 group),25600,0.004,New and existing external users,,Indexed,,,Claimed,2026-08-10 16:16:59,,2026-08-12 11:50:19,2027-02-12 11:50:19,2026-08-12 11:50:51,In compliance,,,ADB - SharePoint Site Renewal,ADB - Do not allow External Sharing (SharePoint Site),,,,,,,,,,No,,,,,,,,,,,,,ADBI;BOD,,,,CGAdoption,EDRMS Project Site,,,,,,,,,,,,,,,,,,,,,,,,groupsites-0809085,
Site,Group Sites-0809084,,Active,Active,,https://7rkd12.sharepoint.com/teams/prj_groupsites-0809084,359697ec-634b-4565-b45e-53911b8fc5f1,,,,Bonnie Test,BonnieTest@7rkd12.onmicrosoft.com,Mihal,Mihal@7rkd12.onmicrosoft.com,Bonnie Test,BonnieTest@7rkd12.onmicrosoft.com,,,,Asia-Pacific,Team site (no Microsoft 365 group),25600,0.004,Existing external users,,Indexed,,,Claimed,2026-08-10 16:16:58,,2026-08-12 11:51:32,2027-02-12 11:51:32,2026-08-12 11:53:08,In compliance,,,ADB - SharePoint Site Renewal,ADB - Do not allow External Sharing (SharePoint Site),,,,,,,,,,No,,,,,,,,,,,,,ADBI;BOD,,,,CGAdoption,EDRMS Project Site,,,,,,,,,,,,,,,,,,,,,,,,groupsites-0809084,
Site,Group Sites-0809086,,Active,Active,,https://7rkd12.sharepoint.com/teams/prj_groupsites-0809086,cfe8b84d-082f-42e1-ae2f-cf9757aad4fe,,,,Bonnie Test,BonnieTest@7rkd12.onmicrosoft.com,Mihal,Mihal@7rkd12.onmicrosoft.com,Bonnie Test,BonnieTest@7rkd12.onmicrosoft.com,,,,Asia-Pacific,Team site (no Microsoft 365 group),25600,0.005,New and existing external users,,Indexed,,,Claimed,2026-08-10 16:16:57,,2026-08-12 06:37:33,2027-02-12 06:37:33,2026-08-12 06:41:24,In compliance,,,ADB - SharePoint Site Renewal,ADB - Do not allow External Sharing (SharePoint Site),,,,,,,,,,No,,,,,,,,,,,,,ADBI;BOD,,,,CGAdoption,EDRMS Project Site,,,,,,,,,,,,,,,,,,,,,,,,groupsites-0809086,
Site,Group Sites-0809083,,Active,Active,,https://7rkd12.sharepoint.com/teams/prj_groupsites-0809083,0bae8db1-63db-45bc-85ef-124959882c78,,,,Bonnie Test,BonnieTest@7rkd12.onmicrosoft.com,Mihal,Mihal@7rkd12.onmicrosoft.com,Bonnie Test,BonnieTest@7rkd12.onmicrosoft.com,,,,Asia-Pacific,Team site (no Microsoft 365 group),25600,0.005,Existing external users,,Indexed,,,Claimed,2026-08-10 16:16:47,,2026-08-13 16:29:17,2027-02-13 16:29:17,2026-08-13 16:30:18,In compliance,,,ADB - SharePoint Site Renewal,ADB - Do not allow External Sharing (SharePoint Site),,,,,,,,,,No,,,,,,,,,,,,,ADBI;BOD,,,,CGAdoption,EDRMS Project Site,,,,,,,,,,,,,,,,,,,,,,,,groupsites-0809083,
Site,Group Sites-0809082,,Active,Active,,https://7rkd12.sharepoint.com/teams/prj_groupsites-0809082,c594e9b4-126d-4a4d-950e-9676cdff2fa4,,,,Bonnie Test,BonnieTest@7rkd12.onmicrosoft.com,Mihal,Mihal@7rkd12.onmicrosoft.com,Bonnie Test,BonnieTest@7rkd12.onmicrosoft.com,,,,Asia-Pacific,Team site (no Microsoft 365 group),25600,0.005,New and existing external users,,Indexed,,,Claimed,2026-08-10 16:16:47,,2026-08-11 20:30:16,2027-02-11 20:30:16,2026-08-11 20:37:22,In compliance,,,ADB - SharePoint Site Renewal,ADB - Do not allow External Sharing (SharePoint Site),,,,,,,,,,No,,,,,,,,,,,,,ADBI;BOD,,,,CGAdoption,EDRMS Project Site,,,,,,,,,,,,,,,,,,,,,,,,groupsites-0809082,
Site,Group Sites-0809080,,Active,Active,,https://7rkd12.sharepoint.com/teams/prj_groupsites-0809080,830bb229-f2bc-4c96-aa93-eae4dd646ff6,,,,Bonnie Test,BonnieTest@7rkd12.onmicrosoft.com,Mihal,Mihal@7rkd12.onmicrosoft.com,Bonnie Test,BonnieTest@7rkd12.onmicrosoft.com,,,,Asia-Pacific,Team site (no Microsoft 365 group),25600,0.005,New and existing external users,,Indexed,,,Claimed,2026-08-10 16:16:36,,2026-08-13 15:37:17,2027-02-13 15:37:17,2026-08-13 15:38:32,In compliance,,,ADB - SharePoint Site Renewal,ADB - Do not allow External Sharing (SharePoint Site),,,,,,,,,,No,,,,,,,,,,,,,ADBI;BOD,,,,CGAdoption,EDRMS Project Site,,,,,,,,,,,,,,,,,,,,,,,,groupsites-0809080,
Site,Group Sites-0809079,,Active,Active,,https://7rkd12.sharepoint.com/teams/prj_groupsites-0809079,319091aa-a3d0-4bc4-b413-c8f65261d285,,,,Bonnie Test,BonnieTest@7rkd12.onmicrosoft.com,Mihal,Mihal@7rkd12.onmicrosoft.com,Bonnie Test,BonnieTest@7rkd12.onmicrosoft.com,,,,Asia-Pacific,Team site (no Microsoft 365 group),25600,0.004,Existing external users,,Indexed,,,Claimed,2026-08-10 16:16:31,,2026-08-11 09:12:46,2027-02-11 09:12:46,2026-08-11 09:15:58,In compliance,,,ADB - SharePoint Site Renewal,ADB - Do not allow External Sharing (SharePoint Site),,,,,,,,,,No,,,,,,,,,,,,,ADBI;BOD,,,,CGAdoption,EDRMS Project Site,,,,,,,,,,,,,,,,,,,,,,,,groupsites-0809079,
Site,Group Sites-0809078,,Active,Active,,https://7rkd12.sharepoint.com/teams/prj_groupsites-0809078,3772c28a-e851-41e7-a41c-af0fec7a18d9,,,,Bonnie Test,BonnieTest@7rkd12.onmicrosoft.com,Mihal,Mihal@7rkd12.onmicrosoft.com,Bonnie Test,BonnieTest@7rkd12.onmicrosoft.com,,,,Asia-Pacific,Team site (no Microsoft 365 group),25600,0.005,New and existing external users,,Indexed,,,Claimed,2026-08-10 16:16:28,,2026-08-11 21:45:15,2027-02-11 21:45:15,2026-08-11 21:48:14,In compliance,,,ADB - SharePoint Site Renewal,ADB - Do not allow External Sharing (SharePoint Site),,,,,,,,,,No,,,,,,,,,,,,,ADBI;BOD,,,,CGAdoption,EDRMS Project Site,,,,,,,,,,,,,,,,,,,,,,,,groupsites-0809078,
Site,Group Sites-0809077,,Active,Active,,https://7rkd12.sharepoint.com/teams/prj_groupsites-0809077,25a046f9-c518-4a21-9bdc-a471fdece09f,,,,Bonnie Test,BonnieTest@7rkd12.onmicrosoft.com,Mihal,Mihal@7rkd12.onmicrosoft.com,Bonnie Test,BonnieTest@7rkd12.onmicrosoft.com,,,,Asia-Pacific,Team site (no Microsoft 365 group),25600,0.005,Existing external users,,Indexed,,,Claimed,2026-08-10 16:16:23,,2026-08-12 04:58:21,2027-02-12 04:58:21,2026-08-12 05:00:49,In compliance,,,ADB - SharePoint Site Renewal,ADB - Do not allow External Sharing (SharePoint Site),,,,,,,,,,No,,,,,,,,,,,,,ADBI;BOD,,,,CGAdoption,EDRMS Project Site,,,,,,,,,,,,,,,,,,,,,,,,groupsites-0809077,
Site,Group Sites-0809076,,Active,Active,,https://7rkd12.sharepoint.com/teams/prj_groupsites-0809076,402eb8ce-795a-433c-891b-f02c4e852509,,,,Bonnie Test,BonnieTest@7rkd12.onmicrosoft.com,Mihal,Mihal@7rkd12.onmicrosoft.com,Bonnie Test,BonnieTest@7rkd12.onmicrosoft.com,,,,Asia-Pacific,Team site (no Microsoft 365 group),25600,0.004,Existing external users,,Indexed,,,Claimed,2026-08-10 16:16:18,,2026-08-11 03:04:57,2027-02-11 03:04:57,2026-08-11 03:10:05,In compliance,,,ADB - SharePoint Site Renewal,ADB - Do not allow External Sharing (SharePoint Site),,,,,,,,,,No,,,,,,,,,,,,,ADBI;BOD,,,,CGAdoption,EDRMS Project Site,,,,,,,,,,,,,,,,,,,,,,,,groupsites-0809076,
Site,Group Sites-0809075,,Active,Active,,https://7rkd12.sharepoint.com/teams/prj_groupsites-0809075,6a822b07-e3b1-4721-b9bf-1ce7e65f008a,,,,Bonnie Test,BonnieTest@7rkd12.onmicrosoft.com,Mihal,Mihal@7rkd12.onmicrosoft.com,Bonnie Test,BonnieTest@7rkd12.onmicrosoft.com,,,,Asia-Pacific,Team site (no Microsoft 365 group),25600,0.005,New and existing external users,,Indexed,,,Claimed,2026-08-10 16:16:16,,2026-08-13 16:33:00,2027-02-13 16:33:00,2026-08-13 16:36:29,In compliance,,,ADB - SharePoint Site Renewal,ADB - Do not allow External Sharing (SharePoint Site),,,,,,,,,,No,,,,,,,,,,,,,ADBI;BOD,,,,CGAdoption,EDRMS Project Site,,,,,,,,,,,,,,,,,,,,,,,,groupsites-0809075,
Site,Group Sites-0809074,,Active,Active,,https://7rkd12.sharepoint.com/teams/prj_groupsites-0809074,3cc3c5a1-8275-4000-bd6e-671f7db50730,,,,Bonnie Test,BonnieTest@7rkd12.onmicrosoft.com,Mihal,Mihal@7rkd12.onmicrosoft.com,Bonnie Test,BonnieTest@7rkd12.onmicrosoft.com,,,,Asia-Pacific,Team site (no Microsoft 365 group),25600,0.005,New and existing external users,,Indexed,,,Claimed,2026-08-10 16:16:12,,2026-08-12 06:05:09,2027-02-12 06:05:09,2026-08-12 06:06:28,In compliance,,,ADB - SharePoint Site Renewal,ADB - Do not allow External Sharing (SharePoint Site),,,,,,,,,,No,,,,,,,,,,,,,ADBI;BOD,,,,CGAdoption,EDRMS Project Site,,,,,,,,,,,,,,,,,,,,,,,,groupsites-0809074,
Site,Group Sites-0809073,,Active,Active,,https://7rkd12.sharepoint.com/teams/prj_groupsites-0809073,aeeac134-5c1b-4f97-84a0-6dbaf6e9915a,,,,Bonnie Test,BonnieTest@7rkd12.onmicrosoft.com,Mihal,Mihal@7rkd12.onmicrosoft.com,Bonnie Test,BonnieTest@7rkd12.onmicrosoft.com,,,,Asia-Pacific,Team site (no Microsoft 365 group),25600,0.005,Existing external users,,Indexed,,,Claimed,2026-08-10 16:16:06,,2026-08-12 06:06:21,2027-02-12 06:06:21,2026-08-12 06:08:52,In compliance,,,ADB - SharePoint Site Renewal,ADB - Do not allow External Sharing (SharePoint Site),,,,,,,,,,No,,,,,,,,,,,,,ADBI;BOD,,,,CGAdoption,EDRMS Project Site,,,,,,,,,,,,,,,,,,,,,,,,groupsites-0809073,
Site,Group Sites-0809071,,Active,Active,,https://7rkd12.sharepoint.com/teams/prj_groupsites-0809071,15f92de3-474f-4c25-8f30-cd5978636244,,,,Bonnie Test,BonnieTest@7rkd12.onmicrosoft.com,Mihal,Mihal@7rkd12.onmicrosoft.com,Bonnie Test,BonnieTest@7rkd12.onmicrosoft.com,,,,Asia-Pacific,Team site (no Microsoft 365 group),25600,0.005,Existing external users,,Indexed,,,Claimed,2026-08-10 16:16:00,,2026-08-12 03:43:04,2027-02-12 03:43:04,2026-08-12 03:47:05,In compliance,,,ADB - SharePoint Site Renewal,ADB - Do not allow External Sharing (SharePoint Site),,,,,,,,,,No,,,,,,,,,,,,,ADBI;BOD,,,,CGAdoption,EDRMS Project Site,,,,,,,,,,,,,,,,,,,,,,,,groupsites-0809071,
Site,Group Sites-0809070,,Active,Active,,https://7rkd12.sharepoint.com/teams/prj_groupsites-0809070,46124e42-9063-44bf-98a9-267bdccdbad6,,,,Bonnie Test,BonnieTest@7rkd12.onmicrosoft.com,Mihal,Mihal@7rkd12.onmicrosoft.com,Bonnie Test,BonnieTest@7rkd12.onmicrosoft.com,,,,Asia-Pacific,Team site (no Microsoft 365 group),25600,0.005,Existing external users,,Indexed,,,Claimed,2026-08-10 16:15:57,,2026-08-13 16:49:05,2027-02-13 16:49:05,2026-08-13 16:51:24,In compliance,,,ADB - SharePoint Site Renewal,ADB - Do not allow External Sharing (SharePoint Site),,,,,,,,,,No,,,,,,,,,,,,,ADBI;BOD,,,,CGAdoption,EDRMS Project Site,,,,,,,,,,,,,,,,,,,,,,,,groupsites-0809070,
Site,Group Sites-0809069,,Active,Active,,https://7rkd12.sharepoint.com/teams/prj_groupsites-0809069,08aded50-a8e2-495f-a9c6-ebc42a04060a,,,,Bonnie Test,BonnieTest@7rkd12.onmicrosoft.com,Mihal,Mihal@7rkd12.onmicrosoft.com,Bonnie Test,BonnieTest@7rkd12.onmicrosoft.com,,,,Asia-Pacific,Team site (no Microsoft 365 group),25600,0.004,New and existing external users,,Indexed,,,Claimed,2026-08-10 16:15:51,,2026-08-12 13:12:05,2027-02-12 13:12:05,2026-08-12 13:16:36,In compliance,,,ADB - SharePoint Site Renewal,ADB - Do not allow External Sharing (SharePoint Site),,,,,,,,,,No,,,,,,,,,,,,,ADBI;BOD,,,,CGAdoption,EDRMS Project Site,,,,,,,,,,,,,,,,,,,,,,,,groupsites-0809069,
Site,Group Sites-0809068,,Active,Active,,https://7rkd12.sharepoint.com/teams/prj_groupsites-0809068,edb098a6-48ad-4868-8733-03f3f4f1a9f4,,,,Bonnie Test,BonnieTest@7rkd12.onmicrosoft.com,Mihal,Mihal@7rkd12.onmicrosoft.com,Bonnie Test,BonnieTest@7rkd12.onmicrosoft.com,,,,Asia-Pacific,Team site (no Microsoft 365 group),25600,0.004,New and existing external users,,Indexed,,,Claimed,2026-08-10 16:15:17,,2026-08-12 09:33:11,2027-02-12 09:33:11,2026-08-12 09:34:06,In compliance,,,ADB - SharePoint Site Renewal,ADB - Do not allow External Sharing (SharePoint Site),,,,,,,,,,No,,,,,,,,,,,,,ADBI;BOD,,,,CGAdoption,EDRMS Project Site,,,,,,,,,,,,,,,,,,,,,,,,groupsites-0809068,
Site,Group Sites-0809067,,Active,Active,,https://7rkd12.sharepoint.com/teams/prj_groupsites-0809067,a141073a-1c83-4823-aab9-45207c7504c2,,,,Bonnie Test,BonnieTest@7rkd12.onmicrosoft.com,Mihal,Mihal@7rkd12.onmicrosoft.com,Bonnie Test,BonnieTest@7rkd12.onmicrosoft.com,,,,Asia-Pacific,Team site (no Microsoft 365 group),25600,0.005,Existing external users,,Indexed,,,Claimed,2026-08-10 16:15:12,,2026-08-12 06:54:49,2027-02-12 06:54:49,2026-08-12 06:56:28,In compliance,,,ADB - SharePoint Site Renewal,ADB - Do not allow External Sharing (SharePoint Site),,,,,,,,,,No,,,,,,,,,,,,,ADBI;BOD,,,,CGAdoption,EDRMS Project Site,,,,,,,,,,,,,,,,,,,,,,,,groupsites-0809067,
Site,Group Sites-0809066,,Active,Active,,https://7rkd12.sharepoint.com/teams/prj_groupsites-0809066,8c4b8d99-1527-4c26-a6aa-a8b10df242c9,,,,Bonnie Test,BonnieTest@7rkd12.onmicrosoft.com,Mihal,Mihal@7rkd12.onmicrosoft.com,Bonnie Test,BonnieTest@7rkd12.onmicrosoft.com,,,,Asia-Pacific,Team site (no Microsoft 365 group),25600,0.005,Existing external users,,Indexed,,,Claimed,2026-08-10 16:15:04,,2026-08-11 22:05:41,2027-02-11 22:05:41,2026-08-11 22:08:14,In compliance,,,ADB - SharePoint Site Renewal,ADB - Do not allow External Sharing (SharePoint Site),,,,,,,,,,No,,,,,,,,,,,,,ADBI;BOD,,,,CGAdoption,EDRMS Project Site,,,,,,,,,,,,,,,,,,,,,,,,groupsites-0809066,
Site,Group Sites-0809065,,Active,Active,,https://7rkd12.sharepoint.com/teams/prj_groupsites-0809065,62f00aee-2766-4efd-9a71-9cdbe0879242,,,,Bonnie Test,BonnieTest@7rkd12.onmicrosoft.com,Mihal,Mihal@7rkd12.onmicrosoft.com,Bonnie Test,BonnieTest@7rkd12.onmicrosoft.com,,,,Asia-Pacific,Team site (no Microsoft 365 group),25600,0.004,Existing external users,,Indexed,,,Claimed,2026-08-10 16:15:02,,2026-08-11 18:12:45,2027-02-11 18:12:45,2026-08-11 18:15:45,In compliance,,,ADB - SharePoint Site Renewal,ADB - Do not allow External Sharing (SharePoint Site),,,,,,,,,,No,,,,,,,,,,,,,ADBI;BOD,,,,CGAdoption,EDRMS Project Site,,,,,,,,,,,,,,,,,,,,,,,,groupsites-0809065,
Site,Group Sites-0809063,,Active,Active,,https://7rkd12.sharepoint.com/teams/prj_groupsites-0809063,0a12728e-71c6-4eee-8810-c48103a800e4,,,,Bonnie Test,BonnieTest@7rkd12.onmicrosoft.com,Mihal,Mihal@7rkd12.onmicrosoft.com,Bonnie Test,BonnieTest@7rkd12.onmicrosoft.com,,,,Asia-Pacific,Team site (no Microsoft 365 group),25600,0.005,New and existing external users,,Indexed,,,Claimed,2026-08-10 16:14:56,,2026-08-11 22:44:20,2027-02-11 22:44:20,2026-08-11 22:45:31,In compliance,,,ADB - SharePoint Site Renewal,ADB - Do not allow External Sharing (SharePoint Site),,,,,,,,,,No,,,,,,,,,,,,,ADBI;BOD,,,,CGAdoption,EDRMS Project Site,,,,,,,,,,,,,,,,,,,,,,,,groupsites-0809063,
Site,Group Sites-0809064,,Active,Active,,https://7rkd12.sharepoint.com/teams/prj_groupsites-0809064,996147fc-1bfa-4fc7-b513-7c4c10537e76,,,,Bonnie Test,BonnieTest@7rkd12.onmicrosoft.com,Mihal,Mihal@7rkd12.onmicrosoft.com,Bonnie Test,BonnieTest@7rkd12.onmicrosoft.com,,,,Asia-Pacific,Team site (no Microsoft 365 group),25600,0.005,Existing external users,,Indexed,,,Claimed,2026-08-10 16:14:56,,2026-08-11 22:45:40,2027-02-11 22:45:40,2026-08-11 22:47:45,In compliance,,,ADB - SharePoint Site Renewal,ADB - Do not allow External Sharing (SharePoint Site),,,,,,,,,,No,,,,,,,,,,,,,ADBI;BOD,,,,CGAdoption,EDRMS Project Site,,,,,,,,,,,,,,,,,,,,,,,,groupsites-0809064,
Site,Group Sites-0809062,,Active,Active,,https://7rkd12.sharepoint.com/teams/prj_groupsites-0809062,e2176265-6b65-457e-9174-7efbf86aedfe,,,,Bonnie Test,BonnieTest@7rkd12.onmicrosoft.com,Mihal,Mihal@7rkd12.onmicrosoft.com,Bonnie Test,BonnieTest@7rkd12.onmicrosoft.com,,,,Asia-Pacific,Team site (no Microsoft 365 group),25600,0.005,New and existing external users,,Indexed,,,Claimed,2026-08-10 16:14:54,,2026-08-11 23:51:25,2027-02-11 23:51:25,2026-08-11 23:52:43,In compliance,,,ADB - SharePoint Site Renewal,ADB - Do not allow External Sharing (SharePoint Site),,,,,,,,,,No,,,,,,,,,,,,,ADBI;BOD,,,,CGAdoption,EDRMS Project Site,,,,,,,,,,,,,,,,,,,,,,,,groupsites-0809062,
Site,Group Sites-0809061,,Active,Active,,https://7rkd12.sharepoint.com/teams/prj_groupsites-0809061,7d41889f-4186-441d-8ff2-2b4ef31941b5,,,,Bonnie Test,BonnieTest@7rkd12.onmicrosoft.com,Mihal,Mihal@7rkd12.onmicrosoft.com,Bonnie Test,BonnieTest@7rkd12.onmicrosoft.com,,,,Asia-Pacific,Team site (no Microsoft 365 group),25600,0.005,Existing external users,,Indexed,,,Claimed,2026-08-10 16:14:44,,2026-08-12 03:41:37,2027-02-12 03:41:37,2026-08-12 03:44:26,In compliance,,,ADB - SharePoint Site Renewal,ADB - Do not allow External Sharing (SharePoint Site),,,,,,,,,,No,,,,,,,,,,,,,ADBI;BOD,,,,CGAdoption,EDRMS Project Site,,,,,,,,,,,,,,,,,,,,,,,,groupsites-0809061,
Site,Group Sites-0809060,,Active,Active,,https://7rkd12.sharepoint.com/teams/prj_groupsites-0809060,923a25e9-2c23-4033-9d57-5f5c33333109,,,,Bonnie Test,BonnieTest@7rkd12.onmicrosoft.com,Mihal,Mihal@7rkd12.onmicrosoft.com,Bonnie Test,BonnieTest@7rkd12.onmicrosoft.com,,,,Asia-Pacific,Team site (no Microsoft 365 group),25600,0.005,Existing external users,,Indexed,,,Claimed,2026-08-10 16:14:42,,2026-08-11 23:49:59,2027-02-11 23:49:59,2026-08-11 23:51:12,In compliance,,,ADB - SharePoint Site Renewal,ADB - Do not allow External Sharing (SharePoint Site),,,,,,,,,,No,,,,,,,,,,,,,ADBI;BOD,,,,CGAdoption,EDRMS Project Site,,,,,,,,,,,,,,,,,,,,,,,,groupsites-0809060,
Site,Group Sites-0809059,,Active,Active,,https://7rkd12.sharepoint.com/teams/prj_groupsites-0809059,3453b992-83ef-4e44-880a-5d8006c32fe6,,,,Bonnie Test,BonnieTest@7rkd12.onmicrosoft.com,Mihal,Mihal@7rkd12.onmicrosoft.com,Bonnie Test,BonnieTest@7rkd12.onmicrosoft.com,,,,Asia-Pacific,Team site (no Microsoft 365 group),25600,0.004,Existing external users,,Indexed,,,Claimed,2026-08-10 16:14:06,,2026-08-12 14:20:20,2027-02-12 14:20:20,2026-08-12 14:23:28,In compliance,,,ADB - SharePoint Site Renewal,ADB - Do not allow External Sharing (SharePoint Site),,,,,,,,,,No,,,,,,,,,,,,,ADBI;BOD,,,,CGAdoption,EDRMS Project Site,,,,,,,,,,,,,,,,,,,,,,,,groupsites-0809059,
Site,Group Sites-0809057,,Active,Active,,https://7rkd12.sharepoint.com/teams/prj_groupsites-0809057,23582551-2475-4f1c-9dbc-82702cbab8d8,,,,Bonnie Test,BonnieTest@7rkd12.onmicrosoft.com,Mihal,Mihal@7rkd12.onmicrosoft.com,Bonnie Test,BonnieTest@7rkd12.onmicrosoft.com,,,,Asia-Pacific,Team site (no Microsoft 365 group),25600,0.004,Existing external users,,Indexed,,,Claimed,2026-08-10 16:13:56,,2026-08-11 01:58:28,2027-02-11 01:58:28,2026-08-11 02:02:59,In compliance,,,ADB - SharePoint Site Renewal,ADB - Do not allow External Sharing (SharePoint Site),,,,,,,,,,No,,,,,,,,,,,,,ADBI;BOD,,,,CGAdoption,EDRMS Project Site,,,,,,,,,,,,,,,,,,,,,,,,groupsites-0809057,
Site,Group Sites-0809056,,Active,Active,,https://7rkd12.sharepoint.com/teams/prj_groupsites-0809056,fefff5d8-7736-4275-8003-4de5b974dd11,,,,Bonnie Test,BonnieTest@7rkd12.onmicrosoft.com,Mihal,Mihal@7rkd12.onmicrosoft.com,Bonnie Test,BonnieTest@7rkd12.onmicrosoft.com,,,,Asia-Pacific,Team site (no Microsoft 365 group),25600,0.005,Existing external users,,Indexed,,,Claimed,2026-08-10 16:13:54,,2026-08-12 01:24:45,2027-02-12 01:24:45,2026-08-12 01:29:38,In compliance,,,ADB - SharePoint Site Renewal,ADB - Do not allow External Sharing (SharePoint Site),,,,,,,,,,No,,,,,,,,,,,,,ADBI;BOD,,,,CGAdoption,EDRMS Project Site,,,,,,,,,,,,,,,,,,,,,,,,groupsites-0809056,
Site,Group Sites-0809055,,Active,Active,,https://7rkd12.sharepoint.com/teams/prj_groupsites-0809055,5c016967-d8d5-49fb-bff6-f9dfc794e9a3,,,,Bonnie Test,BonnieTest@7rkd12.onmicrosoft.com,Mihal,Mihal@7rkd12.onmicrosoft.com,Bonnie Test,BonnieTest@7rkd12.onmicrosoft.com,,,,Asia-Pacific,Team site (no Microsoft 365 group),25600,0.005,Existing external users,,Indexed,,,Claimed,2026-08-10 16:13:50,,2026-08-12 00:39:30,2027-02-12 00:39:30,2026-08-12 00:40:15,In compliance,,,ADB - SharePoint Site Renewal,ADB - Do not allow External Sharing (SharePoint Site),,,,,,,,,,No,,,,,,,,,,,,,ADBI;BOD,,,,CGAdoption,EDRMS Project Site,,,,,,,,,,,,,,,,,,,,,,,,groupsites-0809055,
Site,Group Sites-0809054,,Active,Active,,https://7rkd12.sharepoint.com/teams/prj_groupsites-0809054,a35ed153-b415-4274-85c6-8fe0960b6fd3,,,,Bonnie Test,BonnieTest@7rkd12.onmicrosoft.com,Mihal,Mihal@7rkd12.onmicrosoft.com,Bonnie Test,BonnieTest@7rkd12.onmicrosoft.com,,,,Asia-Pacific,Team site (no Microsoft 365 group),25600,0.004,Existing external users,,Indexed,,,Claimed,2026-08-10 16:13:44,,2026-08-11 04:32:41,2027-02-11 04:32:41,2026-08-11 04:37:34,In compliance,,,ADB - SharePoint Site Renewal,ADB - Do not allow External Sharing (SharePoint Site),,,,,,,,,,No,,,,,,,,,,,,,ADBI;BOD,,,,CGAdoption,EDRMS Project Site,,,,,,,,,,,,,,,,,,,,,,,,groupsites-0809054,
Site,Group Sites-0809053,,Active,Active,,https://7rkd12.sharepoint.com/teams/prj_groupsites-0809053,e1bb814f-91b2-42f9-8b89-0dbcbd159aca,,,,Bonnie Test,BonnieTest@7rkd12.onmicrosoft.com,Mihal,Mihal@7rkd12.onmicrosoft.com,Bonnie Test,BonnieTest@7rkd12.onmicrosoft.com,,,,Asia-Pacific,Team site (no Microsoft 365 group),25600,0.005,New and existing external users,,Indexed,,,Claimed,2026-08-10 16:13:38,,2026-08-12 03:37:00,2027-02-12 03:37:00,2026-08-12 03:40:10,In compliance,,,ADB - SharePoint Site Renewal,ADB - Do not allow External Sharing (SharePoint Site),,,,,,,,,,No,,,,,,,,,,,,,ADBI;BOD,,,,CGAdoption,EDRMS Project Site,,,,,,,,,,,,,,,,,,,,,,,,groupsites-0809053,
Site,Group Sites-0809052,,Active,Active,,https://7rkd12.sharepoint.com/teams/prj_groupsites-0809052,cb13752c-9f11-43c5-87fb-414d92e91c3c,,,,Bonnie Test,BonnieTest@7rkd12.onmicrosoft.com,Mihal,Mihal@7rkd12.onmicrosoft.com,Bonnie Test,BonnieTest@7rkd12.onmicrosoft.com,,,,Asia-Pacific,Team site (no Microsoft 365 group),25600,0.005,Existing external users,,Indexed,,,Claimed,2026-08-10 16:13:35,,2026-08-12 08:06:11,2027-02-12 08:06:11,2026-08-12 08:12:37,In compliance,,,ADB - SharePoint Site Renewal,ADB - Do not allow External Sharing (SharePoint Site),,,,,,,,,,No,,,,,,,,,,,,,ADBI;BOD,,,,CGAdoption,EDRMS Project Site,,,,,,,,,,,,,,,,,,,,,,,,groupsites-0809052,
Site,Group Sites-0809051,,Active,Active,,https://7rkd12.sharepoint.com/teams/prj_groupsites-0809051,67ac20a8-0126-472a-9be5-0775f9003628,,,,Bonnie Test,BonnieTest@7rkd12.onmicrosoft.com,Mihal,Mihal@7rkd12.onmicrosoft.com,Bonnie Test,BonnieTest@7rkd12.onmicrosoft.com,,,,Asia-Pacific,Team site (no Microsoft 365 group),25600,0.004,Existing external users,,Indexed,,,Claimed,2026-08-10 16:13:32,,2026-08-11 17:44:28,2027-02-11 17:44:28,2026-08-11 17:49:27,In compliance,,,ADB - SharePoint Site Renewal,ADB - Do not allow External Sharing (SharePoint Site),,,,,,,,,,No,,,,,,,,,,,,,ADBI;BOD,,,,CGAdoption,EDRMS Project Site,,,,,,,,,,,,,,,,,,,,,,,,groupsites-0809051,
Site,Group Sites-0809050,,Active,Active,,https://7rkd12.sharepoint.com/teams/prj_groupsites-0809050,3c6767cd-0272-4c7d-9b76-cd7d0eab9d6d,,,,Bonnie Test,BonnieTest@7rkd12.onmicrosoft.com,Mihal,Mihal@7rkd12.onmicrosoft.com,Bonnie Test,BonnieTest@7rkd12.onmicrosoft.com,,,,Asia-Pacific,Team site (no Microsoft 365 group),25600,0.004,Existing external users,,Indexed,,,Claimed,2026-08-10 16:13:17,,2026-08-12 09:19:21,2027-02-12 09:19:21,2026-08-12 09:20:25,In compliance,,,ADB - SharePoint Site Renewal,ADB - Do not allow External Sharing (SharePoint Site),,,,,,,,,,No,,,,,,,,,,,,,CSD,,,,CGAdoption,EDRMS Project Site,,,,,,,,,,,,,,,,,,,,,,,,groupsites-0809050,
Site,Group Sites-0809046,,Active,Active,,https://7rkd12.sharepoint.com/teams/prj_groupsites-0809046,29d562b9-da4d-4af2-b238-0b6034c73bfd,,,,Bonnie Test,BonnieTest@7rkd12.onmicrosoft.com,Mihal,Mihal@7rkd12.onmicrosoft.com,Bonnie Test,BonnieTest@7rkd12.onmicrosoft.com,,,,Asia-Pacific,Team site (no Microsoft 365 group),25600,0.004,Existing external users,,Indexed,,,Claimed,2026-08-10 16:12:31,,2026-08-12 15:33:36,2027-02-12 15:33:36,2026-08-12 15:37:17,In compliance,,,ADB - SharePoint Site Renewal,ADB - Do not allow External Sharing (SharePoint Site),,,,,,,,,,No,,,,,,,,,,,,,CSD,,,,CGAdoption,EDRMS Project Site,,,,,,,,,,,,,,,,,,,,,,,,groupsites-0809046,
Site,Group Sites-0809042,,Active,Active,,https://7rkd12.sharepoint.com/teams/prj_groupsites-0809042,1d0bb0ed-4072-42c9-9022-e9e077f4a089,,,,Bonnie Test,BonnieTest@7rkd12.onmicrosoft.com,Mihal,Mihal@7rkd12.onmicrosoft.com,Bonnie Test,BonnieTest@7rkd12.onmicrosoft.com,,,,Asia-Pacific,Team site (no Microsoft 365 group),25600,0.005,Existing external users,,Indexed,,,Claimed,2026-08-10 16:12:05,,2026-08-12 05:07:06,2027-02-12 05:07:06,2026-08-12 05:10:45,In compliance,,,ADB - SharePoint Site Renewal,ADB - Do not allow External Sharing (SharePoint Site),,,,,,,,,,No,,,,,,,,,,,,,CSD,,,,CGAdoption,EDRMS Project Site,,,,,,,,,,,,,,,,,,,,,,,,groupsites-0809042,
Site,Group Sites-0809038,,Active,Active,,https://7rkd12.sharepoint.com/teams/prj_groupsites-0809038,c2205c85-9adc-4db4-ba93-d6417b49dd8e,,,,Bonnie Test,BonnieTest@7rkd12.onmicrosoft.com,Mihal,Mihal@7rkd12.onmicrosoft.com,Bonnie Test,BonnieTest@7rkd12.onmicrosoft.com,,,,Asia-Pacific,Team site (no Microsoft 365 group),25600,0.004,Existing external users,,Indexed,,,Claimed,2026-08-10 16:11:19,,2026-08-11 00:40:41,2027-02-11 00:40:41,2026-08-11 00:44:57,In compliance,,,ADB - SharePoint Site Renewal,ADB - Do not allow External Sharing (SharePoint Site),,,,,,,,,,No,,,,,,,,,,,,,CSD,,,,CGAdoption,EDRMS Project Site,,,,,,,,,,,,,,,,,,,,,,,,groupsites-0809038,
Site,Group Sites-0809036,,Active,Active,,https://7rkd12.sharepoint.com/teams/prj_groupsites-0809036,c3aa459b-0074-4126-9aad-da0a8635f306,,,,Bonnie Test,BonnieTest@7rkd12.onmicrosoft.com,Mihal,Mihal@7rkd12.onmicrosoft.com,Bonnie Test,BonnieTest@7rkd12.onmicrosoft.com,,,,Asia-Pacific,Team site (no Microsoft 365 group),25600,0.005,Existing external users,,Indexed,,,Claimed,2026-08-10 16:11:11,,2026-08-12 07:48:04,2027-02-12 07:48:04,2026-08-12 07:50:18,In compliance,,,ADB - SharePoint Site Renewal,ADB - Do not allow External Sharing (SharePoint Site),,,,,,,,,,No,,,,,,,,,,,,,CSD,,,,CGAdoption,EDRMS Project Site,,,,,,,,,,,,,,,,,,,,,,,,groupsites-0809036,
Site,Group Sites-0809035,,Active,Active,,https://7rkd12.sharepoint.com/teams/prj_groupsites-0809035,7084ac0d-74c7-4adf-9415-7bb51a8c44ab,,,,Bonnie Test,BonnieTest@7rkd12.onmicrosoft.com,Mihal,Mihal@7rkd12.onmicrosoft.com,Bonnie Test,BonnieTest@7rkd12.onmicrosoft.com,,,,Asia-Pacific,Team site (no Microsoft 365 group),25600,0.004,New and existing external users,,Indexed,,,Claimed,2026-08-10 16:11:06,,2026-08-12 10:43:59,2027-02-12 10:43:59,2026-08-12 10:46:44,In compliance,,,ADB - SharePoint Site Renewal,ADB - Do not allow External Sharing (SharePoint Site),,,,,,,,,,No,,,,,,,,,,,,,CSD,,,,CGAdoption,EDRMS Project Site,,,,,,,,,,,,,,,,,,,,,,,,groupsites-0809035,
Site,Group Sites-0809034,,Active,Active,,https://7rkd12.sharepoint.com/teams/prj_groupsites-0809034,e196d77f-8449-4752-bb25-4c63c599c16d,,,,Bonnie Test,BonnieTest@7rkd12.onmicrosoft.com,Mihal,Mihal@7rkd12.onmicrosoft.com,Bonnie Test,BonnieTest@7rkd12.onmicrosoft.com,,,,Asia-Pacific,Team site (no Microsoft 365 group),25600,0.005,Existing external users,,Indexed,,,Claimed,2026-08-10 16:11:02,,2026-08-12 07:32:10,2027-02-12 07:32:10,2026-08-12 07:37:14,In compliance,,,ADB - SharePoint Site Renewal,ADB - Do not allow External Sharing (SharePoint Site),,,,,,,,,,No,,,,,,,,,,,,,CSD,,,,CGAdoption,EDRMS Project Site,,,,,,,,,,,,,,,,,,,,,,,,groupsites-0809034,
Site,Group Sites-0809033,,Active,Active,,https://7rkd12.sharepoint.com/teams/prj_groupsites-0809033,73b02f8b-3795-4818-aa79-7dd4b0c06b48,,,,Bonnie Test,BonnieTest@7rkd12.onmicrosoft.com,Mihal,Mihal@7rkd12.onmicrosoft.com,Bonnie Test,BonnieTest@7rkd12.onmicrosoft.com,,,,Asia-Pacific,Team site (no Microsoft 365 group),25600,0.005,Existing external users,,Indexed,,,Claimed,2026-08-10 16:11:01,,2026-08-11 22:53:53,2027-02-11 22:53:53,2026-08-11 22:56:18,In compliance,,,ADB - SharePoint Site Renewal,ADB - Do not allow External Sharing (SharePoint Site),,,,,,,,,,No,,,,,,,,,,,,,CSD,,,,CGAdoption,EDRMS Project Site,,,,,,,,,,,,,,,,,,,,,,,,groupsites-0809033,
Site,Group Sites-0809032,,Active,Active,,https://7rkd12.sharepoint.com/teams/prj_groupsites-0809032,17626ede-67f7-47ab-8227-655ff0e85180,,,,Bonnie Test,BonnieTest@7rkd12.onmicrosoft.com,Mihal,Mihal@7rkd12.onmicrosoft.com,Bonnie Test,BonnieTest@7rkd12.onmicrosoft.com,,,,Asia-Pacific,Team site (no Microsoft 365 group),25600,0.004,Existing external users,,Indexed,,,Claimed,2026-08-10 16:10:40,,2026-08-11 15:19:25,2027-02-11 15:19:25,2026-08-11 15:24:26,In compliance,,,ADB - SharePoint Site Renewal,ADB - Do not allow External Sharing (SharePoint Site),,,,,,,,,,No,,,,,,,,,,,,,CSD,,,,CGAdoption,EDRMS Project Site,,,,,,,,,,,,,,,,,,,,,,,,groupsites-0809032,
Site,Group Sites-0809031,,Active,Active,,https://7rkd12.sharepoint.com/teams/prj_groupsites-0809031,d4dc62f8-b21c-4392-b673-3aa1293d5a57,,,,Bonnie Test,BonnieTest@7rkd12.onmicrosoft.com,Mihal,Mihal@7rkd12.onmicrosoft.com,Bonnie Test,BonnieTest@7rkd12.onmicrosoft.com,,,,Asia-Pacific,Team site (no Microsoft 365 group),25600,0.004,Existing external users,,Indexed,,,Claimed,2026-08-10 16:10:33,,2026-08-12 15:37:28,2027-02-12 15:37:28,2026-08-12 15:42:38,In compliance,,,ADB - SharePoint Site Renewal,ADB - Do not allow External Sharing (SharePoint Site),,,,,,,,,,No,,,,,,,,,,,,,CSD,,,,CGAdoption,EDRMS Project Site,,,,,,,,,,,,,,,,,,,,,,,,groupsites-0809031,
Site,Group Sites-0809030,,Active,Active,,https://7rkd12.sharepoint.com/teams/prj_groupsites-0809030,c50972ee-5820-4b47-aac1-dadebfeb04ee,,,,Bonnie Test,BonnieTest@7rkd12.onmicrosoft.com,Mihal,Mihal@7rkd12.onmicrosoft.com,Bonnie Test,BonnieTest@7rkd12.onmicrosoft.com,,,,Asia-Pacific,Team site (no Microsoft 365 group),25600,0.005,New and existing external users,,Indexed,,,Claimed,2026-08-10 16:10:13,,2026-08-12 23:01:49,2027-02-12 23:01:49,2026-08-12 23:03:57,In compliance,,,ADB - SharePoint Site Renewal,ADB - Do not allow External Sharing (SharePoint Site),,,,,,,,,,No,,,,,,,,,,,,,CSD,,,,CGAdoption,EDRMS Project Site,,,,,,,,,,,,,,,,,,,,,,,,groupsites-0809030,
Site,Group Sites-0809029,,Active,Active,,https://7rkd12.sharepoint.com/teams/prj_groupsites-0809029,60f458e2-c6ee-4b33-9580-512df24c7306,,,,Bonnie Test,BonnieTest@7rkd12.onmicrosoft.com,Mihal,Mihal@7rkd12.onmicrosoft.com,Bonnie Test,BonnieTest@7rkd12.onmicrosoft.com,,,,Asia-Pacific,Team site (no Microsoft 365 group),25600,0.005,New and existing external users,,Indexed,,,Claimed,2026-08-10 16:10:10,,2026-08-12 23:40:17,2027-02-12 23:40:17,2026-08-12 23:40:58,In compliance,,,ADB - SharePoint Site Renewal,ADB - Do not allow External Sharing (SharePoint Site),,,,,,,,,,No,,,,,,,,,,,,,CSD,,,,CGAdoption,EDRMS Project Site,,,,,,,,,,,,,,,,,,,,,,,,groupsites-0809029,
Site,Group Sites-0809027,,Active,Active,,https://7rkd12.sharepoint.com/teams/prj_groupsites-0809027,9044f2ba-2972-4b97-aa1d-142b43d4f5e4,,,,Bonnie Test,BonnieTest@7rkd12.onmicrosoft.com,Mihal,Mihal@7rkd12.onmicrosoft.com,Bonnie Test,BonnieTest@7rkd12.onmicrosoft.com,,,,Asia-Pacific,Team site (no Microsoft 365 group),25600,0.005,New and existing external users,,Indexed,,,Claimed,2026-08-10 16:10:00,,2026-08-12 14:06:24,2027-02-12 14:06:24,2026-08-12 14:09:12,In compliance,,,ADB - SharePoint Site Renewal,ADB - Do not allow External Sharing (SharePoint Site),,,,,,,,,,No,,,,,,,,,,,,,CSD,,,,CGAdoption,EDRMS Project Site,,,,,,,,,,,,,,,,,,,,,,,,groupsites-0809027,
Site,Group Sites-0809026,,Active,Active,,https://7rkd12.sharepoint.com/teams/prj_groupsites-0809026,9b1f0784-2c4d-468c-882b-18ff9a3860e8,,,,Bonnie Test,BonnieTest@7rkd12.onmicrosoft.com,Mihal,Mihal@7rkd12.onmicrosoft.com,Bonnie Test,BonnieTest@7rkd12.onmicrosoft.com,,,,Asia-Pacific,Team site (no Microsoft 365 group),25600,0.005,Existing external users,,Indexed,,,Claimed,2026-08-10 16:09:58,,2026-08-12 04:54:48,2027-02-12 04:54:48,2026-08-12 04:59:29,In compliance,,,ADB - SharePoint Site Renewal,ADB - Do not allow External Sharing (SharePoint Site),,,,,,,,,,No,,,,,,,,,,,,,CSD,,,,CGAdoption,EDRMS Project Site,,,,,,,,,,,,,,,,,,,,,,,,groupsites-0809026,
Site,Group Sites-0809025,,Active,Active,,https://7rkd12.sharepoint.com/teams/prj_groupsites-0809025,cc1476c7-ffbb-42de-99ef-ded90f4ea323,,,,Bonnie Test,BonnieTest@7rkd12.onmicrosoft.com,Mihal,Mihal@7rkd12.onmicrosoft.com,Bonnie Test,BonnieTest@7rkd12.onmicrosoft.com,,,,Asia-Pacific,Team site (no Microsoft 365 group),25600,0.005,New and existing external users,,Indexed,,,Claimed,2026-08-10 16:09:53,,2026-08-12 00:54:15,2027-02-12 00:54:15,2026-08-12 00:57:17,In compliance,,,ADB - SharePoint Site Renewal,ADB - Do not allow External Sharing (SharePoint Site),,,,,,,,,,No,,,,,,,,,,,,,CSD,,,,CGAdoption,EDRMS Project Site,,,,,,,,,,,,,,,,,,,,,,,,groupsites-0809025,
Site,Group Sites-0809024,,Active,Active,,https://7rkd12.sharepoint.com/teams/prj_groupsites-0809024,e66d5a2b-88dc-4528-b5c2-9a07a7693597,,,,Bonnie Test,BonnieTest@7rkd12.onmicrosoft.com,Mihal,Mihal@7rkd12.onmicrosoft.com,Bonnie Test,BonnieTest@7rkd12.onmicrosoft.com,,,,Asia-Pacific,Team site (no Microsoft 365 group),25600,0.004,Existing external users,,Indexed,,,Claimed,2026-08-10 16:09:50,,2026-08-11 12:18:19,2027-02-11 12:18:19,2026-08-11 12:22:01,In compliance,,,ADB - SharePoint Site Renewal,ADB - Do not allow External Sharing (SharePoint Site),,,,,,,,,,No,,,,,,,,,,,,,CSD,,,,CGAdoption,EDRMS Project Site,,,,,,,,,,,,,,,,,,,,,,,,groupsites-0809024,
Site,Group Sites-0809023,,Active,Active,,https://7rkd12.sharepoint.com/teams/prj_groupsites-0809023,0a8aa3bb-9544-4830-97f2-fc0810d30a30,,,,Bonnie Test,BonnieTest@7rkd12.onmicrosoft.com,Mihal,Mihal@7rkd12.onmicrosoft.com,Bonnie Test,BonnieTest@7rkd12.onmicrosoft.com,,,,Asia-Pacific,Team site (no Microsoft 365 group),25600,0.005,New and existing external users,,Indexed,,,Claimed,2026-08-10 16:09:50,,2026-08-12 00:53:02,2027-02-12 00:53:02,2026-08-12 00:54:17,In compliance,,,ADB - SharePoint Site Renewal,ADB - Do not allow External Sharing (SharePoint Site),,,,,,,,,,No,,,,,,,,,,,,,CSD,,,,CGAdoption,EDRMS Project Site,,,,,,,,,,,,,,,,,,,,,,,,groupsites-0809023,
Site,Group Sites-0809022,,Active,Active,,https://7rkd12.sharepoint.com/teams/prj_groupsites-0809022,274b574a-991e-4542-b515-3cd7404a14ba,,,,Bonnie Test,BonnieTest@7rkd12.onmicrosoft.com,Mihal,Mihal@7rkd12.onmicrosoft.com,Bonnie Test,BonnieTest@7rkd12.onmicrosoft.com,,,,Asia-Pacific,Team site (no Microsoft 365 group),25600,0.004,Existing external users,,Indexed,,,Claimed,2026-08-10 16:09:27,,2026-08-11 14:33:51,2027-02-11 14:33:51,2026-08-11 14:38:46,In compliance,,,ADB - SharePoint Site Renewal,ADB - Do not allow External Sharing (SharePoint Site),,,,,,,,,,No,,,,,,,,,,,,,CSD,,,,CGAdoption,EDRMS Project Site,,,,,,,,,,,,,,,,,,,,,,,,groupsites-0809022,
Site,Group Sites-0809021,,Active,Active,,https://7rkd12.sharepoint.com/teams/prj_groupsites-0809021,9daed4b7-63d8-4af2-8a92-304bfada6428,,,,Bonnie Test,BonnieTest@7rkd12.onmicrosoft.com,Mihal,Mihal@7rkd12.onmicrosoft.com,Bonnie Test,BonnieTest@7rkd12.onmicrosoft.com,,,,Asia-Pacific,Team site (no Microsoft 365 group),25600,0.005,New and existing external users,,Indexed,,,Claimed,2026-08-10 16:08:51,,2026-08-13 01:54:15,2027-02-13 01:54:15,2026-08-13 01:57:06,In compliance,,,ADB - SharePoint Site Renewal,ADB - Do not allow External Sharing (SharePoint Site),,,,,,,,,,No,,,,,,,,,,,,,CSD,,,,CGAdoption,EDRMS Project Site,,,,,,,,,,,,,,,,,,,,,,,,groupsites-0809021,
Site,Group Sites-0809020,,Active,Active,,https://7rkd12.sharepoint.com/teams/prj_groupsites-0809020,6c1b6e4f-5a7d-4de6-ba03-435d8c9c1aab,,,,Bonnie Test,BonnieTest@7rkd12.onmicrosoft.com,Mihal,Mihal@7rkd12.onmicrosoft.com,Bonnie Test,BonnieTest@7rkd12.onmicrosoft.com,,,,Asia-Pacific,Team site (no Microsoft 365 group),25600,0.005,New and existing external users,,Indexed,,,Claimed,2026-08-10 16:08:49,,2026-08-12 11:41:51,2027-02-12 11:41:51,2026-08-12 11:44:05,In compliance,,,ADB - SharePoint Site Renewal,ADB - Do not allow External Sharing (SharePoint Site),,,,,,,,,,No,,,,,,,,,,,,,CSD,,,,CGAdoption,EDRMS Project Site,,,,,,,,,,,,,,,,,,,,,,,,groupsites-0809020,
Site,Group Sites-0809019,,Active,Active,,https://7rkd12.sharepoint.com/teams/prj_groupsites-0809019,593ca812-de56-4db3-8f01-2f691c3846fd,,,,Bonnie Test,BonnieTest@7rkd12.onmicrosoft.com,Mihal,Mihal@7rkd12.onmicrosoft.com,Bonnie Test,BonnieTest@7rkd12.onmicrosoft.com,,,,Asia-Pacific,Team site (no Microsoft 365 group),25600,0.004,New and existing external users,,Indexed,,,Claimed,2026-08-10 16:08:43,,2026-08-12 11:50:38,2027-02-12 11:50:38,2026-08-12 11:56:34,In compliance,,,ADB - SharePoint Site Renewal,ADB - Do not allow External Sharing (SharePoint Site),,,,,,,,,,No,,,,,,,,,,,,,CSD,,,,CGAdoption,EDRMS Project Site,,,,,,,,,,,,,,,,,,,,,,,,groupsites-0809019,
Site,Group Sites-0809018,,Active,Active,,https://7rkd12.sharepoint.com/teams/prj_groupsites-0809018,ae0670a6-9f73-40d5-acd5-9e6c12bc5a21,,,,Bonnie Test,BonnieTest@7rkd12.onmicrosoft.com,Mihal,Mihal@7rkd12.onmicrosoft.com,Bonnie Test,BonnieTest@7rkd12.onmicrosoft.com,,,,Asia-Pacific,Team site (no Microsoft 365 group),25600,0.005,New and existing external users,,Indexed,,,Claimed,2026-08-10 16:08:39,,2026-08-12 14:02:08,2027-02-12 14:02:08,2026-08-12 14:04:33,In compliance,,,ADB - SharePoint Site Renewal,ADB - Do not allow External Sharing (SharePoint Site),,,,,,,,,,No,,,,,,,,,,,,,CSD,,,,CGAdoption,EDRMS Project Site,,,,,,,,,,,,,,,,,,,,,,,,groupsites-0809018,
Site,Group Sites-0809017,,Active,Active,,https://7rkd12.sharepoint.com/teams/prj_groupsites-0809017,0f7d41d1-2626-4aec-b11e-b8dc8f6788ae,,,,Bonnie Test,BonnieTest@7rkd12.onmicrosoft.com,Mihal,Mihal@7rkd12.onmicrosoft.com,Bonnie Test,BonnieTest@7rkd12.onmicrosoft.com,,,,Asia-Pacific,Team site (no Microsoft 365 group),25600,0.004,New and existing external users,,Indexed,,,Claimed,2026-08-10 16:08:32,,2026-08-12 15:56:58,2027-02-12 15:56:58,2026-08-12 15:58:09,In compliance,,,ADB - SharePoint Site Renewal,ADB - Do not allow External Sharing (SharePoint Site),,,,,,,,,,No,,,,,,,,,,,,,CSD,,,,CGAdoption,EDRMS Project Site,,,,,,,,,,,,,,,,,,,,,,,,groupsites-0809017,
Site,Group Sites-0809016,,Active,Active,,https://7rkd12.sharepoint.com/teams/prj_groupsites-0809016,aa1cf6e6-fa09-4435-b6b4-f0305375ed33,,,,Bonnie Test,BonnieTest@7rkd12.onmicrosoft.com,Mihal,Mihal@7rkd12.onmicrosoft.com,Bonnie Test,BonnieTest@7rkd12.onmicrosoft.com,,,,Asia-Pacific,Team site (no Microsoft 365 group),25600,0.004,Existing external users,,Indexed,,,Claimed,2026-08-10 16:08:29,,2026-08-12 18:06:14,2027-02-12 18:06:14,2026-08-12 18:08:37,In compliance,,,ADB - SharePoint Site Renewal,ADB - Do not allow External Sharing (SharePoint Site),,,,,,,,,,No,,,,,,,,,,,,,CSD,,,,CGAdoption,EDRMS Project Site,,,,,,,,,,,,,,,,,,,,,,,,groupsites-0809016,
Site,Group Sites-0809015,,Active,Active,,https://7rkd12.sharepoint.com/teams/prj_groupsites-0809015,221729f5-3fd2-42ae-adfb-8aca8bea8900,,,,Bonnie Test,BonnieTest@7rkd12.onmicrosoft.com,Mihal,Mihal@7rkd12.onmicrosoft.com,Bonnie Test,BonnieTest@7rkd12.onmicrosoft.com,,,,Asia-Pacific,Team site (no Microsoft 365 group),25600,0.005,Existing external users,,Indexed,,,Claimed,2026-08-10 16:08:07,,2026-08-11 20:20:34,2027-02-11 20:20:34,2026-08-11 20:24:19,In compliance,,,ADB - SharePoint Site Renewal,ADB - Do not allow External Sharing (SharePoint Site),,,,,,,,,,No,,,,,,,,,,,,,CSD,,,,CGAdoption,EDRMS Project Site,,,,,,,,,,,,,,,,,,,,,,,,groupsites-0809015,
Site,Group Sites-0809014,,Active,Active,,https://7rkd12.sharepoint.com/teams/prj_groupsites-0809014,00355417-42ca-4969-b813-7c55640bad66,,,,Bonnie Test,BonnieTest@7rkd12.onmicrosoft.com,Mihal,Mihal@7rkd12.onmicrosoft.com,Bonnie Test,BonnieTest@7rkd12.onmicrosoft.com,,,,Asia-Pacific,Team site (no Microsoft 365 group),25600,0.005,New and existing external users,,Indexed,,,Claimed,2026-08-10 16:08:04,,2026-08-12 05:39:40,2027-02-12 05:39:40,2026-08-12 05:41:57,In compliance,,,ADB - SharePoint Site Renewal,ADB - Do not allow External Sharing (SharePoint Site),,,,,,,,,,No,,,,,,,,,,,,,CSD,,,,CGAdoption,EDRMS Project Site,,,,,,,,,,,,,,,,,,,,,,,,groupsites-0809014,
Site,Group Sites-0809013,,Active,Active,,https://7rkd12.sharepoint.com/teams/prj_groupsites-0809013,33641f63-5f98-4f2b-a805-3ee4edd3571c,,,,Bonnie Test,BonnieTest@7rkd12.onmicrosoft.com,Mihal,Mihal@7rkd12.onmicrosoft.com,Bonnie Test,BonnieTest@7rkd12.onmicrosoft.com,,,,Asia-Pacific,Team site (no Microsoft 365 group),25600,0.005,Existing external users,,Indexed,,,Claimed,2026-08-10 16:07:58,,2026-08-13 15:28:20,2027-02-13 15:28:20,2026-08-13 15:29:29,In compliance,,,ADB - SharePoint Site Renewal,ADB - Do not allow External Sharing (SharePoint Site),,,,,,,,,,No,,,,,,,,,,,,,CSD,,,,CGAdoption,EDRMS Project Site,,,,,,,,,,,,,,,,,,,,,,,,groupsites-0809013,
Site,Group Sites-0809010,,Active,Active,,https://7rkd12.sharepoint.com/teams/prj_groupsites-0809010,a8b08105-7563-4b68-a048-31104d8fb516,,,,Bonnie Test,BonnieTest@7rkd12.onmicrosoft.com,Mihal,Mihal@7rkd12.onmicrosoft.com,Bonnie Test,BonnieTest@7rkd12.onmicrosoft.com,,,,Asia-Pacific,Team site (no Microsoft 365 group),25600,0.005,Existing external users,,Indexed,,,Claimed,2026-08-10 16:07:39,,2026-08-12 07:46:53,2027-02-12 07:46:53,2026-08-12 07:47:54,In compliance,,,ADB - SharePoint Site Renewal,ADB - Do not allow External Sharing (SharePoint Site),,,,,,,,,,No,,,,,,,,,,,,,CSD,,,,CGAdoption,EDRMS Project Site,,,,,,,,,,,,,,,,,,,,,,,,groupsites-0809010,
Site,Group Sites-0809009,,Active,Active,,https://7rkd12.sharepoint.com/teams/prj_groupsites-0809009,f1c7010b-b702-4025-85dd-63a6f02e1407,,,,Bonnie Test,BonnieTest@7rkd12.onmicrosoft.com,Mihal,Mihal@7rkd12.onmicrosoft.com,Bonnie Test,BonnieTest@7rkd12.onmicrosoft.com,,,,Asia-Pacific,Team site (no Microsoft 365 group),25600,0.004,New and existing external users,,Indexed,,,Claimed,2026-08-10 16:07:36,,2026-08-12 12:29:27,2027-02-12 12:29:27,2026-08-12 12:33:27,In compliance,,,ADB - SharePoint Site Renewal,ADB - Do not allow External Sharing (SharePoint Site),,,,,,,,,,No,,,,,,,,,,,,,CSD,,,,CGAdoption,EDRMS Project Site,,,,,,,,,,,,,,,,,,,,,,,,groupsites-0809009,
Site,Group Sites-0809007,,Active,Active,,https://7rkd12.sharepoint.com/teams/prj_groupsites-0809007,d766efaa-4d60-401a-9ba5-a3f3f5e3bb61,,,,Bonnie Test,BonnieTest@7rkd12.onmicrosoft.com,Mihal,Mihal@7rkd12.onmicrosoft.com,Bonnie Test,BonnieTest@7rkd12.onmicrosoft.com,,,,Asia-Pacific,Team site (no Microsoft 365 group),25600,0.005,New and existing external users,,Indexed,,,Claimed,2026-08-10 16:07:29,,2026-08-12 20:12:19,2027-02-12 20:12:19,2026-08-12 20:14:13,In compliance,,,ADB - SharePoint Site Renewal,ADB - Do not allow External Sharing (SharePoint Site),,,,,,,,,,No,,,,,,,,,,,,,CSD,,,,CGAdoption,EDRMS Project Site,,,,,,,,,,,,,,,,,,,,,,,,groupsites-0809007,
Site,Group Sites-0809008,,Active,Active,,https://7rkd12.sharepoint.com/teams/prj_groupsites-0809008,33524103-4e4e-4ba4-b484-ac1ad310772b,,,,Bonnie Test,BonnieTest@7rkd12.onmicrosoft.com,Mihal,Mihal@7rkd12.onmicrosoft.com,Bonnie Test,BonnieTest@7rkd12.onmicrosoft.com,,,,Asia-Pacific,Team site (no Microsoft 365 group),25600,0.004,New and existing external users,,Indexed,,,Claimed,2026-08-10 16:07:29,,2026-08-12 19:27:19,2027-02-12 19:27:19,2026-08-12 19:30:43,In compliance,,,ADB - SharePoint Site Renewal,ADB - Do not allow External Sharing (SharePoint Site),,,,,,,,,,No,,,,,,,,,,,,,CSD,,,,CGAdoption,EDRMS Project Site,,,,,,,,,,,,,,,,,,,,,,,,groupsites-0809008,
Site,Group Sites-0809006,,Active,Active,,https://7rkd12.sharepoint.com/teams/prj_groupsites-0809006,3fa30006-620f-4a2a-b8f6-e5fa36a5b367,,,,Bonnie Test,BonnieTest@7rkd12.onmicrosoft.com,Mihal,Mihal@7rkd12.onmicrosoft.com,Bonnie Test,BonnieTest@7rkd12.onmicrosoft.com,,,,Asia-Pacific,Team site (no Microsoft 365 group),25600,0.004,New and existing external users,,Indexed,,,Claimed,2026-08-10 16:07:28,,2026-08-12 18:14:01,2027-02-12 18:14:01,2026-08-12 18:17:37,In compliance,,,ADB - SharePoint Site Renewal,ADB - Do not allow External Sharing (SharePoint Site),,,,,,,,,,No,,,,,,,,,,,,,CSD,,,,CGAdoption,EDRMS Project Site,,,,,,,,,,,,,,,,,,,,,,,,groupsites-0809006,
Site,Group Sites-0809005,,Active,Active,,https://7rkd12.sharepoint.com/teams/prj_groupsites-0809005,b488ddb7-83d7-402e-9e86-0c55c7260f19,,,,Bonnie Test,BonnieTest@7rkd12.onmicrosoft.com,Mihal,Mihal@7rkd12.onmicrosoft.com,Bonnie Test,BonnieTest@7rkd12.onmicrosoft.com,,,,Asia-Pacific,Team site (no Microsoft 365 group),25600,0.005,New and existing external users,,Indexed,,,Claimed,2026-08-10 16:07:19,,2026-08-12 19:54:27,2027-02-12 19:54:27,2026-08-12 19:56:17,In compliance,,,ADB - SharePoint Site Renewal,ADB - Do not allow External Sharing (SharePoint Site),,,,,,,,,,No,,,,,,,,,,,,,CSD,,,,CGAdoption,EDRMS Project Site,,,,,,,,,,,,,,,,,,,,,,,,groupsites-0809005,
Site,Group Sites-0809004,,Active,Active,,https://7rkd12.sharepoint.com/teams/prj_groupsites-0809004,23516e57-235a-4d76-8ce2-fe650c6e102a,,,,Bonnie Test,BonnieTest@7rkd12.onmicrosoft.com,Mihal,Mihal@7rkd12.onmicrosoft.com,Bonnie Test,BonnieTest@7rkd12.onmicrosoft.com,,,,Asia-Pacific,Team site (no Microsoft 365 group),25600,0.004,Existing external users,,Indexed,,,Claimed,2026-08-10 16:07:15,,2026-08-11 13:18:02,2027-02-11 13:18:02,2026-08-11 13:25:27,In compliance,,,ADB - SharePoint Site Renewal,ADB - Do not allow External Sharing (SharePoint Site),,,,,,,,,,No,,,,,,,,,,,,,CSD,,,,CGAdoption,EDRMS Project Site,,,,,,,,,,,,,,,,,,,,,,,,groupsites-0809004,
Site,Group Sites-0809003,,Active,Active,,https://7rkd12.sharepoint.com/teams/prj_groupsites-0809003,8d96eebe-7d29-4ee5-9d47-6aa49253d181,,,,Bonnie Test,BonnieTest@7rkd12.onmicrosoft.com,Mihal,Mihal@7rkd12.onmicrosoft.com,Bonnie Test,BonnieTest@7rkd12.onmicrosoft.com,,,,Asia-Pacific,Team site (no Microsoft 365 group),25600,0.005,New and existing external users,,Indexed,,,Claimed,2026-08-10 16:07:02,,2026-08-12 08:34:19,2027-02-12 08:34:19,2026-08-12 08:35:04,In compliance,,,ADB - SharePoint Site Renewal,ADB - Do not allow External Sharing (SharePoint Site),,,,,,,,,,No,,,,,,,,,,,,,CSD,,,,CGAdoption,EDRMS Project Site,,,,,,,,,,,,,,,,,,,,,,,,groupsites-0809003,
Site,Group Sites-0809002,,Active,Active,,https://7rkd12.sharepoint.com/teams/prj_groupsites-0809002,1c001ed2-1a4b-4a04-96c3-aaaada5a6871,,,,Bonnie Test,BonnieTest@7rkd12.onmicrosoft.com,Mihal,Mihal@7rkd12.onmicrosoft.com,Bonnie Test,BonnieTest@7rkd12.onmicrosoft.com,,,,Asia-Pacific,Team site (no Microsoft 365 group),25600,0.005,New and existing external users,,Indexed,,,Claimed,2026-08-10 16:07:00,,2026-08-11 22:42:03,2027-02-11 22:42:03,2026-08-11 22:45:05,In compliance,,,ADB - SharePoint Site Renewal,ADB - Do not allow External Sharing (SharePoint Site),,,,,,,,,,No,,,,,,,,,,,,,CSD,,,,CGAdoption,EDRMS Project Site,,,,,,,,,,,,,,,,,,,,,,,,groupsites-0809002,
Site,Group Sites-0809001,,Active,Active,,https://7rkd12.sharepoint.com/teams/prj_groupsites-0809001,a95f1183-4959-40d4-bd36-96ffce82de42,,,,Bonnie Test,BonnieTest@7rkd12.onmicrosoft.com,Mihal,Mihal@7rkd12.onmicrosoft.com,Bonnie Test,BonnieTest@7rkd12.onmicrosoft.com,,,,Asia-Pacific,Team site (no Microsoft 365 group),25600,0.005,Existing external users,,Indexed,,,Claimed,2026-08-10 16:06:52,,2026-08-12 00:02:14,2027-02-12 00:02:14,2026-08-12 00:08:01,In compliance,,,ADB - SharePoint Site Renewal,ADB - Do not allow External Sharing (SharePoint Site),,,,,,,,,,No,,,,,,,,,,,,,CSD,,,,CGAdoption,EDRMS Project Site,,,,,,,,,,,,,,,,,,,,,,,,groupsites-0809001,
Site,Team Sites-0810100,,Active,Active,,https://7rkd12.sharepoint.com/teams/prj_teamsites-0810100,fcd41b42-4511-4c0f-a966-f30a33ec11e0,,,,Bonnie Test,BonnieTest@7rkd12.onmicrosoft.com,Mihal,Mihal@7rkd12.onmicrosoft.com,Bonnie Test,BonnieTest@7rkd12.onmicrosoft.com,,,,Asia-Pacific,Team site (no Microsoft 365 group),25600,0.004,Existing external users,,Indexed,,,Claimed,2026-08-10 16:06:49,,2026-08-11 14:05:12,2027-02-11 14:05:12,2026-08-11 14:10:08,In compliance,,,ADB - SharePoint Site Renewal,ADB - Do not allow External Sharing (SharePoint Site),,,,,,,,,,No,,,,,,,,,,,,,CSD,,,,CGAdoption,EDRMS Project Site,,,,,,,,,,,,,,,,,,,,,,,,teamsites-0810100,
Site,Team Sites-0810099,,Active,Active,,https://7rkd12.sharepoint.com/teams/prj_teamsites-0810099,245899b7-e19f-49f2-b671-3f039c1a3a56,,,,Bonnie Test,BonnieTest@7rkd12.onmicrosoft.com,Mihal,Mihal@7rkd12.onmicrosoft.com,Bonnie Test,BonnieTest@7rkd12.onmicrosoft.com,,,,Asia-Pacific,Team site (no Microsoft 365 group),25600,0.004,Existing external users,,Indexed,,,Claimed,2026-08-10 16:06:47,,2026-08-11 05:08:25,2027-02-11 05:08:25,2026-08-11 05:13:21,In compliance,,,ADB - SharePoint Site Renewal,ADB - Do not allow External Sharing (SharePoint Site),,,,,,,,,,No,,,,,,,,,,,,,CSD,,,,CGAdoption,EDRMS Project Site,,,,,,,,,,,,,,,,,,,,,,,,teamsites-0810099,
Site,Team Sites-0810098,,Active,Active,,https://7rkd12.sharepoint.com/teams/prj_teamsites-0810098,78b8ea66-e8e4-48a3-b52d-4b02051e0b14,,,,Bonnie Test,BonnieTest@7rkd12.onmicrosoft.com,Mihal,Mihal@7rkd12.onmicrosoft.com,Bonnie Test,BonnieTest@7rkd12.onmicrosoft.com,,,,Asia-Pacific,Team site (no Microsoft 365 group),25600,0.004,Existing external users,,Indexed,,,Claimed,2026-08-10 16:06:40,,2026-08-12 13:14:12,2027-02-12 13:14:12,2026-08-12 13:16:19,In compliance,,,ADB - SharePoint Site Renewal,ADB - Do not allow External Sharing (SharePoint Site),,,,,,,,,,No,,,,,,,,,,,,,CSD,,,,CGAdoption,EDRMS Project Site,,,,,,,,,,,,,,,,,,,,,,,,teamsites-0810098,
Site,Team Sites-0810097,,Active,Active,,https://7rkd12.sharepoint.com/teams/prj_teamsites-0810097,01f7fabb-b097-4dfa-b65b-0938eca62bdc,,,,Bonnie Test,BonnieTest@7rkd12.onmicrosoft.com,Mihal,Mihal@7rkd12.onmicrosoft.com,Bonnie Test,BonnieTest@7rkd12.onmicrosoft.com,,,,Asia-Pacific,Team site (no Microsoft 365 group),25600,0.004,Existing external users,,Indexed,,,Claimed,2026-08-10 16:06:37,,2026-08-12 13:04:32,2027-02-12 13:04:32,2026-08-12 13:08:38,In compliance,,,ADB - SharePoint Site Renewal,ADB - Do not allow External Sharing (SharePoint Site),,,,,,,,,,No,,,,,,,,,,,,,CSD,,,,CGAdoption,EDRMS Project Site,,,,,,,,,,,,,,,,,,,,,,,,teamsites-0810097,
Site,Team Sites-0810096,,Active,Active,,https://7rkd12.sharepoint.com/teams/prj_teamsites-0810096,046e064e-230e-4f2d-9d77-7569af09efa5,,,,Bonnie Test,BonnieTest@7rkd12.onmicrosoft.com,Mihal,Mihal@7rkd12.onmicrosoft.com,Bonnie Test,BonnieTest@7rkd12.onmicrosoft.com,,,,Asia-Pacific,Team site (no Microsoft 365 group),25600,0.005,Existing external users,,Indexed,,,Claimed,2026-08-10 16:06:32,,2026-08-13 02:27:33,2027-02-13 02:27:33,2026-08-13 02:31:17,In compliance,,,ADB - SharePoint Site Renewal,ADB - Do not allow External Sharing (SharePoint Site),,,,,,,,,,No,,,,,,,,,,,,,CSD,,,,CGAdoption,EDRMS Project Site,,,,,,,,,,,,,,,,,,,,,,,,teamsites-0810096,
Site,Team Sites-0810095,,Active,Active,,https://7rkd12.sharepoint.com/teams/prj_teamsites-0810095,d01a41f3-d8e9-41b2-9282-e028d40f314a,,,,Bonnie Test,BonnieTest@7rkd12.onmicrosoft.com,Mihal,Mihal@7rkd12.onmicrosoft.com,Bonnie Test,BonnieTest@7rkd12.onmicrosoft.com,,,,Asia-Pacific,Team site (no Microsoft 365 group),25600,0.004,Existing external users,,Indexed,,,Claimed,2026-08-10 16:06:24,,2026-08-12 13:52:18,2027-02-12 13:52:18,2026-08-12 13:53:31,In compliance,,,ADB - SharePoint Site Renewal,ADB - Do not allow External Sharing (SharePoint Site),,,,,,,,,,No,,,,,,,,,,,,,CSD,,,,CGAdoption,EDRMS Project Site,,,,,,,,,,,,,,,,,,,,,,,,teamsites-0810095,
Site,Team Sites-0810094,,Active,Active,,https://7rkd12.sharepoint.com/teams/prj_teamsites-0810094,1de47c4f-4481-4923-b748-6a16a34564f3,,,,Bonnie Test,BonnieTest@7rkd12.onmicrosoft.com,Mihal,Mihal@7rkd12.onmicrosoft.com,Bonnie Test,BonnieTest@7rkd12.onmicrosoft.com,,,,Asia-Pacific,Team site (no Microsoft 365 group),25600,0.005,Existing external users,,Indexed,,,Claimed,2026-08-10 16:06:24,,2026-08-13 03:29:21,2027-02-13 03:29:21,2026-08-13 03:31:40,In compliance,,,ADB - SharePoint Site Renewal,ADB - Do not allow External Sharing (SharePoint Site),,,,,,,,,,No,,,,,,,,,,,,,CSD,,,,CGAdoption,EDRMS Project Site,,,,,,,,,,,,,,,,,,,,,,,,teamsites-0810094,
Site,Team Sites-0810093,,Active,Active,,https://7rkd12.sharepoint.com/teams/prj_teamsites-0810093,0a62f07e-ca4c-47b8-b245-3dda370c8d13,,,,Bonnie Test,BonnieTest@7rkd12.onmicrosoft.com,Mihal,Mihal@7rkd12.onmicrosoft.com,Bonnie Test,BonnieTest@7rkd12.onmicrosoft.com,,,,Asia-Pacific,Team site (no Microsoft 365 group),25600,0.004,Existing external users,,Indexed,,,Claimed,2026-08-10 16:06:14,,2026-08-12 15:04:35,2027-02-12 15:04:35,2026-08-12 15:08:15,In compliance,,,ADB - SharePoint Site Renewal,ADB - Do not allow External Sharing (SharePoint Site),,,,,,,,,,No,,,,,,,,,,,,,CSD,,,,CGAdoption,EDRMS Project Site,,,,,,,,,,,,,,,,,,,,,,,,teamsites-0810093,
Site,Team Sites-0810092,,Active,Active,,https://7rkd12.sharepoint.com/teams/prj_teamsites-0810092,bf7a4490-85f2-4b2b-b196-e50ebcde9645,,,,Bonnie Test,BonnieTest@7rkd12.onmicrosoft.com,Mihal,Mihal@7rkd12.onmicrosoft.com,Bonnie Test,BonnieTest@7rkd12.onmicrosoft.com,,,,Asia-Pacific,Team site (no Microsoft 365 group),25600,0.004,Existing external users,,Indexed,,,Claimed,2026-08-10 16:06:13,,2026-08-12 16:33:42,2027-02-12 16:33:42,2026-08-12 16:35:13,In compliance,,,ADB - SharePoint Site Renewal,ADB - Do not allow External Sharing (SharePoint Site),,,,,,,,,,No,,,,,,,,,,,,,CSD,,,,CGAdoption,EDRMS Project Site,,,,,,,,,,,,,,,,,,,,,,,,teamsites-0810092,
Site,Team Sites-0810090,,Active,Active,,https://7rkd12.sharepoint.com/teams/prj_teamsites-0810090,4fe9419a-7ac6-4aad-bee4-2412b7ba2467,,,,Bonnie Test,BonnieTest@7rkd12.onmicrosoft.com,Mihal,Mihal@7rkd12.onmicrosoft.com,Bonnie Test,BonnieTest@7rkd12.onmicrosoft.com,,,,Asia-Pacific,Team site (no Microsoft 365 group),25600,0.005,Existing external users,,Indexed,,,Claimed,2026-08-10 16:06:04,,2026-08-13 00:16:45,2027-02-13 00:16:45,2026-08-13 00:19:30,In compliance,,,ADB - SharePoint Site Renewal,ADB - Do not allow External Sharing (SharePoint Site),,,,,,,,,,No,,,,,,,,,,,,,CSD,,,,CGAdoption,EDRMS Project Site,,,,,,,,,,,,,,,,,,,,,,,,teamsites-0810090,
Site,Team Sites-0810089,,Active,Active,,https://7rkd12.sharepoint.com/teams/prj_teamsites-0810089,52c57a9d-538a-420a-b621-90f3c55d8a0b,,,,Bonnie Test,BonnieTest@7rkd12.onmicrosoft.com,Mihal,Mihal@7rkd12.onmicrosoft.com,Bonnie Test,BonnieTest@7rkd12.onmicrosoft.com,,,,Asia-Pacific,Team site (no Microsoft 365 group),25600,0.005,Existing external users,,Indexed,,,Claimed,2026-08-10 16:05:50,,2026-08-13 00:37:15,2027-02-13 00:37:15,2026-08-13 00:39:39,In compliance,,,ADB - SharePoint Site Renewal,ADB - Do not allow External Sharing (SharePoint Site),,,,,,,,,,No,,,,,,,,,,,,,CSD,,,,CGAdoption,EDRMS Project Site,,,,,,,,,,,,,,,,,,,,,,,,teamsites-0810089,
Site,Team Sites-0810088,,Active,Active,,https://7rkd12.sharepoint.com/teams/prj_teamsites-0810088,f26cf221-3962-44d4-bb90-6113f4fb904d,,,,Bonnie Test,BonnieTest@7rkd12.onmicrosoft.com,Mihal,Mihal@7rkd12.onmicrosoft.com,Bonnie Test,BonnieTest@7rkd12.onmicrosoft.com,,,,Asia-Pacific,Team site (no Microsoft 365 group),25600,0.004,Existing external users,,Indexed,,,Claimed,2026-08-10 16:05:31,,2026-08-12 09:10:55,2027-02-12 09:10:55,2026-08-12 09:15:37,In compliance,,,ADB - SharePoint Site Renewal,ADB - Do not allow External Sharing (SharePoint Site),,,,,,,,,,No,,,,,,,,,,,,,CSD,,,,CGAdoption,EDRMS Project Site,,,,,,,,,,,,,,,,,,,,,,,,teamsites-0810088,
Site,Team Sites-0810087,,Active,Active,,https://7rkd12.sharepoint.com/teams/prj_teamsites-0810087,4155971f-a0b2-46b2-a068-8c2739f0789d,,,,Bonnie Test,BonnieTest@7rkd12.onmicrosoft.com,Mihal,Mihal@7rkd12.onmicrosoft.com,Bonnie Test,BonnieTest@7rkd12.onmicrosoft.com,,,,Asia-Pacific,Team site (no Microsoft 365 group),25600,0.004,Existing external users,,Indexed,,,Claimed,2026-08-10 16:05:28,,2026-08-12 09:52:58,2027-02-12 09:52:58,2026-08-12 09:55:42,In compliance,,,ADB - SharePoint Site Renewal,ADB - Do not allow External Sharing (SharePoint Site),,,,,,,,,,No,,,,,,,,,,,,,CSD,,,,CGAdoption,EDRMS Project Site,,,,,,,,,,,,,,,,,,,,,,,,teamsites-0810087,
Site,Team Sites-0810086,,Active,Active,,https://7rkd12.sharepoint.com/teams/prj_teamsites-0810086,a02690ea-a6de-4608-9884-88eab5ae8530,,,,Bonnie Test,BonnieTest@7rkd12.onmicrosoft.com,Mihal,Mihal@7rkd12.onmicrosoft.com,Bonnie Test,BonnieTest@7rkd12.onmicrosoft.com,,,,Asia-Pacific,Team site (no Microsoft 365 group),25600,0.005,Existing external users,,Indexed,,,Claimed,2026-08-10 16:05:23,,2026-08-13 03:15:40,2027-02-13 03:15:40,2026-08-13 03:17:42,In compliance,,,ADB - SharePoint Site Renewal,ADB - Do not allow External Sharing (SharePoint Site),,,,,,,,,,No,,,,,,,,,,,,,CSD,,,,CGAdoption,EDRMS Project Site,,,,,,,,,,,,,,,,,,,,,,,,teamsites-0810086,
Site,Team Sites-0810085,,Active,Active,,https://7rkd12.sharepoint.com/teams/prj_teamsites-0810085,d7519e75-5b47-4b02-bfd8-5699b8f765e1,,,,Bonnie Test,BonnieTest@7rkd12.onmicrosoft.com,Mihal,Mihal@7rkd12.onmicrosoft.com,Bonnie Test,BonnieTest@7rkd12.onmicrosoft.com,,,,Asia-Pacific,Team site (no Microsoft 365 group),25600,0.005,Existing external users,,Indexed,,,Claimed,2026-08-10 16:05:19,,2026-08-13 03:13:19,2027-02-13 03:13:19,2026-08-13 03:14:19,In compliance,,,ADB - SharePoint Site Renewal,ADB - Do not allow External Sharing (SharePoint Site),,,,,,,,,,No,,,,,,,,,,,,,CSD,,,,CGAdoption,EDRMS Project Site,,,,,,,,,,,,,,,,,,,,,,,,teamsites-0810085,
Site,Team Sites-0810084,,Active,Active,,https://7rkd12.sharepoint.com/teams/prj_teamsites-0810084,fe04af66-80df-474a-b6b6-3afbab2a4282,,,,Bonnie Test,BonnieTest@7rkd12.onmicrosoft.com,Mihal,Mihal@7rkd12.onmicrosoft.com,Bonnie Test,BonnieTest@7rkd12.onmicrosoft.com,,,,Asia-Pacific,Team site (no Microsoft 365 group),25600,0.004,Existing external users,,Indexed,,,Claimed,2026-08-10 16:05:15,,2026-08-12 18:59:06,2027-02-12 18:59:06,2026-08-12 19:01:15,In compliance,,,ADB - SharePoint Site Renewal,ADB - Do not allow External Sharing (SharePoint Site),,,,,,,,,,No,,,,,,,,,,,,,CSD,,,,CGAdoption,EDRMS Project Site,,,,,,,,,,,,,,,,,,,,,,,,teamsites-0810084,
Site,Team Sites-0810083,,Active,Active,,https://7rkd12.sharepoint.com/teams/prj_teamsites-0810083,1be8426e-4b82-4f67-9d6d-28673f74f2bd,,,,Bonnie Test,BonnieTest@7rkd12.onmicrosoft.com,Mihal,Mihal@7rkd12.onmicrosoft.com,Bonnie Test,BonnieTest@7rkd12.onmicrosoft.com,,,,Asia-Pacific,Team site (no Microsoft 365 group),25600,0.005,Existing external users,,Indexed,,,Claimed,2026-08-10 16:05:11,,2026-08-12 20:16:18,2027-02-12 20:16:18,2026-08-12 20:17:41,In compliance,,,ADB - SharePoint Site Renewal,ADB - Do not allow External Sharing (SharePoint Site),,,,,,,,,,No,,,,,,,,,,,,,CSD,,,,CGAdoption,EDRMS Project Site,,,,,,,,,,,,,,,,,,,,,,,,teamsites-0810083,
Site,Team Sites-0810082,,Active,Active,,https://7rkd12.sharepoint.com/teams/prj_teamsites-0810082,9a31b827-1d8f-4b81-b783-b93e39d9e769,,,,Bonnie Test,BonnieTest@7rkd12.onmicrosoft.com,Mihal,Mihal@7rkd12.onmicrosoft.com,Bonnie Test,BonnieTest@7rkd12.onmicrosoft.com,,,,Asia-Pacific,Team site (no Microsoft 365 group),25600,0.005,Existing external users,,Indexed,,,Claimed,2026-08-10 16:05:08,,2026-08-12 20:38:50,2027-02-12 20:38:50,2026-08-12 20:40:48,In compliance,,,ADB - SharePoint Site Renewal,ADB - Do not allow External Sharing (SharePoint Site),,,,,,,,,,No,,,,,,,,,,,,,CSD,,,,CGAdoption,EDRMS Project Site,,,,,,,,,,,,,,,,,,,,,,,,teamsites-0810082,
Site,Team Sites-0810081,,Active,Active,,https://7rkd12.sharepoint.com/teams/prj_teamsites-0810081,82b0cecc-1055-4c18-a438-7a7a389443fb,,,,Bonnie Test,BonnieTest@7rkd12.onmicrosoft.com,Mihal,Mihal@7rkd12.onmicrosoft.com,Bonnie Test,BonnieTest@7rkd12.onmicrosoft.com,,,,Asia-Pacific,Team site (no Microsoft 365 group),25600,0.005,Existing external users,,Indexed,,,Claimed,2026-08-10 16:05:07,,2026-08-12 22:12:57,2027-02-12 22:12:57,2026-08-12 22:14:56,In compliance,,,ADB - SharePoint Site Renewal,ADB - Do not allow External Sharing (SharePoint Site),,,,,,,,,,No,,,,,,,,,,,,,CSD,,,,CGAdoption,EDRMS Project Site,,,,,,,,,,,,,,,,,,,,,,,,teamsites-0810081,
Site,Team Sites-0810080,,Active,Active,,https://7rkd12.sharepoint.com/teams/prj_teamsites-0810080,48466a3d-b1d2-49ef-97e0-6e06ecda288e,,,,Bonnie Test,BonnieTest@7rkd12.onmicrosoft.com,Mihal,Mihal@7rkd12.onmicrosoft.com,Bonnie Test,BonnieTest@7rkd12.onmicrosoft.com,,,,Asia-Pacific,Team site (no Microsoft 365 group),25600,0.004,Existing external users,,Indexed,,,Claimed,2026-08-10 16:05:00,,2026-08-12 13:41:26,2027-02-12 13:41:26,2026-08-12 13:43:47,In compliance,,,ADB - SharePoint Site Renewal,ADB - Do not allow External Sharing (SharePoint Site),,,,,,,,,,No,,,,,,,,,,,,,CSD,,,,CGAdoption,EDRMS Project Site,,,,,,,,,,,,,,,,,,,,,,,,teamsites-0810080,
Site,Team Sites-0810079,,Active,Active,,https://7rkd12.sharepoint.com/teams/prj_teamsites-0810079,ef09813a-7dd9-4c59-b7f7-f2f203d40f55,,,,Bonnie Test,BonnieTest@7rkd12.onmicrosoft.com,Mihal,Mihal@7rkd12.onmicrosoft.com,Bonnie Test,BonnieTest@7rkd12.onmicrosoft.com,,,,Asia-Pacific,Team site (no Microsoft 365 group),25600,0.005,Existing external users,,Indexed,,,Claimed,2026-08-10 16:04:58,,2026-08-12 22:12:50,2027-02-12 22:12:50,2026-08-12 22:13:57,In compliance,,,ADB - SharePoint Site Renewal,ADB - Do not allow External Sharing (SharePoint Site),,,,,,,,,,No,,,,,,,,,,,,,CSD,,,,CGAdoption,EDRMS Project Site,,,,,,,,,,,,,,,,,,,,,,,,teamsites-0810079,
Site,Team Sites-0810078,,Active,Active,,https://7rkd12.sharepoint.com/teams/prj_teamsites-0810078,d1e9f831-518f-45a8-bb36-24f9199fec61,,,,Bonnie Test,BonnieTest@7rkd12.onmicrosoft.com,Mihal,Mihal@7rkd12.onmicrosoft.com,Bonnie Test,BonnieTest@7rkd12.onmicrosoft.com,,,,Asia-Pacific,Team site (no Microsoft 365 group),25600,0.005,Existing external users,,Indexed,,,Claimed,2026-08-10 16:04:56,,2026-08-13 01:52:07,2027-02-13 01:52:07,2026-08-13 01:55:32,In compliance,,,ADB - SharePoint Site Renewal,ADB - Do not allow External Sharing (SharePoint Site),,,,,,,,,,No,,,,,,,,,,,,,CSD,,,,CGAdoption,EDRMS Project Site,,,,,,,,,,,,,,,,,,,,,,,,teamsites-0810078,
Site,Team Sites-0810077,,Active,Active,,https://7rkd12.sharepoint.com/teams/prj_teamsites-0810077,a745605e-4cbb-4346-a037-872d20f3ebf2,,,,Bonnie Test,BonnieTest@7rkd12.onmicrosoft.com,Mihal,Mihal@7rkd12.onmicrosoft.com,Bonnie Test,BonnieTest@7rkd12.onmicrosoft.com,,,,Asia-Pacific,Team site (no Microsoft 365 group),25600,0.005,Existing external users,,Indexed,,,Claimed,2026-08-10 16:04:50,,2026-08-13 01:50:23,2027-02-13 01:50:23,2026-08-13 01:51:09,In compliance,,,ADB - SharePoint Site Renewal,ADB - Do not allow External Sharing (SharePoint Site),,,,,,,,,,No,,,,,,,,,,,,,CSD,,,,CGAdoption,EDRMS Project Site,,,,,,,,,,,,,,,,,,,,,,,,teamsites-0810077,
Site,Team Sites-0810075,,Active,Active,,https://7rkd12.sharepoint.com/teams/prj_teamsites-0810075,71027f6a-eb41-4fc0-bfb1-6df24d4f36bb,,,,Bonnie Test,BonnieTest@7rkd12.onmicrosoft.com,Mihal,Mihal@7rkd12.onmicrosoft.com,Bonnie Test,BonnieTest@7rkd12.onmicrosoft.com,,,,Asia-Pacific,Team site (no Microsoft 365 group),25600,0.005,Existing external users,,Indexed,,,Claimed,2026-08-10 16:04:41,,2026-08-13 01:09:48,2027-02-13 01:09:48,2026-08-13 01:11:49,In compliance,,,ADB - SharePoint Site Renewal,ADB - Do not allow External Sharing (SharePoint Site),,,,,,,,,,No,,,,,,,,,,,,,CSD,,,,CGAdoption,EDRMS Project Site,,,,,,,,,,,,,,,,,,,,,,,,teamsites-0810075,
Site,Team Sites-0810074,,Active,Active,,https://7rkd12.sharepoint.com/teams/prj_teamsites-0810074,4e335527-af03-46e3-8b17-566f2e0c091f,,,,Bonnie Test,BonnieTest@7rkd12.onmicrosoft.com,Mihal,Mihal@7rkd12.onmicrosoft.com,Bonnie Test,BonnieTest@7rkd12.onmicrosoft.com,,,,Asia-Pacific,Team site (no Microsoft 365 group),25600,0.005,Existing external users,,Indexed,,,Claimed,2026-08-10 16:04:36,,2026-08-13 02:15:41,2027-02-13 02:15:41,2026-08-13 02:19:11,In compliance,,,ADB - SharePoint Site Renewal,ADB - Do not allow External Sharing (SharePoint Site),,,,,,,,,,No,,,,,,,,,,,,,CSD,,,,CGAdoption,EDRMS Project Site,,,,,,,,,,,,,,,,,,,,,,,,teamsites-0810074,
Site,Team Sites-0810073,,Active,Active,,https://7rkd12.sharepoint.com/teams/prj_teamsites-0810073,bc99daea-c85a-44d8-a0c3-64bc33339cf2,,,,Bonnie Test,BonnieTest@7rkd12.onmicrosoft.com,Mihal,Mihal@7rkd12.onmicrosoft.com,Bonnie Test,BonnieTest@7rkd12.onmicrosoft.com,,,,Asia-Pacific,Team site (no Microsoft 365 group),25600,0.005,Existing external users,,Indexed,,,Claimed,2026-08-10 16:04:02,,2026-08-13 04:38:43,2027-02-13 04:38:43,2026-08-13 04:40:45,In compliance,,,ADB - SharePoint Site Renewal,ADB - Do not allow External Sharing (SharePoint Site),,,,,,,,,,No,,,,,,,,,,,,,CSD,,,,CGAdoption,EDRMS Project Site,,,,,,,,,,,,,,,,,,,,,,,,teamsites-0810073,
Site,Team Sites-0810069,,Active,Active,,https://7rkd12.sharepoint.com/teams/prj_teamsites-0810069,396c2d5a-9c9d-4b21-966c-383511305d10,,,,Bonnie Test,BonnieTest@7rkd12.onmicrosoft.com,Mihal,Mihal@7rkd12.onmicrosoft.com,Bonnie Test,BonnieTest@7rkd12.onmicrosoft.com,,,,Asia-Pacific,Team site (no Microsoft 365 group),25600,0.005,Existing external users,,Indexed,,,Claimed,2026-08-10 16:03:49,,2026-08-12 06:57:05,2027-02-12 06:57:05,2026-08-12 06:59:13,In compliance,,,ADB - SharePoint Site Renewal,ADB - Do not allow External Sharing (SharePoint Site),,,,,,,,,,No,,,,,,,,,,,,,CSD,,,,CGAdoption,EDRMS Project Site,,,,,,,,,,,,,,,,,,,,,,,,teamsites-0810069,
Site,Team Sites-0810068,,Active,Active,,https://7rkd12.sharepoint.com/teams/prj_teamsites-0810068,a109a7a9-1028-4305-948d-25d5d4f23842,,,,Bonnie Test,BonnieTest@7rkd12.onmicrosoft.com,Mihal,Mihal@7rkd12.onmicrosoft.com,Bonnie Test,BonnieTest@7rkd12.onmicrosoft.com,,,,Asia-Pacific,Team site (no Microsoft 365 group),25600,0.005,Existing external users,,Indexed,,,Claimed,2026-08-10 16:03:46,,2026-08-12 07:59:09,2027-02-12 07:59:09,2026-08-12 08:01:10,In compliance,,,ADB - SharePoint Site Renewal,ADB - Do not allow External Sharing (SharePoint Site),,,,,,,,,,No,,,,,,,,,,,,,CSD,,,,CGAdoption,EDRMS Project Site,,,,,,,,,,,,,,,,,,,,,,,,teamsites-0810068,
Site,Team Sites-0810067,,Active,Active,,https://7rkd12.sharepoint.com/teams/prj_teamsites-0810067,aa3ce5c2-9c87-498d-87d2-0c337d784619,,,,Bonnie Test,BonnieTest@7rkd12.onmicrosoft.com,Mihal,Mihal@7rkd12.onmicrosoft.com,Bonnie Test,BonnieTest@7rkd12.onmicrosoft.com,,,,Asia-Pacific,Team site (no Microsoft 365 group),25600,0.005,Existing external users,,Indexed,,,Claimed,2026-08-10 16:03:42,,2026-08-13 00:24:57,2027-02-13 00:24:57,2026-08-13 00:26:33,In compliance,,,ADB - SharePoint Site Renewal,ADB - Do not allow External Sharing (SharePoint Site),,,,,,,,,,No,,,,,,,,,,,,,CSD,,,,CGAdoption,EDRMS Project Site,,,,,,,,,,,,,,,,,,,,,,,,teamsites-0810067,
Site,Team Sites-0810065,,Active,Active,,https://7rkd12.sharepoint.com/teams/prj_teamsites-0810065,926f5bc8-c29d-4001-8280-8cee3c048130,,,,Bonnie Test,BonnieTest@7rkd12.onmicrosoft.com,Mihal,Mihal@7rkd12.onmicrosoft.com,Bonnie Test,BonnieTest@7rkd12.onmicrosoft.com,,,,Asia-Pacific,Team site (no Microsoft 365 group),25600,0.004,Existing external users,,Indexed,,,Claimed,2026-08-10 16:03:26,,2026-08-12 10:34:08,2027-02-12 10:34:08,2026-08-12 10:41:47,In compliance,,,ADB - SharePoint Site Renewal,ADB - Do not allow External Sharing (SharePoint Site),,,,,,,,,,No,,,,,,,,,,,,,CSD,,,,CGAdoption,EDRMS Project Site,,,,,,,,,,,,,,,,,,,,,,,,teamsites-0810065,
Site,Team Sites-0810064,,Active,Active,,https://7rkd12.sharepoint.com/teams/prj_teamsites-0810064,41a7fa4c-22a7-4a87-bec6-1f3c9529f0a4,,,,Bonnie Test,BonnieTest@7rkd12.onmicrosoft.com,Mihal,Mihal@7rkd12.onmicrosoft.com,Bonnie Test,BonnieTest@7rkd12.onmicrosoft.com,,,,Asia-Pacific,Team site (no Microsoft 365 group),25600,0.005,Existing external users,,Indexed,,,Claimed,2026-08-10 16:02:54,,2026-08-13 06:11:25,2027-02-13 06:11:25,2026-08-13 06:14:45,In compliance,,,ADB - SharePoint Site Renewal,ADB - Do not allow External Sharing (SharePoint Site),,,,,,,,,,No,,,,,,,,,,,,,CSD,,,,CGAdoption,EDRMS Project Site,,,,,,,,,,,,,,,,,,,,,,,,teamsites-0810064,
Site,Team Sites-0810062,,Active,Active,,https://7rkd12.sharepoint.com/teams/prj_teamsites-0810062,431c6dee-a2ba-4665-97cd-5a520394e99c,,,,Bonnie Test,BonnieTest@7rkd12.onmicrosoft.com,Mihal,Mihal@7rkd12.onmicrosoft.com,Bonnie Test,BonnieTest@7rkd12.onmicrosoft.com,,,,Asia-Pacific,Team site (no Microsoft 365 group),25600,0.004,Existing external users,,Indexed,,,Claimed,2026-08-10 16:02:40,,2026-08-12 12:14:44,2027-02-12 12:14:44,2026-08-12 12:15:47,In compliance,,,ADB - SharePoint Site Renewal,ADB - Do not allow External Sharing (SharePoint Site),,,,,,,,,,No,,,,,,,,,,,,,CSD,,,,CGAdoption,EDRMS Project Site,,,,,,,,,,,,,,,,,,,,,,,,teamsites-0810062,
Site,Team Sites-0810061,,Active,Active,,https://7rkd12.sharepoint.com/teams/prj_teamsites-0810061,3f1cb030-5b76-4940-99b0-9c8e1af09bef,,,,Bonnie Test,BonnieTest@7rkd12.onmicrosoft.com,Mihal,Mihal@7rkd12.onmicrosoft.com,Bonnie Test,BonnieTest@7rkd12.onmicrosoft.com,,,,Asia-Pacific,Team site (no Microsoft 365 group),25600,0.005,Existing external users,,Indexed,,,Claimed,2026-08-10 16:02:35,,2026-08-12 06:15:08,2027-02-12 06:15:08,2026-08-12 06:17:36,In compliance,,,ADB - SharePoint Site Renewal,ADB - Do not allow External Sharing (SharePoint Site),,,,,,,,,,No,,,,,,,,,,,,,CSD,,,,CGAdoption,EDRMS Project Site,,,,,,,,,,,,,,,,,,,,,,,,teamsites-0810061,
Site,Team Sites-0810060,,Active,Active,,https://7rkd12.sharepoint.com/teams/prj_teamsites-0810060,4851ffce-1b3c-432e-bdab-79935d32f4b7,,,,Bonnie Test,BonnieTest@7rkd12.onmicrosoft.com,Mihal,Mihal@7rkd12.onmicrosoft.com,Bonnie Test,BonnieTest@7rkd12.onmicrosoft.com,,,,Asia-Pacific,Team site (no Microsoft 365 group),25600,0.004,Existing external users,,Indexed,,,Claimed,2026-08-10 16:02:35,,2026-08-12 13:07:07,2027-02-12 13:07:07,2026-08-12 13:08:15,In compliance,,,ADB - SharePoint Site Renewal,ADB - Do not allow External Sharing (SharePoint Site),,,,,,,,,,No,,,,,,,,,,,,,CSD,,,,CGAdoption,EDRMS Project Site,,,,,,,,,,,,,,,,,,,,,,,,teamsites-0810060,
Site,Team Sites-0810058,,Active,Active,,https://7rkd12.sharepoint.com/teams/prj_teamsites-0810058,7e97b0cd-04da-4ffa-9ac6-54a3f4498c73,,,,Bonnie Test,BonnieTest@7rkd12.onmicrosoft.com,Mihal,Mihal@7rkd12.onmicrosoft.com,Bonnie Test,BonnieTest@7rkd12.onmicrosoft.com,,,,Asia-Pacific,Team site (no Microsoft 365 group),25600,0.004,Existing external users,,Indexed,,,Claimed,2026-08-10 16:02:24,,2026-08-12 13:58:25,2027-02-12 13:58:25,2026-08-12 14:03:30,In compliance,,,ADB - SharePoint Site Renewal,ADB - Do not allow External Sharing (SharePoint Site),,,,,,,,,,No,,,,,,,,,,,,,CSD,,,,CGAdoption,EDRMS Project Site,,,,,,,,,,,,,,,,,,,,,,,,teamsites-0810058,
Site,Group Sites-0810066,,Active,Active,,https://7rkd12.sharepoint.com/teams/prj_groupsites-0810066,9519e5d5-19be-4311-b762-d4ed2c71cf24,,,,Bonnie Test,BonnieTest@7rkd12.onmicrosoft.com,Mihal,Mihal@7rkd12.onmicrosoft.com,Bonnie Test,BonnieTest@7rkd12.onmicrosoft.com,,,,Asia-Pacific,Team site (no Microsoft 365 group),25600,0.005,Existing external users,,Indexed,,,Claimed,2026-08-10 16:02:18,,2026-08-13 03:16:53,2027-02-13 03:16:53,2026-08-13 03:19:44,In compliance,,,ADB - SharePoint Site Renewal,ADB - Do not allow External Sharing (SharePoint Site),,,,,,,,,,No,,,,,,,,,,,,,CSD,,,,CGAdoption,EDRMS Project Site,,,,,,,,,,,,,,,,,,,,,,,,groupsites-0810066,
Site,Team Sites-0810057,,Active,Active,,https://7rkd12.sharepoint.com/teams/prj_teamsites-0810057,9cb43ee8-76cc-48eb-a83d-8f9d962a99ed,,,,Bonnie Test,BonnieTest@7rkd12.onmicrosoft.com,Mihal,Mihal@7rkd12.onmicrosoft.com,Bonnie Test,BonnieTest@7rkd12.onmicrosoft.com,,,,Asia-Pacific,Team site (no Microsoft 365 group),25600,0.005,Existing external users,,Indexed,,,Claimed,2026-08-10 16:02:12,,2026-08-12 23:47:25,2027-02-12 23:47:25,2026-08-12 23:50:17,In compliance,,,ADB - SharePoint Site Renewal,ADB - Do not allow External Sharing (SharePoint Site),,,,,,,,,,No,,,,,,,,,,,,,CSD,,,,CGAdoption,EDRMS Project Site,,,,,,,,,,,,,,,,,,,,,,,,teamsites-0810057,
Site,Team Sites-0810056,,Active,Active,,https://7rkd12.sharepoint.com/teams/prj_teamsites-0810056,c87ccbda-d80b-42cc-bd3e-5be07e3efd4c,,,,Bonnie Test,BonnieTest@7rkd12.onmicrosoft.com,Mihal,Mihal@7rkd12.onmicrosoft.com,Bonnie Test,BonnieTest@7rkd12.onmicrosoft.com,,,,Asia-Pacific,Team site (no Microsoft 365 group),25600,0.004,Existing external users,,Indexed,,,Claimed,2026-08-10 16:01:55,,2026-08-12 13:25:12,2027-02-12 13:25:12,2026-08-12 13:28:19,In compliance,,,ADB - SharePoint Site Renewal,ADB - Do not allow External Sharing (SharePoint Site),,,,,,,,,,No,,,,,,,,,,,,,CSD,,,,CGAdoption,EDRMS Project Site,,,,,,,,,,,,,,,,,,,,,,,,teamsites-0810056,
Site,Team Sites-0810055,,Active,Active,,https://7rkd12.sharepoint.com/teams/prj_teamsites-0810055,4862ebdb-efb3-4e01-bf67-67b09b8272ed,,,,Bonnie Test,BonnieTest@7rkd12.onmicrosoft.com,Mihal,Mihal@7rkd12.onmicrosoft.com,Bonnie Test,BonnieTest@7rkd12.onmicrosoft.com,,,,Asia-Pacific,Team site (no Microsoft 365 group),25600,0.005,Existing external users,,Indexed,,,Claimed,2026-08-10 16:01:45,,2026-08-13 00:49:50,2027-02-13 00:49:50,2026-08-13 00:53:21,In compliance,,,ADB - SharePoint Site Renewal,ADB - Do not allow External Sharing (SharePoint Site),,,,,,,,,,No,,,,,,,,,,,,,CSD,,,,CGAdoption,EDRMS Project Site,,,,,,,,,,,,,,,,,,,,,,,,teamsites-0810055,
Site,Team Sites-0810053,,Active,Active,,https://7rkd12.sharepoint.com/teams/prj_teamsites-0810053,13d2b20c-e62d-4964-8528-433bddbd3ab5,,,,Bonnie Test,BonnieTest@7rkd12.onmicrosoft.com,Mihal,Mihal@7rkd12.onmicrosoft.com,Bonnie Test,BonnieTest@7rkd12.onmicrosoft.com,,,,Asia-Pacific,Team site (no Microsoft 365 group),25600,0.004,Existing external users,,Indexed,,,Claimed,2026-08-10 16:01:30,,2026-08-12 09:15:39,2027-02-12 09:15:39,2026-08-12 09:19:15,In compliance,,,ADB - SharePoint Site Renewal,ADB - Do not allow External Sharing (SharePoint Site),,,,,,,,,,No,,,,,,,,,,,,,CSD,,,,CGAdoption,EDRMS Project Site,,,,,,,,,,,,,,,,,,,,,,,,teamsites-0810053,
Site,Team Sites-0810051,,Active,Active,,https://7rkd12.sharepoint.com/teams/prj_teamsites-0810051,715cf1d4-1656-423e-ace6-8e368f6ffcd8,,,,Bonnie Test,BonnieTest@7rkd12.onmicrosoft.com,Mihal,Mihal@7rkd12.onmicrosoft.com,Bonnie Test,BonnieTest@7rkd12.onmicrosoft.com,,,,Asia-Pacific,Team site (no Microsoft 365 group),25600,0.005,Existing external users,,Indexed,,,Claimed,2026-08-10 16:01:14,,2026-08-13 04:31:23,2027-02-13 04:31:23,2026-08-13 04:33:47,In compliance,,,ADB - SharePoint Site Renewal,ADB - Do not allow External Sharing (SharePoint Site),,,,,,,,,,No,,,,,,,,,,,,,CSD,,,,CGAdoption,EDRMS Project Site,,,,,,,,,,,,,,,,,,,,,,,,teamsites-0810051,
Site,Team Sites-0810050,,Active,Active,,https://7rkd12.sharepoint.com/teams/prj_teamsites-0810050,599e92f0-6a34-4d36-b036-b48079409093,,,,Bonnie Test,BonnieTest@7rkd12.onmicrosoft.com,Mihal,Mihal@7rkd12.onmicrosoft.com,Bonnie Test,BonnieTest@7rkd12.onmicrosoft.com,,,,Asia-Pacific,Team site (no Microsoft 365 group),25600,0.005,Existing external users,,Indexed,,,Claimed,2026-08-10 16:00:51,,2026-08-13 05:46:20,2027-02-13 05:46:20,2026-08-13 05:49:31,In compliance,,,ADB - SharePoint Site Renewal,ADB - Do not allow External Sharing (SharePoint Site),,,,,,,,,,No,,,,,,,,,,,,,CSD,,,,CGAdoption,EDRMS Project Site,,,,,,,,,,,,,,,,,,,,,,,,teamsites-0810050,
Site,Team Sites-0810048,,Active,Active,,https://7rkd12.sharepoint.com/teams/prj_teamsites-0810048,e7231e59-fb8a-4ae9-9625-b857e9cd4fdb,,,,Bonnie Test,BonnieTest@7rkd12.onmicrosoft.com,Mihal,Mihal@7rkd12.onmicrosoft.com,Bonnie Test,BonnieTest@7rkd12.onmicrosoft.com,,,,Asia-Pacific,Team site (no Microsoft 365 group),25600,0.005,Existing external users,,Indexed,,,Claimed,2026-08-10 16:00:26,,2026-08-13 06:55:30,2027-02-13 06:55:30,2026-08-13 07:00:49,In compliance,,,ADB - SharePoint Site Renewal,ADB - Do not allow External Sharing (SharePoint Site),,,,,,,,,,No,,,,,,,,,,,,,CSD,,,,CGAdoption,EDRMS Project Site,,,,,,,,,,,,,,,,,,,,,,,,teamsites-0810048,
Site,Team Sites-0810047,,Active,Active,,https://7rkd12.sharepoint.com/teams/prj_teamsites-0810047,7c67f263-8e9e-4ccf-9114-357d5425cf89,,,,Bonnie Test,BonnieTest@7rkd12.onmicrosoft.com,Mihal,Mihal@7rkd12.onmicrosoft.com,Bonnie Test,BonnieTest@7rkd12.onmicrosoft.com,,,,Asia-Pacific,Team site (no Microsoft 365 group),25600,0.005,Existing external users,,Indexed,,,Claimed,2026-08-10 16:00:20,,2026-08-13 06:35:23,2027-02-13 06:35:23,2026-08-13 06:37:12,In compliance,,,ADB - SharePoint Site Renewal,ADB - Do not allow External Sharing (SharePoint Site),,,,,,,,,,No,,,,,,,,,,,,,CSD,,,,CGAdoption,EDRMS Project Site,,,,,,,,,,,,,,,,,,,,,,,,teamsites-0810047,
Site,Team Sites-0810046,,Active,Active,,https://7rkd12.sharepoint.com/teams/prj_teamsites-0810046,37a1e7d6-e138-41e3-993d-d4dec3788c22,,,,Bonnie Test,BonnieTest@7rkd12.onmicrosoft.com,Mihal,Mihal@7rkd12.onmicrosoft.com,Bonnie Test,BonnieTest@7rkd12.onmicrosoft.com,,,,Asia-Pacific,Team site (no Microsoft 365 group),25600,0.004,Existing external users,,Indexed,,,Claimed,2026-08-10 16:00:18,,2026-08-12 18:44:26,2027-02-12 18:44:26,2026-08-12 18:46:26,In compliance,,,ADB - SharePoint Site Renewal,ADB - Do not allow External Sharing (SharePoint Site),,,,,,,,,,No,,,,,,,,,,,,,CSD,,,,CGAdoption,EDRMS Project Site,,,,,,,,,,,,,,,,,,,,,,,,teamsites-0810046,
Site,Team Sites-0810045,,Active,Active,,https://7rkd12.sharepoint.com/teams/prj_teamsites-0810045,5329bed2-c77e-4417-b14b-c581ede32500,,,,Bonnie Test,BonnieTest@7rkd12.onmicrosoft.com,Mihal,Mihal@7rkd12.onmicrosoft.com,Bonnie Test,BonnieTest@7rkd12.onmicrosoft.com,,,,Asia-Pacific,Team site (no Microsoft 365 group),25600,0.004,Existing external users,,Indexed,,,Claimed,2026-08-10 16:00:14,,2026-08-12 10:55:36,2027-02-12 10:55:36,2026-08-12 10:57:24,In compliance,,,ADB - SharePoint Site Renewal,ADB - Do not allow External Sharing (SharePoint Site),,,,,,,,,,No,,,,,,,,,,,,,CSD,,,,CGAdoption,EDRMS Project Site,,,,,,,,,,,,,,,,,,,,,,,,teamsites-0810045,
Site,Team Sites-0810044,,Active,Active,,https://7rkd12.sharepoint.com/teams/prj_teamsites-0810044,f9a5d8e0-fd38-4607-89b5-fdc2afffb52b,,,,Bonnie Test,BonnieTest@7rkd12.onmicrosoft.com,Mihal,Mihal@7rkd12.onmicrosoft.com,Bonnie Test,BonnieTest@7rkd12.onmicrosoft.com,,,,Asia-Pacific,Team site (no Microsoft 365 group),25600,0.005,Existing external users,,Indexed,,,Claimed,2026-08-10 16:00:07,,2026-08-12 06:32:07,2027-02-12 06:32:07,2026-08-12 06:34:32,In compliance,,,ADB - SharePoint Site Renewal,ADB - Do not allow External Sharing (SharePoint Site),,,,,,,,,,No,,,,,,,,,,,,,CSD,,,,CGAdoption,EDRMS Project Site,,,,,,,,,,,,,,,,,,,,,,,,teamsites-0810044,
Site,Team Sites-0810043,,Active,Active,,https://7rkd12.sharepoint.com/teams/prj_teamsites-0810043,e6e3b37e-569d-4d86-9123-ec79de6101e4,,,,Bonnie Test,BonnieTest@7rkd12.onmicrosoft.com,Mihal,Mihal@7rkd12.onmicrosoft.com,Bonnie Test,BonnieTest@7rkd12.onmicrosoft.com,,,,Asia-Pacific,Team site (no Microsoft 365 group),25600,0.004,Existing external users,,Indexed,,,Claimed,2026-08-10 16:00:06,,2026-08-12 17:09:38,2027-02-12 17:09:38,2026-08-12 17:31:33,In compliance,,,ADB - SharePoint Site Renewal,ADB - Do not allow External Sharing (SharePoint Site),,,,,,,,,,No,,,,,,,,,,,,,CSD,,,,CGAdoption,EDRMS Project Site,,,,,,,,,,,,,,,,,,,,,,,,teamsites-0810043,
Site,Team Sites-0810042,,Active,Active,,https://7rkd12.sharepoint.com/teams/prj_teamsites-0810042,ca3eb788-6cb4-426c-949a-022823072f5f,,,,Bonnie Test,BonnieTest@7rkd12.onmicrosoft.com,Mihal,Mihal@7rkd12.onmicrosoft.com,Bonnie Test,BonnieTest@7rkd12.onmicrosoft.com,,,,Asia-Pacific,Team site (no Microsoft 365 group),25600,0.005,Existing external users,,Indexed,,,Claimed,2026-08-10 15:59:58,,2026-08-13 05:13:15,2027-02-13 05:13:15,2026-08-13 05:18:00,In compliance,,,ADB - SharePoint Site Renewal,ADB - Do not allow External Sharing (SharePoint Site),,,,,,,,,,No,,,,,,,,,,,,,CSD,,,,CGAdoption,EDRMS Project Site,,,,,,,,,,,,,,,,,,,,,,,,teamsites-0810042,
Site,Team Sites-0810041,,Active,Active,,https://7rkd12.sharepoint.com/teams/prj_teamsites-0810041,0f63e046-9fdb-4342-9f57-5bf4bc7b6b30,,,,Bonnie Test,BonnieTest@7rkd12.onmicrosoft.com,Mihal,Mihal@7rkd12.onmicrosoft.com,Bonnie Test,BonnieTest@7rkd12.onmicrosoft.com,,,,Asia-Pacific,Team site (no Microsoft 365 group),25600,0.005,Existing external users,,Indexed,,,Claimed,2026-08-10 15:59:52,,2026-08-13 05:49:49,2027-02-13 05:49:49,2026-08-13 05:51:11,In compliance,,,ADB - SharePoint Site Renewal,ADB - Do not allow External Sharing (SharePoint Site),,,,,,,,,,No,,,,,,,,,,,,,CSD,,,,CGAdoption,EDRMS Project Site,,,,,,,,,,,,,,,,,,,,,,,,teamsites-0810041,
Site,Team Sites-0810039,,Active,Active,,https://7rkd12.sharepoint.com/teams/prj_teamsites-0810039,63957c6d-221c-4e62-b422-3d0cc51a2a29,,,,Bonnie Test,BonnieTest@7rkd12.onmicrosoft.com,Mihal,Mihal@7rkd12.onmicrosoft.com,Bonnie Test,BonnieTest@7rkd12.onmicrosoft.com,,,,Asia-Pacific,Team site (no Microsoft 365 group),25600,0.005,Existing external users,,Indexed,,,Claimed,2026-08-10 15:59:07,,2026-08-13 08:23:41,2027-02-13 08:23:41,2026-08-13 08:25:11,In compliance,,,ADB - SharePoint Site Renewal,ADB - Do not allow External Sharing (SharePoint Site),,,,,,,,,,No,,,,,,,,,,,,,CSD,,,,CGAdoption,EDRMS Project Site,,,,,,,,,,,,,,,,,,,,,,,,teamsites-0810039,
Site,Team Sites-0810038,,Active,Active,,https://7rkd12.sharepoint.com/teams/prj_teamsites-0810038,d9310b7a-e02e-46dc-9326-60171c128b65,,,,Bonnie Test,BonnieTest@7rkd12.onmicrosoft.com,Mihal,Mihal@7rkd12.onmicrosoft.com,Bonnie Test,BonnieTest@7rkd12.onmicrosoft.com,,,,Asia-Pacific,Team site (no Microsoft 365 group),25600,0.004,Existing external users,,Indexed,,,Claimed,2026-08-10 15:59:01,,2026-08-13 08:33:37,2027-02-13 08:33:37,2026-08-13 08:35:05,In compliance,,,ADB - SharePoint Site Renewal,ADB - Do not allow External Sharing (SharePoint Site),,,,,,,,,,No,,,,,,,,,,,,,CSD,,,,CGAdoption,EDRMS Project Site,,,,,,,,,,,,,,,,,,,,,,,,teamsites-0810038,
Site,Team Sites-0810037,,Active,Active,,https://7rkd12.sharepoint.com/teams/prj_teamsites-0810037,7d79d8c6-ac5e-41a0-9f6b-8ae8b239e686,,,,Bonnie Test,BonnieTest@7rkd12.onmicrosoft.com,Mihal,Mihal@7rkd12.onmicrosoft.com,Bonnie Test,BonnieTest@7rkd12.onmicrosoft.com,,,,Asia-Pacific,Team site (no Microsoft 365 group),25600,0.005,Existing external users,,Indexed,,,Claimed,2026-08-10 15:58:58,,2026-08-13 05:12:13,2027-02-13 05:12:13,2026-08-13 05:14:55,In compliance,,,ADB - SharePoint Site Renewal,ADB - Do not allow External Sharing (SharePoint Site),,,,,,,,,,No,,,,,,,,,,,,,CSD,,,,CGAdoption,EDRMS Project Site,,,,,,,,,,,,,,,,,,,,,,,,teamsites-0810037,
Site,Team Sites-0810036,,Active,Active,,https://7rkd12.sharepoint.com/teams/prj_teamsites-0810036,6d030688-0ca6-4f5d-8f27-0f9a9195871a,,,,Bonnie Test,BonnieTest@7rkd12.onmicrosoft.com,Mihal,Mihal@7rkd12.onmicrosoft.com,Bonnie Test,BonnieTest@7rkd12.onmicrosoft.com,,,,Asia-Pacific,Team site (no Microsoft 365 group),25600,0.005,Existing external users,,Indexed,,,Claimed,2026-08-10 15:58:53,,2026-08-13 07:59:53,2027-02-13 07:59:53,2026-08-13 08:03:46,In compliance,,,ADB - SharePoint Site Renewal,ADB - Do not allow External Sharing (SharePoint Site),,,,,,,,,,No,,,,,,,,,,,,,CSD,,,,CGAdoption,EDRMS Project Site,,,,,,,,,,,,,,,,,,,,,,,,teamsites-0810036,
Site,Team Sites-0810034,,Active,Active,,https://7rkd12.sharepoint.com/teams/prj_teamsites-0810034,eb225d5f-c9f8-4b99-832e-b3846967945c,,,,Bonnie Test,BonnieTest@7rkd12.onmicrosoft.com,Mihal,Mihal@7rkd12.onmicrosoft.com,Bonnie Test,BonnieTest@7rkd12.onmicrosoft.com,,,,Asia-Pacific,Team site (no Microsoft 365 group),25600,0.004,Existing external users,,Indexed,,,Claimed,2026-08-10 15:58:45,,2026-08-11 14:45:00,2027-02-11 14:45:00,2026-08-11 14:50:37,In compliance,,,ADB - SharePoint Site Renewal,ADB - Do not allow External Sharing (SharePoint Site),,,,,,,,,,No,,,,,,,,,,,,,CSD,,,,CGAdoption,EDRMS Project Site,,,,,,,,,,,,,,,,,,,,,,,,teamsites-0810034,
Site,Team Sites-0810033,,Active,Active,,https://7rkd12.sharepoint.com/teams/prj_teamsites-0810033,ba784dfd-be81-4458-8f1f-a37b005cd606,,,,Bonnie Test,BonnieTest@7rkd12.onmicrosoft.com,Mihal,Mihal@7rkd12.onmicrosoft.com,Bonnie Test,BonnieTest@7rkd12.onmicrosoft.com,,,,Asia-Pacific,Team site (no Microsoft 365 group),25600,0.005,Existing external users,,Indexed,,,Claimed,2026-08-10 15:58:41,,2026-08-11 22:43:23,2027-02-11 22:43:23,2026-08-11 22:46:41,In compliance,,,ADB - SharePoint Site Renewal,ADB - Do not allow External Sharing (SharePoint Site),,,,,,,,,,No,,,,,,,,,,,,,CSD,,,,CGAdoption,EDRMS Project Site,,,,,,,,,,,,,,,,,,,,,,,,teamsites-0810033,
Site,Team Sites-0810032,,Active,Active,,https://7rkd12.sharepoint.com/teams/prj_teamsites-0810032,6cabab86-75f9-4151-937b-09214cea6dc0,,,,Bonnie Test,BonnieTest@7rkd12.onmicrosoft.com,Mihal,Mihal@7rkd12.onmicrosoft.com,Bonnie Test,BonnieTest@7rkd12.onmicrosoft.com,,,,Asia-Pacific,Team site (no Microsoft 365 group),25600,0.005,Existing external users,,Indexed,,,Claimed,2026-08-10 15:58:39,,2026-08-13 06:31:07,2027-02-13 06:31:07,2026-08-13 06:33:50,In compliance,,,ADB - SharePoint Site Renewal,ADB - Do not allow External Sharing (SharePoint Site),,,,,,,,,,No,,,,,,,,,,,,,CSD,,,,CGAdoption,EDRMS Project Site,,,,,,,,,,,,,,,,,,,,,,,,teamsites-0810032,
Site,Team Sites-0810031,,Active,Active,,https://7rkd12.sharepoint.com/teams/prj_teamsites-0810031,d3b63115-88f5-4184-bbc1-ec6b9d4ad740,,,,Bonnie Test,BonnieTest@7rkd12.onmicrosoft.com,Mihal,Mihal@7rkd12.onmicrosoft.com,Bonnie Test,BonnieTest@7rkd12.onmicrosoft.com,,,,Asia-Pacific,Team site (no Microsoft 365 group),25600,0.004,Existing external users,,Indexed,,,Claimed,2026-08-10 15:58:30,,2026-08-12 12:46:52,2027-02-12 12:46:52,2026-08-12 12:49:24,In compliance,,,ADB - SharePoint Site Renewal,ADB - Do not allow External Sharing (SharePoint Site),,,,,,,,,,No,,,,,,,,,,,,,CSD,,,,CGAdoption,EDRMS Project Site,,,,,,,,,,,,,,,,,,,,,,,,teamsites-0810031,
Site,Team Sites-0810030,,Active,Active,,https://7rkd12.sharepoint.com/teams/prj_teamsites-0810030,ffb01cdc-be7a-441d-8b67-71c26fdbf670,,,,Bonnie Test,BonnieTest@7rkd12.onmicrosoft.com,Mihal,Mihal@7rkd12.onmicrosoft.com,Bonnie Test,BonnieTest@7rkd12.onmicrosoft.com,,,,Asia-Pacific,Team site (no Microsoft 365 group),25600,0.005,Existing external users,,Indexed,,,Claimed,2026-08-10 15:58:07,,2026-08-13 02:04:40,2027-02-13 02:04:40,2026-08-13 02:06:31,In compliance,,,ADB - SharePoint Site Renewal,ADB - Do not allow External Sharing (SharePoint Site),,,,,,,,,,No,,,,,,,,,,,,,CSD,,,,CGAdoption,EDRMS Project Site,,,,,,,,,,,,,,,,,,,,,,,,teamsites-0810030,
Site,Team Sites-0810029,,Active,Active,,https://7rkd12.sharepoint.com/teams/prj_teamsites-0810029,0f4ebc90-6f20-4107-bf37-6d78759a34e0,,,,Bonnie Test,BonnieTest@7rkd12.onmicrosoft.com,Mihal,Mihal@7rkd12.onmicrosoft.com,Bonnie Test,BonnieTest@7rkd12.onmicrosoft.com,,,,Asia-Pacific,Team site (no Microsoft 365 group),25600,0.005,Existing external users,,Indexed,,,Claimed,2026-08-10 15:57:58,,2026-08-13 00:33:36,2027-02-13 00:33:36,2026-08-13 00:35:53,In compliance,,,ADB - SharePoint Site Renewal,ADB - Do not allow External Sharing (SharePoint Site),,,,,,,,,,No,,,,,,,,,,,,,CSD,,,,CGAdoption,EDRMS Project Site,,,,,,,,,,,,,,,,,,,,,,,,teamsites-0810029,
Site,Team Sites-0810028,,Active,Active,,https://7rkd12.sharepoint.com/teams/prj_teamsites-0810028,e0542b0d-9703-419e-93ff-b82b1c814b13,,,,Bonnie Test,BonnieTest@7rkd12.onmicrosoft.com,Mihal,Mihal@7rkd12.onmicrosoft.com,Bonnie Test,BonnieTest@7rkd12.onmicrosoft.com,,,,Asia-Pacific,Team site (no Microsoft 365 group),25600,0.005,Existing external users,,Indexed,,,Claimed,2026-08-10 15:57:54,,2026-08-13 07:57:06,2027-02-13 07:57:06,2026-08-13 07:59:09,In compliance,,,ADB - SharePoint Site Renewal,ADB - Do not allow External Sharing (SharePoint Site),,,,,,,,,,No,,,,,,,,,,,,,CSD,,,,CGAdoption,EDRMS Project Site,,,,,,,,,,,,,,,,,,,,,,,,teamsites-0810028,
Site,Team Sites-0810027,,Active,Active,,https://7rkd12.sharepoint.com/teams/prj_teamsites-0810027,5fdc6244-ad71-4e81-aa35-597d7fd84cbe,,,,Bonnie Test,BonnieTest@7rkd12.onmicrosoft.com,Mihal,Mihal@7rkd12.onmicrosoft.com,Bonnie Test,BonnieTest@7rkd12.onmicrosoft.com,,,,Asia-Pacific,Team site (no Microsoft 365 group),25600,0.004,Existing external users,,Indexed,,,Claimed,2026-08-10 15:57:50,,2026-08-13 10:11:27,2027-02-13 10:11:27,2026-08-13 10:16:10,In compliance,,,ADB - SharePoint Site Renewal,ADB - Do not allow External Sharing (SharePoint Site),,,,,,,,,,No,,,,,,,,,,,,,CSD,,,,CGAdoption,EDRMS Project Site,,,,,,,,,,,,,,,,,,,,,,,,teamsites-0810027,
Site,Team Sites-0810026,,Active,Active,,https://7rkd12.sharepoint.com/teams/prj_teamsites-0810026,170cd3be-7bd6-43e1-91fa-87285c9d8698,,,,Bonnie Test,BonnieTest@7rkd12.onmicrosoft.com,Mihal,Mihal@7rkd12.onmicrosoft.com,Bonnie Test,BonnieTest@7rkd12.onmicrosoft.com,,,,Asia-Pacific,Team site (no Microsoft 365 group),25600,0.005,Existing external users,,Indexed,,,Claimed,2026-08-10 15:57:46,,2026-08-13 06:43:44,2027-02-13 06:43:44,2026-08-13 06:46:06,In compliance,,,ADB - SharePoint Site Renewal,ADB - Do not allow External Sharing (SharePoint Site),,,,,,,,,,No,,,,,,,,,,,,,CSD,,,,CGAdoption,EDRMS Project Site,,,,,,,,,,,,,,,,,,,,,,,,teamsites-0810026,
Site,Team Sites-0810024,,Active,Active,,https://7rkd12.sharepoint.com/teams/prj_teamsites-0810024,8108b619-5a10-465a-ad4c-f8ba11cbbfcb,,,,Bonnie Test,BonnieTest@7rkd12.onmicrosoft.com,Mihal,Mihal@7rkd12.onmicrosoft.com,Bonnie Test,BonnieTest@7rkd12.onmicrosoft.com,,,,Asia-Pacific,Team site (no Microsoft 365 group),25600,0.004,Existing external users,,Indexed,,,Claimed,2026-08-10 15:57:39,,2026-08-13 06:03:33,2027-02-13 06:03:33,2026-08-13 06:06:37,In compliance,,,ADB - SharePoint Site Renewal,ADB - Do not allow External Sharing (SharePoint Site),,,,,,,,,,No,,,,,,,,,,,,,CSD,,,,CGAdoption,EDRMS Project Site,,,,,,,,,,,,,,,,,,,,,,,,teamsites-0810024,
Site,Team Sites-0810023,,Active,Active,,https://7rkd12.sharepoint.com/teams/prj_teamsites-0810023,e6d1857e-d26c-40fc-b8c1-40ee6ef5c545,,,,Bonnie Test,BonnieTest@7rkd12.onmicrosoft.com,Mihal,Mihal@7rkd12.onmicrosoft.com,Bonnie Test,BonnieTest@7rkd12.onmicrosoft.com,,,,Asia-Pacific,Team site (no Microsoft 365 group),25600,0.005,Existing external users,,Indexed,,,Claimed,2026-08-10 15:57:37,,2026-08-13 05:36:21,2027-02-13 05:36:21,2026-08-13 05:40:23,In compliance,,,ADB - SharePoint Site Renewal,ADB - Do not allow External Sharing (SharePoint Site),,,,,,,,,,No,,,,,,,,,,,,,CSD,,,,CGAdoption,EDRMS Project Site,,,,,,,,,,,,,,,,,,,,,,,,teamsites-0810023,
Site,Team Sites-0810021,,Active,Active,,https://7rkd12.sharepoint.com/teams/prj_teamsites-0810021,bc1c08b8-2aa3-4002-993f-a8fa5a1706ac,,,,Bonnie Test,BonnieTest@7rkd12.onmicrosoft.com,Mihal,Mihal@7rkd12.onmicrosoft.com,Bonnie Test,BonnieTest@7rkd12.onmicrosoft.com,,,,Asia-Pacific,Team site (no Microsoft 365 group),25600,0.004,Existing external users,,Indexed,,,Claimed,2026-08-10 15:57:28,,2026-08-12 12:06:32,2027-02-12 12:06:32,2026-08-12 12:10:09,In compliance,,,ADB - SharePoint Site Renewal,ADB - Do not allow External Sharing (SharePoint Site),,,,,,,,,,No,,,,,,,,,,,,,CSD,,,,CGAdoption,EDRMS Project Site,,,,,,,,,,,,,,,,,,,,,,,,teamsites-0810021,
Site,Team Sites-0810020,,Active,Active,,https://7rkd12.sharepoint.com/teams/prj_teamsites-0810020,5ffe874a-a965-4c53-a353-29f51e51c27c,,,,Bonnie Test,BonnieTest@7rkd12.onmicrosoft.com,Mihal,Mihal@7rkd12.onmicrosoft.com,Bonnie Test,BonnieTest@7rkd12.onmicrosoft.com,,,,Asia-Pacific,Team site (no Microsoft 365 group),25600,0.005,Existing external users,,Indexed,,,Claimed,2026-08-10 15:57:24,,2026-08-13 04:28:40,2027-02-13 04:28:40,2026-08-13 04:29:46,In compliance,,,ADB - SharePoint Site Renewal,ADB - Do not allow External Sharing (SharePoint Site),,,,,,,,,,No,,,,,,,,,,,,,CSD,,,,CGAdoption,EDRMS Project Site,,,,,,,,,,,,,,,,,,,,,,,,teamsites-0810020,
Site,Team Sites-0810017,,Active,Active,,https://7rkd12.sharepoint.com/teams/prj_teamsites-0810017,469d5025-17d0-450d-8d13-10db68a31cd8,,,,Bonnie Test,BonnieTest@7rkd12.onmicrosoft.com,Mihal,Mihal@7rkd12.onmicrosoft.com,Bonnie Test,BonnieTest@7rkd12.onmicrosoft.com,,,,Asia-Pacific,Team site (no Microsoft 365 group),25600,0.005,Existing external users,,Indexed,,,Claimed,2026-08-10 15:57:04,,2026-08-12 20:26:30,2027-02-12 20:26:30,2026-08-12 20:28:49,In compliance,,,ADB - SharePoint Site Renewal,ADB - Do not allow External Sharing (SharePoint Site),,,,,,,,,,No,,,,,,,,,,,,,CSD,,,,CGAdoption,EDRMS Project Site,,,,,,,,,,,,,,,,,,,,,,,,teamsites-0810017,
Site,Team Sites-0810016,,Active,Active,,https://7rkd12.sharepoint.com/teams/prj_teamsites-0810016,2ee64023-45bb-4014-a645-00377e66d6a4,,,,Bonnie Test,BonnieTest@7rkd12.onmicrosoft.com,Mihal,Mihal@7rkd12.onmicrosoft.com,Bonnie Test,BonnieTest@7rkd12.onmicrosoft.com,,,,Asia-Pacific,Team site (no Microsoft 365 group),25600,0.005,Existing external users,,Indexed,,,Claimed,2026-08-10 15:56:59,,2026-08-12 21:37:33,2027-02-12 21:37:33,2026-08-12 21:41:08,In compliance,,,ADB - SharePoint Site Renewal,ADB - Do not allow External Sharing (SharePoint Site),,,,,,,,,,No,,,,,,,,,,,,,CSD,,,,CGAdoption,EDRMS Project Site,,,,,,,,,,,,,,,,,,,,,,,,teamsites-0810016,
Site,Team Sites-0810015,,Active,Active,,https://7rkd12.sharepoint.com/teams/prj_teamsites-0810015,8e28b126-76ea-405a-884f-4fb01fdf147c,,,,Bonnie Test,BonnieTest@7rkd12.onmicrosoft.com,Mihal,Mihal@7rkd12.onmicrosoft.com,Bonnie Test,BonnieTest@7rkd12.onmicrosoft.com,,,,Asia-Pacific,Team site (no Microsoft 365 group),25600,0.004,Existing external users,,Indexed,,,Claimed,2026-08-10 15:56:57,,2026-08-12 23:09:24,2027-02-12 23:09:24,2026-08-12 23:11:05,In compliance,,,ADB - SharePoint Site Renewal,ADB - Do not allow External Sharing (SharePoint Site),,,,,,,,,,No,,,,,,,,,,,,,CSD,,,,CGAdoption,EDRMS Project Site,,,,,,,,,,,,,,,,,,,,,,,,teamsites-0810015,
Site,Team Sites-0810014,,Active,Active,,https://7rkd12.sharepoint.com/teams/prj_teamsites-0810014,6dd654c0-1fbf-4baf-92d8-e4fd81384834,,,,Bonnie Test,BonnieTest@7rkd12.onmicrosoft.com,Mihal,Mihal@7rkd12.onmicrosoft.com,Bonnie Test,BonnieTest@7rkd12.onmicrosoft.com,,,,Asia-Pacific,Team site (no Microsoft 365 group),25600,0.005,Existing external users,,Indexed,,,Claimed,2026-08-10 15:56:52,,2026-08-12 19:21:25,2027-02-12 19:21:25,2026-08-12 19:25:28,In compliance,,,ADB - SharePoint Site Renewal,ADB - Do not allow External Sharing (SharePoint Site),,,,,,,,,,No,,,,,,,,,,,,,CSD,,,,CGAdoption,EDRMS Project Site,,,,,,,,,,,,,,,,,,,,,,,,teamsites-0810014,
Site,Team Sites-0810012,,Active,Active,,https://7rkd12.sharepoint.com/teams/prj_teamsites-0810012,2cbc48dd-e9f6-4592-a561-fdf5eeb08074,,,,Bonnie Test,BonnieTest@7rkd12.onmicrosoft.com,Mihal,Mihal@7rkd12.onmicrosoft.com,Bonnie Test,BonnieTest@7rkd12.onmicrosoft.com,,,,Asia-Pacific,Team site (no Microsoft 365 group),25600,0.004,Existing external users,,Indexed,,,Claimed,2026-08-10 15:56:43,,2026-08-13 09:18:27,2027-02-13 09:18:27,2026-08-13 09:20:01,In compliance,,,ADB - SharePoint Site Renewal,ADB - Do not allow External Sharing (SharePoint Site),,,,,,,,,,No,,,,,,,,,,,,,CSD,,,,CGAdoption,EDRMS Project Site,,,,,,,,,,,,,,,,,,,,,,,,teamsites-0810012,
Site,Team Sites-0810011,,Active,Active,,https://7rkd12.sharepoint.com/teams/prj_teamsites-0810011,6e1519a9-6963-4f0d-9264-6ce9de7a9518,,,,Bonnie Test,BonnieTest@7rkd12.onmicrosoft.com,Mihal,Mihal@7rkd12.onmicrosoft.com,Bonnie Test,BonnieTest@7rkd12.onmicrosoft.com,,,,Asia-Pacific,Team site (no Microsoft 365 group),25600,0.005,Existing external users,,Indexed,,,Claimed,2026-08-10 15:56:40,,2026-08-12 19:10:14,2027-02-12 19:10:14,2026-08-12 19:13:03,In compliance,,,ADB - SharePoint Site Renewal,ADB - Do not allow External Sharing (SharePoint Site),,,,,,,,,,No,,,,,,,,,,,,,CSD,,,,CGAdoption,EDRMS Project Site,,,,,,,,,,,,,,,,,,,,,,,,teamsites-0810011,
Site,Team Sites-0810010,,Active,Active,,https://7rkd12.sharepoint.com/teams/prj_teamsites-0810010,607366e9-4bb9-4124-967d-d1a174a5832a,,,,Bonnie Test,BonnieTest@7rkd12.onmicrosoft.com,Mihal,Mihal@7rkd12.onmicrosoft.com,Bonnie Test,BonnieTest@7rkd12.onmicrosoft.com,,,,Asia-Pacific,Team site (no Microsoft 365 group),25600,0.005,Existing external users,,Indexed,,,Claimed,2026-08-10 15:56:36,,2026-08-12 19:15:20,2027-02-12 19:15:20,2026-08-12 19:16:50,In compliance,,,ADB - SharePoint Site Renewal,ADB - Do not allow External Sharing (SharePoint Site),,,,,,,,,,No,,,,,,,,,,,,,CSD,,,,CGAdoption,EDRMS Project Site,,,,,,,,,,,,,,,,,,,,,,,,teamsites-0810010,
Site,Team Sites-0810008,,Active,Active,,https://7rkd12.sharepoint.com/teams/prj_teamsites-0810008,091e4ade-a0e3-4df1-91d3-49ebfc63851d,,,,Bonnie Test,BonnieTest@7rkd12.onmicrosoft.com,Mihal,Mihal@7rkd12.onmicrosoft.com,Bonnie Test,BonnieTest@7rkd12.onmicrosoft.com,,,,Asia-Pacific,Team site (no Microsoft 365 group),25600,0.005,Existing external users,,Indexed,,,Claimed,2026-08-10 15:56:28,,2026-08-13 02:05:35,2027-02-13 02:05:35,2026-08-13 02:09:32,In compliance,,,ADB - SharePoint Site Renewal,ADB - Do not allow External Sharing (SharePoint Site),,,,,,,,,,No,,,,,,,,,,,,,CSD,,,,CGAdoption,EDRMS Project Site,,,,,,,,,,,,,,,,,,,,,,,,teamsites-0810008,
Site,Team Sites-0810005,,Active,Active,,https://7rkd12.sharepoint.com/teams/prj_teamsites-0810005,fc12d2ba-2c8f-4f38-9833-2784638f4d35,,,,Bonnie Test,BonnieTest@7rkd12.onmicrosoft.com,Mihal,Mihal@7rkd12.onmicrosoft.com,Bonnie Test,BonnieTest@7rkd12.onmicrosoft.com,,,,Asia-Pacific,Team site (no Microsoft 365 group),25600,0.005,Existing external users,,Indexed,,,Claimed,2026-08-10 15:56:19,,2026-08-12 20:15:59,2027-02-12 20:15:59,2026-08-12 20:17:21,In compliance,,,ADB - SharePoint Site Renewal,ADB - Do not allow External Sharing (SharePoint Site),,,,,,,,,,No,,,,,,,,,,,,,CSD,,,,CGAdoption,EDRMS Project Site,,,,,,,,,,,,,,,,,,,,,,,,teamsites-0810005,
Site,Team Sites-0810003,,Active,Active,,https://7rkd12.sharepoint.com/teams/prj_teamsites-0810003,0e0af523-2750-467d-b97b-560523a08399,,,,Bonnie Test,BonnieTest@7rkd12.onmicrosoft.com,Mihal,Mihal@7rkd12.onmicrosoft.com,Bonnie Test,BonnieTest@7rkd12.onmicrosoft.com,,,,Asia-Pacific,Team site (no Microsoft 365 group),25600,0.005,Existing external users,,Indexed,,,Claimed,2026-08-10 15:56:09,,2026-08-13 01:54:13,2027-02-13 01:54:13,2026-08-13 01:55:46,In compliance,,,ADB - SharePoint Site Renewal,ADB - Do not allow External Sharing (SharePoint Site),,,,,,,,,,No,,,,,,,,,,,,,CSD,,,,CGAdoption,EDRMS Project Site,,,,,,,,,,,,,,,,,,,,,,,,teamsites-0810003,
Site,Team Sites-0810002,,Active,Active,,https://7rkd12.sharepoint.com/teams/prj_teamsites-0810002,80b5756d-439c-4a4f-8907-802ca1533dbf,,,,Bonnie Test,BonnieTest@7rkd12.onmicrosoft.com,Mihal,Mihal@7rkd12.onmicrosoft.com,Bonnie Test,BonnieTest@7rkd12.onmicrosoft.com,,,,Asia-Pacific,Team site (no Microsoft 365 group),25600,0.005,Existing external users,,Indexed,,,Claimed,2026-08-10 15:56:08,,2026-08-12 05:47:58,2027-02-12 05:47:58,2026-08-12 05:53:03,In compliance,,,ADB - SharePoint Site Renewal,ADB - Do not allow External Sharing (SharePoint Site),,,,,,,,,,No,,,,,,,,,,,,,CSD,,,,CGAdoption,EDRMS Project Site,,,,,,,,,,,,,,,,,,,,,,,,teamsites-0810002,
Site,Team Sites-0810001,,Active,Active,,https://7rkd12.sharepoint.com/teams/prj_teamsites-0810001,2c8d175c-0e65-4042-8729-a0dc0b654871,,,,Bonnie Test,BonnieTest@7rkd12.onmicrosoft.com,Mihal,Mihal@7rkd12.onmicrosoft.com,Bonnie Test,BonnieTest@7rkd12.onmicrosoft.com,,,,Asia-Pacific,Team site (no Microsoft 365 group),25600,0.005,Existing external users,,Indexed,,,Claimed,2026-08-10 15:56:00,,2026-08-13 03:36:43,2027-02-13 03:36:43,2026-08-13 03:40:04,In compliance,,,ADB - SharePoint Site Renewal,ADB - Do not allow External Sharing (SharePoint Site),,,,,,,,,,No,,,,,,,,,,,,,CSD,,,,CGAdoption,EDRMS Project Site,,,,,,,,,,,,,,,,,,,,,,,,teamsites-0810001,
Site,Group Sites-0810100,,Active,Active,,https://7rkd12.sharepoint.com/teams/prj_groupsites-0810100,44c42ed2-556d-4e55-8193-d7cc2fca43ce,,,,Bonnie Test,BonnieTest@7rkd12.onmicrosoft.com,Mihal,Mihal@7rkd12.onmicrosoft.com,Bonnie Test,BonnieTest@7rkd12.onmicrosoft.com,,,,Asia-Pacific,Team site (no Microsoft 365 group),25600,0.005,Existing external users,,Indexed,,,Claimed,2026-08-10 15:55:58,,2026-08-13 03:52:30,2027-02-13 03:52:30,2026-08-13 03:56:29,In compliance,,,ADB - SharePoint Site Renewal,ADB - Do not allow External Sharing (SharePoint Site),,,,,,,,,,No,,,,,,,,,,,,,CSD,,,,CGAdoption,EDRMS Project Site,,,,,,,,,,,,,,,,,,,,,,,,groupsites-0810100,
Site,Group Sites-0810099,,Active,Active,,https://7rkd12.sharepoint.com/teams/prj_groupsites-0810099,f8a3212b-7f38-4a91-9633-468adf3f2d32,,,,Bonnie Test,BonnieTest@7rkd12.onmicrosoft.com,Mihal,Mihal@7rkd12.onmicrosoft.com,Bonnie Test,BonnieTest@7rkd12.onmicrosoft.com,,,,Asia-Pacific,Team site (no Microsoft 365 group),25600,0.005,Existing external users,,Indexed,,,Claimed,2026-08-10 15:55:55,,2026-08-13 07:52:28,2027-02-13 07:52:28,2026-08-13 07:56:16,In compliance,,,ADB - SharePoint Site Renewal,ADB - Do not allow External Sharing (SharePoint Site),,,,,,,,,,No,,,,,,,,,,,,,CSD,,,,CGAdoption,EDRMS Project Site,,,,,,,,,,,,,,,,,,,,,,,,groupsites-0810099,
Site,Group Sites-0810098,,Active,Active,,https://7rkd12.sharepoint.com/teams/prj_groupsites-0810098,1cbc19e3-2d82-4cad-a2bd-4480c00287ad,,,,Bonnie Test,BonnieTest@7rkd12.onmicrosoft.com,Mihal,Mihal@7rkd12.onmicrosoft.com,Bonnie Test,BonnieTest@7rkd12.onmicrosoft.com,,,,Asia-Pacific,Team site (no Microsoft 365 group),25600,0.005,Existing external users,,Indexed,,,Claimed,2026-08-10 15:55:53,,2026-08-13 07:14:14,2027-02-13 07:14:14,2026-08-13 07:15:20,In compliance,,,ADB - SharePoint Site Renewal,ADB - Do not allow External Sharing (SharePoint Site),,,,,,,,,,No,,,,,,,,,,,,,CSD,,,,CGAdoption,EDRMS Project Site,,,,,,,,,,,,,,,,,,,,,,,,groupsites-0810098,
Site,Group Sites-0810097,,Active,Active,,https://7rkd12.sharepoint.com/teams/prj_groupsites-0810097,d8c1382b-4f27-43f0-93f2-2438540ee956,,,,Bonnie Test,BonnieTest@7rkd12.onmicrosoft.com,Mihal,Mihal@7rkd12.onmicrosoft.com,Bonnie Test,BonnieTest@7rkd12.onmicrosoft.com,,,,Asia-Pacific,Team site (no Microsoft 365 group),25600,0.004,Existing external users,,Indexed,,,Claimed,2026-08-10 15:55:47,,2026-08-13 10:39:45,2027-02-13 10:39:45,2026-08-13 10:42:35,In compliance,,,ADB - SharePoint Site Renewal,ADB - Do not allow External Sharing (SharePoint Site),,,,,,,,,,No,,,,,,,,,,,,,CSD,,,,CGAdoption,EDRMS Project Site,,,,,,,,,,,,,,,,,,,,,,,,groupsites-0810097,
Site,Group Sites-0810096,,Active,Active,,https://7rkd12.sharepoint.com/teams/prj_groupsites-0810096,a2a3604f-d305-46fb-9cb4-4e1375d4f7ad,,,,Bonnie Test,BonnieTest@7rkd12.onmicrosoft.com,Mihal,Mihal@7rkd12.onmicrosoft.com,Bonnie Test,BonnieTest@7rkd12.onmicrosoft.com,,,,Asia-Pacific,Team site (no Microsoft 365 group),25600,0.005,Existing external users,,Indexed,,,Claimed,2026-08-10 15:55:44,,2026-08-13 10:25:50,2027-02-13 10:25:50,2026-08-13 10:27:01,In compliance,,,ADB - SharePoint Site Renewal,ADB - Do not allow External Sharing (SharePoint Site),,,,,,,,,,No,,,,,,,,,,,,,CSD,,,,CGAdoption,EDRMS Project Site,,,,,,,,,,,,,,,,,,,,,,,,groupsites-0810096,
Site,Group Sites-0810095,,Active,Active,,https://7rkd12.sharepoint.com/teams/prj_groupsites-0810095,ec1ba6c3-8f81-4221-93f1-14ca5e3f7035,,,,Bonnie Test,BonnieTest@7rkd12.onmicrosoft.com,Mihal,Mihal@7rkd12.onmicrosoft.com,Bonnie Test,BonnieTest@7rkd12.onmicrosoft.com,,,,Asia-Pacific,Team site (no Microsoft 365 group),25600,0.005,Existing external users,,Indexed,,,Claimed,2026-08-10 15:55:40,,2026-08-13 10:02:48,2027-02-13 10:02:48,2026-08-13 10:04:13,In compliance,,,ADB - SharePoint Site Renewal,ADB - Do not allow External Sharing (SharePoint Site),,,,,,,,,,No,,,,,,,,,,,,,CSD,,,,CGAdoption,EDRMS Project Site,,,,,,,,,,,,,,,,,,,,,,,,groupsites-0810095,
Site,Group Sites-0810094,,Active,Active,,https://7rkd12.sharepoint.com/teams/prj_groupsites-0810094,7833b821-f6b4-49a9-a16f-5013952fcefb,,,,Bonnie Test,BonnieTest@7rkd12.onmicrosoft.com,Mihal,Mihal@7rkd12.onmicrosoft.com,Bonnie Test,BonnieTest@7rkd12.onmicrosoft.com,,,,Asia-Pacific,Team site (no Microsoft 365 group),25600,0.004,Existing external users,,Indexed,,,Claimed,2026-08-10 15:55:26,,2026-08-13 13:16:31,2027-02-13 13:16:31,2026-08-13 13:22:38,In compliance,,,ADB - SharePoint Site Renewal,ADB - Do not allow External Sharing (SharePoint Site),,,,,,,,,,No,,,,,,,,,,,,,CSD,,,,CGAdoption,EDRMS Project Site,,,,,,,,,,,,,,,,,,,,,,,,groupsites-0810094,
Site,Group Sites-0810093,,Active,Active,,https://7rkd12.sharepoint.com/teams/prj_groupsites-0810093,3eaab900-449b-48dd-8486-f703636cf0d0,,,,Bonnie Test,BonnieTest@7rkd12.onmicrosoft.com,Mihal,Mihal@7rkd12.onmicrosoft.com,Bonnie Test,BonnieTest@7rkd12.onmicrosoft.com,,,,Asia-Pacific,Team site (no Microsoft 365 group),25600,0.004,Existing external users,,Indexed,,,Claimed,2026-08-10 15:55:24,,2026-08-13 12:02:28,2027-02-13 12:02:28,2026-08-13 12:05:31,In compliance,,,ADB - SharePoint Site Renewal,ADB - Do not allow External Sharing (SharePoint Site),,,,,,,,,,No,,,,,,,,,,,,,CSD,,,,CGAdoption,EDRMS Project Site,,,,,,,,,,,,,,,,,,,,,,,,groupsites-0810093,
Site,Group Sites-0810092,,Active,Active,,https://7rkd12.sharepoint.com/teams/prj_groupsites-0810092,81d6f1a7-16a6-44e0-acf9-c0f3e3d9cde1,,,,Bonnie Test,BonnieTest@7rkd12.onmicrosoft.com,Mihal,Mihal@7rkd12.onmicrosoft.com,Bonnie Test,BonnieTest@7rkd12.onmicrosoft.com,,,,Asia-Pacific,Team site (no Microsoft 365 group),25600,0.005,Existing external users,,Indexed,,,Claimed,2026-08-10 15:55:18,,2026-08-13 11:49:10,2027-02-13 11:49:10,2026-08-13 11:50:17,In compliance,,,ADB - SharePoint Site Renewal,ADB - Do not allow External Sharing (SharePoint Site),,,,,,,,,,No,,,,,,,,,,,,,CSD,,,,CGAdoption,EDRMS Project Site,,,,,,,,,,,,,,,,,,,,,,,,groupsites-0810092,
Site,Group Sites-0810090,,Active,Active,,https://7rkd12.sharepoint.com/teams/prj_groupsites-0810090,1a250d52-085a-443c-9894-c513603693a2,,,,Bonnie Test,BonnieTest@7rkd12.onmicrosoft.com,Mihal,Mihal@7rkd12.onmicrosoft.com,Bonnie Test,BonnieTest@7rkd12.onmicrosoft.com,,,,Asia-Pacific,Team site (no Microsoft 365 group),25600,0.004,Existing external users,,Indexed,,,Claimed,2026-08-10 15:55:14,,2026-08-13 11:53:50,2027-02-13 11:53:50,2026-08-13 11:56:11,In compliance,,,ADB - SharePoint Site Renewal,ADB - Do not allow External Sharing (SharePoint Site),,,,,,,,,,No,,,,,,,,,,,,,CSD,,,,CGAdoption,EDRMS Project Site,,,,,,,,,,,,,,,,,,,,,,,,groupsites-0810090,
Site,Group Sites-0810089,,Active,Active,,https://7rkd12.sharepoint.com/teams/prj_groupsites-0810089,a86d59af-9a85-4943-9a45-dac37fca3427,,,,Bonnie Test,BonnieTest@7rkd12.onmicrosoft.com,Mihal,Mihal@7rkd12.onmicrosoft.com,Bonnie Test,BonnieTest@7rkd12.onmicrosoft.com,,,,Asia-Pacific,Team site (no Microsoft 365 group),25600,0.005,Existing external users,,Indexed,,,Claimed,2026-08-10 15:55:07,,2026-08-13 08:05:49,2027-02-13 08:05:49,2026-08-13 08:08:09,In compliance,,,ADB - SharePoint Site Renewal,ADB - Do not allow External Sharing (SharePoint Site),,,,,,,,,,No,,,,,,,,,,,,,CSD,,,,CGAdoption,EDRMS Project Site,,,,,,,,,,,,,,,,,,,,,,,,groupsites-0810089,
Site,Group Sites-0810088,,Active,Active,,https://7rkd12.sharepoint.com/teams/prj_groupsites-0810088,1e977c1e-48e5-4eb9-9ecd-079e9cdcd8a3,,,,Bonnie Test,BonnieTest@7rkd12.onmicrosoft.com,Mihal,Mihal@7rkd12.onmicrosoft.com,Bonnie Test,BonnieTest@7rkd12.onmicrosoft.com,,,,Asia-Pacific,Team site (no Microsoft 365 group),25600,0.005,Existing external users,,Indexed,,,Claimed,2026-08-10 15:55:04,,2026-08-13 08:29:13,2027-02-13 08:29:13,2026-08-13 08:31:22,In compliance,,,ADB - SharePoint Site Renewal,ADB - Do not allow External Sharing (SharePoint Site),,,,,,,,,,No,,,,,,,,,,,,,CSD,,,,CGAdoption,EDRMS Project Site,,,,,,,,,,,,,,,,,,,,,,,,groupsites-0810088,
Site,Group Sites-0810086,,Active,Active,,https://7rkd12.sharepoint.com/teams/prj_groupsites-0810086,ee58ee3e-9b48-40ce-95ad-46923bb9ddfb,,,,Bonnie Test,BonnieTest@7rkd12.onmicrosoft.com,Mihal,Mihal@7rkd12.onmicrosoft.com,Bonnie Test,BonnieTest@7rkd12.onmicrosoft.com,,,,Asia-Pacific,Team site (no Microsoft 365 group),25600,0.004,Existing external users,,Indexed,,,Claimed,2026-08-10 15:54:41,,2026-08-13 09:11:12,2027-02-13 09:11:12,2026-08-13 09:14:51,In compliance,,,ADB - SharePoint Site Renewal,ADB - Do not allow External Sharing (SharePoint Site),,,,,,,,,,No,,,,,,,,,,,,,CSD,,,,CGAdoption,EDRMS Project Site,,,,,,,,,,,,,,,,,,,,,,,,groupsites-0810086,
Site,Group Sites-0810083,,Active,Active,,https://7rkd12.sharepoint.com/teams/prj_groupsites-0810083,4abda12b-c067-471b-9b61-27f5bf7991e9,,,,Bonnie Test,BonnieTest@7rkd12.onmicrosoft.com,Mihal,Mihal@7rkd12.onmicrosoft.com,Bonnie Test,BonnieTest@7rkd12.onmicrosoft.com,,,,Asia-Pacific,Team site (no Microsoft 365 group),25600,0.004,Existing external users,,Indexed,,,Claimed,2026-08-10 15:54:09,,2026-08-13 21:22:33,2027-02-13 21:22:33,2026-08-13 21:25:18,In compliance,,,ADB - SharePoint Site Renewal,ADB - Do not allow External Sharing (SharePoint Site),,,,,,,,,,No,,,,,,,,,,,,,CSD,,,,CGAdoption,EDRMS Project Site,,,,,,,,,,,,,,,,,,,,,,,,groupsites-0810083,
Site,Group Sites-0810082,,Active,Active,,https://7rkd12.sharepoint.com/teams/prj_groupsites-0810082,088f86d0-3edd-4bae-ad59-0ecaf9938de9,,,,Bonnie Test,BonnieTest@7rkd12.onmicrosoft.com,Mihal,Mihal@7rkd12.onmicrosoft.com,Bonnie Test,BonnieTest@7rkd12.onmicrosoft.com,,,,Asia-Pacific,Team site (no Microsoft 365 group),25600,0.005,Existing external users,,Indexed,,,Claimed,2026-08-10 15:54:05,,2026-08-13 20:56:14,2027-02-13 20:56:14,2026-08-13 21:02:00,In compliance,,,ADB - SharePoint Site Renewal,ADB - Do not allow External Sharing (SharePoint Site),,,,,,,,,,No,,,,,,,,,,,,,CSD,,,,CGAdoption,EDRMS Project Site,,,,,,,,,,,,,,,,,,,,,,,,groupsites-0810082,
Site,Group Sites-0810078,,Active,Active,,https://7rkd12.sharepoint.com/teams/prj_groupsites-0810078,68468c27-1f0d-49a0-b3c3-2bf38abc9a2d,,,,Bonnie Test,BonnieTest@7rkd12.onmicrosoft.com,Mihal,Mihal@7rkd12.onmicrosoft.com,Bonnie Test,BonnieTest@7rkd12.onmicrosoft.com,,,,Asia-Pacific,Team site (no Microsoft 365 group),25600,0.005,Existing external users,,Indexed,,,Claimed,2026-08-10 15:53:35,,2026-08-13 05:42:27,2027-02-13 05:42:27,2026-08-13 05:44:07,In compliance,,,ADB - SharePoint Site Renewal,ADB - Do not allow External Sharing (SharePoint Site),,,,,,,,,,No,,,,,,,,,,,,,CSD,,,,CGAdoption,EDRMS Project Site,,,,,,,,,,,,,,,,,,,,,,,,groupsites-0810078,
Site,Group Sites-0810077,,Active,Active,,https://7rkd12.sharepoint.com/teams/prj_groupsites-0810077,a7b1689b-6360-4760-ac5a-03598df176b0,,,,Bonnie Test,BonnieTest@7rkd12.onmicrosoft.com,Mihal,Mihal@7rkd12.onmicrosoft.com,Bonnie Test,BonnieTest@7rkd12.onmicrosoft.com,,,,Asia-Pacific,Team site (no Microsoft 365 group),25600,0.005,Existing external users,,Indexed,,,Claimed,2026-08-10 15:53:30,,2026-08-13 07:24:57,2027-02-13 07:24:57,2026-08-13 07:28:45,In compliance,,,ADB - SharePoint Site Renewal,ADB - Do not allow External Sharing (SharePoint Site),,,,,,,,,,No,,,,,,,,,,,,,CSD,,,,CGAdoption,EDRMS Project Site,,,,,,,,,,,,,,,,,,,,,,,,groupsites-0810077,
Site,Group Sites-0810076,,Active,Active,,https://7rkd12.sharepoint.com/teams/prj_groupsites-0810076,73be8ccf-c2b2-4abf-834c-44c6c76af3d1,,,,Bonnie Test,BonnieTest@7rkd12.onmicrosoft.com,Mihal,Mihal@7rkd12.onmicrosoft.com,Bonnie Test,BonnieTest@7rkd12.onmicrosoft.com,,,,Asia-Pacific,Team site (no Microsoft 365 group),25600,0.005,Existing external users,,Indexed,,,Claimed,2026-08-10 15:53:27,,2026-08-13 07:03:14,2027-02-13 07:03:14,2026-08-13 07:04:22,In compliance,,,ADB - SharePoint Site Renewal,ADB - Do not allow External Sharing (SharePoint Site),,,,,,,,,,No,,,,,,,,,,,,,CSD,,,,CGAdoption,EDRMS Project Site,,,,,,,,,,,,,,,,,,,,,,,,groupsites-0810076,
Site,Group Sites-0810075,,Active,Active,,https://7rkd12.sharepoint.com/teams/prj_groupsites-0810075,b6931b97-b959-419b-aae5-d0f222b091d4,,,,Bonnie Test,BonnieTest@7rkd12.onmicrosoft.com,Mihal,Mihal@7rkd12.onmicrosoft.com,Bonnie Test,BonnieTest@7rkd12.onmicrosoft.com,,,,Asia-Pacific,Team site (no Microsoft 365 group),25600,0.005,Existing external users,,Indexed,,,Claimed,2026-08-10 15:53:23,,2026-08-12 07:10:21,2027-02-12 07:10:21,2026-08-12 07:12:52,In compliance,,,ADB - SharePoint Site Renewal,ADB - Do not allow External Sharing (SharePoint Site),,,,,,,,,,No,,,,,,,,,,,,,CSD,,,,CGAdoption,EDRMS Project Site,,,,,,,,,,,,,,,,,,,,,,,,groupsites-0810075,
Site,Group Sites-0810074,,Active,Active,,https://7rkd12.sharepoint.com/teams/prj_groupsites-0810074,30e675e5-a59c-45a1-8b40-d4fed522dec0,,,,Bonnie Test,BonnieTest@7rkd12.onmicrosoft.com,Mihal,Mihal@7rkd12.onmicrosoft.com,Bonnie Test,BonnieTest@7rkd12.onmicrosoft.com,,,,Asia-Pacific,Team site (no Microsoft 365 group),25600,0.005,Existing external users,,Indexed,,,Claimed,2026-08-10 15:53:18,,2026-08-13 03:25:39,2027-02-13 03:25:39,2026-08-13 03:27:10,In compliance,,,ADB - SharePoint Site Renewal,ADB - Do not allow External Sharing (SharePoint Site),,,,,,,,,,No,,,,,,,,,,,,,CSD,,,,CGAdoption,EDRMS Project Site,,,,,,,,,,,,,,,,,,,,,,,,groupsites-0810074,
Site,Group Sites-0810072,,Active,Active,,https://7rkd12.sharepoint.com/teams/prj_groupsites-0810072,18b17cf3-eecc-4126-b8e1-80b48ea4ca03,,,,Bonnie Test,BonnieTest@7rkd12.onmicrosoft.com,Mihal,Mihal@7rkd12.onmicrosoft.com,Bonnie Test,BonnieTest@7rkd12.onmicrosoft.com,,,,Asia-Pacific,Team site (no Microsoft 365 group),25600,0.005,Existing external users,,Indexed,,,Claimed,2026-08-10 15:52:13,,2026-08-11 20:36:06,2027-02-11 20:36:06,2026-08-11 20:36:48,In compliance,,,ADB - SharePoint Site Renewal,ADB - Do not allow External Sharing (SharePoint Site),,,,,,,,,,No,,,,,,,,,,,,,CSD,,,,CGAdoption,EDRMS Project Site,,,,,,,,,,,,,,,,,,,,,,,,groupsites-0810072,
Site,Group Sites-0810071,,Active,Active,,https://7rkd12.sharepoint.com/teams/prj_groupsites-0810071,22d25d39-ff2c-4d02-a55e-1d3c5a030208,,,,Bonnie Test,BonnieTest@7rkd12.onmicrosoft.com,Mihal,Mihal@7rkd12.onmicrosoft.com,Bonnie Test,BonnieTest@7rkd12.onmicrosoft.com,,,,Asia-Pacific,Team site (no Microsoft 365 group),25600,0.005,Existing external users,,Indexed,,,Claimed,2026-08-10 15:52:09,,2026-08-13 04:38:33,2027-02-13 04:38:33,2026-08-13 04:40:10,In compliance,,,ADB - SharePoint Site Renewal,ADB - Do not allow External Sharing (SharePoint Site),,,,,,,,,,No,,,,,,,,,,,,,CSD,,,,CGAdoption,EDRMS Project Site,,,,,,,,,,,,,,,,,,,,,,,,groupsites-0810071,
Site,Group Sites-0810070,,Active,Active,,https://7rkd12.sharepoint.com/teams/prj_groupsites-0810070,1143ba88-6b49-4e32-b424-2ebdc5acbd97,,,,Bonnie Test,BonnieTest@7rkd12.onmicrosoft.com,Mihal,Mihal@7rkd12.onmicrosoft.com,Bonnie Test,BonnieTest@7rkd12.onmicrosoft.com,,,,Asia-Pacific,Team site (no Microsoft 365 group),25600,0.005,Existing external users,,Indexed,,,Claimed,2026-08-10 15:52:04,,2026-08-13 16:00:40,2027-02-13 16:00:40,2026-08-13 16:02:52,In compliance,,,ADB - SharePoint Site Renewal,ADB - Do not allow External Sharing (SharePoint Site),,,,,,,,,,No,,,,,,,,,,,,,CSD,,,,CGAdoption,EDRMS Project Site,,,,,,,,,,,,,,,,,,,,,,,,groupsites-0810070,
Site,Group Sites-0810063,,Active,Active,,https://7rkd12.sharepoint.com/teams/prj_groupsites-0810063,0d7ebb4f-8e9d-4c59-9abc-e991458a7358,,,,Bonnie Test,BonnieTest@7rkd12.onmicrosoft.com,Mihal,Mihal@7rkd12.onmicrosoft.com,Bonnie Test,BonnieTest@7rkd12.onmicrosoft.com,,,,Asia-Pacific,Team site (no Microsoft 365 group),25600,0.004,Existing external users,,Indexed,,,Claimed,2026-08-10 15:51:22,,2026-08-13 11:02:17,2027-02-13 11:02:17,2026-08-13 11:03:17,In compliance,,,ADB - SharePoint Site Renewal,ADB - Do not allow External Sharing (SharePoint Site),,,,,,,,,,No,,,,,,,,,,,,,CSD,,,,CGAdoption,EDRMS Project Site,,,,,,,,,,,,,,,,,,,,,,,,groupsites-0810063,
Site,Group Sites-0810062,,Active,Active,,https://7rkd12.sharepoint.com/teams/prj_groupsites-0810062,416d2f15-b600-4e28-9ca2-d33063e201bf,,,,Bonnie Test,BonnieTest@7rkd12.onmicrosoft.com,Mihal,Mihal@7rkd12.onmicrosoft.com,Bonnie Test,BonnieTest@7rkd12.onmicrosoft.com,,,,Asia-Pacific,Team site (no Microsoft 365 group),25600,0.004,Existing external users,,Indexed,,,Claimed,2026-08-10 15:51:17,,2026-08-13 12:23:23,2027-02-13 12:23:23,2026-08-13 12:25:36,In compliance,,,ADB - SharePoint Site Renewal,ADB - Do not allow External Sharing (SharePoint Site),,,,,,,,,,No,,,,,,,,,,,,,CSD,,,,CGAdoption,EDRMS Project Site,,,,,,,,,,,,,,,,,,,,,,,,groupsites-0810062,
Site,Group Sites-0810061,,Active,Active,,https://7rkd12.sharepoint.com/teams/prj_groupsites-0810061,80b0837f-eea0-4c64-bb5c-6932d55f79ee,,,,Bonnie Test,BonnieTest@7rkd12.onmicrosoft.com,Mihal,Mihal@7rkd12.onmicrosoft.com,Bonnie Test,BonnieTest@7rkd12.onmicrosoft.com,,,,Asia-Pacific,Team site (no Microsoft 365 group),25600,0.004,Existing external users,,Indexed,,,Claimed,2026-08-10 15:51:08,,2026-08-13 11:31:03,2027-02-13 11:31:03,2026-08-13 11:31:47,In compliance,,,ADB - SharePoint Site Renewal,ADB - Do not allow External Sharing (SharePoint Site),,,,,,,,,,No,,,,,,,,,,,,,CSD,,,,CGAdoption,EDRMS Project Site,,,,,,,,,,,,,,,,,,,,,,,,groupsites-0810061,
Site,Group Sites-0810056,,Active,Active,,https://7rkd12.sharepoint.com/teams/prj_groupsites-0810056,fb1c3b2e-225a-4d54-8407-c69b2b31d500,,,,Bonnie Test,BonnieTest@7rkd12.onmicrosoft.com,Mihal,Mihal@7rkd12.onmicrosoft.com,Bonnie Test,BonnieTest@7rkd12.onmicrosoft.com,,,,Asia-Pacific,Team site (no Microsoft 365 group),25600,0.004,Existing external users,,Indexed,,,Claimed,2026-08-10 15:50:49,,2026-08-13 09:17:09,2027-02-13 09:17:09,2026-08-13 09:18:09,In compliance,,,ADB - SharePoint Site Renewal,ADB - Do not allow External Sharing (SharePoint Site),,,,,,,,,,No,,,,,,,,,,,,,CSD,,,,CGAdoption,EDRMS Project Site,,,,,,,,,,,,,,,,,,,,,,,,groupsites-0810056,
Site,Group Sites-0810055,,Active,Active,,https://7rkd12.sharepoint.com/teams/prj_groupsites-0810055,99fa8699-3821-4b44-ab8c-a33d2b067ded,,,,Bonnie Test,BonnieTest@7rkd12.onmicrosoft.com,Mihal,Mihal@7rkd12.onmicrosoft.com,Bonnie Test,BonnieTest@7rkd12.onmicrosoft.com,,,,Asia-Pacific,Team site (no Microsoft 365 group),25600,0.004,Existing external users,,Indexed,,,Claimed,2026-08-10 15:50:46,,2026-08-13 08:38:33,2027-02-13 08:38:33,2026-08-13 08:43:37,In compliance,,,ADB - SharePoint Site Renewal,ADB - Do not allow External Sharing (SharePoint Site),,,,,,,,,,No,,,,,,,,,,,,,CSD,,,,CGAdoption,EDRMS Project Site,,,,,,,,,,,,,,,,,,,,,,,,groupsites-0810055,
Site,Group Sites-0810052,,Active,Active,,https://7rkd12.sharepoint.com/teams/prj_groupsites-0810052,c9279034-8998-45de-a6eb-282261487d2e,,,,Bonnie Test,BonnieTest@7rkd12.onmicrosoft.com,Mihal,Mihal@7rkd12.onmicrosoft.com,Bonnie Test,BonnieTest@7rkd12.onmicrosoft.com,,,,Asia-Pacific,Team site (no Microsoft 365 group),25600,0.005,Existing external users,,Indexed,,,Claimed,2026-08-10 15:50:21,,2026-08-13 20:55:03,2027-02-13 20:55:03,2026-08-13 21:02:00,In compliance,,,ADB - SharePoint Site Renewal,ADB - Do not allow External Sharing (SharePoint Site),,,,,,,,,,No,,,,,,,,,,,,,CSD,,,,CGAdoption,EDRMS Project Site,,,,,,,,,,,,,,,,,,,,,,,,groupsites-0810052,
Site,Group Sites-0810051,,Active,Active,,https://7rkd12.sharepoint.com/teams/prj_groupsites-0810051,14a419f0-c80d-4536-a2b3-9f39c7edf921,,,,Bonnie Test,BonnieTest@7rkd12.onmicrosoft.com,Mihal,Mihal@7rkd12.onmicrosoft.com,Bonnie Test,BonnieTest@7rkd12.onmicrosoft.com,,,,Asia-Pacific,Team site (no Microsoft 365 group),25600,0.004,Existing external users,,Indexed,,,Claimed,2026-08-10 15:50:17,,2026-08-13 20:11:17,2027-02-13 20:11:17,2026-08-13 20:12:26,In compliance,,,ADB - SharePoint Site Renewal,ADB - Do not allow External Sharing (SharePoint Site),,,,,,,,,,No,,,,,,,,,,,,,CSD,,,,CGAdoption,EDRMS Project Site,,,,,,,,,,,,,,,,,,,,,,,,groupsites-0810051,
Site,Group Sites-0810048,,Active,Active,,https://7rkd12.sharepoint.com/teams/prj_groupsites-0810048,cc6a72b7-dc81-4edd-ae2d-821b6b742c79,,,,Bonnie Test,BonnieTest@7rkd12.onmicrosoft.com,Mihal,Mihal@7rkd12.onmicrosoft.com,Bonnie Test,BonnieTest@7rkd12.onmicrosoft.com,,,,Asia-Pacific,Team site (no Microsoft 365 group),25600,0.005,Existing external users,,Indexed,,,Claimed,2026-08-10 15:50:01,,2026-08-14 11:21:44,2027-02-14 11:21:44,2026-08-14 11:25:12,In compliance,,,ADB - SharePoint Site Renewal,ADB - Do not allow External Sharing (SharePoint Site),,,,,,,,,,No,,,,,,,,,,,,,CSD,,,,CGAdoption,EDRMS Project Site,,,,,,,,,,,,,,,,,,,,,,,,groupsites-0810048,
Site,Group Sites-0810046,,Active,Active,,https://7rkd12.sharepoint.com/teams/prj_groupsites-0810046,6c89fa2e-862f-41e4-b06f-d12d66618f9a,,,,Bonnie Test,BonnieTest@7rkd12.onmicrosoft.com,Mihal,Mihal@7rkd12.onmicrosoft.com,Bonnie Test,BonnieTest@7rkd12.onmicrosoft.com,,,,Asia-Pacific,Team site (no Microsoft 365 group),25600,0.005,Existing external users,,Indexed,,,Claimed,2026-08-10 15:49:54,,2026-08-13 21:06:15,2027-02-13 21:06:15,2026-08-13 21:11:20,In compliance,,,ADB - SharePoint Site Renewal,ADB - Do not allow External Sharing (SharePoint Site),,,,,,,,,,No,,,,,,,,,,,,,CSD,,,,CGAdoption,EDRMS Project Site,,,,,,,,,,,,,,,,,,,,,,,,groupsites-0810046,
Site,Group Sites-0810042,,Active,Active,,https://7rkd12.sharepoint.com/teams/prj_groupsites-0810042,04061513-dd55-4a08-a735-a1e4a3911602,,,,Bonnie Test,BonnieTest@7rkd12.onmicrosoft.com,Mihal,Mihal@7rkd12.onmicrosoft.com,Bonnie Test,BonnieTest@7rkd12.onmicrosoft.com,,,,Asia-Pacific,Team site (no Microsoft 365 group),25600,0.004,Existing external users,,Indexed,,,Claimed,2026-08-10 15:49:39,,2026-08-13 09:47:35,2027-02-13 09:47:35,2026-08-13 09:51:33,In compliance,,,ADB - SharePoint Site Renewal,ADB - Do not allow External Sharing (SharePoint Site),,,,,,,,,,No,,,,,,,,,,,,,CSD,,,,CGAdoption,EDRMS Project Site,,,,,,,,,,,,,,,,,,,,,,,,groupsites-0810042,
Site,Group Sites-0810041,,Active,Active,,https://7rkd12.sharepoint.com/teams/prj_groupsites-0810041,2818a415-a4d1-4837-8002-de70f670bf40,,,,Bonnie Test,BonnieTest@7rkd12.onmicrosoft.com,Mihal,Mihal@7rkd12.onmicrosoft.com,Bonnie Test,BonnieTest@7rkd12.onmicrosoft.com,,,,Asia-Pacific,Team site (no Microsoft 365 group),25600,0.004,Existing external users,,Indexed,,,Claimed,2026-08-10 15:49:32,,2026-08-12 15:36:20,2027-02-12 15:36:20,2026-08-12 15:39:39,In compliance,,,ADB - SharePoint Site Renewal,ADB - Do not allow External Sharing (SharePoint Site),,,,,,,,,,No,,,,,,,,,,,,,CSD,,,,CGAdoption,EDRMS Project Site,,,,,,,,,,,,,,,,,,,,,,,,groupsites-0810041,
Site,Group Sites-0810040,,Active,Active,,https://7rkd12.sharepoint.com/teams/prj_groupsites-0810040,81200a16-554b-470b-8663-e6c72cd27683,,,,Bonnie Test,BonnieTest@7rkd12.onmicrosoft.com,Mihal,Mihal@7rkd12.onmicrosoft.com,Bonnie Test,BonnieTest@7rkd12.onmicrosoft.com,,,,Asia-Pacific,Team site (no Microsoft 365 group),25600,0.004,Existing external users,,Indexed,,,Claimed,2026-08-10 15:49:26,,2026-08-12 12:57:48,2027-02-12 12:57:48,2026-08-12 13:01:10,In compliance,,,ADB - SharePoint Site Renewal,ADB - Do not allow External Sharing (SharePoint Site),,,,,,,,,,No,,,,,,,,,,,,,CSD,,,,CGAdoption,EDRMS Project Site,,,,,,,,,,,,,,,,,,,,,,,,groupsites-0810040,
Site,Group Sites-0810038,,Active,Active,,https://7rkd12.sharepoint.com/teams/prj_groupsites-0810038,c4fdeecf-722a-4d4a-bdc8-27bffb0dead0,,,,Bonnie Test,BonnieTest@7rkd12.onmicrosoft.com,Mihal,Mihal@7rkd12.onmicrosoft.com,Bonnie Test,BonnieTest@7rkd12.onmicrosoft.com,,,,Asia-Pacific,Team site (no Microsoft 365 group),25600,0.004,Existing external users,,Indexed,,,Claimed,2026-08-10 15:49:15,,2026-08-13 13:20:11,2027-02-13 13:20:11,2026-08-13 13:20:59,In compliance,,,ADB - SharePoint Site Renewal,ADB - Do not allow External Sharing (SharePoint Site),,,,,,,,,,No,,,,,,,,,,,,,CSD,,,,CGAdoption,EDRMS Project Site,,,,,,,,,,,,,,,,,,,,,,,,groupsites-0810038,
Site,Group Sites-0810036,,Active,Active,,https://7rkd12.sharepoint.com/teams/prj_groupsites-0810036,41ccee74-33be-4190-a611-483e898b7af7,,,,Bonnie Test,BonnieTest@7rkd12.onmicrosoft.com,Mihal,Mihal@7rkd12.onmicrosoft.com,Bonnie Test,BonnieTest@7rkd12.onmicrosoft.com,,,,Asia-Pacific,Team site (no Microsoft 365 group),25600,0.004,Existing external users,,Indexed,,,Claimed,2026-08-10 15:49:06,,2026-08-13 11:34:43,2027-02-13 11:34:43,2026-08-13 11:37:17,In compliance,,,ADB - SharePoint Site Renewal,ADB - Do not allow External Sharing (SharePoint Site),,,,,,,,,,No,,,,,,,,,,,,,CSD,,,,CGAdoption,EDRMS Project Site,,,,,,,,,,,,,,,,,,,,,,,,groupsites-0810036,
Site,Group Sites-0810035,,Active,Active,,https://7rkd12.sharepoint.com/teams/prj_groupsites-0810035,7402b267-b3e7-4892-9e41-fa449aba2ed5,,,,Bonnie Test,BonnieTest@7rkd12.onmicrosoft.com,Mihal,Mihal@7rkd12.onmicrosoft.com,Bonnie Test,BonnieTest@7rkd12.onmicrosoft.com,,,,Asia-Pacific,Team site (no Microsoft 365 group),25600,0.004,Existing external users,,Indexed,,,Claimed,2026-08-10 15:49:03,,2026-08-13 10:38:46,2027-02-13 10:38:46,2026-08-13 10:40:39,In compliance,,,ADB - SharePoint Site Renewal,ADB - Do not allow External Sharing (SharePoint Site),,,,,,,,,,No,,,,,,,,,,,,,CSD,,,,CGAdoption,EDRMS Project Site,,,,,,,,,,,,,,,,,,,,,,,,groupsites-0810035,
Site,Group Sites-0810034,,Active,Active,,https://7rkd12.sharepoint.com/teams/prj_groupsites-0810034,0f4f99c8-c728-4a1e-aeb5-b72bf8f81f2a,,,,Bonnie Test,BonnieTest@7rkd12.onmicrosoft.com,Mihal,Mihal@7rkd12.onmicrosoft.com,Bonnie Test,BonnieTest@7rkd12.onmicrosoft.com,,,,Asia-Pacific,Team site (no Microsoft 365 group),25600,0.004,Existing external users,,Indexed,,,Claimed,2026-08-10 15:48:58,,2026-08-13 11:03:33,2027-02-13 11:03:33,2026-08-13 11:05:35,In compliance,,,ADB - SharePoint Site Renewal,ADB - Do not allow External Sharing (SharePoint Site),,,,,,,,,,No,,,,,,,,,,,,,CSD,,,,CGAdoption,EDRMS Project Site,,,,,,,,,,,,,,,,,,,,,,,,groupsites-0810034,
Site,Group Sites-0810030,,Active,Active,,https://7rkd12.sharepoint.com/teams/prj_groupsites-0810030,dafe8fdc-53cf-4931-87b6-31700519d70a,,,,Bonnie Test,BonnieTest@7rkd12.onmicrosoft.com,Mihal,Mihal@7rkd12.onmicrosoft.com,Bonnie Test,BonnieTest@7rkd12.onmicrosoft.com,,,,Asia-Pacific,Team site (no Microsoft 365 group),25600,0.005,Existing external users,,Indexed,,,Claimed,2026-08-10 15:48:27,,2026-08-13 04:52:07,2027-02-13 04:52:07,2026-08-13 04:54:58,In compliance,,,ADB - SharePoint Site Renewal,ADB - Do not allow External Sharing (SharePoint Site),,,,,,,,,,No,,,,,,,,,,,,,CSD,,,,CGAdoption,EDRMS Project Site,,,,,,,,,,,,,,,,,,,,,,,,groupsites-0810030,
Site,Group Sites-0810025,,Active,Active,,https://7rkd12.sharepoint.com/teams/prj_groupsites-0810025,8d0c8cf4-adf1-46a4-92c1-cfd9cdaefdec,,,,Bonnie Test,BonnieTest@7rkd12.onmicrosoft.com,Mihal,Mihal@7rkd12.onmicrosoft.com,Bonnie Test,BonnieTest@7rkd12.onmicrosoft.com,,,,Asia-Pacific,Team site (no Microsoft 365 group),25600,0.005,Existing external users,,Indexed,,,Claimed,2026-08-10 15:48:05,,2026-08-13 20:02:10,2027-02-13 20:02:10,2026-08-13 20:03:16,In compliance,,,ADB - SharePoint Site Renewal,ADB - Do not allow External Sharing (SharePoint Site),,,,,,,,,,No,,,,,,,,,,,,,CSD,,,,CGAdoption,EDRMS Project Site,,,,,,,,,,,,,,,,,,,,,,,,groupsites-0810025,
Site,Group Sites-0810021,,Active,Active,,https://7rkd12.sharepoint.com/teams/prj_groupsites-0810021,f5dc3819-ea65-4157-8743-6cb1503a304c,,,,Bonnie Test,BonnieTest@7rkd12.onmicrosoft.com,Mihal,Mihal@7rkd12.onmicrosoft.com,Bonnie Test,BonnieTest@7rkd12.onmicrosoft.com,,,,Asia-Pacific,Team site (no Microsoft 365 group),25600,0.004,Existing external users,,Indexed,,,Claimed,2026-08-10 15:47:53,,2026-08-13 16:48:41,2027-02-13 16:48:41,2026-08-13 16:53:34,In compliance,,,ADB - SharePoint Site Renewal,ADB - Do not allow External Sharing (SharePoint Site),,,,,,,,,,No,,,,,,,,,,,,,CSD,,,,CGAdoption,EDRMS Project Site,,,,,,,,,,,,,,,,,,,,,,,,groupsites-0810021,
Site,Group Sites-0810017,,Active,Active,,https://7rkd12.sharepoint.com/teams/prj_groupsites-0810017,0ca586e0-a33b-48dd-b63a-aee03b86d671,,,,Bonnie Test,BonnieTest@7rkd12.onmicrosoft.com,Mihal,Mihal@7rkd12.onmicrosoft.com,Bonnie Test,BonnieTest@7rkd12.onmicrosoft.com,,,,Asia-Pacific,Team site (no Microsoft 365 group),25600,0.005,Existing external users,,Indexed,,,Claimed,2026-08-10 15:47:36,,2026-08-13 20:46:57,2027-02-13 20:46:57,2026-08-13 20:49:10,In compliance,,,ADB - SharePoint Site Renewal,ADB - Do not allow External Sharing (SharePoint Site),,,,,,,,,,No,,,,,,,,,,,,,CSD,,,,CGAdoption,EDRMS Project Site,,,,,,,,,,,,,,,,,,,,,,,,groupsites-0810017,
Site,Group Sites-0810014,,Active,Active,,https://7rkd12.sharepoint.com/teams/prj_groupsites-0810014,c90fca2d-3e82-4d2b-9c43-e94824b44f33,,,,Bonnie Test,BonnieTest@7rkd12.onmicrosoft.com,Mihal,Mihal@7rkd12.onmicrosoft.com,Bonnie Test,BonnieTest@7rkd12.onmicrosoft.com,,,,Asia-Pacific,Team site (no Microsoft 365 group),25600,0.004,Existing external users,,Indexed,,,Claimed,2026-08-10 15:47:25,,2026-08-10 22:23:05,2027-02-10 22:23:05,2026-08-10 22:29:10,In compliance,,,ADB - SharePoint Site Renewal,ADB - Do not allow External Sharing (SharePoint Site),,,,,,,,,,No,,,,,,,,,,,,,CSD,,,,CGAdoption,EDRMS Project Site,,,,,,,,,,,,,,,,,,,,,,,,groupsites-0810014,
Site,Group Sites-0810012,,Active,Active,,https://7rkd12.sharepoint.com/teams/prj_groupsites-0810012,c986772c-c52f-4f72-b77f-c23b109e3235,,,,Bonnie Test,BonnieTest@7rkd12.onmicrosoft.com,Mihal,Mihal@7rkd12.onmicrosoft.com,Bonnie Test,BonnieTest@7rkd12.onmicrosoft.com,,,,Asia-Pacific,Team site (no Microsoft 365 group),25600,0.004,Existing external users,,Indexed,,,Claimed,2026-08-10 15:47:02,,2026-08-10 22:22:53,2027-02-10 22:22:53,2026-08-10 22:26:52,In compliance,,,ADB - SharePoint Site Renewal,ADB - Do not allow External Sharing (SharePoint Site),,,,,,,,,,No,,,,,,,,,,,,,CSD,,,,CGAdoption,EDRMS Project Site,,,,,,,,,,,,,,,,,,,,,,,,groupsites-0810012,
Site,Group Sites-0810011,,Active,Active,,https://7rkd12.sharepoint.com/teams/prj_groupsites-0810011,5b9c6128-206a-4de5-86b0-dba122f55085,,,,Bonnie Test,BonnieTest@7rkd12.onmicrosoft.com,Mihal,Mihal@7rkd12.onmicrosoft.com,Bonnie Test,BonnieTest@7rkd12.onmicrosoft.com,,,,Asia-Pacific,Team site (no Microsoft 365 group),25600,0.004,Existing external users,,Indexed,,,Claimed,2026-08-10 15:46:58,,2026-08-10 22:27:58,2027-02-10 22:27:58,2026-08-10 22:30:00,In compliance,,,ADB - SharePoint Site Renewal,ADB - Do not allow External Sharing (SharePoint Site),,,,,,,,,,No,,,,,,,,,,,,,CSD,,,,CGAdoption,EDRMS Project Site,,,,,,,,,,,,,,,,,,,,,,,,groupsites-0810011,
Site,Group Sites-0810010,,Active,Active,,https://7rkd12.sharepoint.com/teams/prj_groupsites-0810010,58f32e3a-c089-4dd2-9642-1bd68bfb1328,,,,Bonnie Test,BonnieTest@7rkd12.onmicrosoft.com,Mihal,Mihal@7rkd12.onmicrosoft.com,Bonnie Test,BonnieTest@7rkd12.onmicrosoft.com,,,,Asia-Pacific,Team site (no Microsoft 365 group),25600,0.004,Existing external users,,Indexed,,,Claimed,2026-08-10 15:46:54,,2026-08-10 22:16:36,2027-02-10 22:16:36,2026-08-10 22:20:48,In compliance,,,ADB - SharePoint Site Renewal,ADB - Do not allow External Sharing (SharePoint Site),,,,,,,,,,No,,,,,,,,,,,,,CSD,,,,CGAdoption,EDRMS Project Site,,,,,,,,,,,,,,,,,,,,,,,,groupsites-0810010,
Site,Group Sites-0810007,,Active,Active,,https://7rkd12.sharepoint.com/teams/prj_groupsites-0810007,784e3c03-7022-4e4e-90e3-4a0f6ea8a605,,,,Bonnie Test,BonnieTest@7rkd12.onmicrosoft.com,Mihal,Mihal@7rkd12.onmicrosoft.com,Bonnie Test,BonnieTest@7rkd12.onmicrosoft.com,,,,Asia-Pacific,Team site (no Microsoft 365 group),25600,0.004,Existing external users,,Indexed,,,Claimed,2026-08-10 15:46:42,,2026-08-13 16:29:37,2027-02-13 16:29:37,2026-08-13 16:33:18,In compliance,,,ADB - SharePoint Site Renewal,ADB - Do not allow External Sharing (SharePoint Site),,,,,,,,,,No,,,,,,,,,,,,,CSD,,,,CGAdoption,EDRMS Project Site,,,,,,,,,,,,,,,,,,,,,,,,groupsites-0810007,
Site,Group Sites-0810006,,Active,Active,,https://7rkd12.sharepoint.com/teams/prj_groupsites-0810006,623df546-10a3-4334-8555-222101b11f09,,,,Bonnie Test,BonnieTest@7rkd12.onmicrosoft.com,Mihal,Mihal@7rkd12.onmicrosoft.com,Bonnie Test,BonnieTest@7rkd12.onmicrosoft.com,,,,Asia-Pacific,Team site (no Microsoft 365 group),25600,0.005,Existing external users,,Indexed,,,Claimed,2026-08-10 15:46:38,,2026-08-13 08:21:30,2027-02-13 08:21:30,2026-08-13 08:23:50,In compliance,,,ADB - SharePoint Site Renewal,ADB - Do not allow External Sharing (SharePoint Site),,,,,,,,,,No,,,,,,,,,,,,,CSD,,,,CGAdoption,EDRMS Project Site,,,,,,,,,,,,,,,,,,,,,,,,groupsites-0810006,
Site,Group Sites-0810004,,Active,Active,,https://7rkd12.sharepoint.com/teams/prj_groupsites-0810004,fcc710da-6e25-4cdd-9906-19bbffa1aca5,,,,Bonnie Test,BonnieTest@7rkd12.onmicrosoft.com,Mihal,Mihal@7rkd12.onmicrosoft.com,Bonnie Test,BonnieTest@7rkd12.onmicrosoft.com,,,,Asia-Pacific,Team site (no Microsoft 365 group),25600,0.004,Existing external users,,Indexed,,,Claimed,2026-08-10 15:46:30,,2026-08-13 11:47:57,2027-02-13 11:47:57,2026-08-13 11:50:10,In compliance,,,ADB - SharePoint Site Renewal,ADB - Do not allow External Sharing (SharePoint Site),,,,,,,,,,No,,,,,,,,,,,,,CSD,,,,CGAdoption,EDRMS Project Site,,,,,,,,,,,,,,,,,,,,,,,,groupsites-0810004,
Site,Group Sites-0810003,,Active,Active,,https://7rkd12.sharepoint.com/teams/prj_groupsites-0810003,69601f99-879b-4575-8f63-12bc31aa2532,,,,Bonnie Test,BonnieTest@7rkd12.onmicrosoft.com,Mihal,Mihal@7rkd12.onmicrosoft.com,Bonnie Test,BonnieTest@7rkd12.onmicrosoft.com,,,,Asia-Pacific,Team site (no Microsoft 365 group),25600,0.004,Existing external users,,Indexed,,,Claimed,2026-08-10 15:46:26,,2026-08-11 13:02:34,2027-02-11 13:02:34,2026-08-11 13:06:22,In compliance,,,ADB - SharePoint Site Renewal,ADB - Do not allow External Sharing (SharePoint Site),,,,,,,,,,No,,,,,,,,,,,,,CSD,,,,CGAdoption,EDRMS Project Site,,,,,,,,,,,,,,,,,,,,,,,,groupsites-0810003,
Site,Group Sites-0810001,,Active,Active,,https://7rkd12.sharepoint.com/teams/prj_groupsites-0810001,6bffdb46-9fa5-4aed-b0c2-62c2f3057aa7,,,,Bonnie Test,BonnieTest@7rkd12.onmicrosoft.com,Mihal,Mihal@7rkd12.onmicrosoft.com,Bonnie Test,BonnieTest@7rkd12.onmicrosoft.com,,,,Asia-Pacific,Team site (no Microsoft 365 group),25600,0.005,Existing external users,,Indexed,,,Claimed,2026-08-10 15:46:18,,2026-08-13 21:07:40,2027-02-13 21:07:40,2026-08-13 21:10:05,In compliance,,,ADB - SharePoint Site Renewal,ADB - Do not allow External Sharing (SharePoint Site),,,,,,,,,,No,,,,,,,,,,,,,CSD,,,,CGAdoption,EDRMS Project Site,,,,,,,,,,,,,,,,,,,,,,,,groupsites-0810001,
Site,kendrick-Site-Title-c-6,,Active,Active,Not on hold,https://7rkd12.sharepoint.com/teams/prj_kendrick-c-6,33f364f6-cc19-424b-b854-ddc715e59060,,,,Bonnie Test,BonnieTest@7rkd12.onmicrosoft.com,Mihal,Mihal@7rkd12.onmicrosoft.com,Mihal,Mihal@7rkd12.onmicrosoft.com,,,,Asia-Pacific,Team site (no Microsoft 365 group),25600,0.005,Existing external users,,Indexed,,,Claimed,2026-08-06 18:53:33,,2026-08-07 11:20:32,2027-02-07 11:20:32,2026-08-07 11:22:28,In compliance,,,ADB - SharePoint Site Renewal,ADB - Do not allow External Sharing (SharePoint Site),,,,,,,,,,No,,,,,,,,,,,,,ADBI;BOD;CSD,,,,CGAdoption,EDRMS Project Site,,,,,,,,,,,,,,,,,,,,,,,,kendrick-c-6,
Site,kendrick-Site-Title-c-5,,Active,Active,Not on hold,https://7rkd12.sharepoint.com/teams/prj_kendrick-c-5,e688c3b0-fce8-4bd7-a887-eaba499869ea,,,,Bonnie Test,BonnieTest@7rkd12.onmicrosoft.com,Mihal,Mihal@7rkd12.onmicrosoft.com,Mihal,Mihal@7rkd12.onmicrosoft.com,,,,Asia-Pacific,Team site (no Microsoft 365 group),25600,0.005,Existing external users,,Indexed,,,Claimed,2026-08-06 18:53:29,,2026-08-07 09:00:00,2027-02-06 22:45:48,2026-08-06 22:47:10,In compliance,,,ADB - SharePoint Site Renewal,ADB - Do not allow External Sharing (SharePoint Site),,,,,,,,,,No,,,,,,,,,,,,,CWRD;SARD,,,,CGAdoption,EDRMS Project Site,,,,,,,,,,,,,,,,,,,,,,,,kendrick-c-5,
Site,kendrick-Site-Title-c-4,,Active,Active,Not on hold,https://7rkd12.sharepoint.com/teams/prj_kendrick-c-4,f470ccde-ac1d-41c5-b248-63458d2dde11,,,,Bonnie Test,BonnieTest@7rkd12.onmicrosoft.com,Mihal,Mihal@7rkd12.onmicrosoft.com,Mihal,Mihal@7rkd12.onmicrosoft.com,,,,Asia-Pacific,Team site (no Microsoft 365 group),25600,0.005,Existing external users,,Indexed,,,Claimed,2026-08-06 18:53:25,,2026-08-06 22:13:16,2027-02-06 22:13:16,2026-08-06 22:14:53,In compliance,,,ADB - SharePoint Site Renewal,ADB - Do not allow External Sharing (SharePoint Site),,,,,,,,,,No,,,,,,,,,,,,,ADBI;SARD,,,,CGAdoption,EDRMS Project Site,,,,,,,,,,,,,,,,,,,,,,,,kendrick-c-4,
Site,kendrick-Site-Title-c-3,,Active,Active,Not on hold,https://7rkd12.sharepoint.com/teams/prj_kendrick-c-3,b7f021c3-3a10-4258-9beb-3de424af8a4b,,,,Bonnie Test,BonnieTest@7rkd12.onmicrosoft.com,Mihal,Mihal@7rkd12.onmicrosoft.com,Mihal,Mihal@7rkd12.onmicrosoft.com,,,,Asia-Pacific,Team site (no Microsoft 365 group),25600,0.005,Existing external users,,Indexed,,,Claimed,2026-08-06 18:53:21,,2026-08-06 23:31:03,2027-02-06 23:31:03,2026-08-06 23:37:03,In compliance,,,ADB - SharePoint Site Renewal,ADB - Do not allow External Sharing (SharePoint Site),,,,,,,,,,No,,,,,,,,,,,,,ADBI;BOD;SARD,,,,CGAdoption,EDRMS Project Site,,,,,,,,,,,,,,,,,,,,,,,,kendrick-c-3,
Site,kendrick-Site-Title-c-2,,Active,Active,Not on hold,https://7rkd12.sharepoint.com/teams/prj_kendrick-c-2,97dae74e-8764-42dc-b77c-d8da405cd42f,,,,Bonnie Test,BonnieTest@7rkd12.onmicrosoft.com,Mihal,Mihal@7rkd12.onmicrosoft.com,Mihal,Mihal@7rkd12.onmicrosoft.com,,,,Asia-Pacific,Team site (no Microsoft 365 group),25600,0.005,Existing external users,,Indexed,,,Claimed,2026-08-06 18:53:15,,2026-08-06 22:05:21,2027-02-06 22:05:21,2026-08-06 22:07:01,In compliance,,,ADB - SharePoint Site Renewal,ADB - Do not allow External Sharing (SharePoint Site),,,,,,,,,,No,,,,,,,,,,,,,ADBI,,,,CGAdoption,EDRMS Project Site,,,,,,,,,,,,,,,,,,,,,,,,kendrick-c-2,
Site,kendrick-Site-Title-c-1,,Active,Active,Not on hold,https://7rkd12.sharepoint.com/teams/prj_kendrick-c-1,519141d1-107e-4079-8490-ac8f0f5dc967,,,,Bonnie Test,BonnieTest@7rkd12.onmicrosoft.com,Mihal,Mihal@7rkd12.onmicrosoft.com,Mihal,Mihal@7rkd12.onmicrosoft.com,,,,Asia-Pacific,Team site (no Microsoft 365 group),25600,0.005,Existing external users,,Indexed,,,Claimed,2026-08-06 18:53:10,,2026-08-06 22:36:34,2027-02-06 22:36:34,2026-08-06 22:58:43,In compliance,,,ADB - SharePoint Site Renewal,ADB - Do not allow External Sharing (SharePoint Site),,,,,,,,,,No,,,,,,,,,,,,,ADBI;BOD;CSD;CWRD;SARD,,,,CGAdoption,EDRMS Project Site,,,,,,,,,,,,,,,,,,,,,,,,kendrick-c-1,
Site,prj_Team Site-805100,,Active,Active,Not on hold,https://7rkd12.sharepoint.com/teams/prj_teamsite-805100,d79059ff-f01e-41b3-a891-2657c0caa27f,,,,Bonnie Test,BonnieTest@7rkd12.onmicrosoft.com,Mihal,Mihal@7rkd12.onmicrosoft.com,AdaTest,AdaTest@7rkd12.onmicrosoft.com,,,,Asia-Pacific,Team site (no Microsoft 365 group),25600,0.005,Existing external users,,Indexed,,,Claimed,2026-08-05 12:19:22,,2026-08-06 17:31:26,2027-02-06 17:31:26,2026-08-06 17:32:56,In compliance,,,ADB - SharePoint Site Renewal,ADB - Do not allow External Sharing (SharePoint Site),,,,,,,,,,No,,,,,,,,,,,,,CSD,,,,CGAdoption,EDRMS Project Site,,,,,,,,,,,,,,,,,,,,,,,,teamsite-805100,
Site,prj_Team Site-805099,,Active,Active,Not on hold,https://7rkd12.sharepoint.com/teams/prj_teamsite-805099,a7cdf9a3-26a6-445f-a0f3-826c7688cb36,,,,Bonnie Test,BonnieTest@7rkd12.onmicrosoft.com,Mihal,Mihal@7rkd12.onmicrosoft.com,AdaTest,AdaTest@7rkd12.onmicrosoft.com,,,,Asia-Pacific,Team site (no Microsoft 365 group),25600,0.004,Existing external users,,Indexed,,,Claimed,2026-08-05 12:19:14,,2026-08-05 16:43:01,2027-02-05 16:43:01,2026-08-05 16:44:15,In compliance,,,ADB - SharePoint Site Renewal,ADB - Do not allow External Sharing (SharePoint Site),,,,,,,,,,No,,,,,,,,,,,,,CSD,,,,CGAdoption,EDRMS Project Site,,,,,,,,,,,,,,,,,,,,,,,,teamsite-805099,
Site,prj_Team Site-805098,,Active,Active,Not on hold,https://7rkd12.sharepoint.com/teams/prj_teamsite-805098,7636c61f-7ef6-4c2c-9433-c37372692ba9,,,,Bonnie Test,BonnieTest@7rkd12.onmicrosoft.com,Mihal,Mihal@7rkd12.onmicrosoft.com,AdaTest,AdaTest@7rkd12.onmicrosoft.com,,,,Asia-Pacific,Team site (no Microsoft 365 group),25600,0.005,Existing external users,,Indexed,,,Claimed,2026-08-05 12:19:12,,2026-08-07 01:52:12,2027-02-07 01:52:12,2026-08-07 01:53:29,In compliance,,,ADB - SharePoint Site Renewal,ADB - Do not allow External Sharing (SharePoint Site),,,,,,,,,,No,,,,,,,,,,,,,CSD,,,,CGAdoption,EDRMS Project Site,,,,,,,,,,,,,,,,,,,,,,,,teamsite-805098,
Site,prj_Team Site-805097,,Active,Active,Not on hold,https://7rkd12.sharepoint.com/teams/prj_teamsite-805097,a017667e-502a-4c4c-a629-c88e7d621df3,,,,Bonnie Test,BonnieTest@7rkd12.onmicrosoft.com,Mihal,Mihal@7rkd12.onmicrosoft.com,AdaTest,AdaTest@7rkd12.onmicrosoft.com,,,,Asia-Pacific,Team site (no Microsoft 365 group),25600,0.005,Existing external users,,Indexed,,,Claimed,2026-08-05 12:19:06,,2026-08-05 14:16:01,2027-02-05 14:16:01,2026-08-05 14:17:18,In compliance,,,ADB - SharePoint Site Renewal,ADB - Do not allow External Sharing (SharePoint Site),,,,,,,,,,No,,,,,,,,,,,,,CSD,,,,CGAdoption,EDRMS Project Site,,,,,,,,,,,,,,,,,,,,,,,,teamsite-805097,
Site,prj_Team Site-805094,,Active,Active,Not on hold,https://7rkd12.sharepoint.com/teams/prj_teamsite-805094,5639ba43-b3a7-42cb-b827-1be453fb642c,,,,Bonnie Test,BonnieTest@7rkd12.onmicrosoft.com,Mihal,Mihal@7rkd12.onmicrosoft.com,AdaTest,AdaTest@7rkd12.onmicrosoft.com,,,,Asia-Pacific,Team site (no Microsoft 365 group),25600,0.005,Existing external users,,Indexed,,,Claimed,2026-08-05 12:19:04,,2026-08-05 14:16:44,2027-02-05 14:16:44,2026-08-05 14:18:58,In compliance,,,ADB - SharePoint Site Renewal,ADB - Do not allow External Sharing (SharePoint Site),,,,,,,,,,No,,,,,,,,,,,,,CSD,,,,CGAdoption,EDRMS Project Site,,,,,,,,,,,,,,,,,,,,,,,,teamsite-805094,
Site,prj_Team Site-805095,,Active,Active,Not on hold,https://7rkd12.sharepoint.com/teams/prj_teamsite-805095,d48363c9-7e26-4c34-b663-d7eac298bd1c,,,,Bonnie Test,BonnieTest@7rkd12.onmicrosoft.com,Mihal,Mihal@7rkd12.onmicrosoft.com,AdaTest,AdaTest@7rkd12.onmicrosoft.com,,,,Asia-Pacific,Team site (no Microsoft 365 group),25600,0.005,Existing external users,,Indexed,,,Claimed,2026-08-05 12:19:03,,2026-08-05 14:06:42,2027-02-05 14:06:42,2026-08-05 14:08:55,In compliance,,,ADB - SharePoint Site Renewal,ADB - Do not allow External Sharing (SharePoint Site),,,,,,,,,,No,,,,,,,,,,,,,CSD,,,,CGAdoption,EDRMS Project Site,,,,,,,,,,,,,,,,,,,,,,,,teamsite-805095,
Site,prj_Team Site-805096,,Active,Active,Not on hold,https://7rkd12.sharepoint.com/teams/prj_teamsite-805096,690d60ac-1e74-4a41-9aab-bc915270128f,,,,Bonnie Test,BonnieTest@7rkd12.onmicrosoft.com,Mihal,Mihal@7rkd12.onmicrosoft.com,AdaTest,AdaTest@7rkd12.onmicrosoft.com,,,,Asia-Pacific,Team site (no Microsoft 365 group),25600,0.005,Existing external users,,Indexed,,,Claimed,2026-08-05 12:19:03,,2026-08-07 02:10:17,2027-02-07 02:10:17,2026-08-07 02:11:21,In compliance,,,ADB - SharePoint Site Renewal,ADB - Do not allow External Sharing (SharePoint Site),,,,,,,,,,No,,,,,,,,,,,,,CSD,,,,CGAdoption,EDRMS Project Site,,,,,,,,,,,,,,,,,,,,,,,,teamsite-805096,
Site,prj_Team Site-805093,,Active,Active,Not on hold,https://7rkd12.sharepoint.com/teams/prj_teamsite-805093,a7d295e0-d75c-4213-834f-413775fc1662,,,,Bonnie Test,BonnieTest@7rkd12.onmicrosoft.com,Mihal,Mihal@7rkd12.onmicrosoft.com,AdaTest,AdaTest@7rkd12.onmicrosoft.com,,,,Asia-Pacific,Team site (no Microsoft 365 group),25600,0.005,Existing external users,,Indexed,,,Claimed,2026-08-05 12:18:50,,2026-08-07 00:52:48,2027-02-07 00:52:48,2026-08-07 00:55:10,In compliance,,,ADB - SharePoint Site Renewal,ADB - Do not allow External Sharing (SharePoint Site),,,,,,,,,,No,,,,,,,,,,,,,CSD,,,,CGAdoption,EDRMS Project Site,,,,,,,,,,,,,,,,,,,,,,,,teamsite-805093,
Site,prj_Team Site-805092,,Active,Active,Not on hold,https://7rkd12.sharepoint.com/teams/prj_teamsite-805092,898a3f6c-7fb0-4c6c-bbac-ccd1a5b2d407,,,,Bonnie Test,BonnieTest@7rkd12.onmicrosoft.com,Mihal,Mihal@7rkd12.onmicrosoft.com,AdaTest,AdaTest@7rkd12.onmicrosoft.com,,,,Asia-Pacific,Team site (no Microsoft 365 group),25600,0.005,Existing external users,,Indexed,,,Claimed,2026-08-05 12:18:46,,2026-08-06 17:22:33,2027-02-06 17:22:33,2026-08-06 17:24:35,In compliance,,,ADB - SharePoint Site Renewal,ADB - Do not allow External Sharing (SharePoint Site),,,,,,,,,,No,,,,,,,,,,,,,CSD,,,,CGAdoption,EDRMS Project Site,,,,,,,,,,,,,,,,,,,,,,,,teamsite-805092,
Site,prj_Team Site-805091,,Active,Active,Not on hold,https://7rkd12.sharepoint.com/teams/prj_teamsite-805091,64709ffb-b225-44af-9de6-7f89fc04366d,,,,Bonnie Test,BonnieTest@7rkd12.onmicrosoft.com,Mihal,Mihal@7rkd12.onmicrosoft.com,AdaTest,AdaTest@7rkd12.onmicrosoft.com,,,,Asia-Pacific,Team site (no Microsoft 365 group),25600,0.005,Existing external users,,Indexed,,,Claimed,2026-08-05 12:18:14,,2026-08-05 17:56:08,2027-02-05 17:56:08,2026-08-05 17:57:43,In compliance,,,ADB - SharePoint Site Renewal,ADB - Do not allow External Sharing (SharePoint Site),,,,,,,,,,No,,,,,,,,,,,,,CSD,,,,CGAdoption,EDRMS Project Site,,,,,,,,,,,,,,,,,,,,,,,,teamsite-805091,
Site,prj_Team Site-805090,,Active,Active,Not on hold,https://7rkd12.sharepoint.com/teams/prj_teamsite-805090,5a372982-3c0e-46a7-acec-834534acee0d,,,,Bonnie Test,BonnieTest@7rkd12.onmicrosoft.com,Mihal,Mihal@7rkd12.onmicrosoft.com,AdaTest,AdaTest@7rkd12.onmicrosoft.com,,,,Asia-Pacific,Team site (no Microsoft 365 group),25600,0.005,Existing external users,,Indexed,,,Claimed,2026-08-05 12:18:10,,2026-08-06 18:17:39,2027-02-06 18:17:39,2026-08-06 18:18:53,In compliance,,,ADB - SharePoint Site Renewal,ADB - Do not allow External Sharing (SharePoint Site),,,,,,,,,,No,,,,,,,,,,,,,CSD,,,,CGAdoption,EDRMS Project Site,,,,,,,,,,,,,,,,,,,,,,,,teamsite-805090,
Site,prj_Team Site-805089,,Active,Active,Not on hold,https://7rkd12.sharepoint.com/teams/prj_teamsite-805089,d77436a7-03f8-499b-b226-8d3db9d71d35,,,,Bonnie Test,BonnieTest@7rkd12.onmicrosoft.com,Mihal,Mihal@7rkd12.onmicrosoft.com,AdaTest,AdaTest@7rkd12.onmicrosoft.com,,,,Asia-Pacific,Team site (no Microsoft 365 group),25600,0.005,Existing external users,,Indexed,,,Claimed,2026-08-05 12:18:06,,2026-08-05 18:18:25,2027-02-05 18:18:25,2026-08-05 18:20:05,In compliance,,,ADB - SharePoint Site Renewal,ADB - Do not allow External Sharing (SharePoint Site),,,,,,,,,,No,,,,,,,,,,,,,CSD,,,,CGAdoption,EDRMS Project Site,,,,,,,,,,,,,,,,,,,,,,,,teamsite-805089,
Site,prj_Team Site-805087,,Active,Active,Not on hold,https://7rkd12.sharepoint.com/teams/prj_teamsite-805087,f7eff513-c6a1-4a13-a7c9-1f2d10356d2f,,,,Bonnie Test,BonnieTest@7rkd12.onmicrosoft.com,Mihal,Mihal@7rkd12.onmicrosoft.com,AdaTest,AdaTest@7rkd12.onmicrosoft.com,,,,Asia-Pacific,Team site (no Microsoft 365 group),25600,0.005,Existing external users,,Indexed,,,Claimed,2026-08-05 12:18:03,,2026-08-05 18:18:14,2027-02-05 18:18:14,2026-08-05 18:21:46,In compliance,,,ADB - SharePoint Site Renewal,ADB - Do not allow External Sharing (SharePoint Site),,,,,,,,,,No,,,,,,,,,,,,,CSD,,,,CGAdoption,EDRMS Project Site,,,,,,,,,,,,,,,,,,,,,,,,teamsite-805087,
Site,prj_Team Site-805088,,Active,Active,Not on hold,https://7rkd12.sharepoint.com/teams/prj_teamsite-805088,e21d72a0-2582-4627-b266-36088c778681,,,,Bonnie Test,BonnieTest@7rkd12.onmicrosoft.com,Mihal,Mihal@7rkd12.onmicrosoft.com,AdaTest,AdaTest@7rkd12.onmicrosoft.com,,,,Asia-Pacific,Team site (no Microsoft 365 group),25600,0.005,Existing external users,,Indexed,,,Claimed,2026-08-05 12:18:02,,2026-08-06 20:02:58,2027-02-06 20:02:58,2026-08-06 20:04:20,In compliance,,,ADB - SharePoint Site Renewal,ADB - Do not allow External Sharing (SharePoint Site),,,,,,,,,,No,,,,,,,,,,,,,CSD,,,,CGAdoption,EDRMS Project Site,,,,,,,,,,,,,,,,,,,,,,,,teamsite-805088,
Site,prj_Team Site-805086,,Active,Active,Not on hold,https://7rkd12.sharepoint.com/teams/prj_teamsite-805086,c5cdb7c9-9848-411c-ada7-67a74ed93a6d,,,,Bonnie Test,BonnieTest@7rkd12.onmicrosoft.com,Mihal,Mihal@7rkd12.onmicrosoft.com,AdaTest,AdaTest@7rkd12.onmicrosoft.com,,,,Asia-Pacific,Team site (no Microsoft 365 group),25600,0.005,Existing external users,,Indexed,,,Claimed,2026-08-05 12:18:02,,2026-08-07 02:36:39,2027-02-07 02:36:39,2026-08-07 02:37:46,In compliance,,,ADB - SharePoint Site Renewal,ADB - Do not allow External Sharing (SharePoint Site),,,,,,,,,,No,,,,,,,,,,,,,CSD,,,,CGAdoption,EDRMS Project Site,,,,,,,,,,,,,,,,,,,,,,,,teamsite-805086,
Site,prj_Team Site-805085,,Active,Active,Not on hold,https://7rkd12.sharepoint.com/teams/prj_teamsite-805085,7badf147-5902-4bc0-83fb-3e1c468ea1e9,,,,Bonnie Test,BonnieTest@7rkd12.onmicrosoft.com,Mihal,Mihal@7rkd12.onmicrosoft.com,AdaTest,AdaTest@7rkd12.onmicrosoft.com,,,,Asia-Pacific,Team site (no Microsoft 365 group),25600,0.005,Existing external users,,Indexed,,,Claimed,2026-08-05 12:17:50,,2026-08-06 18:13:47,2027-02-06 18:13:47,2026-08-06 18:15:15,In compliance,,,ADB - SharePoint Site Renewal,ADB - Do not allow External Sharing (SharePoint Site),,,,,,,,,,No,,,,,,,,,,,,,CSD,,,,CGAdoption,EDRMS Project Site,,,,,,,,,,,,,,,,,,,,,,,,teamsite-805085,
Site,prj_Team Site-805084,,Active,Active,Not on hold,https://7rkd12.sharepoint.com/teams/prj_teamsite-805084,5da7be7f-bd01-40fb-8112-c6c11b59c5a7,,,,Bonnie Test,BonnieTest@7rkd12.onmicrosoft.com,Mihal,Mihal@7rkd12.onmicrosoft.com,AdaTest,AdaTest@7rkd12.onmicrosoft.com,,,,Asia-Pacific,Team site (no Microsoft 365 group),25600,0.005,Existing external users,,Indexed,,,Claimed,2026-08-05 12:17:46,,2026-08-05 14:25:51,2027-02-05 14:25:51,2026-08-05 14:27:54,In compliance,,,ADB - SharePoint Site Renewal,ADB - Do not allow External Sharing (SharePoint Site),,,,,,,,,,No,,,,,,,,,,,,,CSD,,,,CGAdoption,EDRMS Project Site,,,,,,,,,,,,,,,,,,,,,,,,teamsite-805084,
Site,prj_Team Site-805083,,Active,Active,Not on hold,https://7rkd12.sharepoint.com/teams/prj_teamsite-805083,266a7aee-df8a-48a9-955a-4b1664733973,,,,Bonnie Test,BonnieTest@7rkd12.onmicrosoft.com,Mihal,Mihal@7rkd12.onmicrosoft.com,AdaTest,AdaTest@7rkd12.onmicrosoft.com,,,,Asia-Pacific,Team site (no Microsoft 365 group),25600,0.005,Existing external users,,Indexed,,,Claimed,2026-08-05 12:17:31,,2026-08-07 00:46:33,2027-02-07 00:46:33,2026-08-07 00:47:07,In compliance,,,ADB - SharePoint Site Renewal,ADB - Do not allow External Sharing (SharePoint Site),,,,,,,,,,No,,,,,,,,,,,,,CSD,,,,CGAdoption,EDRMS Project Site,,,,,,,,,,,,,,,,,,,,,,,,teamsite-805083,
Site,prj_Team Site-805082,,Active,Active,Not on hold,https://7rkd12.sharepoint.com/teams/prj_teamsite-805082,4b350cee-447f-42fb-b50d-b984cf94d055,,,,Bonnie Test,BonnieTest@7rkd12.onmicrosoft.com,Mihal,Mihal@7rkd12.onmicrosoft.com,AdaTest,AdaTest@7rkd12.onmicrosoft.com,,,,Asia-Pacific,Team site (no Microsoft 365 group),25600,0.005,Existing external users,,Indexed,,,Claimed,2026-08-05 12:17:01,,2026-08-05 19:41:55,2027-02-05 19:41:55,2026-08-05 19:46:59,In compliance,,,ADB - SharePoint Site Renewal,ADB - Do not allow External Sharing (SharePoint Site),,,,,,,,,,No,,,,,,,,,,,,,CSD,,,,CGAdoption,EDRMS Project Site,,,,,,,,,,,,,,,,,,,,,,,,teamsite-805082,
Site,prj_Team Site-805081,,Active,Active,Not on hold,https://7rkd12.sharepoint.com/teams/prj_teamsite-805081,dd36ebd2-78a7-4e8a-b16d-4959349519bf,,,,Bonnie Test,BonnieTest@7rkd12.onmicrosoft.com,Mihal,Mihal@7rkd12.onmicrosoft.com,AdaTest,AdaTest@7rkd12.onmicrosoft.com,,,,Asia-Pacific,Team site (no Microsoft 365 group),25600,0.005,Existing external users,,Indexed,,,Claimed,2026-08-05 12:17:01,,2026-08-05 19:15:50,2027-02-05 19:15:50,2026-08-05 19:20:42,In compliance,,,ADB - SharePoint Site Renewal,ADB - Do not allow External Sharing (SharePoint Site),,,,,,,,,,No,,,,,,,,,,,,,CSD,,,,CGAdoption,EDRMS Project Site,,,,,,,,,,,,,,,,,,,,,,,,teamsite-805081,
Site,prj_Team Site-805080,,Active,Active,Not on hold,https://7rkd12.sharepoint.com/teams/prj_teamsite-805080,2945197b-f35b-4a6a-9092-a8f87eb2dec5,,,,Bonnie Test,BonnieTest@7rkd12.onmicrosoft.com,Mihal,Mihal@7rkd12.onmicrosoft.com,AdaTest,AdaTest@7rkd12.onmicrosoft.com,,,,Asia-Pacific,Team site (no Microsoft 365 group),25600,0.005,Existing external users,,Indexed,,,Claimed,2026-08-05 12:16:50,,2026-08-07 11:16:48,2027-02-07 11:16:48,2026-08-07 11:20:29,In compliance,,,ADB - SharePoint Site Renewal,ADB - Do not allow External Sharing (SharePoint Site),,,,,,,,,,No,,,,,,,,,,,,,CSD,,,,CGAdoption,EDRMS Project Site,,,,,,,,,,,,,,,,,,,,,,,,teamsite-805080,
Site,prj_Team Site-805079,,Active,Active,Not on hold,https://7rkd12.sharepoint.com/teams/prj_teamsite-805079,3489a12a-4e13-4e5a-bd5c-782ad8f6b1e4,,,,Bonnie Test,BonnieTest@7rkd12.onmicrosoft.com,Mihal,Mihal@7rkd12.onmicrosoft.com,AdaTest,AdaTest@7rkd12.onmicrosoft.com,,,,Asia-Pacific,Team site (no Microsoft 365 group),25600,0.005,Existing external users,,Indexed,,,Claimed,2026-08-05 12:16:45,,2026-08-05 15:33:50,2027-02-05 15:33:50,2026-08-05 15:35:10,In compliance,,,ADB - SharePoint Site Renewal,ADB - Do not allow External Sharing (SharePoint Site),,,,,,,,,,No,,,,,,,,,,,,,CSD,,,,CGAdoption,EDRMS Project Site,,,,,,,,,,,,,,,,,,,,,,,,teamsite-805079,
Site,prj_Team Site-805078,,Active,Active,Not on hold,https://7rkd12.sharepoint.com/teams/prj_teamsite-805078,c838fb36-7869-4a6d-ae4e-b56d885c20ea,,,,Bonnie Test,BonnieTest@7rkd12.onmicrosoft.com,Mihal,Mihal@7rkd12.onmicrosoft.com,AdaTest,AdaTest@7rkd12.onmicrosoft.com,,,,Asia-Pacific,Team site (no Microsoft 365 group),25600,0.005,Existing external users,,Indexed,,,Claimed,2026-08-05 12:16:41,,2026-08-07 03:10:36,2027-02-07 03:10:36,2026-08-07 03:11:41,In compliance,,,ADB - SharePoint Site Renewal,ADB - Do not allow External Sharing (SharePoint Site),,,,,,,,,,No,,,,,,,,,,,,,CSD,,,,CGAdoption,EDRMS Project Site,,,,,,,,,,,,,,,,,,,,,,,,teamsite-805078,
Site,prj_Team Site-805077,,Active,Active,Not on hold,https://7rkd12.sharepoint.com/teams/prj_teamsite-805077,52542ba4-a1bb-4404-b9f6-0d5a87225730,,,,Bonnie Test,BonnieTest@7rkd12.onmicrosoft.com,Mihal,Mihal@7rkd12.onmicrosoft.com,AdaTest,AdaTest@7rkd12.onmicrosoft.com,,,,Asia-Pacific,Team site (no Microsoft 365 group),25600,0.005,Existing external users,,Indexed,,,Claimed,2026-08-05 12:16:40,,2026-08-05 15:32:35,2027-02-05 15:32:35,2026-08-05 15:33:09,In compliance,,,ADB - SharePoint Site Renewal,ADB - Do not allow External Sharing (SharePoint Site),,,,,,,,,,No,,,,,,,,,,,,,CSD,,,,CGAdoption,EDRMS Project Site,,,,,,,,,,,,,,,,,,,,,,,,teamsite-805077,
Site,prj_Team Site-805076,,Active,Active,Not on hold,https://7rkd12.sharepoint.com/teams/prj_teamsite-805076,ca9eef96-dd67-4894-ab78-e10dde7e2ce2,,,,Bonnie Test,BonnieTest@7rkd12.onmicrosoft.com,Mihal,Mihal@7rkd12.onmicrosoft.com,AdaTest,AdaTest@7rkd12.onmicrosoft.com,,,,Asia-Pacific,Team site (no Microsoft 365 group),25600,0.005,Existing external users,,Indexed,,,Claimed,2026-08-05 12:16:33,,2026-08-05 15:42:33,2027-02-05 15:42:33,2026-08-05 15:44:53,In compliance,,,ADB - SharePoint Site Renewal,ADB - Do not allow External Sharing (SharePoint Site),,,,,,,,,,No,,,,,,,,,,,,,CSD,,,,CGAdoption,EDRMS Project Site,,,,,,,,,,,,,,,,,,,,,,,,teamsite-805076,
Site,prj_Team Site-805075,,Active,Active,Not on hold,https://7rkd12.sharepoint.com/teams/prj_teamsite-805075,60f3a057-4597-4836-b9ec-472f0cef2fc0,,,,Bonnie Test,BonnieTest@7rkd12.onmicrosoft.com,Mihal,Mihal@7rkd12.onmicrosoft.com,AdaTest,AdaTest@7rkd12.onmicrosoft.com,,,,Asia-Pacific,Team site (no Microsoft 365 group),25600,0.005,Existing external users,,Indexed,,,Claimed,2026-08-05 12:16:26,,2026-08-05 15:31:40,2027-02-05 15:31:40,2026-08-05 15:33:08,In compliance,,,ADB - SharePoint Site Renewal,ADB - Do not allow External Sharing (SharePoint Site),,,,,,,,,,No,,,,,,,,,,,,,CSD,,,,CGAdoption,EDRMS Project Site,,,,,,,,,,,,,,,,,,,,,,,,teamsite-805075,
Site,prj_Team Site-805074,,Active,Active,Not on hold,https://7rkd12.sharepoint.com/teams/prj_teamsite-805074,8acb17a8-ae83-4dcc-aa56-3f1959fd0773,,,,Bonnie Test,BonnieTest@7rkd12.onmicrosoft.com,Mihal,Mihal@7rkd12.onmicrosoft.com,AdaTest,AdaTest@7rkd12.onmicrosoft.com,,,,Asia-Pacific,Team site (no Microsoft 365 group),25600,0.005,Existing external users,,Indexed,,,Claimed,2026-08-05 12:16:21,,2026-08-05 15:41:01,2027-02-05 15:41:01,2026-08-05 15:43:13,In compliance,,,ADB - SharePoint Site Renewal,ADB - Do not allow External Sharing (SharePoint Site),,,,,,,,,,No,,,,,,,,,,,,,CSD,,,,CGAdoption,EDRMS Project Site,,,,,,,,,,,,,,,,,,,,,,,,teamsite-805074,
Site,prj_Team Site-805073,,Active,Active,Not on hold,https://7rkd12.sharepoint.com/teams/prj_teamsite-805073,e9d4615b-69c5-4a9a-8a7d-1bbce0ba9fcb,,,,Bonnie Test,BonnieTest@7rkd12.onmicrosoft.com,Mihal,Mihal@7rkd12.onmicrosoft.com,AdaTest,AdaTest@7rkd12.onmicrosoft.com,,,,Asia-Pacific,Team site (no Microsoft 365 group),25600,0.005,Existing external users,,Indexed,,,Claimed,2026-08-05 12:15:47,,2026-08-05 20:37:21,2027-02-05 20:37:21,2026-08-05 20:39:57,In compliance,,,ADB - SharePoint Site Renewal,ADB - Do not allow External Sharing (SharePoint Site),,,,,,,,,,No,,,,,,,,,,,,,CSD,,,,CGAdoption,EDRMS Project Site,,,,,,,,,,,,,,,,,,,,,,,,teamsite-805073,
Site,prj_Team Site-805072,,Active,Active,Not on hold,https://7rkd12.sharepoint.com/teams/prj_teamsite-805072,dfd38d6e-b020-4d16-a2b2-6dd0da8f1d06,,,,Bonnie Test,BonnieTest@7rkd12.onmicrosoft.com,Mihal,Mihal@7rkd12.onmicrosoft.com,AdaTest,AdaTest@7rkd12.onmicrosoft.com,,,,Asia-Pacific,Team site (no Microsoft 365 group),25600,0.005,Existing external users,,Indexed,,,Claimed,2026-08-05 12:15:43,,2026-08-05 20:43:21,2027-02-05 20:43:21,2026-08-05 20:44:27,In compliance,,,ADB - SharePoint Site Renewal,ADB - Do not allow External Sharing (SharePoint Site),,,,,,,,,,No,,,,,,,,,,,,,CSD,,,,CGAdoption,EDRMS Project Site,,,,,,,,,,,,,,,,,,,,,,,,teamsite-805072,
Site,prj_Team Site-805071,,Active,Active,Not on hold,https://7rkd12.sharepoint.com/teams/prj_teamsite-805071,f1670675-1aa5-4558-b895-d1ced3a59873,,,,Bonnie Test,BonnieTest@7rkd12.onmicrosoft.com,Mihal,Mihal@7rkd12.onmicrosoft.com,AdaTest,AdaTest@7rkd12.onmicrosoft.com,,,,Asia-Pacific,Team site (no Microsoft 365 group),25600,0.005,Existing external users,,Indexed,,,Claimed,2026-08-05 12:15:41,,2026-08-05 20:46:04,2027-02-05 20:46:04,2026-08-05 20:48:16,In compliance,,,ADB - SharePoint Site Renewal,ADB - Do not allow External Sharing (SharePoint Site),,,,,,,,,,No,,,,,,,,,,,,,CSD,,,,CGAdoption,EDRMS Project Site,,,,,,,,,,,,,,,,,,,,,,,,teamsite-805071,
Site,prj_Team Site-805070,,Active,Active,Not on hold,https://7rkd12.sharepoint.com/teams/prj_teamsite-805070,00ad1174-543d-45dd-91d9-1145ca89d01e,,,,Bonnie Test,BonnieTest@7rkd12.onmicrosoft.com,Mihal,Mihal@7rkd12.onmicrosoft.com,AdaTest,AdaTest@7rkd12.onmicrosoft.com,,,,Asia-Pacific,Team site (no Microsoft 365 group),25600,0.005,Existing external users,,Indexed,,,Claimed,2026-08-05 12:15:36,,2026-08-05 19:40:52,2027-02-05 19:40:52,2026-08-05 19:45:41,In compliance,,,ADB - SharePoint Site Renewal,ADB - Do not allow External Sharing (SharePoint Site),,,,,,,,,,No,,,,,,,,,,,,,CSD,,,,CGAdoption,EDRMS Project Site,,,,,,,,,,,,,,,,,,,,,,,,teamsite-805070,
Site,prj_Team Site-805069,,Active,Active,Not on hold,https://7rkd12.sharepoint.com/teams/prj_teamsite-805069,b1bb264f-900d-4db1-9740-7184853afbc8,,,,Bonnie Test,BonnieTest@7rkd12.onmicrosoft.com,Mihal,Mihal@7rkd12.onmicrosoft.com,AdaTest,AdaTest@7rkd12.onmicrosoft.com,,,,Asia-Pacific,Team site (no Microsoft 365 group),25600,0.005,Existing external users,,Indexed,,,Claimed,2026-08-05 12:15:32,,2026-08-05 20:23:11,2027-02-05 20:23:11,2026-08-05 20:25:50,In compliance,,,ADB - SharePoint Site Renewal,ADB - Do not allow External Sharing (SharePoint Site),,,,,,,,,,No,,,,,,,,,,,,,CSD,,,,CGAdoption,EDRMS Project Site,,,,,,,,,,,,,,,,,,,,,,,,teamsite-805069,
Site,prj_Team Site-805068,,Active,Active,Not on hold,https://7rkd12.sharepoint.com/teams/prj_teamsite-805068,360d43ce-ba11-49e0-a880-444f4e494123,,,,Bonnie Test,BonnieTest@7rkd12.onmicrosoft.com,Mihal,Mihal@7rkd12.onmicrosoft.com,AdaTest,AdaTest@7rkd12.onmicrosoft.com,,,,Asia-Pacific,Team site (no Microsoft 365 group),25600,0.005,Existing external users,,Indexed,,,Claimed,2026-08-05 12:15:29,,2026-08-05 19:47:53,2027-02-05 19:47:53,2026-08-05 19:49:40,In compliance,,,ADB - SharePoint Site Renewal,ADB - Do not allow External Sharing (SharePoint Site),,,,,,,,,,No,,,,,,,,,,,,,CSD,,,,CGAdoption,EDRMS Project Site,,,,,,,,,,,,,,,,,,,,,,,,teamsite-805068,
Site,prj_Team Site-805067,,Active,Active,Not on hold,https://7rkd12.sharepoint.com/teams/prj_teamsite-805067,54415d71-b768-400b-abf2-34276b5b883b,,,,Bonnie Test,BonnieTest@7rkd12.onmicrosoft.com,Mihal,Mihal@7rkd12.onmicrosoft.com,AdaTest,AdaTest@7rkd12.onmicrosoft.com,,,,Asia-Pacific,Team site (no Microsoft 365 group),25600,0.005,Existing external users,,Indexed,,,Claimed,2026-08-05 12:15:24,,2026-08-05 14:36:37,2027-02-05 14:36:37,2026-08-05 14:37:26,In compliance,,,ADB - SharePoint Site Renewal,ADB - Do not allow External Sharing (SharePoint Site),,,,,,,,,,No,,,,,,,,,,,,,CSD,,,,CGAdoption,EDRMS Project Site,,,,,,,,,,,,,,,,,,,,,,,,teamsite-805067,
Site,prj_Team Site-805066,,Active,Active,Not on hold,https://7rkd12.sharepoint.com/teams/prj_teamsite-805066,1025da73-3b7f-4cc2-9c24-64c2c83916d7,,,,Bonnie Test,BonnieTest@7rkd12.onmicrosoft.com,Mihal,Mihal@7rkd12.onmicrosoft.com,AdaTest,AdaTest@7rkd12.onmicrosoft.com,,,,Asia-Pacific,Team site (no Microsoft 365 group),25600,0.005,Existing external users,,Indexed,,,Claimed,2026-08-05 12:15:20,,2026-08-07 03:33:33,2027-02-07 03:33:33,2026-08-07 03:35:55,In compliance,,,ADB - SharePoint Site Renewal,ADB - Do not allow External Sharing (SharePoint Site),,,,,,,,,,No,,,,,,,,,,,,,CSD,,,,CGAdoption,EDRMS Project Site,,,,,,,,,,,,,,,,,,,,,,,,teamsite-805066,
Site,prj_Team Site-805065,,Active,Active,Not on hold,https://7rkd12.sharepoint.com/teams/prj_teamsite-805065,9c78b7f2-0d4e-409e-88b9-8955157fd8d9,,,,Bonnie Test,BonnieTest@7rkd12.onmicrosoft.com,Mihal,Mihal@7rkd12.onmicrosoft.com,AdaTest,AdaTest@7rkd12.onmicrosoft.com,,,,Asia-Pacific,Team site (no Microsoft 365 group),25600,0.005,Existing external users,,Indexed,,,Claimed,2026-08-05 12:15:12,,2026-08-05 15:29:25,2027-02-05 15:29:25,2026-08-05 15:31:50,In compliance,,,ADB - SharePoint Site Renewal,ADB - Do not allow External Sharing (SharePoint Site),,,,,,,,,,No,,,,,,,,,,,,,CSD,,,,CGAdoption,EDRMS Project Site,,,,,,,,,,,,,,,,,,,,,,,,teamsite-805065,
Site,prj_Team Site-805064,,Active,Active,Not on hold,https://7rkd12.sharepoint.com/teams/prj_teamsite-805064,a1fd11ae-a3f6-418a-a7f3-7cfceafb89b9,,,,Bonnie Test,BonnieTest@7rkd12.onmicrosoft.com,Mihal,Mihal@7rkd12.onmicrosoft.com,AdaTest,AdaTest@7rkd12.onmicrosoft.com,,,,Asia-Pacific,Team site (no Microsoft 365 group),25600,0.005,Existing external users,,Indexed,,,Claimed,2026-08-05 12:14:40,,2026-08-05 20:44:45,2027-02-05 20:44:45,2026-08-05 20:47:31,In compliance,,,ADB - SharePoint Site Renewal,ADB - Do not allow External Sharing (SharePoint Site),,,,,,,,,,No,,,,,,,,,,,,,CSD,,,,CGAdoption,EDRMS Project Site,,,,,,,,,,,,,,,,,,,,,,,,teamsite-805064,
Site,prj_Team Site-805063,,Active,Active,Not on hold,https://7rkd12.sharepoint.com/teams/prj_teamsite-805063,174bde68-4f3b-4867-9675-34b5c242eda7,,,,Bonnie Test,BonnieTest@7rkd12.onmicrosoft.com,Mihal,Mihal@7rkd12.onmicrosoft.com,AdaTest,AdaTest@7rkd12.onmicrosoft.com,,,,Asia-Pacific,Team site (no Microsoft 365 group),25600,0.005,Existing external users,,Indexed,,,Claimed,2026-08-05 12:14:33,,2026-08-05 20:51:38,2027-02-05 20:51:38,2026-08-05 20:53:08,In compliance,,,ADB - SharePoint Site Renewal,ADB - Do not allow External Sharing (SharePoint Site),,,,,,,,,,No,,,,,,,,,,,,,CSD,,,,CGAdoption,EDRMS Project Site,,,,,,,,,,,,,,,,,,,,,,,,teamsite-805063,
Site,prj_Team Site-805062,,Active,Active,Not on hold,https://7rkd12.sharepoint.com/teams/prj_teamsite-805062,722cf28b-49ed-496b-80bc-450b5754ac1e,,,,Bonnie Test,BonnieTest@7rkd12.onmicrosoft.com,Mihal,Mihal@7rkd12.onmicrosoft.com,AdaTest,AdaTest@7rkd12.onmicrosoft.com,,,,Asia-Pacific,Team site (no Microsoft 365 group),25600,0.005,Existing external users,,Indexed,,,Claimed,2026-08-05 12:14:29,,2026-08-05 16:37:55,2027-02-05 16:37:55,2026-08-05 16:41:41,In compliance,,,ADB - SharePoint Site Renewal,ADB - Do not allow External Sharing (SharePoint Site),,,,,,,,,,No,,,,,,,,,,,,,CSD,,,,CGAdoption,EDRMS Project Site,,,,,,,,,,,,,,,,,,,,,,,,teamsite-805062,
Site,prj_Team Site-805061,,Active,Active,Not on hold,https://7rkd12.sharepoint.com/teams/prj_teamsite-805061,3f5ce2d6-7593-485b-a60e-d683c6de53e6,,,,Bonnie Test,BonnieTest@7rkd12.onmicrosoft.com,Mihal,Mihal@7rkd12.onmicrosoft.com,AdaTest,AdaTest@7rkd12.onmicrosoft.com,,,,Asia-Pacific,Team site (no Microsoft 365 group),25600,0.005,Existing external users,,Indexed,,,Claimed,2026-08-05 12:14:28,,2026-08-07 01:28:26,2027-02-07 01:28:26,2026-08-07 01:29:29,In compliance,,,ADB - SharePoint Site Renewal,ADB - Do not allow External Sharing (SharePoint Site),,,,,,,,,,No,,,,,,,,,,,,,CSD,,,,CGAdoption,EDRMS Project Site,,,,,,,,,,,,,,,,,,,,,,,,teamsite-805061,
Site,prj_Team Site-805060,,Active,Active,Not on hold,https://7rkd12.sharepoint.com/teams/prj_teamsite-805060,92c7d2a5-d8ea-49b4-b870-978b8029fa18,,,,Bonnie Test,BonnieTest@7rkd12.onmicrosoft.com,Mihal,Mihal@7rkd12.onmicrosoft.com,AdaTest,AdaTest@7rkd12.onmicrosoft.com,,,,Asia-Pacific,Team site (no Microsoft 365 group),25600,0.005,Existing external users,,Indexed,,,Claimed,2026-08-05 12:14:24,,2026-08-05 20:55:34,2027-02-05 20:55:34,2026-08-05 20:56:53,In compliance,,,ADB - SharePoint Site Renewal,ADB - Do not allow External Sharing (SharePoint Site),,,,,,,,,,No,,,,,,,,,,,,,CSD,,,,CGAdoption,EDRMS Project Site,,,,,,,,,,,,,,,,,,,,,,,,teamsite-805060,
Site,prj_Team Site-805059,,Active,Active,Not on hold,https://7rkd12.sharepoint.com/teams/prj_teamsite-805059,df790167-6727-48aa-b19f-33ab002bc31f,,,,Bonnie Test,BonnieTest@7rkd12.onmicrosoft.com,Mihal,Mihal@7rkd12.onmicrosoft.com,AdaTest,AdaTest@7rkd12.onmicrosoft.com,,,,Asia-Pacific,Team site (no Microsoft 365 group),25600,0.005,Existing external users,,Indexed,,,Claimed,2026-08-05 12:14:20,,2026-08-07 03:28:43,2027-02-07 03:28:43,2026-08-07 03:30:04,In compliance,,,ADB - SharePoint Site Renewal,ADB - Do not allow External Sharing (SharePoint Site),,,,,,,,,,No,,,,,,,,,,,,,CSD,,,,CGAdoption,EDRMS Project Site,,,,,,,,,,,,,,,,,,,,,,,,teamsite-805059,
Site,prj_Team Site-805058,,Active,Active,Not on hold,https://7rkd12.sharepoint.com/teams/prj_teamsite-805058,66610dd5-b18e-40fa-8587-35532cf739f1,,,,Bonnie Test,BonnieTest@7rkd12.onmicrosoft.com,Mihal,Mihal@7rkd12.onmicrosoft.com,AdaTest,AdaTest@7rkd12.onmicrosoft.com,,,,Asia-Pacific,Team site (no Microsoft 365 group),25600,0.005,Existing external users,,Indexed,,,Claimed,2026-08-05 12:14:19,,2026-08-05 15:44:47,2027-02-05 15:44:47,2026-08-05 15:47:14,In compliance,,,ADB - SharePoint Site Renewal,ADB - Do not allow External Sharing (SharePoint Site),,,,,,,,,,No,,,,,,,,,,,,,CSD,,,,CGAdoption,EDRMS Project Site,,,,,,,,,,,,,,,,,,,,,,,,teamsite-805058,
Site,prj_Team Site-805057,,Active,Active,Not on hold,https://7rkd12.sharepoint.com/teams/prj_teamsite-805057,fb3ce71b-5e26-4613-b470-3af11361199f,,,,Bonnie Test,BonnieTest@7rkd12.onmicrosoft.com,Mihal,Mihal@7rkd12.onmicrosoft.com,AdaTest,AdaTest@7rkd12.onmicrosoft.com,,,,Asia-Pacific,Team site (no Microsoft 365 group),25600,0.005,Existing external users,,Indexed,,,Claimed,2026-08-05 12:14:11,,2026-08-07 11:18:08,2027-02-07 11:18:08,2026-08-07 11:20:28,In compliance,,,ADB - SharePoint Site Renewal,ADB - Do not allow External Sharing (SharePoint Site),,,,,,,,,,No,,,,,,,,,,,,,CSD,,,,CGAdoption,EDRMS Project Site,,,,,,,,,,,,,,,,,,,,,,,,teamsite-805057,
Site,prj_Team Site-805056,,Active,Active,Not on hold,https://7rkd12.sharepoint.com/teams/prj_teamsite-805056,8b65df35-8562-4cc4-ae27-020f56df5b89,,,,Bonnie Test,BonnieTest@7rkd12.onmicrosoft.com,Mihal,Mihal@7rkd12.onmicrosoft.com,AdaTest,AdaTest@7rkd12.onmicrosoft.com,,,,Asia-Pacific,Team site (no Microsoft 365 group),25600,0.005,Existing external users,,Indexed,,,Claimed,2026-08-05 12:14:09,,2026-08-07 03:21:11,2027-02-07 03:21:11,2026-08-07 03:24:02,In compliance,,,ADB - SharePoint Site Renewal,ADB - Do not allow External Sharing (SharePoint Site),,,,,,,,,,No,,,,,,,,,,,,,CSD,,,,CGAdoption,EDRMS Project Site,,,,,,,,,,,,,,,,,,,,,,,,teamsite-805056,
Site,prj_Team Site-805055,,Active,Active,Not on hold,https://7rkd12.sharepoint.com/teams/prj_teamsite-805055,08909757-2662-4348-898d-4b04245d49c8,,,,Bonnie Test,BonnieTest@7rkd12.onmicrosoft.com,Mihal,Mihal@7rkd12.onmicrosoft.com,AdaTest,AdaTest@7rkd12.onmicrosoft.com,,,,Asia-Pacific,Team site (no Microsoft 365 group),25600,0.005,Existing external users,,Indexed,,,Claimed,2026-08-05 12:13:31,,2026-08-05 21:35:56,2027-02-05 21:35:56,2026-08-05 21:40:50,In compliance,,,ADB - SharePoint Site Renewal,ADB - Do not allow External Sharing (SharePoint Site),,,,,,,,,,No,,,,,,,,,,,,,CSD,,,,CGAdoption,EDRMS Project Site,,,,,,,,,,,,,,,,,,,,,,,,teamsite-805055,
Site,prj_Team Site-805054,,Active,Active,Not on hold,https://7rkd12.sharepoint.com/teams/prj_teamsite-805054,37064f0b-b8de-461b-bda2-0ff93c09206d,,,,Bonnie Test,BonnieTest@7rkd12.onmicrosoft.com,Mihal,Mihal@7rkd12.onmicrosoft.com,AdaTest,AdaTest@7rkd12.onmicrosoft.com,,,,Asia-Pacific,Team site (no Microsoft 365 group),25600,0.005,Existing external users,,Indexed,,,Claimed,2026-08-05 12:13:28,,2026-08-05 20:57:01,2027-02-05 20:57:01,2026-08-05 20:58:04,In compliance,,,ADB - SharePoint Site Renewal,ADB - Do not allow External Sharing (SharePoint Site),,,,,,,,,,No,,,,,,,,,,,,,CSD,,,,CGAdoption,EDRMS Project Site,,,,,,,,,,,,,,,,,,,,,,,,teamsite-805054,
Site,prj_Team Site-805053,,Active,Active,Not on hold,https://7rkd12.sharepoint.com/teams/prj_teamsite-805053,bf53d988-d4c5-4bce-9030-7a5d6f29ecdd,,,,Bonnie Test,BonnieTest@7rkd12.onmicrosoft.com,Mihal,Mihal@7rkd12.onmicrosoft.com,AdaTest,AdaTest@7rkd12.onmicrosoft.com,,,,Asia-Pacific,Team site (no Microsoft 365 group),25600,0.005,Existing external users,,Indexed,,,Claimed,2026-08-05 12:13:23,,2026-08-05 21:58:07,2027-02-05 21:58:07,2026-08-05 22:00:37,In compliance,,,ADB - SharePoint Site Renewal,ADB - Do not allow External Sharing (SharePoint Site),,,,,,,,,,No,,,,,,,,,,,,,CSD,,,,CGAdoption,EDRMS Project Site,,,,,,,,,,,,,,,,,,,,,,,,teamsite-805053,
Site,prj_Team Site-805052,,Active,Active,Not on hold,https://7rkd12.sharepoint.com/teams/prj_teamsite-805052,9faf1927-48d2-4cb7-b0f3-fdf43b12e3c6,,,,Bonnie Test,BonnieTest@7rkd12.onmicrosoft.com,Mihal,Mihal@7rkd12.onmicrosoft.com,AdaTest,AdaTest@7rkd12.onmicrosoft.com,,,,Asia-Pacific,Team site (no Microsoft 365 group),25600,0.005,Existing external users,,Indexed,,,Claimed,2026-08-05 12:13:19,,2026-08-07 00:34:05,2027-02-07 00:34:05,2026-08-07 00:37:04,In compliance,,,ADB - SharePoint Site Renewal,ADB - Do not allow External Sharing (SharePoint Site),,,,,,,,,,No,,,,,,,,,,,,,CSD,,,,CGAdoption,EDRMS Project Site,,,,,,,,,,,,,,,,,,,,,,,,teamsite-805052,
Site,prj_Team Site-805051,,Active,Active,Not on hold,https://7rkd12.sharepoint.com/teams/prj_teamsite-805051,0bfce9d0-6c1b-4b5f-9908-b6431d44f028,,,,Bonnie Test,BonnieTest@7rkd12.onmicrosoft.com,Mihal,Mihal@7rkd12.onmicrosoft.com,AdaTest,AdaTest@7rkd12.onmicrosoft.com,,,,Asia-Pacific,Team site (no Microsoft 365 group),25600,0.004,Existing external users,,Indexed,,,Claimed,2026-08-05 12:13:14,,2026-08-05 22:07:54,2027-02-05 22:07:54,2026-08-05 22:10:40,In compliance,,,ADB - SharePoint Site Renewal,ADB - Do not allow External Sharing (SharePoint Site),,,,,,,,,,No,,,,,,,,,,,,,CSD,,,,CGAdoption,EDRMS Project Site,,,,,,,,,,,,,,,,,,,,,,,,teamsite-805051,
Site,prj_Team Site-805050,,Active,Active,Not on hold,https://7rkd12.sharepoint.com/teams/prj_teamsite-805050,c34d79fd-75d6-425d-855d-b77650b86221,,,,Bonnie Test,BonnieTest@7rkd12.onmicrosoft.com,Mihal,Mihal@7rkd12.onmicrosoft.com,AdaTest,AdaTest@7rkd12.onmicrosoft.com,,,,Asia-Pacific,Team site (no Microsoft 365 group),25600,0.005,Existing external users,,Indexed,,,Claimed,2026-08-05 12:13:09,,2026-08-05 17:00:06,2027-02-05 17:00:06,2026-08-05 17:04:15,In compliance,,,ADB - SharePoint Site Renewal,ADB - Do not allow External Sharing (SharePoint Site),,,,,,,,,,No,,,,,,,,,,,,,CSD,,,,CGAdoption,EDRMS Project Site,,,,,,,,,,,,,,,,,,,,,,,,teamsite-805050,
Site,prj_Team Site-805049,,Active,Active,Not on hold,https://7rkd12.sharepoint.com/teams/prj_teamsite-805049,e5165b2c-3eb8-4cec-b86f-bd6ded53164c,,,,Bonnie Test,BonnieTest@7rkd12.onmicrosoft.com,Mihal,Mihal@7rkd12.onmicrosoft.com,AdaTest,AdaTest@7rkd12.onmicrosoft.com,,,,Asia-Pacific,Team site (no Microsoft 365 group),25600,0.005,Existing external users,,Indexed,,,Claimed,2026-08-05 12:13:07,,2026-08-05 16:49:17,2027-02-05 16:49:17,2026-08-05 16:50:20,In compliance,,,ADB - SharePoint Site Renewal,ADB - Do not allow External Sharing (SharePoint Site),,,,,,,,,,No,,,,,,,,,,,,,CSD,,,,CGAdoption,EDRMS Project Site,,,,,,,,,,,,,,,,,,,,,,,,teamsite-805049,
Site,prj_Team Site-805048,,Active,Active,Not on hold,https://7rkd12.sharepoint.com/teams/prj_teamsite-805048,92964c19-773b-4e0e-9c47-0e9a0369332c,,,,Bonnie Test,BonnieTest@7rkd12.onmicrosoft.com,Mihal,Mihal@7rkd12.onmicrosoft.com,AdaTest,AdaTest@7rkd12.onmicrosoft.com,,,,Asia-Pacific,Team site (no Microsoft 365 group),25600,0.005,Existing external users,,Indexed,,,Claimed,2026-08-05 12:13:01,,2026-08-05 17:01:50,2027-02-05 17:01:50,2026-08-05 17:04:07,In compliance,,,ADB - SharePoint Site Renewal,ADB - Do not allow External Sharing (SharePoint Site),,,,,,,,,,No,,,,,,,,,,,,,CSD,,,,CGAdoption,EDRMS Project Site,,,,,,,,,,,,,,,,,,,,,,,,teamsite-805048,
Site,prj_Team Site-805047,,Active,Active,Not on hold,https://7rkd12.sharepoint.com/teams/prj_teamsite-805047,4e12acf4-6d8f-45df-9c88-6916fe9dea2c,,,,Bonnie Test,BonnieTest@7rkd12.onmicrosoft.com,Mihal,Mihal@7rkd12.onmicrosoft.com,AdaTest,AdaTest@7rkd12.onmicrosoft.com,,,,Asia-Pacific,Team site (no Microsoft 365 group),25600,0.004,Existing external users,,Indexed,,,Claimed,2026-08-05 12:12:59,,2026-08-06 18:15:01,2027-02-06 18:15:01,2026-08-06 18:17:34,In compliance,,,ADB - SharePoint Site Renewal,ADB - Do not allow External Sharing (SharePoint Site),,,,,,,,,,No,,,,,,,,,,,,,CSD,,,,CGAdoption,EDRMS Project Site,,,,,,,,,,,,,,,,,,,,,,,,teamsite-805047,
Site,prj_Team Site-805046,,Active,Active,Not on hold,https://7rkd12.sharepoint.com/teams/prj_teamsite-805046,c44ed1cc-784a-4b6a-a321-52e43bcc5034,,,,Bonnie Test,BonnieTest@7rkd12.onmicrosoft.com,Mihal,Mihal@7rkd12.onmicrosoft.com,AdaTest,AdaTest@7rkd12.onmicrosoft.com,,,,Asia-Pacific,Team site (no Microsoft 365 group),25600,0.005,Existing external users,,Indexed,,,Claimed,2026-08-05 12:12:59,,2026-08-05 17:06:37,2027-02-05 17:06:37,2026-08-05 17:07:55,In compliance,,,ADB - SharePoint Site Renewal,ADB - Do not allow External Sharing (SharePoint Site),,,,,,,,,,No,,,,,,,,,,,,,CSD,,,,CGAdoption,EDRMS Project Site,,,,,,,,,,,,,,,,,,,,,,,,teamsite-805046,
Site,prj_Team Site-805045,,Active,Active,Not on hold,https://7rkd12.sharepoint.com/teams/prj_teamsite-805045,f1b7b180-42bb-47e7-9e3b-939a87689d05,,,,Bonnie Test,BonnieTest@7rkd12.onmicrosoft.com,Mihal,Mihal@7rkd12.onmicrosoft.com,AdaTest,AdaTest@7rkd12.onmicrosoft.com,,,,Asia-Pacific,Team site (no Microsoft 365 group),25600,0.005,Existing external users,,Indexed,,,Claimed,2026-08-05 12:12:48,,2026-08-05 19:37:05,2027-02-05 19:37:05,2026-08-05 19:38:48,In compliance,,,ADB - SharePoint Site Renewal,ADB - Do not allow External Sharing (SharePoint Site),,,,,,,,,,No,,,,,,,,,,,,,CSD,,,,CGAdoption,EDRMS Project Site,,,,,,,,,,,,,,,,,,,,,,,,teamsite-805045,
Site,prj_Team Site-805044,,Active,Active,Not on hold,https://7rkd12.sharepoint.com/teams/prj_teamsite-805044,4b7ddf13-e7b8-4a4d-8748-3cf294daad37,,,,Bonnie Test,BonnieTest@7rkd12.onmicrosoft.com,Mihal,Mihal@7rkd12.onmicrosoft.com,AdaTest,AdaTest@7rkd12.onmicrosoft.com,,,,Asia-Pacific,Team site (no Microsoft 365 group),25600,0.005,Existing external users,,Indexed,,,Claimed,2026-08-05 12:12:18,,2026-08-05 22:09:10,2027-02-05 22:09:10,2026-08-05 22:11:13,In compliance,,,ADB - SharePoint Site Renewal,ADB - Do not allow External Sharing (SharePoint Site),,,,,,,,,,No,,,,,,,,,,,,,CSD,,,,CGAdoption,EDRMS Project Site,,,,,,,,,,,,,,,,,,,,,,,,teamsite-805044,
Site,prj_Team Site-805043,,Active,Active,Not on hold,https://7rkd12.sharepoint.com/teams/prj_teamsite-805043,c3532a4c-52ef-46c3-997d-468070962525,,,,Bonnie Test,BonnieTest@7rkd12.onmicrosoft.com,Mihal,Mihal@7rkd12.onmicrosoft.com,AdaTest,AdaTest@7rkd12.onmicrosoft.com,,,,Asia-Pacific,Team site (no Microsoft 365 group),25600,0.005,Existing external users,,Indexed,,,Claimed,2026-08-05 12:12:00,,2026-08-06 18:31:17,2027-02-06 18:31:17,2026-08-06 18:33:19,In compliance,,,ADB - SharePoint Site Renewal,ADB - Do not allow External Sharing (SharePoint Site),,,,,,,,,,No,,,,,,,,,,,,,CSD,,,,CGAdoption,EDRMS Project Site,,,,,,,,,,,,,,,,,,,,,,,,teamsite-805043,
Site,prj_Team Site-805042,,Active,Active,Not on hold,https://7rkd12.sharepoint.com/teams/prj_teamsite-805042,48b42d70-dbd0-4e90-b36a-55991731ef9c,,,,Bonnie Test,BonnieTest@7rkd12.onmicrosoft.com,Mihal,Mihal@7rkd12.onmicrosoft.com,AdaTest,AdaTest@7rkd12.onmicrosoft.com,,,,Asia-Pacific,Team site (no Microsoft 365 group),25600,0.005,Existing external users,,Indexed,,,Claimed,2026-08-05 12:11:56,,2026-08-05 18:25:22,2027-02-05 18:25:22,2026-08-05 18:27:49,In compliance,,,ADB - SharePoint Site Renewal,ADB - Do not allow External Sharing (SharePoint Site),,,,,,,,,,No,,,,,,,,,,,,,CSD,,,,CGAdoption,EDRMS Project Site,,,,,,,,,,,,,,,,,,,,,,,,teamsite-805042,
Site,prj_Team Site-805041,,Active,Active,Not on hold,https://7rkd12.sharepoint.com/teams/prj_teamsite-805041,3f49fbb1-165c-4b66-9b06-c6d349d882ee,,,,Bonnie Test,BonnieTest@7rkd12.onmicrosoft.com,Mihal,Mihal@7rkd12.onmicrosoft.com,AdaTest,AdaTest@7rkd12.onmicrosoft.com,,,,Asia-Pacific,Team site (no Microsoft 365 group),25600,0.005,Existing external users,,Indexed,,,Claimed,2026-08-05 12:11:50,,2026-08-05 18:02:04,2027-02-05 18:02:04,2026-08-05 18:03:23,In compliance,,,ADB - SharePoint Site Renewal,ADB - Do not allow External Sharing (SharePoint Site),,,,,,,,,,No,,,,,,,,,,,,,CSD,,,,CGAdoption,EDRMS Project Site,,,,,,,,,,,,,,,,,,,,,,,,teamsite-805041,
Site,prj_Team Site-805040,,Active,Active,Not on hold,https://7rkd12.sharepoint.com/teams/prj_teamsite-805040,6f76e1ca-7e1e-4202-b9c1-331131ea6c6d,,,,Bonnie Test,BonnieTest@7rkd12.onmicrosoft.com,Mihal,Mihal@7rkd12.onmicrosoft.com,AdaTest,AdaTest@7rkd12.onmicrosoft.com,,,,Asia-Pacific,Team site (no Microsoft 365 group),25600,0.005,Existing external users,,Indexed,,,Claimed,2026-08-05 12:11:49,,2026-08-05 19:24:27,2027-02-05 19:24:27,2026-08-05 19:25:54,In compliance,,,ADB - SharePoint Site Renewal,ADB - Do not allow External Sharing (SharePoint Site),,,,,,,,,,No,,,,,,,,,,,,,CSD,,,,CGAdoption,EDRMS Project Site,,,,,,,,,,,,,,,,,,,,,,,,teamsite-805040,
Site,prj_Team Site-805039,,Active,Active,Not on hold,https://7rkd12.sharepoint.com/teams/prj_teamsite-805039,babb1bcf-7d29-4531-bd67-f0779abd328d,,,,Bonnie Test,BonnieTest@7rkd12.onmicrosoft.com,Mihal,Mihal@7rkd12.onmicrosoft.com,AdaTest,AdaTest@7rkd12.onmicrosoft.com,,,,Asia-Pacific,Team site (no Microsoft 365 group),25600,0.005,Existing external users,,Indexed,,,Claimed,2026-08-05 12:11:43,,2026-08-05 19:11:06,2027-02-05 19:11:06,2026-08-05 19:13:52,In compliance,,,ADB - SharePoint Site Renewal,ADB - Do not allow External Sharing (SharePoint Site),,,,,,,,,,No,,,,,,,,,,,,,CSD,,,,CGAdoption,EDRMS Project Site,,,,,,,,,,,,,,,,,,,,,,,,teamsite-805039,
Site,prj_Team Site-805038,,Active,Active,Not on hold,https://7rkd12.sharepoint.com/teams/prj_teamsite-805038,c40c109c-08ff-4dfe-81e4-df6074f88e6c,,,,Bonnie Test,BonnieTest@7rkd12.onmicrosoft.com,Mihal,Mihal@7rkd12.onmicrosoft.com,AdaTest,AdaTest@7rkd12.onmicrosoft.com,,,,Asia-Pacific,Team site (no Microsoft 365 group),25600,0.005,Existing external users,,Indexed,,,Claimed,2026-08-05 12:11:39,,2026-08-05 17:57:16,2027-02-05 17:57:16,2026-08-05 17:59:52,In compliance,,,ADB - SharePoint Site Renewal,ADB - Do not allow External Sharing (SharePoint Site),,,,,,,,,,No,,,,,,,,,,,,,CSD,,,,CGAdoption,EDRMS Project Site,,,,,,,,,,,,,,,,,,,,,,,,teamsite-805038,
Site,prj_Team Site-805036,,Active,Active,Not on hold,https://7rkd12.sharepoint.com/teams/prj_teamsite-805036,2acefc4b-3661-4342-951e-c1d5a6d695bc,,,,Bonnie Test,BonnieTest@7rkd12.onmicrosoft.com,Mihal,Mihal@7rkd12.onmicrosoft.com,AdaTest,AdaTest@7rkd12.onmicrosoft.com,,,,Asia-Pacific,Team site (no Microsoft 365 group),25600,0.005,Existing external users,,Indexed,,,Claimed,2026-08-05 12:11:39,,2026-08-05 19:16:56,2027-02-05 19:16:56,2026-08-05 19:18:24,In compliance,,,ADB - SharePoint Site Renewal,ADB - Do not allow External Sharing (SharePoint Site),,,,,,,,,,No,,,,,,,,,,,,,CSD,,,,CGAdoption,EDRMS Project Site,,,,,,,,,,,,,,,,,,,,,,,,teamsite-805036,
Site,prj_Team Site-805037,,Active,Active,Not on hold,https://7rkd12.sharepoint.com/teams/prj_teamsite-805037,6848c2ef-3a85-4a1c-8507-f9c611fc50da,,,,Bonnie Test,BonnieTest@7rkd12.onmicrosoft.com,Mihal,Mihal@7rkd12.onmicrosoft.com,AdaTest,AdaTest@7rkd12.onmicrosoft.com,,,,Asia-Pacific,Team site (no Microsoft 365 group),25600,0.004,Existing external users,,Indexed,,,Claimed,2026-08-05 12:11:38,,2026-08-06 22:57:20,2027-02-06 22:57:20,2026-08-06 22:58:54,In compliance,,,ADB - SharePoint Site Renewal,ADB - Do not allow External Sharing (SharePoint Site),,,,,,,,,,No,,,,,,,,,,,,,CSD,,,,CGAdoption,EDRMS Project Site,,,,,,,,,,,,,,,,,,,,,,,,teamsite-805037,
Site,prj_Team Site-805035,,Active,Active,Not on hold,https://7rkd12.sharepoint.com/teams/prj_teamsite-805035,a9ef2a13-f88e-49a7-8ec6-690b0d4d0dc3,,,,Bonnie Test,BonnieTest@7rkd12.onmicrosoft.com,Mihal,Mihal@7rkd12.onmicrosoft.com,AdaTest,AdaTest@7rkd12.onmicrosoft.com,,,,Asia-Pacific,Team site (no Microsoft 365 group),25600,0.005,Existing external users,,Indexed,,,Claimed,2026-08-05 12:11:28,,2026-08-05 21:01:25,2027-02-05 21:01:25,2026-08-05 21:02:19,In compliance,,,ADB - SharePoint Site Renewal,ADB - Do not allow External Sharing (SharePoint Site),,,,,,,,,,No,,,,,,,,,,,,,CSD,,,,CGAdoption,EDRMS Project Site,,,,,,,,,,,,,,,,,,,,,,,,teamsite-805035,
Site,prj_Team Site-805034,,Active,Active,Not on hold,https://7rkd12.sharepoint.com/teams/prj_teamsite-805034,6d6379da-e6c0-4650-90d3-095255a91d5a,,,,Bonnie Test,BonnieTest@7rkd12.onmicrosoft.com,Mihal,Mihal@7rkd12.onmicrosoft.com,AdaTest,AdaTest@7rkd12.onmicrosoft.com,,,,Asia-Pacific,Team site (no Microsoft 365 group),25600,0.005,Existing external users,,Indexed,,,Claimed,2026-08-05 12:10:55,,2026-08-05 22:24:51,2027-02-05 22:24:51,2026-08-05 22:27:51,In compliance,,,ADB - SharePoint Site Renewal,ADB - Do not allow External Sharing (SharePoint Site),,,,,,,,,,No,,,,,,,,,,,,,CSD,,,,CGAdoption,EDRMS Project Site,,,,,,,,,,,,,,,,,,,,,,,,teamsite-805034,
Site,prj_Team Site-805033,,Active,Active,Not on hold,https://7rkd12.sharepoint.com/teams/prj_teamsite-805033,c580c259-bfce-44cd-a8e0-c793597b3495,,,,Bonnie Test,BonnieTest@7rkd12.onmicrosoft.com,Mihal,Mihal@7rkd12.onmicrosoft.com,AdaTest,AdaTest@7rkd12.onmicrosoft.com,,,,Asia-Pacific,Team site (no Microsoft 365 group),25600,0.005,Existing external users,,Indexed,,,Claimed,2026-08-05 12:10:48,,2026-08-07 11:16:26,2027-02-07 11:16:26,2026-08-07 11:20:28,In compliance,,,ADB - SharePoint Site Renewal,ADB - Do not allow External Sharing (SharePoint Site),,,,,,,,,,No,,,,,,,,,,,,,CSD,,,,CGAdoption,EDRMS Project Site,,,,,,,,,,,,,,,,,,,,,,,,teamsite-805033,
Site,prj_Team Site-805032,,Active,Active,Not on hold,https://7rkd12.sharepoint.com/teams/prj_teamsite-805032,b68bf7ab-b408-4652-a1a5-3ba8ee2f7a78,,,,Bonnie Test,BonnieTest@7rkd12.onmicrosoft.com,Mihal,Mihal@7rkd12.onmicrosoft.com,AdaTest,AdaTest@7rkd12.onmicrosoft.com,,,,Asia-Pacific,Team site (no Microsoft 365 group),25600,0.005,Existing external users,,Indexed,,,Claimed,2026-08-05 12:10:46,,2026-08-05 22:37:13,2027-02-05 22:37:13,2026-08-05 22:38:20,In compliance,,,ADB - SharePoint Site Renewal,ADB - Do not allow External Sharing (SharePoint Site),,,,,,,,,,No,,,,,,,,,,,,,CSD,,,,CGAdoption,EDRMS Project Site,,,,,,,,,,,,,,,,,,,,,,,,teamsite-805032,
Site,prj_Team Site-805031,,Active,Active,Not on hold,https://7rkd12.sharepoint.com/teams/prj_teamsite-805031,6fae565f-c7b5-4242-9910-1120acffb650,,,,Bonnie Test,BonnieTest@7rkd12.onmicrosoft.com,Mihal,Mihal@7rkd12.onmicrosoft.com,AdaTest,AdaTest@7rkd12.onmicrosoft.com,,,,Asia-Pacific,Team site (no Microsoft 365 group),25600,0.005,Existing external users,,Indexed,,,Claimed,2026-08-05 12:10:45,,2026-08-05 22:27:16,2027-02-05 22:27:16,2026-08-05 22:29:53,In compliance,,,ADB - SharePoint Site Renewal,ADB - Do not allow External Sharing (SharePoint Site),,,,,,,,,,No,,,,,,,,,,,,,CSD,,,,CGAdoption,EDRMS Project Site,,,,,,,,,,,,,,,,,,,,,,,,teamsite-805031,
Site,prj_Team Site-805030,,Active,Active,Not on hold,https://7rkd12.sharepoint.com/teams/prj_teamsite-805030,70490250-954d-4d85-acc5-49b0d58f4665,,,,Bonnie Test,BonnieTest@7rkd12.onmicrosoft.com,Mihal,Mihal@7rkd12.onmicrosoft.com,AdaTest,AdaTest@7rkd12.onmicrosoft.com,,,,Asia-Pacific,Team site (no Microsoft 365 group),25600,0.005,Existing external users,,Indexed,,,Claimed,2026-08-05 11:59:17,,2026-08-06 03:34:07,2027-02-06 03:34:07,2026-08-06 03:38:27,In compliance,,,ADB - SharePoint Site Renewal,ADB - Do not allow External Sharing (SharePoint Site),,,,,,,,,,No,,,,,,,,,,,,,CSD,,,,CGAdoption,EDRMS Project Site,,,,,,,,,,,,,,,,,,,,,,,,teamsite-805030,
Site,prj_Team Site-805029,,Active,Active,Not on hold,https://7rkd12.sharepoint.com/teams/prj_teamsite-805029,3966ded7-15fc-4978-bb7e-48c82a1a4037,,,,Bonnie Test,BonnieTest@7rkd12.onmicrosoft.com,Mihal,Mihal@7rkd12.onmicrosoft.com,AdaTest,AdaTest@7rkd12.onmicrosoft.com,,,,Asia-Pacific,Team site (no Microsoft 365 group),25600,0.005,Existing external users,,Indexed,,,Claimed,2026-08-05 11:59:17,,2026-08-06 00:33:22,2027-02-06 00:33:22,2026-08-06 00:37:03,In compliance,,,ADB - SharePoint Site Renewal,ADB - Do not allow External Sharing (SharePoint Site),,,,,,,,,,No,,,,,,,,,,,,,CSD,,,,CGAdoption,EDRMS Project Site,,,,,,,,,,,,,,,,,,,,,,,,teamsite-805029,
Site,prj_Team Site-805028,,Active,Active,Not on hold,https://7rkd12.sharepoint.com/teams/prj_teamsite-805028,cb2742e5-d59d-4b64-bc48-837d152e2582,,,,Bonnie Test,BonnieTest@7rkd12.onmicrosoft.com,Mihal,Mihal@7rkd12.onmicrosoft.com,AdaTest,AdaTest@7rkd12.onmicrosoft.com,,,,Asia-Pacific,Team site (no Microsoft 365 group),25600,0.005,Existing external users,,Indexed,,,Claimed,2026-08-05 11:59:09,,2026-08-06 19:14:44,2027-02-06 19:14:44,2026-08-06 19:15:35,In compliance,,,ADB - SharePoint Site Renewal,ADB - Do not allow External Sharing (SharePoint Site),,,,,,,,,,No,,,,,,,,,,,,,CSD,,,,CGAdoption,EDRMS Project Site,,,,,,,,,,,,,,,,,,,,,,,,teamsite-805028,
Site,prj_Team Site-805027,,Active,Active,Not on hold,https://7rkd12.sharepoint.com/teams/prj_teamsite-805027,e184aeb3-01a0-4fa9-8cbd-c88709fbea2e,,,,Bonnie Test,BonnieTest@7rkd12.onmicrosoft.com,Mihal,Mihal@7rkd12.onmicrosoft.com,AdaTest,AdaTest@7rkd12.onmicrosoft.com,,,,Asia-Pacific,Team site (no Microsoft 365 group),25600,0.005,Existing external users,,Indexed,,,Claimed,2026-08-05 11:59:08,,2026-08-06 00:41:00,2027-02-06 00:41:00,2026-08-06 00:43:06,In compliance,,,ADB - SharePoint Site Renewal,ADB - Do not allow External Sharing (SharePoint Site),,,,,,,,,,No,,,,,,,,,,,,,CSD,,,,CGAdoption,EDRMS Project Site,,,,,,,,,,,,,,,,,,,,,,,,teamsite-805027,
Site,prj_Team Site-805026,,Active,Active,Not on hold,https://7rkd12.sharepoint.com/teams/prj_teamsite-805026,5c885827-18eb-411e-a4ca-acca2375dc97,,,,Bonnie Test,BonnieTest@7rkd12.onmicrosoft.com,Mihal,Mihal@7rkd12.onmicrosoft.com,AdaTest,AdaTest@7rkd12.onmicrosoft.com,,,,Asia-Pacific,Team site (no Microsoft 365 group),25600,0.005,Existing external users,,Indexed,,,Claimed,2026-08-05 11:59:03,,2026-08-06 00:24:55,2027-02-06 00:24:55,2026-08-06 00:26:31,In compliance,,,ADB - SharePoint Site Renewal,ADB - Do not allow External Sharing (SharePoint Site),,,,,,,,,,No,,,,,,,,,,,,,CSD,,,,CGAdoption,EDRMS Project Site,,,,,,,,,,,,,,,,,,,,,,,,teamsite-805026,
Site,prj_Team Site-805025,,Active,Active,Not on hold,https://7rkd12.sharepoint.com/teams/prj_teamsite-805025,2aa3d201-292f-4801-8c21-e75b3a8cb0f8,,,,Bonnie Test,BonnieTest@7rkd12.onmicrosoft.com,Mihal,Mihal@7rkd12.onmicrosoft.com,AdaTest,AdaTest@7rkd12.onmicrosoft.com,,,,Asia-Pacific,Team site (no Microsoft 365 group),25600,0.005,Existing external users,,Indexed,,,Claimed,2026-08-05 11:58:49,,2026-08-05 23:11:43,2027-02-05 23:11:43,2026-08-05 23:12:27,In compliance,,,ADB - SharePoint Site Renewal,ADB - Do not allow External Sharing (SharePoint Site),,,,,,,,,,No,,,,,,,,,,,,,CSD,,,,CGAdoption,EDRMS Project Site,,,,,,,,,,,,,,,,,,,,,,,,teamsite-805025,
Site,prj_Team Site-805024,,Active,Active,Not on hold,https://7rkd12.sharepoint.com/teams/prj_teamsite-805024,c066e2e2-1e68-49cf-8be6-eb2564325f21,,,,Bonnie Test,BonnieTest@7rkd12.onmicrosoft.com,Mihal,Mihal@7rkd12.onmicrosoft.com,AdaTest,AdaTest@7rkd12.onmicrosoft.com,,,,Asia-Pacific,Team site (no Microsoft 365 group),25600,0.005,Existing external users,,Indexed,,,Claimed,2026-08-05 11:58:16,,2026-08-07 02:11:32,2027-02-07 02:11:32,2026-08-07 02:13:56,In compliance,,,ADB - SharePoint Site Renewal,ADB - Do not allow External Sharing (SharePoint Site),,,,,,,,,,No,,,,,,,,,,,,,CSD,,,,CGAdoption,EDRMS Project Site,,,,,,,,,,,,,,,,,,,,,,,,teamsite-805024,
Site,prj_Team Site-805023,,Active,Active,Not on hold,https://7rkd12.sharepoint.com/teams/prj_teamsite-805023,70f6ff8d-adf7-487b-9e21-a915d780dc9e,,,,Bonnie Test,BonnieTest@7rkd12.onmicrosoft.com,Mihal,Mihal@7rkd12.onmicrosoft.com,AdaTest,AdaTest@7rkd12.onmicrosoft.com,,,,Asia-Pacific,Team site (no Microsoft 365 group),25600,0.005,Existing external users,,Indexed,,,Claimed,2026-08-05 11:58:11,,2026-08-06 03:59:57,2027-02-06 03:59:57,2026-08-06 04:01:44,In compliance,,,ADB - SharePoint Site Renewal,ADB - Do not allow External Sharing (SharePoint Site),,,,,,,,,,No,,,,,,,,,,,,,CSD,,,,CGAdoption,EDRMS Project Site,,,,,,,,,,,,,,,,,,,,,,,,teamsite-805023,
Site,prj_Team Site-805022,,Active,Active,Not on hold,https://7rkd12.sharepoint.com/teams/prj_teamsite-805022,b32c7d67-49f6-4034-9218-2462f739e190,,,,Bonnie Test,BonnieTest@7rkd12.onmicrosoft.com,Mihal,Mihal@7rkd12.onmicrosoft.com,AdaTest,AdaTest@7rkd12.onmicrosoft.com,,,,Asia-Pacific,Team site (no Microsoft 365 group),25600,0.005,Existing external users,,Indexed,,,Claimed,2026-08-05 11:58:07,,2026-08-07 03:10:46,2027-02-07 03:10:46,2026-08-07 03:15:53,In compliance,,,ADB - SharePoint Site Renewal,ADB - Do not allow External Sharing (SharePoint Site),,,,,,,,,,No,,,,,,,,,,,,,CSD,,,,CGAdoption,EDRMS Project Site,,,,,,,,,,,,,,,,,,,,,,,,teamsite-805022,
Site,prj_Team Site-805021,,Active,Active,Not on hold,https://7rkd12.sharepoint.com/teams/prj_teamsite-805021,3981c3fa-5e6a-4359-b3f4-615da762e43b,,,,Bonnie Test,BonnieTest@7rkd12.onmicrosoft.com,Mihal,Mihal@7rkd12.onmicrosoft.com,AdaTest,AdaTest@7rkd12.onmicrosoft.com,,,,Asia-Pacific,Team site (no Microsoft 365 group),25600,0.005,Existing external users,,Indexed,,,Claimed,2026-08-05 11:58:06,,2026-08-07 03:31:48,2027-02-07 03:31:48,2026-08-07 03:33:43,In compliance,,,ADB - SharePoint Site Renewal,ADB - Do not allow External Sharing (SharePoint Site),,,,,,,,,,No,,,,,,,,,,,,,CSD,,,,CGAdoption,EDRMS Project Site,,,,,,,,,,,,,,,,,,,,,,,,teamsite-805021,
Site,prj_Team Site-805020,,Active,Active,Not on hold,https://7rkd12.sharepoint.com/teams/prj_teamsite-805020,74704de8-27fb-4415-8df1-7a5e134818e2,,,,Bonnie Test,BonnieTest@7rkd12.onmicrosoft.com,Mihal,Mihal@7rkd12.onmicrosoft.com,AdaTest,AdaTest@7rkd12.onmicrosoft.com,,,,Asia-Pacific,Team site (no Microsoft 365 group),25600,0.005,Existing external users,,Indexed,,,Claimed,2026-08-05 11:58:00,,2026-08-06 01:07:17,2027-02-06 01:07:17,2026-08-06 01:08:12,In compliance,,,ADB - SharePoint Site Renewal,ADB - Do not allow External Sharing (SharePoint Site),,,,,,,,,,No,,,,,,,,,,,,,CSD,,,,CGAdoption,EDRMS Project Site,,,,,,,,,,,,,,,,,,,,,,,,teamsite-805020,
Site,prj_Team Site-805019,,Active,Active,Not on hold,https://7rkd12.sharepoint.com/teams/prj_teamsite-805019,45a8650d-69f2-41c1-8a0b-d52dec8a38ab,,,,Bonnie Test,BonnieTest@7rkd12.onmicrosoft.com,Mihal,Mihal@7rkd12.onmicrosoft.com,AdaTest,AdaTest@7rkd12.onmicrosoft.com,,,,Asia-Pacific,Team site (no Microsoft 365 group),25600,0.005,Existing external users,,Indexed,,,Claimed,2026-08-05 11:57:56,,2026-08-06 01:08:20,2027-02-06 01:08:20,2026-08-06 01:12:23,In compliance,,,ADB - SharePoint Site Renewal,ADB - Do not allow External Sharing (SharePoint Site),,,,,,,,,,No,,,,,,,,,,,,,CSD,,,,CGAdoption,EDRMS Project Site,,,,,,,,,,,,,,,,,,,,,,,,teamsite-805019,
Site,prj_Team Site-805018,,Active,Active,Not on hold,https://7rkd12.sharepoint.com/teams/prj_teamsite-805018,e17bd5d1-061c-4fb4-8ff8-c13ecc6a7ccf,,,,Bonnie Test,BonnieTest@7rkd12.onmicrosoft.com,Mihal,Mihal@7rkd12.onmicrosoft.com,AdaTest,AdaTest@7rkd12.onmicrosoft.com,,,,Asia-Pacific,Team site (no Microsoft 365 group),25600,0.005,Existing external users,,Indexed,,,Claimed,2026-08-05 11:57:53,,2026-08-06 01:13:35,2027-02-06 01:13:35,2026-08-06 01:14:03,In compliance,,,ADB - SharePoint Site Renewal,ADB - Do not allow External Sharing (SharePoint Site),,,,,,,,,,No,,,,,,,,,,,,,CSD,,,,CGAdoption,EDRMS Project Site,,,,,,,,,,,,,,,,,,,,,,,,teamsite-805018,
Site,prj_Team Site-805017,,Active,Active,Not on hold,https://7rkd12.sharepoint.com/teams/prj_teamsite-805017,cefec7c9-06f2-443c-b16b-45dfba166d08,,,,Bonnie Test,BonnieTest@7rkd12.onmicrosoft.com,Mihal,Mihal@7rkd12.onmicrosoft.com,AdaTest,AdaTest@7rkd12.onmicrosoft.com,,,,Asia-Pacific,Team site (no Microsoft 365 group),25600,0.005,Existing external users,,Indexed,,,Claimed,2026-08-05 11:57:46,,2026-08-06 21:24:12,2027-02-06 21:24:12,2026-08-06 21:26:54,In compliance,,,ADB - SharePoint Site Renewal,ADB - Do not allow External Sharing (SharePoint Site),,,,,,,,,,No,,,,,,,,,,,,,CSD,,,,CGAdoption,EDRMS Project Site,,,,,,,,,,,,,,,,,,,,,,,,teamsite-805017,
Site,prj_Team Site-805016,,Active,Active,Not on hold,https://7rkd12.sharepoint.com/teams/prj_teamsite-805016,0acf2b0b-146b-418b-b1be-b4b8d51add8c,,,,Bonnie Test,BonnieTest@7rkd12.onmicrosoft.com,Mihal,Mihal@7rkd12.onmicrosoft.com,AdaTest,AdaTest@7rkd12.onmicrosoft.com,,,,Asia-Pacific,Team site (no Microsoft 365 group),25600,0.005,Existing external users,,Indexed,,,Claimed,2026-08-05 11:57:17,,2026-08-06 05:52:11,2027-02-06 05:52:11,2026-08-06 05:54:59,In compliance,,,ADB - SharePoint Site Renewal,ADB - Do not allow External Sharing (SharePoint Site),,,,,,,,,,No,,,,,,,,,,,,,CSD,,,,CGAdoption,EDRMS Project Site,,,,,,,,,,,,,,,,,,,,,,,,teamsite-805016,
Site,prj_Team Site-805015,,Active,Active,Not on hold,https://7rkd12.sharepoint.com/teams/prj_teamsite-805015,dd2fe006-4a2f-4318-b227-b2f123241c07,,,,Bonnie Test,BonnieTest@7rkd12.onmicrosoft.com,Mihal,Mihal@7rkd12.onmicrosoft.com,AdaTest,AdaTest@7rkd12.onmicrosoft.com,,,,Asia-Pacific,Team site (no Microsoft 365 group),25600,0.005,Existing external users,,Indexed,,,Claimed,2026-08-05 11:57:11,,2026-08-06 05:59:45,2027-02-06 05:59:45,2026-08-06 06:03:12,In compliance,,,ADB - SharePoint Site Renewal,ADB - Do not allow External Sharing (SharePoint Site),,,,,,,,,,No,,,,,,,,,,,,,CSD,,,,CGAdoption,EDRMS Project Site,,,,,,,,,,,,,,,,,,,,,,,,teamsite-805015,
Site,prj_Team Site-805014,,Active,Active,Not on hold,https://7rkd12.sharepoint.com/teams/prj_teamsite-805014,90753c28-44b9-42fc-a012-23ee4e6195c0,,,,Bonnie Test,BonnieTest@7rkd12.onmicrosoft.com,Mihal,Mihal@7rkd12.onmicrosoft.com,AdaTest,AdaTest@7rkd12.onmicrosoft.com,,,,Asia-Pacific,Team site (no Microsoft 365 group),25600,0.005,Existing external users,,Indexed,,,Claimed,2026-08-05 11:57:06,,2026-08-06 07:08:03,2027-02-06 07:08:03,2026-08-06 07:09:38,In compliance,,,ADB - SharePoint Site Renewal,ADB - Do not allow External Sharing (SharePoint Site),,,,,,,,,,No,,,,,,,,,,,,,CSD,,,,CGAdoption,EDRMS Project Site,,,,,,,,,,,,,,,,,,,,,,,,teamsite-805014,
Site,prj_Team Site-805013,,Active,Active,Not on hold,https://7rkd12.sharepoint.com/teams/prj_teamsite-805013,34eb7ec1-1a8d-419d-aa10-8a89efa0b873,,,,Bonnie Test,BonnieTest@7rkd12.onmicrosoft.com,Mihal,Mihal@7rkd12.onmicrosoft.com,AdaTest,AdaTest@7rkd12.onmicrosoft.com,,,,Asia-Pacific,Team site (no Microsoft 365 group),25600,0.005,Existing external users,,Indexed,,,Claimed,2026-08-05 11:57:00,,2026-08-07 01:01:48,2027-02-07 01:01:48,2026-08-07 01:07:45,In compliance,,,ADB - SharePoint Site Renewal,ADB - Do not allow External Sharing (SharePoint Site),,,,,,,,,,No,,,,,,,,,,,,,CSD,,,,CGAdoption,EDRMS Project Site,,,,,,,,,,,,,,,,,,,,,,,,teamsite-805013,
Site,prj_Team Site-805012,,Active,Active,Not on hold,https://7rkd12.sharepoint.com/teams/prj_teamsite-805012,2f4a7346-0685-4aa7-ad02-e8d182c00931,,,,Bonnie Test,BonnieTest@7rkd12.onmicrosoft.com,Mihal,Mihal@7rkd12.onmicrosoft.com,AdaTest,AdaTest@7rkd12.onmicrosoft.com,,,,Asia-Pacific,Team site (no Microsoft 365 group),25600,0.005,Existing external users,,Indexed,,,Claimed,2026-08-05 11:56:56,,2026-08-07 02:03:52,2027-02-07 02:03:52,2026-08-07 02:07:41,In compliance,,,ADB - SharePoint Site Renewal,ADB - Do not allow External Sharing (SharePoint Site),,,,,,,,,,No,,,,,,,,,,,,,CSD,,,,CGAdoption,EDRMS Project Site,,,,,,,,,,,,,,,,,,,,,,,,teamsite-805012,
Site,prj_Team Site-805011,,Active,Active,Not on hold,https://7rkd12.sharepoint.com/teams/prj_teamsite-805011,717df194-63af-4d35-a2f5-6247db6ed198,,,,Bonnie Test,BonnieTest@7rkd12.onmicrosoft.com,Mihal,Mihal@7rkd12.onmicrosoft.com,AdaTest,AdaTest@7rkd12.onmicrosoft.com,,,,Asia-Pacific,Team site (no Microsoft 365 group),25600,0.005,Existing external users,,Indexed,,,Claimed,2026-08-05 11:56:53,,2026-08-06 00:52:49,2027-02-06 00:52:49,2026-08-06 00:55:06,In compliance,,,ADB - SharePoint Site Renewal,ADB - Do not allow External Sharing (SharePoint Site),,,,,,,,,,No,,,,,,,,,,,,,CSD,,,,CGAdoption,EDRMS Project Site,,,,,,,,,,,,,,,,,,,,,,,,teamsite-805011,
Site,prj_Team Site-805010,,Active,Active,Not on hold,https://7rkd12.sharepoint.com/teams/prj_teamsite-805010,73c7342e-cd5a-4224-a1b2-22dd36575482,,,,Bonnie Test,BonnieTest@7rkd12.onmicrosoft.com,Mihal,Mihal@7rkd12.onmicrosoft.com,AdaTest,AdaTest@7rkd12.onmicrosoft.com,,,,Asia-Pacific,Team site (no Microsoft 365 group),25600,0.005,Existing external users,,Indexed,,,Claimed,2026-08-05 11:56:51,,2026-08-07 00:39:40,2027-02-07 00:39:40,2026-08-07 00:41:42,In compliance,,,ADB - SharePoint Site Renewal,ADB - Do not allow External Sharing (SharePoint Site),,,,,,,,,,No,,,,,,,,,,,,,CSD,,,,CGAdoption,EDRMS Project Site,,,,,,,,,,,,,,,,,,,,,,,,teamsite-805010,
Site,prj_Team Site-805009,,Active,Active,Not on hold,https://7rkd12.sharepoint.com/teams/prj_teamsite-805009,c5ebc22f-8ee2-4f1e-99d5-cc8b72fd51fd,,,,Bonnie Test,BonnieTest@7rkd12.onmicrosoft.com,Mihal,Mihal@7rkd12.onmicrosoft.com,AdaTest,AdaTest@7rkd12.onmicrosoft.com,,,,Asia-Pacific,Team site (no Microsoft 365 group),25600,0.005,Existing external users,,Indexed,,,Claimed,2026-08-05 11:56:47,,2026-08-06 02:13:03,2027-02-06 02:13:03,2026-08-06 02:15:43,In compliance,,,ADB - SharePoint Site Renewal,ADB - Do not allow External Sharing (SharePoint Site),,,,,,,,,,No,,,,,,,,,,,,,CSD,,,,CGAdoption,EDRMS Project Site,,,,,,,,,,,,,,,,,,,,,,,,teamsite-805009,
Site,prj_Team Site-805008,,Active,Active,Not on hold,https://7rkd12.sharepoint.com/teams/prj_teamsite-805008,a8d21b38-7423-4b37-b015-77bb8dd957b2,,,,Bonnie Test,BonnieTest@7rkd12.onmicrosoft.com,Mihal,Mihal@7rkd12.onmicrosoft.com,AdaTest,AdaTest@7rkd12.onmicrosoft.com,,,,Asia-Pacific,Team site (no Microsoft 365 group),25600,0.005,Existing external users,,Indexed,,,Claimed,2026-08-05 11:56:46,,2026-08-07 11:15:40,2027-02-07 11:15:40,2026-08-07 11:20:28,In compliance,,,ADB - SharePoint Site Renewal,ADB - Do not allow External Sharing (SharePoint Site),,,,,,,,,,No,,,,,,,,,,,,,CSD,,,,CGAdoption,EDRMS Project Site,,,,,,,,,,,,,,,,,,,,,,,,teamsite-805008,
Site,prj_Team Site-805007,,Active,Active,Not on hold,https://7rkd12.sharepoint.com/teams/prj_teamsite-805007,57a8f227-ab8c-40c8-9fec-21a134ec6af5,,,,Bonnie Test,BonnieTest@7rkd12.onmicrosoft.com,Mihal,Mihal@7rkd12.onmicrosoft.com,AdaTest,AdaTest@7rkd12.onmicrosoft.com,,,,Asia-Pacific,Team site (no Microsoft 365 group),25600,0.005,Existing external users,,Indexed,,,Claimed,2026-08-05 11:56:38,,2026-08-06 01:57:08,2027-02-06 01:57:08,2026-08-06 02:00:58,In compliance,,,ADB - SharePoint Site Renewal,ADB - Do not allow External Sharing (SharePoint Site),,,,,,,,,,No,,,,,,,,,,,,,CSD,,,,CGAdoption,EDRMS Project Site,,,,,,,,,,,,,,,,,,,,,,,,teamsite-805007,
Site,prj_Team Site-805006,,Active,Active,Not on hold,https://7rkd12.sharepoint.com/teams/prj_teamsite-805006,44ebb45d-6b2b-4a4d-ba71-75f4c66c2e6b,,,,Bonnie Test,BonnieTest@7rkd12.onmicrosoft.com,Mihal,Mihal@7rkd12.onmicrosoft.com,AdaTest,AdaTest@7rkd12.onmicrosoft.com,,,,Asia-Pacific,Team site (no Microsoft 365 group),25600,0.005,Existing external users,,Indexed,,,Claimed,2026-08-05 11:56:06,,2026-08-06 04:45:39,2027-02-06 04:45:39,2026-08-06 04:49:23,In compliance,,,ADB - SharePoint Site Renewal,ADB - Do not allow External Sharing (SharePoint Site),,,,,,,,,,No,,,,,,,,,,,,,CSD,,,,CGAdoption,EDRMS Project Site,,,,,,,,,,,,,,,,,,,,,,,,teamsite-805006,
Site,prj_Team Site-805005,,Active,Active,Not on hold,https://7rkd12.sharepoint.com/teams/prj_teamsite-805005,68e0d0af-2ee4-4b4c-8159-74fb7fa6e484,,,,Bonnie Test,BonnieTest@7rkd12.onmicrosoft.com,Mihal,Mihal@7rkd12.onmicrosoft.com,AdaTest,AdaTest@7rkd12.onmicrosoft.com,,,,Asia-Pacific,Team site (no Microsoft 365 group),25600,0.005,Existing external users,,Indexed,,,Claimed,2026-08-05 11:56:03,,2026-08-05 23:21:04,2027-02-05 23:21:04,2026-08-05 23:22:33,In compliance,,,ADB - SharePoint Site Renewal,ADB - Do not allow External Sharing (SharePoint Site),,,,,,,,,,No,,,,,,,,,,,,,CSD,,,,CGAdoption,EDRMS Project Site,,,,,,,,,,,,,,,,,,,,,,,,teamsite-805005,
Site,prj_Team Site-805004,,Active,Active,Not on hold,https://7rkd12.sharepoint.com/teams/prj_teamsite-805004,c3421ab5-86e1-454d-81dc-d29248d5cf83,,,,Bonnie Test,BonnieTest@7rkd12.onmicrosoft.com,Mihal,Mihal@7rkd12.onmicrosoft.com,AdaTest,AdaTest@7rkd12.onmicrosoft.com,,,,Asia-Pacific,Team site (no Microsoft 365 group),25600,0.005,Existing external users,,Indexed,,,Claimed,2026-08-05 11:55:58,,2026-08-06 05:51:06,2027-02-06 05:51:06,2026-08-06 05:54:03,In compliance,,,ADB - SharePoint Site Renewal,ADB - Do not allow External Sharing (SharePoint Site),,,,,,,,,,No,,,,,,,,,,,,,CSD,,,,CGAdoption,EDRMS Project Site,,,,,,,,,,,,,,,,,,,,,,,,teamsite-805004,
Site,prj_Team Site-805003,,Active,Active,Not on hold,https://7rkd12.sharepoint.com/teams/prj_teamsite-805003,760bfbbf-8b71-4a0f-a371-04763b8a2efe,,,,Bonnie Test,BonnieTest@7rkd12.onmicrosoft.com,Mihal,Mihal@7rkd12.onmicrosoft.com,AdaTest,AdaTest@7rkd12.onmicrosoft.com,,,,Asia-Pacific,Team site (no Microsoft 365 group),25600,0.004,Existing external users,,Indexed,,,Claimed,2026-08-05 11:55:57,,2026-08-05 23:22:30,2027-02-05 23:22:30,2026-08-05 23:24:28,In compliance,,,ADB - SharePoint Site Renewal,ADB - Do not allow External Sharing (SharePoint Site),,,,,,,,,,No,,,,,,,,,,,,,CSD,,,,CGAdoption,EDRMS Project Site,,,,,,,,,,,,,,,,,,,,,,,,teamsite-805003,
Site,prj_Team Site-805002,,Active,Active,Not on hold,https://7rkd12.sharepoint.com/teams/prj_teamsite-805002,405b4cf8-8153-4303-8764-f4a341f276c8,,,,Bonnie Test,BonnieTest@7rkd12.onmicrosoft.com,Mihal,Mihal@7rkd12.onmicrosoft.com,AdaTest,AdaTest@7rkd12.onmicrosoft.com,,,,Asia-Pacific,Team site (no Microsoft 365 group),25600,0.005,Existing external users,,Indexed,,,Claimed,2026-08-05 11:55:56,,2026-08-07 00:28:07,2027-02-07 00:28:07,2026-08-07 00:29:45,In compliance,,,ADB - SharePoint Site Renewal,ADB - Do not allow External Sharing (SharePoint Site),,,,,,,,,,No,,,,,,,,,,,,,CSD,,,,CGAdoption,EDRMS Project Site,,,,,,,,,,,,,,,,,,,,,,,,teamsite-805002,
Site,prj_Team Site-805001,,Active,Active,Not on hold,https://7rkd12.sharepoint.com/teams/prj_teamsite-805001,e28e8fc9-2527-4f48-b621-250a6cfcd77b,,,,Bonnie Test,BonnieTest@7rkd12.onmicrosoft.com,Mihal,Mihal@7rkd12.onmicrosoft.com,AdaTest,AdaTest@7rkd12.onmicrosoft.com,,,,Asia-Pacific,Team site (no Microsoft 365 group),25600,0.005,Existing external users,,Indexed,,,Claimed,2026-08-05 11:55:47,,2026-08-06 07:32:02,2027-02-06 07:32:02,2026-08-06 07:34:01,In compliance,,,ADB - SharePoint Site Renewal,ADB - Do not allow External Sharing (SharePoint Site),,,,,,,,,,No,,,,,,,,,,,,,CSD,,,,CGAdoption,EDRMS Project Site,,,,,,,,,,,,,,,,,,,,,,,,teamsite-805001,
Site,prj_Group Site-805100,,Active,Active,Not on hold,https://7rkd12.sharepoint.com/teams/prj_groupsite-805100,6a96ef76-14cb-4015-b5d3-569a63be3e7c,,,,Bonnie Test,BonnieTest@7rkd12.onmicrosoft.com,Mihal,Mihal@7rkd12.onmicrosoft.com,AdaTest,AdaTest@7rkd12.onmicrosoft.com,,,,Asia-Pacific,Team site (no Microsoft 365 group),25600,0.005,Existing external users,,Indexed,,,Claimed,2026-08-05 11:55:44,,2026-08-06 07:27:16,2027-02-06 07:27:16,2026-08-06 07:28:04,In compliance,,,ADB - SharePoint Site Renewal,ADB - Do not allow External Sharing (SharePoint Site),,,,,,,,,,No,,,,,,,,,,,,,CSD,,,,CGAdoption,EDRMS Project Site,,,,,,,,,,,,,,,,,,,,,,,,groupsite-805100,
Site,prj_Group Site-805099,,Active,Active,Not on hold,https://7rkd12.sharepoint.com/teams/prj_groupsite-805099,aa42e5f6-625f-4d84-8a67-03c76b5a1ae3,,,,Bonnie Test,BonnieTest@7rkd12.onmicrosoft.com,Mihal,Mihal@7rkd12.onmicrosoft.com,AdaTest,AdaTest@7rkd12.onmicrosoft.com,,,,Asia-Pacific,Team site (no Microsoft 365 group),25600,0.005,Existing external users,,Indexed,,,Claimed,2026-08-05 11:55:39,,2026-08-06 02:59:07,2027-02-06 02:59:07,2026-08-06 03:02:36,In compliance,,,ADB - SharePoint Site Renewal,ADB - Do not allow External Sharing (SharePoint Site),,,,,,,,,,No,,,,,,,,,,,,,CSD,,,,CGAdoption,EDRMS Project Site,,,,,,,,,,,,,,,,,,,,,,,,groupsite-805099,
Site,prj_Group Site-805098,,Active,Active,Not on hold,https://7rkd12.sharepoint.com/teams/prj_groupsite-805098,5b2d5ec1-9172-42a4-b5ed-7495d92a6219,,,,Bonnie Test,BonnieTest@7rkd12.onmicrosoft.com,Mihal,Mihal@7rkd12.onmicrosoft.com,AdaTest,AdaTest@7rkd12.onmicrosoft.com,,,,Asia-Pacific,Team site (no Microsoft 365 group),25600,0.005,Existing external users,,Indexed,,,Claimed,2026-08-05 11:55:36,,2026-08-07 02:14:03,2027-02-07 02:14:03,2026-08-07 02:18:02,In compliance,,,ADB - SharePoint Site Renewal,ADB - Do not allow External Sharing (SharePoint Site),,,,,,,,,,No,,,,,,,,,,,,,CSD,,,,CGAdoption,EDRMS Project Site,,,,,,,,,,,,,,,,,,,,,,,,groupsite-805098,
Site,prj_Group Site-805097,,Active,Active,Not on hold,https://7rkd12.sharepoint.com/teams/prj_groupsite-805097,2efcdf12-edf5-466d-8d96-feba72033cbb,,,,Bonnie Test,BonnieTest@7rkd12.onmicrosoft.com,Mihal,Mihal@7rkd12.onmicrosoft.com,AdaTest,AdaTest@7rkd12.onmicrosoft.com,,,,Asia-Pacific,Team site (no Microsoft 365 group),25600,0.005,Existing external users,,Indexed,,,Claimed,2026-08-05 11:55:33,,2026-08-06 03:24:16,2027-02-06 03:24:16,2026-08-06 03:26:25,In compliance,,,ADB - SharePoint Site Renewal,ADB - Do not allow External Sharing (SharePoint Site),,,,,,,,,,No,,,,,,,,,,,,,CSD,,,,CGAdoption,EDRMS Project Site,,,,,,,,,,,,,,,,,,,,,,,,groupsite-805097,
Site,prj_Group Site-805096,,Active,Active,Not on hold,https://7rkd12.sharepoint.com/teams/prj_groupsite-805096,14b6a3f7-38e1-424d-a65d-acf64073b3c3,,,,Bonnie Test,BonnieTest@7rkd12.onmicrosoft.com,Mihal,Mihal@7rkd12.onmicrosoft.com,AdaTest,AdaTest@7rkd12.onmicrosoft.com,,,,Asia-Pacific,Team site (no Microsoft 365 group),25600,0.005,Existing external users,,Indexed,,,Claimed,2026-08-05 11:55:30,,2026-08-06 03:08:36,2027-02-06 03:08:36,2026-08-06 03:09:56,In compliance,,,ADB - SharePoint Site Renewal,ADB - Do not allow External Sharing (SharePoint Site),,,,,,,,,,No,,,,,,,,,,,,,CSD,,,,CGAdoption,EDRMS Project Site,,,,,,,,,,,,,,,,,,,,,,,,groupsite-805096,
Site,prj_Group Site-805095,,Active,Active,Not on hold,https://7rkd12.sharepoint.com/teams/prj_groupsite-805095,1eb27e25-7cf8-4e52-925d-feb08beca5d5,,,,Bonnie Test,BonnieTest@7rkd12.onmicrosoft.com,Mihal,Mihal@7rkd12.onmicrosoft.com,AdaTest,AdaTest@7rkd12.onmicrosoft.com,,,,Asia-Pacific,Team site (no Microsoft 365 group),25600,0.005,Existing external users,,Indexed,,,Claimed,2026-08-05 11:55:25,,2026-08-06 03:11:10,2027-02-06 03:11:10,2026-08-06 03:14:27,In compliance,,,ADB - SharePoint Site Renewal,ADB - Do not allow External Sharing (SharePoint Site),,,,,,,,,,No,,,,,,,,,,,,,CSD,,,,CGAdoption,EDRMS Project Site,,,,,,,,,,,,,,,,,,,,,,,,groupsite-805095,
Site,prj_Group Site-805094,,Active,Active,Not on hold,https://7rkd12.sharepoint.com/teams/prj_groupsite-805094,b9513e9f-a4fd-4565-b92b-4d7950d54385,,,,Bonnie Test,BonnieTest@7rkd12.onmicrosoft.com,Mihal,Mihal@7rkd12.onmicrosoft.com,AdaTest,AdaTest@7rkd12.onmicrosoft.com,,,,Asia-Pacific,Team site (no Microsoft 365 group),25600,0.005,Existing external users,,Indexed,,,Claimed,2026-08-05 11:55:03,,2026-08-07 00:20:40,2027-02-07 00:20:40,2026-08-07 00:22:04,In compliance,,,ADB - SharePoint Site Renewal,ADB - Do not allow External Sharing (SharePoint Site),,,,,,,,,,No,,,,,,,,,,,,,CSD,,,,CGAdoption,EDRMS Project Site,,,,,,,,,,,,,,,,,,,,,,,,groupsite-805094,
Site,prj_Group Site-805093,,Active,Active,Not on hold,https://7rkd12.sharepoint.com/teams/prj_groupsite-805093,30e72a09-f0aa-4667-b611-810ee334bf81,,,,Bonnie Test,BonnieTest@7rkd12.onmicrosoft.com,Mihal,Mihal@7rkd12.onmicrosoft.com,AdaTest,AdaTest@7rkd12.onmicrosoft.com,,,,Asia-Pacific,Team site (no Microsoft 365 group),25600,0.005,Existing external users,,Indexed,,,Claimed,2026-08-05 11:54:43,,2026-08-06 08:28:47,2027-02-06 08:28:47,2026-08-06 08:35:44,In compliance,,,ADB - SharePoint Site Renewal,ADB - Do not allow External Sharing (SharePoint Site),,,,,,,,,,No,,,,,,,,,,,,,CSD,,,,CGAdoption,EDRMS Project Site,,,,,,,,,,,,,,,,,,,,,,,,groupsite-805093,
Site,prj_Group Site-805092,,Active,Active,Not on hold,https://7rkd12.sharepoint.com/teams/prj_groupsite-805092,5de15f94-771e-45f8-b2c0-407fe64594eb,,,,Bonnie Test,BonnieTest@7rkd12.onmicrosoft.com,Mihal,Mihal@7rkd12.onmicrosoft.com,AdaTest,AdaTest@7rkd12.onmicrosoft.com,,,,Asia-Pacific,Team site (no Microsoft 365 group),25600,0.005,Existing external users,,Indexed,,,Claimed,2026-08-05 11:54:39,,2026-08-06 01:35:18,2027-02-06 01:35:18,2026-08-06 01:37:49,In compliance,,,ADB - SharePoint Site Renewal,ADB - Do not allow External Sharing (SharePoint Site),,,,,,,,,,No,,,,,,,,,,,,,CSD,,,,CGAdoption,EDRMS Project Site,,,,,,,,,,,,,,,,,,,,,,,,groupsite-805092,
Site,prj_Group Site-805091,,Active,Active,Not on hold,https://7rkd12.sharepoint.com/teams/prj_groupsite-805091,18fe4778-502a-41f9-99e0-f478a5bf22ad,,,,Bonnie Test,BonnieTest@7rkd12.onmicrosoft.com,Mihal,Mihal@7rkd12.onmicrosoft.com,AdaTest,AdaTest@7rkd12.onmicrosoft.com,,,,Asia-Pacific,Team site (no Microsoft 365 group),25600,0.005,Existing external users,,Indexed,,,Claimed,2026-08-05 11:54:34,,2026-08-06 08:07:37,2027-02-06 08:07:37,2026-08-06 08:11:01,In compliance,,,ADB - SharePoint Site Renewal,ADB - Do not allow External Sharing (SharePoint Site),,,,,,,,,,No,,,,,,,,,,,,,CSD,,,,CGAdoption,EDRMS Project Site,,,,,,,,,,,,,,,,,,,,,,,,groupsite-805091,
Site,prj_Group Site-805090,,Active,Active,Not on hold,https://7rkd12.sharepoint.com/teams/prj_groupsite-805090,e4405a35-4bcc-485b-a5b5-eb255914ca9d,,,,Bonnie Test,BonnieTest@7rkd12.onmicrosoft.com,Mihal,Mihal@7rkd12.onmicrosoft.com,AdaTest,AdaTest@7rkd12.onmicrosoft.com,,,,Asia-Pacific,Team site (no Microsoft 365 group),25600,0.005,Existing external users,,Indexed,,,Claimed,2026-08-05 11:54:31,,2026-08-06 02:02:05,2027-02-06 02:02:05,2026-08-06 02:03:35,In compliance,,,ADB - SharePoint Site Renewal,ADB - Do not allow External Sharing (SharePoint Site),,,,,,,,,,No,,,,,,,,,,,,,CSD,,,,CGAdoption,EDRMS Project Site,,,,,,,,,,,,,,,,,,,,,,,,groupsite-805090,
Site,prj_Group Site-805088,,Active,Active,Not on hold,https://7rkd12.sharepoint.com/teams/prj_groupsite-805088,c680b7b0-3822-46c0-a2d6-66624c387f51,,,,Bonnie Test,BonnieTest@7rkd12.onmicrosoft.com,Mihal,Mihal@7rkd12.onmicrosoft.com,AdaTest,AdaTest@7rkd12.onmicrosoft.com,,,,Asia-Pacific,Team site (no Microsoft 365 group),25600,0.005,Existing external users,,Indexed,,,Claimed,2026-08-05 11:54:27,,2026-08-06 03:50:07,2027-02-06 03:50:07,2026-08-06 03:53:55,In compliance,,,ADB - SharePoint Site Renewal,ADB - Do not allow External Sharing (SharePoint Site),,,,,,,,,,No,,,,,,,,,,,,,CSD,,,,CGAdoption,EDRMS Project Site,,,,,,,,,,,,,,,,,,,,,,,,groupsite-805088,
Site,prj_Group Site-805089,,Active,Active,Not on hold,https://7rkd12.sharepoint.com/teams/prj_groupsite-805089,7bb66fca-16a7-48ac-bc91-78c220b0630a,,,,Bonnie Test,BonnieTest@7rkd12.onmicrosoft.com,Mihal,Mihal@7rkd12.onmicrosoft.com,AdaTest,AdaTest@7rkd12.onmicrosoft.com,,,,Asia-Pacific,Team site (no Microsoft 365 group),25600,0.005,Existing external users,,Indexed,,,Claimed,2026-08-05 11:54:27,,2026-08-06 04:42:23,2027-02-06 04:42:23,2026-08-06 04:43:31,In compliance,,,ADB - SharePoint Site Renewal,ADB - Do not allow External Sharing (SharePoint Site),,,,,,,,,,No,,,,,,,,,,,,,CSD,,,,CGAdoption,EDRMS Project Site,,,,,,,,,,,,,,,,,,,,,,,,groupsite-805089,
Site,prj_Group Site-805087,,Active,Active,Not on hold,https://7rkd12.sharepoint.com/teams/prj_groupsite-805087,46071afb-bb7e-44f1-9976-43ae826c2252,,,,Bonnie Test,BonnieTest@7rkd12.onmicrosoft.com,Mihal,Mihal@7rkd12.onmicrosoft.com,AdaTest,AdaTest@7rkd12.onmicrosoft.com,,,,Asia-Pacific,Team site (no Microsoft 365 group),25600,0.005,Existing external users,,Indexed,,,Claimed,2026-08-05 11:54:21,,2026-08-06 02:22:46,2027-02-06 02:22:46,2026-08-06 02:23:16,In compliance,,,ADB - SharePoint Site Renewal,ADB - Do not allow External Sharing (SharePoint Site),,,,,,,,,,No,,,,,,,,,,,,,CSD,,,,CGAdoption,EDRMS Project Site,,,,,,,,,,,,,,,,,,,,,,,,groupsite-805087,
Site,prj_Group Site-805086,,Active,Active,Not on hold,https://7rkd12.sharepoint.com/teams/prj_groupsite-805086,f7f745bf-4a6c-435f-a7be-2c9efe0a3841,,,,Bonnie Test,BonnieTest@7rkd12.onmicrosoft.com,Mihal,Mihal@7rkd12.onmicrosoft.com,AdaTest,AdaTest@7rkd12.onmicrosoft.com,,,,Asia-Pacific,Team site (no Microsoft 365 group),25600,0.005,Existing external users,,Indexed,,,Claimed,2026-08-05 11:54:16,,2026-08-06 04:44:26,2027-02-06 04:44:26,2026-08-06 04:45:54,In compliance,,,ADB - SharePoint Site Renewal,ADB - Do not allow External Sharing (SharePoint Site),,,,,,,,,,No,,,,,,,,,,,,,CSD,,,,CGAdoption,EDRMS Project Site,,,,,,,,,,,,,,,,,,,,,,,,groupsite-805086,
Site,prj_Group Site-805085,,Active,Active,Not on hold,https://7rkd12.sharepoint.com/teams/prj_groupsite-805085,9dcb51b1-f16e-4046-a389-bb18052f1400,,,,Bonnie Test,BonnieTest@7rkd12.onmicrosoft.com,Mihal,Mihal@7rkd12.onmicrosoft.com,AdaTest,AdaTest@7rkd12.onmicrosoft.com,,,,Asia-Pacific,Team site (no Microsoft 365 group),25600,0.005,Existing external users,,Indexed,,,Claimed,2026-08-05 11:54:03,,2026-08-05 23:46:24,2027-02-05 23:46:24,2026-08-05 23:47:54,In compliance,,,ADB - SharePoint Site Renewal,ADB - Do not allow External Sharing (SharePoint Site),,,,,,,,,,No,,,,,,,,,,,,,CSD,,,,CGAdoption,EDRMS Project Site,,,,,,,,,,,,,,,,,,,,,,,,groupsite-805085,
Site,prj_Group Site-805084,,Active,Active,Not on hold,https://7rkd12.sharepoint.com/teams/prj_groupsite-805084,8705e6f6-b0df-4dea-9d7f-04c660506248,,,,Bonnie Test,BonnieTest@7rkd12.onmicrosoft.com,Mihal,Mihal@7rkd12.onmicrosoft.com,AdaTest,AdaTest@7rkd12.onmicrosoft.com,,,,Asia-Pacific,Team site (no Microsoft 365 group),25600,0.005,Existing external users,,Indexed,,,Claimed,2026-08-05 11:53:28,,2026-08-06 10:05:38,2027-02-06 10:05:38,2026-08-06 10:06:08,In compliance,,,ADB - SharePoint Site Renewal,ADB - Do not allow External Sharing (SharePoint Site),,,,,,,,,,No,,,,,,,,,,,,,CSD,,,,CGAdoption,EDRMS Project Site,,,,,,,,,,,,,,,,,,,,,,,,groupsite-805084,
Site,prj_Group Site-805083,,Active,Active,Not on hold,https://7rkd12.sharepoint.com/teams/prj_groupsite-805083,6b089cc0-d1fa-47ee-9acb-0c11e3e2f57b,,,,Bonnie Test,BonnieTest@7rkd12.onmicrosoft.com,Mihal,Mihal@7rkd12.onmicrosoft.com,AdaTest,AdaTest@7rkd12.onmicrosoft.com,,,,Asia-Pacific,Team site (no Microsoft 365 group),25600,0.005,Existing external users,,Indexed,,,Claimed,2026-08-05 11:53:25,,2026-08-06 09:47:51,2027-02-06 09:47:51,2026-08-06 09:50:37,In compliance,,,ADB - SharePoint Site Renewal,ADB - Do not allow External Sharing (SharePoint Site),,,,,,,,,,No,,,,,,,,,,,,,CSD,,,,CGAdoption,EDRMS Project Site,,,,,,,,,,,,,,,,,,,,,,,,groupsite-805083,
Site,prj_Group Site-805082,,Active,Active,Not on hold,https://7rkd12.sharepoint.com/teams/prj_groupsite-805082,09eeda80-8c4b-44e1-b210-26baa84df4a3,,,,Bonnie Test,BonnieTest@7rkd12.onmicrosoft.com,Mihal,Mihal@7rkd12.onmicrosoft.com,AdaTest,AdaTest@7rkd12.onmicrosoft.com,,,,Asia-Pacific,Team site (no Microsoft 365 group),25600,0.005,Existing external users,,Indexed,,,Claimed,2026-08-05 11:53:20,,2026-08-06 10:27:39,2027-02-06 10:27:39,2026-08-06 10:30:07,In compliance,,,ADB - SharePoint Site Renewal,ADB - Do not allow External Sharing (SharePoint Site),,,,,,,,,,No,,,,,,,,,,,,,CSD,,,,CGAdoption,EDRMS Project Site,,,,,,,,,,,,,,,,,,,,,,,,groupsite-805082,
Site,prj_Group Site-805081,,Active,Active,Not on hold,https://7rkd12.sharepoint.com/teams/prj_groupsite-805081,16bebcbb-2bb9-4360-85b7-fa923458ad94,,,,Bonnie Test,BonnieTest@7rkd12.onmicrosoft.com,Mihal,Mihal@7rkd12.onmicrosoft.com,AdaTest,AdaTest@7rkd12.onmicrosoft.com,,,,Asia-Pacific,Team site (no Microsoft 365 group),25600,0.005,Existing external users,,Indexed,,,Claimed,2026-08-05 11:53:16,,2026-08-06 03:15:46,2027-02-06 03:15:46,2026-08-06 03:18:10,In compliance,,,ADB - SharePoint Site Renewal,ADB - Do not allow External Sharing (SharePoint Site),,,,,,,,,,No,,,,,,,,,,,,,CSD,,,,CGAdoption,EDRMS Project Site,,,,,,,,,,,,,,,,,,,,,,,,groupsite-805081,
Site,prj_Group Site-805080,,Active,Active,Not on hold,https://7rkd12.sharepoint.com/teams/prj_groupsite-805080,50f088af-de8b-4a96-8d15-cddf4777c9f1,,,,Bonnie Test,BonnieTest@7rkd12.onmicrosoft.com,Mihal,Mihal@7rkd12.onmicrosoft.com,AdaTest,AdaTest@7rkd12.onmicrosoft.com,,,,Asia-Pacific,Team site (no Microsoft 365 group),25600,0.005,Existing external users,,Indexed,,,Claimed,2026-08-05 11:53:13,,2026-08-06 03:44:11,2027-02-06 03:44:11,2026-08-06 03:46:30,In compliance,,,ADB - SharePoint Site Renewal,ADB - Do not allow External Sharing (SharePoint Site),,,,,,,,,,No,,,,,,,,,,,,,CSD,,,,CGAdoption,EDRMS Project Site,,,,,,,,,,,,,,,,,,,,,,,,groupsite-805080,
Site,prj_Group Site-805079,,Active,Active,Not on hold,https://7rkd12.sharepoint.com/teams/prj_groupsite-805079,5a87c5eb-8b8d-4ad6-9c7c-7cbf588cd9ba,,,,Bonnie Test,BonnieTest@7rkd12.onmicrosoft.com,Mihal,Mihal@7rkd12.onmicrosoft.com,AdaTest,AdaTest@7rkd12.onmicrosoft.com,,,,Asia-Pacific,Team site (no Microsoft 365 group),25600,0.005,Existing external users,,Indexed,,,Claimed,2026-08-05 11:53:09,,2026-08-06 06:01:55,2027-02-06 06:01:55,2026-08-06 06:04:26,In compliance,,,ADB - SharePoint Site Renewal,ADB - Do not allow External Sharing (SharePoint Site),,,,,,,,,,No,,,,,,,,,,,,,CSD,,,,CGAdoption,EDRMS Project Site,,,,,,,,,,,,,,,,,,,,,,,,groupsite-805079,
Site,prj_Group Site-805078,,Active,Active,Not on hold,https://7rkd12.sharepoint.com/teams/prj_groupsite-805078,3589b32c-5c0a-4a97-b9ef-14ee6b3706b9,,,,Bonnie Test,BonnieTest@7rkd12.onmicrosoft.com,Mihal,Mihal@7rkd12.onmicrosoft.com,AdaTest,AdaTest@7rkd12.onmicrosoft.com,,,,Asia-Pacific,Team site (no Microsoft 365 group),25600,0.005,Existing external users,,Indexed,,,Claimed,2026-08-05 11:53:00,,2026-08-06 06:48:35,2027-02-06 06:48:35,2026-08-06 06:51:19,In compliance,,,ADB - SharePoint Site Renewal,ADB - Do not allow External Sharing (SharePoint Site),,,,,,,,,,No,,,,,,,,,,,,,CSD,,,,CGAdoption,EDRMS Project Site,,,,,,,,,,,,,,,,,,,,,,,,groupsite-805078,
Site,prj_Group Site-805077,,Active,Active,Not on hold,https://7rkd12.sharepoint.com/teams/prj_groupsite-805077,15325158-f2c5-4fe4-8884-9a0118bcb1b3,,,,Bonnie Test,BonnieTest@7rkd12.onmicrosoft.com,Mihal,Mihal@7rkd12.onmicrosoft.com,AdaTest,AdaTest@7rkd12.onmicrosoft.com,,,,Asia-Pacific,Team site (no Microsoft 365 group),25600,0.005,Existing external users,,Indexed,,,Claimed,2026-08-05 11:52:46,,2026-08-06 02:25:09,2027-02-06 02:25:09,2026-08-06 02:28:02,In compliance,,,ADB - SharePoint Site Renewal,ADB - Do not allow External Sharing (SharePoint Site),,,,,,,,,,No,,,,,,,,,,,,,CSD,,,,CGAdoption,EDRMS Project Site,,,,,,,,,,,,,,,,,,,,,,,,groupsite-805077,
Site,prj_Group Site-805076,,Active,Active,Not on hold,https://7rkd12.sharepoint.com/teams/prj_groupsite-805076,7e7410eb-ffaa-4a61-987d-ac3d3a288f84,,,,Bonnie Test,BonnieTest@7rkd12.onmicrosoft.com,Mihal,Mihal@7rkd12.onmicrosoft.com,AdaTest,AdaTest@7rkd12.onmicrosoft.com,,,,Asia-Pacific,Team site (no Microsoft 365 group),25600,0.005,Existing external users,,Indexed,,,Claimed,2026-08-05 11:52:31,,2026-08-06 08:25:58,2027-02-06 08:25:58,2026-08-06 08:29:00,In compliance,,,ADB - SharePoint Site Renewal,ADB - Do not allow External Sharing (SharePoint Site),,,,,,,,,,No,,,,,,,,,,,,,CSD,,,,CGAdoption,EDRMS Project Site,,,,,,,,,,,,,,,,,,,,,,,,groupsite-805076,
Site,prj_Group Site-805075,,Active,Active,Not on hold,https://7rkd12.sharepoint.com/teams/prj_groupsite-805075,81fbd6a9-0d92-44d7-b546-83a88454d578,,,,Bonnie Test,BonnieTest@7rkd12.onmicrosoft.com,Mihal,Mihal@7rkd12.onmicrosoft.com,AdaTest,AdaTest@7rkd12.onmicrosoft.com,,,,Asia-Pacific,Team site (no Microsoft 365 group),25600,0.005,Existing external users,,Indexed,,,Claimed,2026-08-05 11:52:28,,2026-08-06 20:22:07,2027-02-06 20:22:07,2026-08-06 20:38:37,In compliance,,,ADB - SharePoint Site Renewal,ADB - Do not allow External Sharing (SharePoint Site),,,,,,,,,,No,,,,,,,,,,,,,CSD,,,,CGAdoption,EDRMS Project Site,,,,,,,,,,,,,,,,,,,,,,,,groupsite-805075,
Site,prj_Group Site-805074,,Active,Active,Not on hold,https://7rkd12.sharepoint.com/teams/prj_groupsite-805074,5f077c05-2ed7-4b10-bdf6-4515a3317392,,,,Bonnie Test,BonnieTest@7rkd12.onmicrosoft.com,Mihal,Mihal@7rkd12.onmicrosoft.com,AdaTest,AdaTest@7rkd12.onmicrosoft.com,,,,Asia-Pacific,Team site (no Microsoft 365 group),25600,0.005,Existing external users,,Indexed,,,Claimed,2026-08-05 11:52:25,,2026-08-06 08:52:41,2027-02-06 08:52:41,2026-08-06 08:53:43,In compliance,,,ADB - SharePoint Site Renewal,ADB - Do not allow External Sharing (SharePoint Site),,,,,,,,,,No,,,,,,,,,,,,,CSD,,,,CGAdoption,EDRMS Project Site,,,,,,,,,,,,,,,,,,,,,,,,groupsite-805074,
Site,prj_Group Site-805073,,Active,Active,Not on hold,https://7rkd12.sharepoint.com/teams/prj_groupsite-805073,5cb2bda0-2e5d-4e17-ada5-572411655120,,,,Bonnie Test,BonnieTest@7rkd12.onmicrosoft.com,Mihal,Mihal@7rkd12.onmicrosoft.com,AdaTest,AdaTest@7rkd12.onmicrosoft.com,,,,Asia-Pacific,Team site (no Microsoft 365 group),25600,0.005,Existing external users,,Indexed,,,Claimed,2026-08-05 11:52:16,,2026-08-06 11:27:00,2027-02-06 11:27:00,2026-08-06 11:29:40,In compliance,,,ADB - SharePoint Site Renewal,ADB - Do not allow External Sharing (SharePoint Site),,,,,,,,,,No,,,,,,,,,,,,,CSD,,,,CGAdoption,EDRMS Project Site,,,,,,,,,,,,,,,,,,,,,,,,groupsite-805073,
Site,prj_Group Site-805072,,Active,Active,Not on hold,https://7rkd12.sharepoint.com/teams/prj_groupsite-805072,8fbb9fca-1dc2-4535-9e46-fd89e5af84f5,,,,Bonnie Test,BonnieTest@7rkd12.onmicrosoft.com,Mihal,Mihal@7rkd12.onmicrosoft.com,AdaTest,AdaTest@7rkd12.onmicrosoft.com,,,,Asia-Pacific,Team site (no Microsoft 365 group),25600,0.005,Existing external users,,Indexed,,,Claimed,2026-08-05 11:52:14,,2026-08-06 11:01:30,2027-02-06 11:01:30,2026-08-06 11:03:04,In compliance,,,ADB - SharePoint Site Renewal,ADB - Do not allow External Sharing (SharePoint Site),,,,,,,,,,No,,,,,,,,,,,,,CSD,,,,CGAdoption,EDRMS Project Site,,,,,,,,,,,,,,,,,,,,,,,,groupsite-805072,
Site,prj_Group Site-805071,,Active,Active,Not on hold,https://7rkd12.sharepoint.com/teams/prj_groupsite-805071,1020cf9b-eb1e-43a8-8425-bdf1fbe4b5c2,,,,Bonnie Test,BonnieTest@7rkd12.onmicrosoft.com,Mihal,Mihal@7rkd12.onmicrosoft.com,AdaTest,AdaTest@7rkd12.onmicrosoft.com,,,,Asia-Pacific,Team site (no Microsoft 365 group),25600,0.005,Existing external users,,Indexed,,,Claimed,2026-08-05 11:52:08,,2026-08-06 11:34:36,2027-02-06 11:34:36,2026-08-06 11:36:51,In compliance,,,ADB - SharePoint Site Renewal,ADB - Do not allow External Sharing (SharePoint Site),,,,,,,,,,No,,,,,,,,,,,,,CSD,,,,CGAdoption,EDRMS Project Site,,,,,,,,,,,,,,,,,,,,,,,,groupsite-805071,
Site,prj_Group Site-805070,,Active,Active,Not on hold,https://7rkd12.sharepoint.com/teams/prj_groupsite-805070,6f72b064-5707-4c60-ae42-cfd662ab0faf,,,,Bonnie Test,BonnieTest@7rkd12.onmicrosoft.com,Mihal,Mihal@7rkd12.onmicrosoft.com,AdaTest,AdaTest@7rkd12.onmicrosoft.com,,,,Asia-Pacific,Team site (no Microsoft 365 group),25600,0.005,Existing external users,,Indexed,,,Claimed,2026-08-05 11:52:04,,2026-08-05 23:09:10,2027-02-05 23:09:10,2026-08-05 23:10:06,In compliance,,,ADB - SharePoint Site Renewal,ADB - Do not allow External Sharing (SharePoint Site),,,,,,,,,,No,,,,,,,,,,,,,CSD,,,,CGAdoption,EDRMS Project Site,,,,,,,,,,,,,,,,,,,,,,,,groupsite-805070,
Site,prj_Group Site-805069,,Active,Active,Not on hold,https://7rkd12.sharepoint.com/teams/prj_groupsite-805069,96c86b96-e0b3-4770-9d6e-a35d18b5216e,,,,Bonnie Test,BonnieTest@7rkd12.onmicrosoft.com,Mihal,Mihal@7rkd12.onmicrosoft.com,AdaTest,AdaTest@7rkd12.onmicrosoft.com,,,,Asia-Pacific,Team site (no Microsoft 365 group),25600,0.005,Existing external users,,Indexed,,,Claimed,2026-08-05 11:51:59,,2026-08-06 05:25:47,2027-02-06 05:25:47,2026-08-06 05:27:39,In compliance,,,ADB - SharePoint Site Renewal,ADB - Do not allow External Sharing (SharePoint Site),,,,,,,,,,No,,,,,,,,,,,,,CSD,,,,CGAdoption,EDRMS Project Site,,,,,,,,,,,,,,,,,,,,,,,,groupsite-805069,
Site,prj_Group Site-805068,,Active,Active,Not on hold,https://7rkd12.sharepoint.com/teams/prj_groupsite-805068,2fc1c00c-d6d5-4ead-bce7-02e44aa0ccab,,,,Bonnie Test,BonnieTest@7rkd12.onmicrosoft.com,Mihal,Mihal@7rkd12.onmicrosoft.com,AdaTest,AdaTest@7rkd12.onmicrosoft.com,,,,Asia-Pacific,Team site (no Microsoft 365 group),25600,0.005,Existing external users,,Indexed,,,Claimed,2026-08-05 11:51:56,,2026-08-06 05:10:59,2027-02-06 05:10:59,2026-08-06 05:13:23,In compliance,,,ADB - SharePoint Site Renewal,ADB - Do not allow External Sharing (SharePoint Site),,,,,,,,,,No,,,,,,,,,,,,,CSD,,,,CGAdoption,EDRMS Project Site,,,,,,,,,,,,,,,,,,,,,,,,groupsite-805068,
Site,prj_Group Site-805067,,Active,Active,Not on hold,https://7rkd12.sharepoint.com/teams/prj_groupsite-805067,3c31a47c-3431-407f-8814-6831e846132d,,,,Bonnie Test,BonnieTest@7rkd12.onmicrosoft.com,Mihal,Mihal@7rkd12.onmicrosoft.com,AdaTest,AdaTest@7rkd12.onmicrosoft.com,,,,Asia-Pacific,Team site (no Microsoft 365 group),25600,0.005,Existing external users,,Indexed,,,Claimed,2026-08-05 11:51:43,,2026-08-06 07:18:32,2027-02-06 07:18:32,2026-08-06 07:20:05,In compliance,,,ADB - SharePoint Site Renewal,ADB - Do not allow External Sharing (SharePoint Site),,,,,,,,,,No,,,,,,,,,,,,,CSD,,,,CGAdoption,EDRMS Project Site,,,,,,,,,,,,,,,,,,,,,,,,groupsite-805067,
Site,prj_Group Site-805066,,Active,Active,Not on hold,https://7rkd12.sharepoint.com/teams/prj_groupsite-805066,2435dc93-ca48-4f86-a3d0-564a74596e9d,,,,Bonnie Test,BonnieTest@7rkd12.onmicrosoft.com,Mihal,Mihal@7rkd12.onmicrosoft.com,AdaTest,AdaTest@7rkd12.onmicrosoft.com,,,,Asia-Pacific,Team site (no Microsoft 365 group),25600,0.005,Existing external users,,Indexed,,,Claimed,2026-08-05 11:51:42,,2026-08-06 20:02:46,2027-02-06 20:02:46,2026-08-06 20:04:43,In compliance,,,ADB - SharePoint Site Renewal,ADB - Do not allow External Sharing (SharePoint Site),,,,,,,,,,No,,,,,,,,,,,,,CSD,,,,CGAdoption,EDRMS Project Site,,,,,,,,,,,,,,,,,,,,,,,,groupsite-805066,
Site,prj_Group Site-805065,,Active,Active,Not on hold,https://7rkd12.sharepoint.com/teams/prj_groupsite-805065,e7b4cbb1-9188-4ecc-88be-82cf753f772f,,,,Bonnie Test,BonnieTest@7rkd12.onmicrosoft.com,Mihal,Mihal@7rkd12.onmicrosoft.com,AdaTest,AdaTest@7rkd12.onmicrosoft.com,,,,Asia-Pacific,Team site (no Microsoft 365 group),25600,0.005,Existing external users,,Indexed,,,Claimed,2026-08-05 11:51:37,,2026-08-07 12:19:03,2027-02-07 12:19:03,2026-08-07 12:20:20,In compliance,,,ADB - SharePoint Site Renewal,ADB - Do not allow External Sharing (SharePoint Site),,,,,,,,,,No,,,,,,,,,,,,,CSD,,,,CGAdoption,EDRMS Project Site,,,,,,,,,,,,,,,,,,,,,,,,groupsite-805065,
Site,prj_Group Site-805064,,Active,Active,Not on hold,https://7rkd12.sharepoint.com/teams/prj_groupsite-805064,2d869b05-b0d0-475f-81a6-ecfc3e9025b7,,,,Bonnie Test,BonnieTest@7rkd12.onmicrosoft.com,Mihal,Mihal@7rkd12.onmicrosoft.com,AdaTest,AdaTest@7rkd12.onmicrosoft.com,,,,Asia-Pacific,Team site (no Microsoft 365 group),25600,0.005,Existing external users,,Indexed,,,Claimed,2026-08-05 11:51:28,,2026-08-07 11:15:39,2027-02-07 11:15:39,2026-08-07 11:16:27,In compliance,,,ADB - SharePoint Site Renewal,ADB - Do not allow External Sharing (SharePoint Site),,,,,,,,,,No,,,,,,,,,,,,,CSD,,,,CGAdoption,EDRMS Project Site,,,,,,,,,,,,,,,,,,,,,,,,groupsite-805064,
Site,prj_Group Site-805063,,Active,Active,Not on hold,https://7rkd12.sharepoint.com/teams/prj_groupsite-805063,fe437cd8-dfdd-44b1-9fa5-1907bb6cf2db,,,,Bonnie Test,BonnieTest@7rkd12.onmicrosoft.com,Mihal,Mihal@7rkd12.onmicrosoft.com,AdaTest,AdaTest@7rkd12.onmicrosoft.com,,,,Asia-Pacific,Team site (no Microsoft 365 group),25600,0.005,Existing external users,,Indexed,,,Claimed,2026-08-05 11:51:22,,2026-08-07 03:36:51,2027-02-07 03:36:51,2026-08-07 03:38:19,In compliance,,,ADB - SharePoint Site Renewal,ADB - Do not allow External Sharing (SharePoint Site),,,,,,,,,,No,,,,,,,,,,,,,CSD,,,,CGAdoption,EDRMS Project Site,,,,,,,,,,,,,,,,,,,,,,,,groupsite-805063,
Site,prj_Group Site-805062,,Active,Active,Not on hold,https://7rkd12.sharepoint.com/teams/prj_groupsite-805062,0241a6a1-a82e-4432-abc6-c26d7ce3b586,,,,Bonnie Test,BonnieTest@7rkd12.onmicrosoft.com,Mihal,Mihal@7rkd12.onmicrosoft.com,AdaTest,AdaTest@7rkd12.onmicrosoft.com,,,,Asia-Pacific,Team site (no Microsoft 365 group),25600,0.005,Existing external users,,Indexed,,,Claimed,2026-08-05 11:51:19,,2026-08-06 11:04:17,2027-02-06 11:04:17,2026-08-06 11:06:03,In compliance,,,ADB - SharePoint Site Renewal,ADB - Do not allow External Sharing (SharePoint Site),,,,,,,,,,No,,,,,,,,,,,,,CSD,,,,CGAdoption,EDRMS Project Site,,,,,,,,,,,,,,,,,,,,,,,,groupsite-805062,
Site,prj_Group Site-805061,,Active,Active,Not on hold,https://7rkd12.sharepoint.com/teams/prj_groupsite-805061,46d3b75a-4cc0-48d3-8606-df47e2eb39f3,,,,Bonnie Test,BonnieTest@7rkd12.onmicrosoft.com,Mihal,Mihal@7rkd12.onmicrosoft.com,AdaTest,AdaTest@7rkd12.onmicrosoft.com,,,,Asia-Pacific,Team site (no Microsoft 365 group),25600,0.004,Existing external users,,Indexed,,,Claimed,2026-08-05 11:51:14,,2026-08-06 09:41:02,2027-02-06 09:41:02,2026-08-06 09:44:24,In compliance,,,ADB - SharePoint Site Renewal,ADB - Do not allow External Sharing (SharePoint Site),,,,,,,,,,No,,,,,,,,,,,,,CSD,,,,CGAdoption,EDRMS Project Site,,,,,,,,,,,,,,,,,,,,,,,,groupsite-805061,
Site,prj_Group Site-805060,,Active,Active,Not on hold,https://7rkd12.sharepoint.com/teams/prj_groupsite-805060,56bf2619-f62f-43a6-85e0-bc5efce35cb5,,,,Bonnie Test,BonnieTest@7rkd12.onmicrosoft.com,Mihal,Mihal@7rkd12.onmicrosoft.com,AdaTest,AdaTest@7rkd12.onmicrosoft.com,,,,Asia-Pacific,Team site (no Microsoft 365 group),25600,0.005,Existing external users,,Indexed,,,Claimed,2026-08-05 11:51:11,,2026-08-06 09:02:22,2027-02-06 09:02:22,2026-08-06 09:03:59,In compliance,,,ADB - SharePoint Site Renewal,ADB - Do not allow External Sharing (SharePoint Site),,,,,,,,,,No,,,,,,,,,,,,,CSD,,,,CGAdoption,EDRMS Project Site,,,,,,,,,,,,,,,,,,,,,,,,groupsite-805060,
Site,prj_Group Site-805059,,Active,Active,Not on hold,https://7rkd12.sharepoint.com/teams/prj_groupsite-805059,f7cb861e-3401-4039-8569-bc1ad70fa47e,,,,Bonnie Test,BonnieTest@7rkd12.onmicrosoft.com,Mihal,Mihal@7rkd12.onmicrosoft.com,AdaTest,AdaTest@7rkd12.onmicrosoft.com,,,,Asia-Pacific,Team site (no Microsoft 365 group),25600,0.005,Existing external users,,Indexed,,,Claimed,2026-08-05 11:51:06,,2026-08-06 00:57:34,2027-02-06 00:57:34,2026-08-06 00:58:42,In compliance,,,ADB - SharePoint Site Renewal,ADB - Do not allow External Sharing (SharePoint Site),,,,,,,,,,No,,,,,,,,,,,,,CSD,,,,CGAdoption,EDRMS Project Site,,,,,,,,,,,,,,,,,,,,,,,,groupsite-805059,
Site,prj_Group Site-805058,,Active,Active,Not on hold,https://7rkd12.sharepoint.com/teams/prj_groupsite-805058,76531c95-2625-4ffa-96cf-0d74f090ab3c,,,,Bonnie Test,BonnieTest@7rkd12.onmicrosoft.com,Mihal,Mihal@7rkd12.onmicrosoft.com,AdaTest,AdaTest@7rkd12.onmicrosoft.com,,,,Asia-Pacific,Team site (no Microsoft 365 group),25600,0.005,Existing external users,,Indexed,,,Claimed,2026-08-05 11:51:00,,2026-08-06 06:47:30,2027-02-06 06:47:30,2026-08-06 06:49:13,In compliance,,,ADB - SharePoint Site Renewal,ADB - Do not allow External Sharing (SharePoint Site),,,,,,,,,,No,,,,,,,,,,,,,CSD,,,,CGAdoption,EDRMS Project Site,,,,,,,,,,,,,,,,,,,,,,,,groupsite-805058,
Site,prj_Group Site-805057,,Active,Active,Not on hold,https://7rkd12.sharepoint.com/teams/prj_groupsite-805057,d34a3c56-f26d-40b3-ac8f-abd6def8c301,,,,Bonnie Test,BonnieTest@7rkd12.onmicrosoft.com,Mihal,Mihal@7rkd12.onmicrosoft.com,AdaTest,AdaTest@7rkd12.onmicrosoft.com,,,,Asia-Pacific,Team site (no Microsoft 365 group),25600,0.005,Existing external users,,Indexed,,,Claimed,2026-08-05 11:50:58,,2026-08-06 06:27:07,2027-02-06 06:27:07,2026-08-06 06:29:27,In compliance,,,ADB - SharePoint Site Renewal,ADB - Do not allow External Sharing (SharePoint Site),,,,,,,,,,No,,,,,,,,,,,,,CSD,,,,CGAdoption,EDRMS Project Site,,,,,,,,,,,,,,,,,,,,,,,,groupsite-805057,
Site,prj_Group Site-805056,,Active,Active,Not on hold,https://7rkd12.sharepoint.com/teams/prj_groupsite-805056,bb20b569-bb9e-478c-87fd-eaca6f5ebe3f,,,,Bonnie Test,BonnieTest@7rkd12.onmicrosoft.com,Mihal,Mihal@7rkd12.onmicrosoft.com,AdaTest,AdaTest@7rkd12.onmicrosoft.com,,,,Asia-Pacific,Team site (no Microsoft 365 group),25600,0.005,Existing external users,,Indexed,,,Claimed,2026-08-05 11:50:54,,2026-08-06 06:29:16,2027-02-06 06:29:16,2026-08-06 06:31:08,In compliance,,,ADB - SharePoint Site Renewal,ADB - Do not allow External Sharing (SharePoint Site),,,,,,,,,,No,,,,,,,,,,,,,CSD,,,,CGAdoption,EDRMS Project Site,,,,,,,,,,,,,,,,,,,,,,,,groupsite-805056,
Site,prj_Group Site-805055,,Active,Active,Not on hold,https://7rkd12.sharepoint.com/teams/prj_groupsite-805055,010b6655-334b-42de-bccd-0d9e29ef4968,,,,Bonnie Test,BonnieTest@7rkd12.onmicrosoft.com,Mihal,Mihal@7rkd12.onmicrosoft.com,AdaTest,AdaTest@7rkd12.onmicrosoft.com,,,,Asia-Pacific,Team site (no Microsoft 365 group),25600,0.005,Existing external users,,Indexed,,,Claimed,2026-08-05 11:50:50,,2026-08-07 01:02:00,2027-02-07 01:02:00,2026-08-07 01:07:54,In compliance,,,ADB - SharePoint Site Renewal,ADB - Do not allow External Sharing (SharePoint Site),,,,,,,,,,No,,,,,,,,,,,,,CSD,,,,CGAdoption,EDRMS Project Site,,,,,,,,,,,,,,,,,,,,,,,,groupsite-805055,
Site,prj_Group Site-805054,,Active,Active,Not on hold,https://7rkd12.sharepoint.com/teams/prj_groupsite-805054,9bf8e612-7173-4027-bd9f-7cca03424734,,,,Bonnie Test,BonnieTest@7rkd12.onmicrosoft.com,Mihal,Mihal@7rkd12.onmicrosoft.com,AdaTest,AdaTest@7rkd12.onmicrosoft.com,,,,Asia-Pacific,Team site (no Microsoft 365 group),25600,0.005,Existing external users,,Indexed,,,Claimed,2026-08-05 11:50:45,,2026-08-06 07:40:34,2027-02-06 07:40:34,2026-08-06 07:42:41,In compliance,,,ADB - SharePoint Site Renewal,ADB - Do not allow External Sharing (SharePoint Site),,,,,,,,,,No,,,,,,,,,,,,,CSD,,,,CGAdoption,EDRMS Project Site,,,,,,,,,,,,,,,,,,,,,,,,groupsite-805054,
Site,prj_Group Site-805053,,Active,Active,Not on hold,https://7rkd12.sharepoint.com/teams/prj_groupsite-805053,84d496da-ffdd-48aa-b399-bad929d3e56c,,,,Bonnie Test,BonnieTest@7rkd12.onmicrosoft.com,Mihal,Mihal@7rkd12.onmicrosoft.com,AdaTest,AdaTest@7rkd12.onmicrosoft.com,,,,Asia-Pacific,Team site (no Microsoft 365 group),25600,0.005,Existing external users,,Indexed,,,Claimed,2026-08-05 11:50:41,,2026-08-06 06:02:54,2027-02-06 06:02:54,2026-08-06 06:05:14,In compliance,,,ADB - SharePoint Site Renewal,ADB - Do not allow External Sharing (SharePoint Site),,,,,,,,,,No,,,,,,,,,,,,,CSD,,,,CGAdoption,EDRMS Project Site,,,,,,,,,,,,,,,,,,,,,,,,groupsite-805053,
Site,prj_Group Site-805052,,Active,Active,Not on hold,https://7rkd12.sharepoint.com/teams/prj_groupsite-805052,67631c18-82f6-4695-80e3-9143915a057c,,,,Bonnie Test,BonnieTest@7rkd12.onmicrosoft.com,Mihal,Mihal@7rkd12.onmicrosoft.com,AdaTest,AdaTest@7rkd12.onmicrosoft.com,,,,Asia-Pacific,Team site (no Microsoft 365 group),25600,0.005,Existing external users,,Indexed,,,Claimed,2026-08-05 11:50:39,,2026-08-06 06:08:48,2027-02-06 06:08:48,2026-08-06 06:11:05,In compliance,,,ADB - SharePoint Site Renewal,ADB - Do not allow External Sharing (SharePoint Site),,,,,,,,,,No,,,,,,,,,,,,,CSD,,,,CGAdoption,EDRMS Project Site,,,,,,,,,,,,,,,,,,,,,,,,groupsite-805052,
Site,prj_Group Site-805051,,Active,Active,Not on hold,https://7rkd12.sharepoint.com/teams/prj_groupsite-805051,2da119fb-44ca-4071-8a1f-44b69f7afad2,,,,Bonnie Test,BonnieTest@7rkd12.onmicrosoft.com,Mihal,Mihal@7rkd12.onmicrosoft.com,AdaTest,AdaTest@7rkd12.onmicrosoft.com,,,,Asia-Pacific,Team site (no Microsoft 365 group),25600,0.005,Existing external users,,Indexed,,,Claimed,2026-08-05 11:50:34,,2026-08-06 08:11:34,2027-02-06 08:11:34,2026-08-06 08:12:51,In compliance,,,ADB - SharePoint Site Renewal,ADB - Do not allow External Sharing (SharePoint Site),,,,,,,,,,No,,,,,,,,,,,,,CSD,,,,CGAdoption,EDRMS Project Site,,,,,,,,,,,,,,,,,,,,,,,,groupsite-805051,
Site,prj_Group Site-805050,,Active,Active,Not on hold,https://7rkd12.sharepoint.com/teams/prj_groupsite-805050,d06f7eaa-1370-4137-8c22-cf017410f2a4,,,,Bonnie Test,BonnieTest@7rkd12.onmicrosoft.com,Mihal,Mihal@7rkd12.onmicrosoft.com,AdaTest,AdaTest@7rkd12.onmicrosoft.com,,,,Asia-Pacific,Team site (no Microsoft 365 group),25600,0.005,Existing external users,,Indexed,,,Claimed,2026-08-05 11:50:30,,2026-08-05 22:00:34,2027-02-05 22:00:34,2026-08-05 22:01:40,In compliance,,,ADB - SharePoint Site Renewal,ADB - Do not allow External Sharing (SharePoint Site),,,,,,,,,,No,,,,,,,,,,,,,CSD,,,,CGAdoption,EDRMS Project Site,,,,,,,,,,,,,,,,,,,,,,,,groupsite-805050,
Site,prj_Group Site-805049,,Active,Active,Not on hold,https://7rkd12.sharepoint.com/teams/prj_groupsite-805049,8f43a00b-5ea4-4258-be1a-5f643dfa0d88,,,,Bonnie Test,BonnieTest@7rkd12.onmicrosoft.com,Mihal,Mihal@7rkd12.onmicrosoft.com,AdaTest,AdaTest@7rkd12.onmicrosoft.com,,,,Asia-Pacific,Team site (no Microsoft 365 group),25600,0.005,Existing external users,,Indexed,,,Claimed,2026-08-05 11:50:26,,2026-08-06 21:37:31,2027-02-06 21:37:31,2026-08-06 21:41:02,In compliance,,,ADB - SharePoint Site Renewal,ADB - Do not allow External Sharing (SharePoint Site),,,,,,,,,,No,,,,,,,,,,,,,CSD,,,,CGAdoption,EDRMS Project Site,,,,,,,,,,,,,,,,,,,,,,,,groupsite-805049,
Site,prj_Group Site-805048,,Active,Active,Not on hold,https://7rkd12.sharepoint.com/teams/prj_groupsite-805048,2b70b204-113b-44ca-83bc-128c4641ac4b,,,,Bonnie Test,BonnieTest@7rkd12.onmicrosoft.com,Mihal,Mihal@7rkd12.onmicrosoft.com,AdaTest,AdaTest@7rkd12.onmicrosoft.com,,,,Asia-Pacific,Team site (no Microsoft 365 group),25600,0.005,Existing external users,,Indexed,,,Claimed,2026-08-05 11:50:23,,2026-08-06 04:38:35,2027-02-06 04:38:35,2026-08-06 04:39:52,In compliance,,,ADB - SharePoint Site Renewal,ADB - Do not allow External Sharing (SharePoint Site),,,,,,,,,,No,,,,,,,,,,,,,CSD,,,,CGAdoption,EDRMS Project Site,,,,,,,,,,,,,,,,,,,,,,,,groupsite-805048,
Site,prj_Group Site-805047,,Active,Active,Not on hold,https://7rkd12.sharepoint.com/teams/prj_groupsite-805047,e51b76c4-2a93-44c3-becd-9d7f2b5e6a41,,,,Bonnie Test,BonnieTest@7rkd12.onmicrosoft.com,Mihal,Mihal@7rkd12.onmicrosoft.com,AdaTest,AdaTest@7rkd12.onmicrosoft.com,,,,Asia-Pacific,Team site (no Microsoft 365 group),25600,0.005,Existing external users,,Indexed,,,Claimed,2026-08-05 11:50:18,,2026-08-06 04:16:49,2027-02-06 04:16:49,2026-08-06 04:19:32,In compliance,,,ADB - SharePoint Site Renewal,ADB - Do not allow External Sharing (SharePoint Site),,,,,,,,,,No,,,,,,,,,,,,,CSD,,,,CGAdoption,EDRMS Project Site,,,,,,,,,,,,,,,,,,,,,,,,groupsite-805047,
Site,prj_Group Site-805046,,Active,Active,Not on hold,https://7rkd12.sharepoint.com/teams/prj_groupsite-805046,8adef3e4-608b-4706-98d8-cbb7ad7d0e9f,,,,Bonnie Test,BonnieTest@7rkd12.onmicrosoft.com,Mihal,Mihal@7rkd12.onmicrosoft.com,AdaTest,AdaTest@7rkd12.onmicrosoft.com,,,,Asia-Pacific,Team site (no Microsoft 365 group),25600,0.005,Existing external users,,Indexed,,,Claimed,2026-08-05 11:50:14,,2026-08-06 04:30:05,2027-02-06 04:30:05,2026-08-06 04:33:58,In compliance,,,ADB - SharePoint Site Renewal,ADB - Do not allow External Sharing (SharePoint Site),,,,,,,,,,No,,,,,,,,,,,,,CSD,,,,CGAdoption,EDRMS Project Site,,,,,,,,,,,,,,,,,,,,,,,,groupsite-805046,
Site,prj_Group Site-805045,,Active,Active,Not on hold,https://7rkd12.sharepoint.com/teams/prj_groupsite-805045,45484e69-2b19-4ca3-858a-56a68d2e2329,,,,Bonnie Test,BonnieTest@7rkd12.onmicrosoft.com,Mihal,Mihal@7rkd12.onmicrosoft.com,AdaTest,AdaTest@7rkd12.onmicrosoft.com,,,,Asia-Pacific,Team site (no Microsoft 365 group),25600,0.005,Existing external users,,Indexed,,,Claimed,2026-08-05 11:50:10,,2026-08-06 11:07:41,2027-02-06 11:07:41,2026-08-06 11:09:11,In compliance,,,ADB - SharePoint Site Renewal,ADB - Do not allow External Sharing (SharePoint Site),,,,,,,,,,No,,,,,,,,,,,,,CSD,,,,CGAdoption,EDRMS Project Site,,,,,,,,,,,,,,,,,,,,,,,,groupsite-805045,
Site,prj_Group Site-805044,,Active,Active,Not on hold,https://7rkd12.sharepoint.com/teams/prj_groupsite-805044,a886c4e5-2337-4e36-95c9-a5cf3c4666cb,,,,Bonnie Test,BonnieTest@7rkd12.onmicrosoft.com,Mihal,Mihal@7rkd12.onmicrosoft.com,AdaTest,AdaTest@7rkd12.onmicrosoft.com,,,,Asia-Pacific,Team site (no Microsoft 365 group),25600,0.005,Existing external users,,Indexed,,,Claimed,2026-08-05 11:50:06,,2026-08-06 15:38:00,2027-02-06 15:38:00,2026-08-06 15:40:33,In compliance,,,ADB - SharePoint Site Renewal,ADB - Do not allow External Sharing (SharePoint Site),,,,,,,,,,No,,,,,,,,,,,,,CSD,,,,CGAdoption,EDRMS Project Site,,,,,,,,,,,,,,,,,,,,,,,,groupsite-805044,
Site,prj_Group Site-805043,,Active,Active,Not on hold,https://7rkd12.sharepoint.com/teams/prj_groupsite-805043,db3ddb5e-2702-49d4-a09d-0ff6300cdf7a,,,,Bonnie Test,BonnieTest@7rkd12.onmicrosoft.com,Mihal,Mihal@7rkd12.onmicrosoft.com,AdaTest,AdaTest@7rkd12.onmicrosoft.com,,,,Asia-Pacific,Team site (no Microsoft 365 group),25600,0.004,Existing external users,,Indexed,,,Claimed,2026-08-05 11:50:00,,2026-08-06 15:39:59,2027-02-06 15:39:59,2026-08-06 15:42:34,In compliance,,,ADB - SharePoint Site Renewal,ADB - Do not allow External Sharing (SharePoint Site),,,,,,,,,,No,,,,,,,,,,,,,CSD,,,,CGAdoption,EDRMS Project Site,,,,,,,,,,,,,,,,,,,,,,,,groupsite-805043,
Site,prj_Group Site-805042,,Active,Active,Not on hold,https://7rkd12.sharepoint.com/teams/prj_groupsite-805042,f5cdac95-d0ad-4e8c-84c4-db31dd5361c7,,,,Bonnie Test,BonnieTest@7rkd12.onmicrosoft.com,Mihal,Mihal@7rkd12.onmicrosoft.com,AdaTest,AdaTest@7rkd12.onmicrosoft.com,,,,Asia-Pacific,Team site (no Microsoft 365 group),25600,0.005,Existing external users,,Indexed,,,Claimed,2026-08-05 11:49:57,,2026-08-06 11:45:08,2027-02-06 11:45:08,2026-08-06 11:46:06,In compliance,,,ADB - SharePoint Site Renewal,ADB - Do not allow External Sharing (SharePoint Site),,,,,,,,,,No,,,,,,,,,,,,,CSD,,,,CGAdoption,EDRMS Project Site,,,,,,,,,,,,,,,,,,,,,,,,groupsite-805042,
Site,prj_Group Site-805041,,Active,Active,Not on hold,https://7rkd12.sharepoint.com/teams/prj_groupsite-805041,738b8989-6c86-4296-a7fe-7994f1d9be6a,,,,Bonnie Test,BonnieTest@7rkd12.onmicrosoft.com,Mihal,Mihal@7rkd12.onmicrosoft.com,AdaTest,AdaTest@7rkd12.onmicrosoft.com,,,,Asia-Pacific,Team site (no Microsoft 365 group),25600,0.005,Existing external users,,Indexed,,,Claimed,2026-08-05 11:49:54,,2026-08-06 11:05:13,2027-02-06 11:05:13,2026-08-06 11:06:03,In compliance,,,ADB - SharePoint Site Renewal,ADB - Do not allow External Sharing (SharePoint Site),,,,,,,,,,No,,,,,,,,,,,,,CSD,,,,CGAdoption,EDRMS Project Site,,,,,,,,,,,,,,,,,,,,,,,,groupsite-805041,
Site,prj_Group Site-805040,,Active,Active,Not on hold,https://7rkd12.sharepoint.com/teams/prj_groupsite-805040,b6b5b151-da5a-4339-8e5c-2222905618df,,,,Bonnie Test,BonnieTest@7rkd12.onmicrosoft.com,Mihal,Mihal@7rkd12.onmicrosoft.com,AdaTest,AdaTest@7rkd12.onmicrosoft.com,,,,Asia-Pacific,Team site (no Microsoft 365 group),25600,0.005,Existing external users,,Indexed,,,Claimed,2026-08-05 11:49:48,,2026-08-06 14:18:38,2027-02-06 14:18:38,2026-08-06 14:19:47,In compliance,,,ADB - SharePoint Site Renewal,ADB - Do not allow External Sharing (SharePoint Site),,,,,,,,,,No,,,,,,,,,,,,,CSD,,,,CGAdoption,EDRMS Project Site,,,,,,,,,,,,,,,,,,,,,,,,groupsite-805040,
Site,prj_Group Site-805039,,Active,Active,Not on hold,https://7rkd12.sharepoint.com/teams/prj_groupsite-805039,6f08c819-7b7e-4c6e-b903-42cdd6913458,,,,Bonnie Test,BonnieTest@7rkd12.onmicrosoft.com,Mihal,Mihal@7rkd12.onmicrosoft.com,AdaTest,AdaTest@7rkd12.onmicrosoft.com,,,,Asia-Pacific,Team site (no Microsoft 365 group),25600,0.005,Existing external users,,Indexed,,,Claimed,2026-08-05 11:49:46,,2026-08-06 05:29:10,2027-02-06 05:29:10,2026-08-06 05:31:39,In compliance,,,ADB - SharePoint Site Renewal,ADB - Do not allow External Sharing (SharePoint Site),,,,,,,,,,No,,,,,,,,,,,,,CSD,,,,CGAdoption,EDRMS Project Site,,,,,,,,,,,,,,,,,,,,,,,,groupsite-805039,
Site,prj_Group Site-805038,,Active,Active,Not on hold,https://7rkd12.sharepoint.com/teams/prj_groupsite-805038,da2e834b-7aec-41a5-b0f6-8b7efa0efd02,,,,Bonnie Test,BonnieTest@7rkd12.onmicrosoft.com,Mihal,Mihal@7rkd12.onmicrosoft.com,AdaTest,AdaTest@7rkd12.onmicrosoft.com,,,,Asia-Pacific,Team site (no Microsoft 365 group),25600,0.005,Existing external users,,Indexed,,,Claimed,2026-08-05 11:49:43,,2026-08-06 08:59:48,2027-02-06 08:59:48,2026-08-06 09:00:08,In compliance,,,ADB - SharePoint Site Renewal,ADB - Do not allow External Sharing (SharePoint Site),,,,,,,,,,No,,,,,,,,,,,,,CSD,,,,CGAdoption,EDRMS Project Site,,,,,,,,,,,,,,,,,,,,,,,,groupsite-805038,
Site,prj_Group Site-805037,,Active,Active,Not on hold,https://7rkd12.sharepoint.com/teams/prj_groupsite-805037,7bad0b5e-19f8-4365-ad55-5c6e2facaa77,,,,Bonnie Test,BonnieTest@7rkd12.onmicrosoft.com,Mihal,Mihal@7rkd12.onmicrosoft.com,AdaTest,AdaTest@7rkd12.onmicrosoft.com,,,,Asia-Pacific,Team site (no Microsoft 365 group),25600,0.005,Existing external users,,Indexed,,,Claimed,2026-08-05 11:49:37,,2026-08-06 04:28:38,2027-02-06 04:28:38,2026-08-06 04:31:37,In compliance,,,ADB - SharePoint Site Renewal,ADB - Do not allow External Sharing (SharePoint Site),,,,,,,,,,No,,,,,,,,,,,,,CSD,,,,CGAdoption,EDRMS Project Site,,,,,,,,,,,,,,,,,,,,,,,,groupsite-805037,
Site,prj_Group Site-805036,,Active,Active,Not on hold,https://7rkd12.sharepoint.com/teams/prj_groupsite-805036,04275060-8fc1-4e71-8af7-3814a68e64ae,,,,Bonnie Test,BonnieTest@7rkd12.onmicrosoft.com,Mihal,Mihal@7rkd12.onmicrosoft.com,AdaTest,AdaTest@7rkd12.onmicrosoft.com,,,,Asia-Pacific,Team site (no Microsoft 365 group),25600,0.005,Existing external users,,Indexed,,,Claimed,2026-08-05 11:49:35,,2026-08-06 10:29:01,2027-02-06 10:29:01,2026-08-06 10:30:36,In compliance,,,ADB - SharePoint Site Renewal,ADB - Do not allow External Sharing (SharePoint Site),,,,,,,,,,No,,,,,,,,,,,,,CSD,,,,CGAdoption,EDRMS Project Site,,,,,,,,,,,,,,,,,,,,,,,,groupsite-805036,
Site,prj_Group Site-805035,,Active,Active,Not on hold,https://7rkd12.sharepoint.com/teams/prj_groupsite-805035,0ffd51e9-81ef-4626-a8b0-925a0a72cbc2,,,,Bonnie Test,BonnieTest@7rkd12.onmicrosoft.com,Mihal,Mihal@7rkd12.onmicrosoft.com,AdaTest,AdaTest@7rkd12.onmicrosoft.com,,,,Asia-Pacific,Team site (no Microsoft 365 group),25600,0.005,Existing external users,,Indexed,,,Claimed,2026-08-05 11:49:30,,2026-08-07 01:28:41,2027-02-07 01:28:41,2026-08-07 01:29:57,In compliance,,,ADB - SharePoint Site Renewal,ADB - Do not allow External Sharing (SharePoint Site),,,,,,,,,,No,,,,,,,,,,,,,CSD,,,,CGAdoption,EDRMS Project Site,,,,,,,,,,,,,,,,,,,,,,,,groupsite-805035,
Site,prj_Group Site-805034,,Active,Active,Not on hold,https://7rkd12.sharepoint.com/teams/prj_groupsite-805034,8654ba4b-c2ea-4f49-991f-f3661d7f2d34,,,,Bonnie Test,BonnieTest@7rkd12.onmicrosoft.com,Mihal,Mihal@7rkd12.onmicrosoft.com,AdaTest,AdaTest@7rkd12.onmicrosoft.com,,,,Asia-Pacific,Team site (no Microsoft 365 group),25600,0.005,Existing external users,,Indexed,,,Claimed,2026-08-05 11:49:26,,2026-08-06 19:46:00,2027-02-06 19:46:00,2026-08-06 19:48:19,In compliance,,,ADB - SharePoint Site Renewal,ADB - Do not allow External Sharing (SharePoint Site),,,,,,,,,,No,,,,,,,,,,,,,CSD,,,,CGAdoption,EDRMS Project Site,,,,,,,,,,,,,,,,,,,,,,,,groupsite-805034,
Site,prj_Group Site-805033,,Active,Active,Not on hold,https://7rkd12.sharepoint.com/teams/prj_groupsite-805033,5acfd2f0-343a-4580-a336-68e180bcd989,,,,Bonnie Test,BonnieTest@7rkd12.onmicrosoft.com,Mihal,Mihal@7rkd12.onmicrosoft.com,AdaTest,AdaTest@7rkd12.onmicrosoft.com,,,,Asia-Pacific,Team site (no Microsoft 365 group),25600,0.005,Existing external users,,Indexed,,,Claimed,2026-08-05 11:49:23,,2026-08-06 09:45:46,2027-02-06 09:45:46,2026-08-06 09:48:21,In compliance,,,ADB - SharePoint Site Renewal,ADB - Do not allow External Sharing (SharePoint Site),,,,,,,,,,No,,,,,,,,,,,,,CSD,,,,CGAdoption,EDRMS Project Site,,,,,,,,,,,,,,,,,,,,,,,,groupsite-805033,
Site,prj_Group Site-805032,,Active,Active,Not on hold,https://7rkd12.sharepoint.com/teams/prj_groupsite-805032,d15a0b57-390e-47d8-89d1-7a5e38d7a027,,,,Bonnie Test,BonnieTest@7rkd12.onmicrosoft.com,Mihal,Mihal@7rkd12.onmicrosoft.com,AdaTest,AdaTest@7rkd12.onmicrosoft.com,,,,Asia-Pacific,Team site (no Microsoft 365 group),25600,0.005,Existing external users,,Indexed,,,Claimed,2026-08-05 11:49:20,,2026-08-06 10:17:46,2027-02-06 10:17:46,2026-08-06 10:19:56,In compliance,,,ADB - SharePoint Site Renewal,ADB - Do not allow External Sharing (SharePoint Site),,,,,,,,,,No,,,,,,,,,,,,,CSD,,,,CGAdoption,EDRMS Project Site,,,,,,,,,,,,,,,,,,,,,,,,groupsite-805032,
Site,prj_Group Site-805031,,Active,Active,Not on hold,https://7rkd12.sharepoint.com/teams/prj_groupsite-805031,38721702-5861-449a-92f0-0642dab92cdf,,,,Bonnie Test,BonnieTest@7rkd12.onmicrosoft.com,Mihal,Mihal@7rkd12.onmicrosoft.com,AdaTest,AdaTest@7rkd12.onmicrosoft.com,,,,Asia-Pacific,Team site (no Microsoft 365 group),25600,0.005,Existing external users,,Indexed,,,Claimed,2026-08-05 11:49:15,,2026-08-06 10:10:48,2027-02-06 10:10:48,2026-08-06 10:12:12,In compliance,,,ADB - SharePoint Site Renewal,ADB - Do not allow External Sharing (SharePoint Site),,,,,,,,,,No,,,,,,,,,,,,,CSD,,,,CGAdoption,EDRMS Project Site,,,,,,,,,,,,,,,,,,,,,,,,groupsite-805031,
Site,prj_Group Site-805030,,Active,Active,Not on hold,https://7rkd12.sharepoint.com/teams/prj_groupsite-805030,e132ee96-1b67-4d3c-8024-32310511bf82,,,,Bonnie Test,BonnieTest@7rkd12.onmicrosoft.com,Mihal,Mihal@7rkd12.onmicrosoft.com,AdaTest,AdaTest@7rkd12.onmicrosoft.com,,,,Asia-Pacific,Team site (no Microsoft 365 group),25600,0.005,Existing external users,,Indexed,,,Claimed,2026-08-05 11:49:12,,2026-08-06 21:13:54,2027-02-06 21:13:54,2026-08-06 21:18:54,In compliance,,,ADB - SharePoint Site Renewal,ADB - Do not allow External Sharing (SharePoint Site),,,,,,,,,,No,,,,,,,,,,,,,CSD,,,,CGAdoption,EDRMS Project Site,,,,,,,,,,,,,,,,,,,,,,,,groupsite-805030,
Site,prj_Group Site-805029,,Active,Active,Not on hold,https://7rkd12.sharepoint.com/teams/prj_groupsite-805029,60059468-06c9-4a21-bc0f-6fe4cd65b59e,,,,Bonnie Test,BonnieTest@7rkd12.onmicrosoft.com,Mihal,Mihal@7rkd12.onmicrosoft.com,AdaTest,AdaTest@7rkd12.onmicrosoft.com,,,,Asia-Pacific,Team site (no Microsoft 365 group),25600,0.005,Existing external users,,Indexed,,,Claimed,2026-08-05 11:49:08,,2026-08-06 09:55:44,2027-02-06 09:55:44,2026-08-06 10:00:36,In compliance,,,ADB - SharePoint Site Renewal,ADB - Do not allow External Sharing (SharePoint Site),,,,,,,,,,No,,,,,,,,,,,,,CSD,,,,CGAdoption,EDRMS Project Site,,,,,,,,,,,,,,,,,,,,,,,,groupsite-805029,
Site,prj_Group Site-805028,,Active,Active,Not on hold,https://7rkd12.sharepoint.com/teams/prj_groupsite-805028,8caaf0f7-6bdc-4dae-917f-c4d5e356a381,,,,Bonnie Test,BonnieTest@7rkd12.onmicrosoft.com,Mihal,Mihal@7rkd12.onmicrosoft.com,AdaTest,AdaTest@7rkd12.onmicrosoft.com,,,,Asia-Pacific,Team site (no Microsoft 365 group),25600,0.005,Existing external users,,Indexed,,,Claimed,2026-08-05 11:49:05,,2026-08-06 11:40:21,2027-02-06 11:40:21,2026-08-06 11:46:31,In compliance,,,ADB - SharePoint Site Renewal,ADB - Do not allow External Sharing (SharePoint Site),,,,,,,,,,No,,,,,,,,,,,,,CSD,,,,CGAdoption,EDRMS Project Site,,,,,,,,,,,,,,,,,,,,,,,,groupsite-805028,
Site,prj_Group Site-805027,,Active,Active,Not on hold,https://7rkd12.sharepoint.com/teams/prj_groupsite-805027,223e7a77-545c-49d1-bdd2-831776257dd8,,,,Bonnie Test,BonnieTest@7rkd12.onmicrosoft.com,Mihal,Mihal@7rkd12.onmicrosoft.com,AdaTest,AdaTest@7rkd12.onmicrosoft.com,,,,Asia-Pacific,Team site (no Microsoft 365 group),25600,0.005,Existing external users,,Indexed,,,Claimed,2026-08-05 11:48:59,,2026-08-06 14:10:17,2027-02-06 14:10:17,2026-08-06 14:11:46,In compliance,,,ADB - SharePoint Site Renewal,ADB - Do not allow External Sharing (SharePoint Site),,,,,,,,,,No,,,,,,,,,,,,,CSD,,,,CGAdoption,EDRMS Project Site,,,,,,,,,,,,,,,,,,,,,,,,groupsite-805027,
Site,prj_Group Site-805026,,Active,Active,Not on hold,https://7rkd12.sharepoint.com/teams/prj_groupsite-805026,6781a944-67e6-48d6-b2ea-dd99521d0b25,,,,Bonnie Test,BonnieTest@7rkd12.onmicrosoft.com,Mihal,Mihal@7rkd12.onmicrosoft.com,AdaTest,AdaTest@7rkd12.onmicrosoft.com,,,,Asia-Pacific,Team site (no Microsoft 365 group),25600,0.005,Existing external users,,Indexed,,,Claimed,2026-08-05 11:48:56,,2026-08-06 14:08:41,2027-02-06 14:08:41,2026-08-06 14:09:42,In compliance,,,ADB - SharePoint Site Renewal,ADB - Do not allow External Sharing (SharePoint Site),,,,,,,,,,No,,,,,,,,,,,,,CSD,,,,CGAdoption,EDRMS Project Site,,,,,,,,,,,,,,,,,,,,,,,,groupsite-805026,
Site,prj_Group Site-805025,,Active,Active,Not on hold,https://7rkd12.sharepoint.com/teams/prj_groupsite-805025,aec25360-b7ee-4cf9-87ee-aeae927cedba,,,,Bonnie Test,BonnieTest@7rkd12.onmicrosoft.com,Mihal,Mihal@7rkd12.onmicrosoft.com,AdaTest,AdaTest@7rkd12.onmicrosoft.com,,,,Asia-Pacific,Team site (no Microsoft 365 group),25600,0.005,Existing external users,,Indexed,,,Claimed,2026-08-05 11:48:52,,2026-08-06 14:13:48,2027-02-06 14:13:48,2026-08-06 14:15:47,In compliance,,,ADB - SharePoint Site Renewal,ADB - Do not allow External Sharing (SharePoint Site),,,,,,,,,,No,,,,,,,,,,,,,CSD,,,,CGAdoption,EDRMS Project Site,,,,,,,,,,,,,,,,,,,,,,,,groupsite-805025,
Site,prj_Group Site-805024,,Active,Active,Not on hold,https://7rkd12.sharepoint.com/teams/prj_groupsite-805024,dc00c5ee-17e0-4bc5-a930-8191ff92d4d5,,,,Bonnie Test,BonnieTest@7rkd12.onmicrosoft.com,Mihal,Mihal@7rkd12.onmicrosoft.com,AdaTest,AdaTest@7rkd12.onmicrosoft.com,,,,Asia-Pacific,Team site (no Microsoft 365 group),25600,0.005,Existing external users,,Indexed,,,Claimed,2026-08-05 11:48:48,,2026-08-06 14:08:35,2027-02-06 14:08:35,2026-08-06 14:09:41,In compliance,,,ADB - SharePoint Site Renewal,ADB - Do not allow External Sharing (SharePoint Site),,,,,,,,,,No,,,,,,,,,,,,,CSD,,,,CGAdoption,EDRMS Project Site,,,,,,,,,,,,,,,,,,,,,,,,groupsite-805024,
Site,prj_Group Site-805023,,Active,Active,Not on hold,https://7rkd12.sharepoint.com/teams/prj_groupsite-805023,87f3e330-648d-4da5-8290-c87b16710c64,,,,Bonnie Test,BonnieTest@7rkd12.onmicrosoft.com,Mihal,Mihal@7rkd12.onmicrosoft.com,AdaTest,AdaTest@7rkd12.onmicrosoft.com,,,,Asia-Pacific,Team site (no Microsoft 365 group),25600,0.005,Existing external users,,Indexed,,,Claimed,2026-08-05 11:48:46,,2026-08-06 14:08:33,2027-02-06 14:08:33,2026-08-06 14:09:42,In compliance,,,ADB - SharePoint Site Renewal,ADB - Do not allow External Sharing (SharePoint Site),,,,,,,,,,No,,,,,,,,,,,,,CSD,,,,CGAdoption,EDRMS Project Site,,,,,,,,,,,,,,,,,,,,,,,,groupsite-805023,
Site,prj_Group Site-805022,,Active,Active,Not on hold,https://7rkd12.sharepoint.com/teams/prj_groupsite-805022,8b8639d7-d1a4-4df5-8ed0-73cd206dc3b1,,,,Bonnie Test,BonnieTest@7rkd12.onmicrosoft.com,Mihal,Mihal@7rkd12.onmicrosoft.com,AdaTest,AdaTest@7rkd12.onmicrosoft.com,,,,Asia-Pacific,Team site (no Microsoft 365 group),25600,0.005,Existing external users,,Indexed,,,Claimed,2026-08-05 11:48:42,,2026-08-06 14:09:02,2027-02-06 14:09:02,2026-08-06 14:11:46,In compliance,,,ADB - SharePoint Site Renewal,ADB - Do not allow External Sharing (SharePoint Site),,,,,,,,,,No,,,,,,,,,,,,,CSD,,,,CGAdoption,EDRMS Project Site,,,,,,,,,,,,,,,,,,,,,,,,groupsite-805022,
Site,prj_Group Site-805021,,Active,Active,Not on hold,https://7rkd12.sharepoint.com/teams/prj_groupsite-805021,25a9dce7-ad51-438c-8a58-dfedbb089236,,,,Bonnie Test,BonnieTest@7rkd12.onmicrosoft.com,Mihal,Mihal@7rkd12.onmicrosoft.com,AdaTest,AdaTest@7rkd12.onmicrosoft.com,,,,Asia-Pacific,Team site (no Microsoft 365 group),25600,0.005,Existing external users,,Indexed,,,Claimed,2026-08-05 11:48:26,,2026-08-07 00:56:40,2027-02-07 00:56:40,2026-08-07 00:57:57,In compliance,,,ADB - SharePoint Site Renewal,ADB - Do not allow External Sharing (SharePoint Site),,,,,,,,,,No,,,,,,,,,,,,,CSD,,,,CGAdoption,EDRMS Project Site,,,,,,,,,,,,,,,,,,,,,,,,groupsite-805021,
Site,prj_Group Site-805020,,Active,Active,Not on hold,https://7rkd12.sharepoint.com/teams/prj_groupsite-805020,5c025eb7-4b69-4fd9-8051-f5837fa5cfb0,,,,Bonnie Test,BonnieTest@7rkd12.onmicrosoft.com,Mihal,Mihal@7rkd12.onmicrosoft.com,AdaTest,AdaTest@7rkd12.onmicrosoft.com,,,,Asia-Pacific,Team site (no Microsoft 365 group),25600,0.005,Existing external users,,Indexed,,,Claimed,2026-08-05 11:48:20,,2026-08-06 14:12:26,2027-02-06 14:12:26,2026-08-06 14:13:47,In compliance,,,ADB - SharePoint Site Renewal,ADB - Do not allow External Sharing (SharePoint Site),,,,,,,,,,No,,,,,,,,,,,,,CSD,,,,CGAdoption,EDRMS Project Site,,,,,,,,,,,,,,,,,,,,,,,,groupsite-805020,
Site,prj_Group Site-805019,,Active,Active,Not on hold,https://7rkd12.sharepoint.com/teams/prj_groupsite-805019,e780b682-dfe4-43fb-81d4-9ef146df3801,,,,Bonnie Test,BonnieTest@7rkd12.onmicrosoft.com,Mihal,Mihal@7rkd12.onmicrosoft.com,AdaTest,AdaTest@7rkd12.onmicrosoft.com,,,,Asia-Pacific,Team site (no Microsoft 365 group),25600,0.005,Existing external users,,Indexed,,,Claimed,2026-08-05 11:48:16,,2026-08-06 14:16:38,2027-02-06 14:16:38,2026-08-06 14:17:46,In compliance,,,ADB - SharePoint Site Renewal,ADB - Do not allow External Sharing (SharePoint Site),,,,,,,,,,No,,,,,,,,,,,,,CSD,,,,CGAdoption,EDRMS Project Site,,,,,,,,,,,,,,,,,,,,,,,,groupsite-805019,
Site,prj_Group Site-805018,,Active,Active,Not on hold,https://7rkd12.sharepoint.com/teams/prj_groupsite-805018,2cef7975-2051-4899-875d-ae042b87d1ec,,,,Bonnie Test,BonnieTest@7rkd12.onmicrosoft.com,Mihal,Mihal@7rkd12.onmicrosoft.com,AdaTest,AdaTest@7rkd12.onmicrosoft.com,,,,Asia-Pacific,Team site (no Microsoft 365 group),25600,0.005,Existing external users,,Indexed,,,Claimed,2026-08-05 11:48:11,,2026-08-06 14:11:58,2027-02-06 14:11:58,2026-08-06 14:13:48,In compliance,,,ADB - SharePoint Site Renewal,ADB - Do not allow External Sharing (SharePoint Site),,,,,,,,,,No,,,,,,,,,,,,,CSD,,,,CGAdoption,EDRMS Project Site,,,,,,,,,,,,,,,,,,,,,,,,groupsite-805018,
Site,prj_Group Site-805017,,Active,Active,Not on hold,https://7rkd12.sharepoint.com/teams/prj_groupsite-805017,2907ad59-1e85-4207-be6c-ee5690f46dab,,,,Bonnie Test,BonnieTest@7rkd12.onmicrosoft.com,Mihal,Mihal@7rkd12.onmicrosoft.com,AdaTest,AdaTest@7rkd12.onmicrosoft.com,,,,Asia-Pacific,Team site (no Microsoft 365 group),25600,0.005,Existing external users,,Indexed,,,Claimed,2026-08-05 11:48:07,,2026-08-06 15:53:40,2027-02-06 15:53:40,2026-08-06 15:54:43,In compliance,,,ADB - SharePoint Site Renewal,ADB - Do not allow External Sharing (SharePoint Site),,,,,,,,,,No,,,,,,,,,,,,,CSD,,,,CGAdoption,EDRMS Project Site,,,,,,,,,,,,,,,,,,,,,,,,groupsite-805017,
Site,prj_Group Site-805016,,Active,Active,Not on hold,https://7rkd12.sharepoint.com/teams/prj_groupsite-805016,51f9aea2-9503-47a9-9b9b-649186b2ec2d,,,,Bonnie Test,BonnieTest@7rkd12.onmicrosoft.com,Mihal,Mihal@7rkd12.onmicrosoft.com,AdaTest,AdaTest@7rkd12.onmicrosoft.com,,,,Asia-Pacific,Team site (no Microsoft 365 group),25600,0.005,Existing external users,,Indexed,,,Claimed,2026-08-05 11:48:05,,2026-08-07 11:20:55,2027-02-07 11:20:55,2026-08-07 11:22:28,In compliance,,,ADB - SharePoint Site Renewal,ADB - Do not allow External Sharing (SharePoint Site),,,,,,,,,,No,,,,,,,,,,,,,CSD,,,,CGAdoption,EDRMS Project Site,,,,,,,,,,,,,,,,,,,,,,,,groupsite-805016,
Site,prj_Group Site-805015,,Active,Active,Not on hold,https://7rkd12.sharepoint.com/teams/prj_groupsite-805015,5df5377c-d03d-4409-bb44-42f231b9aad0,,,,Bonnie Test,BonnieTest@7rkd12.onmicrosoft.com,Mihal,Mihal@7rkd12.onmicrosoft.com,AdaTest,AdaTest@7rkd12.onmicrosoft.com,,,,Asia-Pacific,Team site (no Microsoft 365 group),25600,0.005,Existing external users,,Indexed,,,Claimed,2026-08-05 11:48:01,,2026-08-06 15:54:45,2027-02-06 15:54:45,2026-08-06 15:56:35,In compliance,,,ADB - SharePoint Site Renewal,ADB - Do not allow External Sharing (SharePoint Site),,,,,,,,,,No,,,,,,,,,,,,,CSD,,,,CGAdoption,EDRMS Project Site,,,,,,,,,,,,,,,,,,,,,,,,groupsite-805015,
Site,prj_Group Site-805014,,Active,Active,Not on hold,https://7rkd12.sharepoint.com/teams/prj_groupsite-805014,c957381c-d169-458f-be64-18affeeb062c,,,,Bonnie Test,BonnieTest@7rkd12.onmicrosoft.com,Mihal,Mihal@7rkd12.onmicrosoft.com,AdaTest,AdaTest@7rkd12.onmicrosoft.com,,,,Asia-Pacific,Team site (no Microsoft 365 group),25600,0.005,Existing external users,,Indexed,,,Claimed,2026-08-05 11:47:56,,2026-08-06 15:59:06,2027-02-06 15:59:06,2026-08-06 16:00:38,In compliance,,,ADB - SharePoint Site Renewal,ADB - Do not allow External Sharing (SharePoint Site),,,,,,,,,,No,,,,,,,,,,,,,CSD,,,,CGAdoption,EDRMS Project Site,,,,,,,,,,,,,,,,,,,,,,,,groupsite-805014,
Site,prj_Group Site-805013,,Active,Active,Not on hold,https://7rkd12.sharepoint.com/teams/prj_groupsite-805013,06d1b6fe-5b51-4d0c-b820-d022ab5a38d7,,,,Bonnie Test,BonnieTest@7rkd12.onmicrosoft.com,Mihal,Mihal@7rkd12.onmicrosoft.com,AdaTest,AdaTest@7rkd12.onmicrosoft.com,,,,Asia-Pacific,Team site (no Microsoft 365 group),25600,0.005,Existing external users,,Indexed,,,Claimed,2026-08-05 11:47:53,,2026-08-06 15:56:56,2027-02-06 15:56:56,2026-08-06 15:58:36,In compliance,,,ADB - SharePoint Site Renewal,ADB - Do not allow External Sharing (SharePoint Site),,,,,,,,,,No,,,,,,,,,,,,,CSD,,,,CGAdoption,EDRMS Project Site,,,,,,,,,,,,,,,,,,,,,,,,groupsite-805013,
Site,prj_Group Site-805012,,Active,Active,Not on hold,https://7rkd12.sharepoint.com/teams/prj_groupsite-805012,104208ad-1d86-4cdb-9915-5f13339dd4cc,,,,Bonnie Test,BonnieTest@7rkd12.onmicrosoft.com,Mihal,Mihal@7rkd12.onmicrosoft.com,AdaTest,AdaTest@7rkd12.onmicrosoft.com,,,,Asia-Pacific,Team site (no Microsoft 365 group),25600,0.005,Existing external users,,Indexed,,,Claimed,2026-08-05 11:47:50,,2026-08-06 19:32:46,2027-02-06 19:32:46,2026-08-06 19:34:26,In compliance,,,ADB - SharePoint Site Renewal,ADB - Do not allow External Sharing (SharePoint Site),,,,,,,,,,No,,,,,,,,,,,,,CSD,,,,CGAdoption,EDRMS Project Site,,,,,,,,,,,,,,,,,,,,,,,,groupsite-805012,
Site,prj_Group Site-805011,,Active,Active,Not on hold,https://7rkd12.sharepoint.com/teams/prj_groupsite-805011,6fe2aa36-4e2e-4993-b4a3-3a44f524fc7b,,,,Bonnie Test,BonnieTest@7rkd12.onmicrosoft.com,Mihal,Mihal@7rkd12.onmicrosoft.com,AdaTest,AdaTest@7rkd12.onmicrosoft.com,,,,Asia-Pacific,Team site (no Microsoft 365 group),25600,0.005,Existing external users,,Indexed,,,Claimed,2026-08-05 11:47:46,,2026-08-06 15:44:04,2027-02-06 15:44:04,2026-08-06 15:46:36,In compliance,,,ADB - SharePoint Site Renewal,ADB - Do not allow External Sharing (SharePoint Site),,,,,,,,,,No,,,,,,,,,,,,,CSD,,,,CGAdoption,EDRMS Project Site,,,,,,,,,,,,,,,,,,,,,,,,groupsite-805011,
Site,prj_Group Site-805010,,Active,Active,Not on hold,https://7rkd12.sharepoint.com/teams/prj_groupsite-805010,b78fa551-a0d0-4a64-95e0-07c9bec131a4,,,,Bonnie Test,BonnieTest@7rkd12.onmicrosoft.com,Mihal,Mihal@7rkd12.onmicrosoft.com,AdaTest,AdaTest@7rkd12.onmicrosoft.com,,,,Asia-Pacific,Team site (no Microsoft 365 group),25600,0.004,Existing external users,,Indexed,,,Claimed,2026-08-05 11:47:43,,2026-08-05 13:10:05,2027-02-05 13:10:05,2026-08-05 13:14:59,In compliance,,,ADB - SharePoint Site Renewal,ADB - Do not allow External Sharing (SharePoint Site),,,,,,,,,,No,,,,,,,,,,,,,CSD,,,,CGAdoption,EDRMS Project Site,,,,,,,,,,,,,,,,,,,,,,,,groupsite-805010,
Site,prj_Group Site-805009,,Active,Active,Not on hold,https://7rkd12.sharepoint.com/teams/prj_groupsite-805009,d6e0bd53-c5bb-42e5-922f-b520283f9a07,,,,Bonnie Test,BonnieTest@7rkd12.onmicrosoft.com,Mihal,Mihal@7rkd12.onmicrosoft.com,AdaTest,AdaTest@7rkd12.onmicrosoft.com,,,,Asia-Pacific,Team site (no Microsoft 365 group),25600,0.005,Existing external users,,Indexed,,,Claimed,2026-08-05 11:47:38,,2026-08-07 11:23:43,2027-02-07 11:23:43,2026-08-07 11:24:28,In compliance,,,ADB - SharePoint Site Renewal,ADB - Do not allow External Sharing (SharePoint Site),,,,,,,,,,No,,,,,,,,,,,,,CSD,,,,CGAdoption,EDRMS Project Site,,,,,,,,,,,,,,,,,,,,,,,,groupsite-805009,
Site,prj_Group Site-805008,,Active,Active,Not on hold,https://7rkd12.sharepoint.com/teams/prj_groupsite-805008,315f84a6-2697-4a91-968a-220595e95667,,,,Bonnie Test,BonnieTest@7rkd12.onmicrosoft.com,Mihal,Mihal@7rkd12.onmicrosoft.com,AdaTest,AdaTest@7rkd12.onmicrosoft.com,,,,Asia-Pacific,Team site (no Microsoft 365 group),25600,0.005,Existing external users,,Indexed,,,Claimed,2026-08-05 11:47:34,,2026-08-05 13:09:29,2027-02-05 13:09:29,2026-08-05 13:10:47,In compliance,,,ADB - SharePoint Site Renewal,ADB - Do not allow External Sharing (SharePoint Site),,,,,,,,,,No,,,,,,,,,,,,,CSD,,,,CGAdoption,EDRMS Project Site,,,,,,,,,,,,,,,,,,,,,,,,groupsite-805008,
Site,prj_Group Site-805007,,Active,Active,Not on hold,https://7rkd12.sharepoint.com/teams/prj_groupsite-805007,cc712568-a34c-43a9-84cc-75f6ca5fced8,,,,Bonnie Test,BonnieTest@7rkd12.onmicrosoft.com,Mihal,Mihal@7rkd12.onmicrosoft.com,AdaTest,AdaTest@7rkd12.onmicrosoft.com,,,,Asia-Pacific,Team site (no Microsoft 365 group),25600,0.005,Existing external users,,Indexed,,,Claimed,2026-08-05 11:47:30,,2026-08-05 13:18:56,2027-02-05 13:18:56,2026-08-05 13:21:02,In compliance,,,ADB - SharePoint Site Renewal,ADB - Do not allow External Sharing (SharePoint Site),,,,,,,,,,No,,,,,,,,,,,,,CSD,,,,CGAdoption,EDRMS Project Site,,,,,,,,,,,,,,,,,,,,,,,,groupsite-805007,
Site,prj_Group Site-805006,,Active,Active,Not on hold,https://7rkd12.sharepoint.com/teams/prj_groupsite-805006,7b05410b-dbc8-4747-9620-870e51e2cb95,,,,Bonnie Test,BonnieTest@7rkd12.onmicrosoft.com,Mihal,Mihal@7rkd12.onmicrosoft.com,AdaTest,AdaTest@7rkd12.onmicrosoft.com,,,,Asia-Pacific,Team site (no Microsoft 365 group),25600,0.005,Existing external users,,Indexed,,,Claimed,2026-08-05 11:47:26,,2026-08-05 13:07:23,2027-02-05 13:07:23,2026-08-05 13:08:26,In compliance,,,ADB - SharePoint Site Renewal,ADB - Do not allow External Sharing (SharePoint Site),,,,,,,,,,No,,,,,,,,,,,,,CSD,,,,CGAdoption,EDRMS Project Site,,,,,,,,,,,,,,,,,,,,,,,,groupsite-805006,
Site,prj_Group Site-805005,,Active,Active,Not on hold,https://7rkd12.sharepoint.com/teams/prj_groupsite-805005,df06d486-871a-4cea-8c6b-04051feda640,,,,Bonnie Test,BonnieTest@7rkd12.onmicrosoft.com,Mihal,Mihal@7rkd12.onmicrosoft.com,AdaTest,AdaTest@7rkd12.onmicrosoft.com,,,,Asia-Pacific,Team site (no Microsoft 365 group),25600,0.004,Existing external users,,Indexed,,,Claimed,2026-08-05 11:47:22,,2026-08-05 13:10:46,2027-02-05 13:10:46,2026-08-05 13:12:38,In compliance,,,ADB - SharePoint Site Renewal,ADB - Do not allow External Sharing (SharePoint Site),,,,,,,,,,No,,,,,,,,,,,,,CSD,,,,CGAdoption,EDRMS Project Site,,,,,,,,,,,,,,,,,,,,,,,,groupsite-805005,
Site,prj_Group Site-805004,,Active,Active,Not on hold,https://7rkd12.sharepoint.com/teams/prj_groupsite-805004,040874aa-6a76-45c6-beed-44a1e0c60a08,,,,Bonnie Test,BonnieTest@7rkd12.onmicrosoft.com,Mihal,Mihal@7rkd12.onmicrosoft.com,AdaTest,AdaTest@7rkd12.onmicrosoft.com,,,,Asia-Pacific,Team site (no Microsoft 365 group),25600,0.005,Existing external users,,Indexed,,,Claimed,2026-08-05 11:47:17,,2026-08-07 00:45:37,2027-02-07 00:45:37,2026-08-07 00:47:47,In compliance,,,ADB - SharePoint Site Renewal,ADB - Do not allow External Sharing (SharePoint Site),,,,,,,,,,No,,,,,,,,,,,,,CSD,,,,CGAdoption,EDRMS Project Site,,,,,,,,,,,,,,,,,,,,,,,,groupsite-805004,
Site,prj_Group Site-805003,,Active,Active,Not on hold,https://7rkd12.sharepoint.com/teams/prj_groupsite-805003,4123b975-8894-46a5-8768-0e7e59edc390,,,,Bonnie Test,BonnieTest@7rkd12.onmicrosoft.com,Mihal,Mihal@7rkd12.onmicrosoft.com,AdaTest,AdaTest@7rkd12.onmicrosoft.com,,,,Asia-Pacific,Team site (no Microsoft 365 group),25600,0.005,Existing external users,,Indexed,,,Claimed,2026-08-05 11:47:14,,2026-08-05 13:09:50,2027-02-05 13:09:50,2026-08-05 13:12:38,In compliance,,,ADB - SharePoint Site Renewal,ADB - Do not allow External Sharing (SharePoint Site),,,,,,,,,,No,,,,,,,,,,,,,CSD,,,,CGAdoption,EDRMS Project Site,,,,,,,,,,,,,,,,,,,,,,,,groupsite-805003,
Site,prj_Group Site-805002,,Active,Active,Not on hold,https://7rkd12.sharepoint.com/teams/prj_groupsite-805002,34242e82-be61-4b09-9fa7-316865d98d7a,,,,Bonnie Test,BonnieTest@7rkd12.onmicrosoft.com,Mihal,Mihal@7rkd12.onmicrosoft.com,AdaTest,AdaTest@7rkd12.onmicrosoft.com,,,,Asia-Pacific,Team site (no Microsoft 365 group),25600,0.005,Existing external users,,Indexed,,,Claimed,2026-08-05 11:47:10,,2026-08-05 13:15:13,2027-02-05 13:15:13,2026-08-05 13:16:30,In compliance,,,ADB - SharePoint Site Renewal,ADB - Do not allow External Sharing (SharePoint Site),,,,,,,,,,No,,,,,,,,,,,,,CSD,,,,CGAdoption,EDRMS Project Site,,,,,,,,,,,,,,,,,,,,,,,,groupsite-805002,
Site,prj_Group Site-805001,,Active,Active,Not on hold,https://7rkd12.sharepoint.com/teams/prj_groupsite-805001,3dc1a3c5-b143-4680-9448-6381c1830f4b,,,,Bonnie Test,BonnieTest@7rkd12.onmicrosoft.com,Mihal,Mihal@7rkd12.onmicrosoft.com,AdaTest,AdaTest@7rkd12.onmicrosoft.com,,,,Asia-Pacific,Team site (no Microsoft 365 group),25600,0.005,Existing external users,,Indexed,,,Claimed,2026-08-05 11:47:06,,2026-08-05 13:08:27,2027-02-05 13:08:27,2026-08-05 13:10:17,In compliance,,,ADB - SharePoint Site Renewal,ADB - Do not allow External Sharing (SharePoint Site),,,,,,,,,,No,,,,,,,,,,,,,CSD,,,,CGAdoption,EDRMS Project Site,,,,,,,,,,,,,,,,,,,,,,,,groupsite-805001,
Site,Admin site,,Active,Active,Not on hold,https://25qjyh.sharepoint.com/sites/adminsite,c27ac121-eb06-45e7-bbd9-240271093bf9,,,,Doris Han,Doris@25qjyh.onmicrosoft.com,Ada Lu;Mihal,Ada@25qjyh.onmicrosoft.com;Mihal@25qjyh.onmicrosoft.com,ADB Admin,adbadmin@25qjyh.onmicrosoft.com,,,,North America,Team site (no Microsoft 365 group),25600,0.001,Not Allowed,,Not registered,,,Claimed,2026-08-03 15:40:05,,2026-08-03 16:19:34,2027-02-03 16:19:34,2026-08-03 16:26:45,In compliance,,,ADB - SharePoint Site Renewal,ADB - Do not allow External Sharing (SharePoint Site) - 25qjyh,ADB - SharePoint Site storage profile,,,,,,,,,No,No,,,BIOC,,,,,,,,,,,,,CGAdoption,,,,,,,,,,,,,,,,,,,,,,,,,adminsite,
Site,EDRMS Template,,Active,Active,Not on hold,https://25qjyh.sharepoint.com/sites/edrmstemplate,262838fd-f7fd-4759-937b-94ab0426ce61,,,,ADB Admin,adbadmin@25qjyh.onmicrosoft.com,Doris Han;Ada Lu;Mihal,Doris@25qjyh.onmicrosoft.com;Ada@25qjyh.onmicrosoft.com;Mihal@25qjyh.onmicrosoft.com,Ada Lu,Ada@25qjyh.onmicrosoft.com,Doris Han,Doris@25qjyh.onmicrosoft.com,,North America,Team site (no Microsoft 365 group),25600,0.001,Not Allowed,,Not registered,,,Claimed,2026-07-31 17:45:13,,2026-07-31 17:45:46,,2026-07-31 17:47:36,In compliance,,,,,,,,,,,,,,No,,,,,,,,,,,,,,,,,CGAdoption,,,,,,,,,,,,,,,,,,,,,,,,,,
Site,Template DRM Default,,Active,Active,Not on hold,https://25qjyh.sharepoint.com/teams/template_drmdefault,86a23acc-29ba-4412-97c5-0d117fc25ed0,,,,ADB Admin,adbadmin@25qjyh.onmicrosoft.com,Doris Han;Ada Lu;Mihal,Doris@25qjyh.onmicrosoft.com;Ada@25qjyh.onmicrosoft.com;Mihal@25qjyh.onmicrosoft.com,Ada Lu,Ada@25qjyh.onmicrosoft.com,Doris Han,Doris@25qjyh.onmicrosoft.com,,North America,Team site (no Microsoft 365 group),25600,0.001,Not Allowed,,Not registered,,,Claimed,2026-07-31 17:44:51,,2026-07-31 17:45:22,,2026-07-31 17:47:15,In compliance,,,,,,,,,,,,,,No,,,,,,,,,,,,,,,,,CGAdoption,,,,,,,,,,,,,,,,,,,,,,,,,,
Site,Template DRM People,,Active,Active,Not on hold,https://25qjyh.sharepoint.com/teams/template_drmpeople,38b996a7-2577-4722-8899-f738c3321f98,,,,ADB Admin,adbadmin@25qjyh.onmicrosoft.com,Ada Lu;ADB Admin;Doris Han;Mihal,Ada@25qjyh.onmicrosoft.com;adbadmin@25qjyh.onmicrosoft.com;Doris@25qjyh.onmicrosoft.com;Mihal@25qjyh.onmicrosoft.com,Ada Lu,Ada@25qjyh.onmicrosoft.com,Doris Han,Doris@25qjyh.onmicrosoft.com,,North America,Team site (no Microsoft 365 group),25600,0.002,Not Allowed,,Not registered,,,Claimed,2026-07-31 17:44:25,,2026-08-04 11:09:31,,2026-08-10 12:13:43,In compliance,,,,,,,,,,,,,,No,,,,,,,,,,,,,,,,,CGAdoption,,,,,,,,,,,,,,,,,,,,,,,,,,
Site,Template DRM Admin,,Active,Active,Not on hold,https://25qjyh.sharepoint.com/teams/template_drmadmin,e967e277-f9ca-414f-9c5d-c62a096ff9af,,,,ADB Admin,adbadmin@25qjyh.onmicrosoft.com,Doris Han;Ada Lu;Mihal,Doris@25qjyh.onmicrosoft.com;Ada@25qjyh.onmicrosoft.com;Mihal@25qjyh.onmicrosoft.com,Ada Lu,Ada@25qjyh.onmicrosoft.com,Doris Han,Doris@25qjyh.onmicrosoft.com,,North America,Team site (no Microsoft 365 group),25600,0.001,Not Allowed,,Not registered,,,Claimed,2026-07-31 17:43:52,,2026-07-31 17:44:35,,2026-07-31 17:46:17,In compliance,,,,,,,,,,,,,,No,,,,,,,,,,,,,,,,,CGAdoption,,,,,,,,,,,,,,,,,,,,,,,,,,
Site,EDRMS Master Data,,Active,Active,Not on hold,https://25qjyh.sharepoint.com/sites/app_edrms_data,9a7a683d-2f27-4b7b-a098-db574c5e8c94,,,,ADB Admin,adbadmin@25qjyh.onmicrosoft.com,Doris Han;Ada Lu;Mihal,Doris@25qjyh.onmicrosoft.com;Ada@25qjyh.onmicrosoft.com;Mihal@25qjyh.onmicrosoft.com,Ada Lu,Ada@25qjyh.onmicrosoft.com,Doris Han,Doris@25qjyh.onmicrosoft.com,,North America,Team site (no Microsoft 365 group),25600,0.001,Not Allowed,,Not registered,,,Claimed,2026-07-31 17:40:07,,2026-07-31 17:40:36,,2026-07-31 17:42:34,In compliance,,,,,,,,,,,,,,No,,,,,,,,,,,,,,,,,EDRMSAdminSites,,,,,,,,,,,,,,,,,,,,,,,,,,
Site,prj_Team Site-731099,,Active,Active,Not on hold,https://7rkd12.sharepoint.com/teams/prj_teamsite-731099,d4d98124-ed39-446b-8809-2aec0433f3b4,,,,Bonnie Test,BonnieTest@7rkd12.onmicrosoft.com,Mihal,Mihal@7rkd12.onmicrosoft.com,AdaTest,AdaTest@7rkd12.onmicrosoft.com,,,,Asia-Pacific,Team site (no Microsoft 365 group),25600,0.005,Existing external users,,Indexed,,,Claimed,2026-07-31 11:14:03,,2026-08-11 09:00:00,2027-01-31 15:50:07,2026-07-31 15:53:44,In compliance,,,ADB - SharePoint Site Renewal,ADB - Do not allow External Sharing (SharePoint Site),,,,,,,,,,No,,,,,,,,,,,,,CSD,,,,CGAdoption,EDRMS Project Site,,,,,,,,,,,,,,,,,,,,,,,,teamsite-731099,
Site,prj_Team Site-731100,,Active,Active,Not on hold,https://7rkd12.sharepoint.com/teams/prj_teamsite-731100,8431e9be-bb6b-46de-8a7d-dbb99f7cc507,,,,Bonnie Test,BonnieTest@7rkd12.onmicrosoft.com,Mihal,Mihal@7rkd12.onmicrosoft.com,AdaTest,AdaTest@7rkd12.onmicrosoft.com,,,,Asia-Pacific,Team site (no Microsoft 365 group),25600,0.005,Existing external users,,Indexed,,,Claimed,2026-07-31 11:14:02,,2026-07-31 19:31:45,2027-01-31 19:31:45,2026-07-31 19:34:12,In compliance,,,ADB - SharePoint Site Renewal,ADB - Do not allow External Sharing (SharePoint Site),,,,,,,,,,No,,,,,,,,,,,,,CSD,,,,CGAdoption,EDRMS Project Site,,,,,,,,,,,,,,,,,,,,,,,,teamsite-731100,
Site,prj_Team Site-731098,,Active,Active,Not on hold,https://7rkd12.sharepoint.com/teams/prj_teamsite-731098,ca48929b-af75-42b6-b334-eba42e18baba,,,,Bonnie Test,BonnieTest@7rkd12.onmicrosoft.com,Mihal,Mihal@7rkd12.onmicrosoft.com,AdaTest,AdaTest@7rkd12.onmicrosoft.com,,,,Asia-Pacific,Team site (no Microsoft 365 group),40,0.005,Existing external users,,Indexed,,,Claimed,2026-07-31 11:13:53,,2026-08-03 16:24:13,2027-02-03 16:24:13,2026-08-03 16:25:45,In compliance,,,ADB - SharePoint Site Renewal,ADB - Do not allow External Sharing (SharePoint Site),,,,,,,,,,No,,,,,,,,,,,,,CSD,,,,CGAdoption,EDRMS Project Site,,,,,,,,,,,,,,,,,,,,,,,,teamsite-731098,
Site,prj_Team Site-731097,,Active,Active,Not on hold,https://7rkd12.sharepoint.com/teams/prj_teamsite-731097,4471a9fe-2953-4b54-aaa0-e56a866f7479,,,,Bonnie Test,BonnieTest@7rkd12.onmicrosoft.com,Mihal,Mihal@7rkd12.onmicrosoft.com,AdaTest,AdaTest@7rkd12.onmicrosoft.com,,,,Asia-Pacific,Team site (no Microsoft 365 group),25600,0.005,Existing external users,,Indexed,,,Claimed,2026-07-31 11:13:49,,2026-07-31 13:13:18,2027-01-31 13:13:18,2026-07-31 13:14:36,In compliance,,,ADB - SharePoint Site Renewal,ADB - Do not allow External Sharing (SharePoint Site),,,,,,,,,,No,,,,,,,,,,,,,CSD,,,,CGAdoption,EDRMS Project Site,,,,,,,,,,,,,,,,,,,,,,,,teamsite-731097,
Site,prj_Team Site-731096,,Active,Active,Not on hold,https://7rkd12.sharepoint.com/teams/prj_teamsite-731096,40f4d00b-bc95-44cd-b748-06ffa2a1e7ee,,,,Bonnie Test,BonnieTest@7rkd12.onmicrosoft.com,Mihal,Mihal@7rkd12.onmicrosoft.com,AdaTest,AdaTest@7rkd12.onmicrosoft.com,,,,Asia-Pacific,Team site (no Microsoft 365 group),25600,0.004,Existing external users,,Indexed,,,Claimed,2026-07-31 11:13:36,,2026-08-03 09:00:00,2027-01-31 21:41:07,2026-07-31 21:42:32,In compliance,,,ADB - SharePoint Site Renewal,ADB - Do not allow External Sharing (SharePoint Site),,,,,,,,,,No,,,,,,,,,,,,,CSD,,,,CGAdoption,EDRMS Project Site,,,,,,,,,,,,,,,,,,,,,,,,teamsite-731096,
Site,prj_Team Site-731095,,Active,Active,Not on hold,https://7rkd12.sharepoint.com/teams/prj_teamsite-731095,c56bb44f-5f75-45c5-90ee-b92f705e893b,,,,Bonnie Test,BonnieTest@7rkd12.onmicrosoft.com,Mihal,Mihal@7rkd12.onmicrosoft.com,AdaTest,AdaTest@7rkd12.onmicrosoft.com,,,,Asia-Pacific,Team site (no Microsoft 365 group),25600,0.005,Existing external users,,Indexed,,,Claimed,2026-07-31 11:13:34,,2026-08-03 09:00:00,2027-01-31 22:17:12,2026-07-31 22:20:31,In compliance,,,ADB - SharePoint Site Renewal,ADB - Do not allow External Sharing (SharePoint Site),,,,,,,,,,No,,,,,,,,,,,,,CSD,,,,CGAdoption,EDRMS Project Site,,,,,,,,,,,,,,,,,,,,,,,,teamsite-731095,
Site,prj_Team Site-731094,,Active,Active,Not on hold,https://7rkd12.sharepoint.com/teams/prj_teamsite-731094,5e228bc0-00b8-44c6-a62d-f084a82766f4,,,,Bonnie Test,BonnieTest@7rkd12.onmicrosoft.com,Mihal,Mihal@7rkd12.onmicrosoft.com,AdaTest,AdaTest@7rkd12.onmicrosoft.com,,,,Asia-Pacific,Team site (no Microsoft 365 group),25600,0.005,Existing external users,,Indexed,,,Claimed,2026-07-31 11:13:27,,2026-08-03 09:00:00,2027-01-31 17:53:39,2026-07-31 17:54:56,In compliance,,,ADB - SharePoint Site Renewal,ADB - Do not allow External Sharing (SharePoint Site),,,,,,,,,,No,,,,,,,,,,,,,CSD,,,,CGAdoption,EDRMS Project Site,,,,,,,,,,,,,,,,,,,,,,,,teamsite-731094,
Site,prj_Team Site-731093,,Active,Active,Not on hold,https://7rkd12.sharepoint.com/teams/prj_teamsite-731093,984f09c7-3eed-43ea-b750-62ec0fce855a,,,,Bonnie Test,BonnieTest@7rkd12.onmicrosoft.com,Mihal,Mihal@7rkd12.onmicrosoft.com,AdaTest,AdaTest@7rkd12.onmicrosoft.com,,,,Asia-Pacific,Team site (no Microsoft 365 group),40,0.005,Existing external users,,Indexed,,,Claimed,2026-07-31 11:13:24,,2026-08-11 09:00:00,2027-02-03 11:10:44,2026-08-03 11:13:53,In compliance,,,ADB - SharePoint Site Renewal,ADB - Do not allow External Sharing (SharePoint Site),,,,,,,,,,No,,,,,,,,,,,,,CSD,,,,CGAdoption,EDRMS Project Site,,,,,,,,,,,,,,,,,,,,,,,,teamsite-731093,
Site,prj_Team Site-731092,,Active,Active,Not on hold,https://7rkd12.sharepoint.com/teams/prj_teamsite-731092,8e50db4f-6db4-4168-91da-390fa97bb557,,,,Bonnie Test,BonnieTest@7rkd12.onmicrosoft.com,Mihal,Mihal@7rkd12.onmicrosoft.com,AdaTest,AdaTest@7rkd12.onmicrosoft.com,,,,Asia-Pacific,Team site (no Microsoft 365 group),40,0.005,Existing external users,,Indexed,,,Claimed,2026-07-31 11:13:23,,2026-08-03 16:23:32,2027-02-03 16:23:32,2026-08-03 16:24:32,In compliance,,,ADB - SharePoint Site Renewal,ADB - Do not allow External Sharing (SharePoint Site),,,,,,,,,,No,,,,,,,,,,,,,CSD,,,,CGAdoption,EDRMS Project Site,,,,,,,,,,,,,,,,,,,,,,,,teamsite-731092,
Site,prj_Team Site-731091,,Active,Active,Not on hold,https://7rkd12.sharepoint.com/teams/prj_teamsite-731091,a957dca1-1d29-4931-adf4-8889fc721e33,,,,Bonnie Test,BonnieTest@7rkd12.onmicrosoft.com,Mihal,Mihal@7rkd12.onmicrosoft.com,AdaTest,AdaTest@7rkd12.onmicrosoft.com,,,,Asia-Pacific,Team site (no Microsoft 365 group),25600,0.005,Existing external users,,Indexed,,,Claimed,2026-07-31 11:12:51,,2026-07-31 15:42:50,2027-01-31 15:42:50,2026-07-31 15:47:50,In compliance,,,ADB - SharePoint Site Renewal,ADB - Do not allow External Sharing (SharePoint Site),,,,,,,,,,No,,,,,,,,,,,,,CSD,,,,CGAdoption,EDRMS Project Site,,,,,,,,,,,,,,,,,,,,,,,,teamsite-731091,
Site,prj_Team Site-731090,,Active,Active,Not on hold,https://7rkd12.sharepoint.com/teams/prj_teamsite-731090,42fb59af-66b3-4cc8-98a9-036361ec28a3,,,,Bonnie Test,BonnieTest@7rkd12.onmicrosoft.com,Mihal,Mihal@7rkd12.onmicrosoft.com,AdaTest,AdaTest@7rkd12.onmicrosoft.com,,,,Asia-Pacific,Team site (no Microsoft 365 group),25600,0.005,Existing external users,,Indexed,,,Claimed,2026-07-31 11:12:51,,2026-07-31 16:41:31,2027-01-31 16:41:31,2026-07-31 16:44:01,In compliance,,,ADB - SharePoint Site Renewal,ADB - Do not allow External Sharing (SharePoint Site),,,,,,,,,,No,,,,,,,,,,,,,CSD,,,,CGAdoption,EDRMS Project Site,,,,,,,,,,,,,,,,,,,,,,,,teamsite-731090,
Site,prj_Team Site-731089,,Active,Active,Not on hold,https://7rkd12.sharepoint.com/teams/prj_teamsite-731089,b2c668c7-bc14-45fe-af24-ff3dd0b77929,,,,Bonnie Test,BonnieTest@7rkd12.onmicrosoft.com,Mihal,Mihal@7rkd12.onmicrosoft.com,AdaTest,AdaTest@7rkd12.onmicrosoft.com,,,,Asia-Pacific,Team site (no Microsoft 365 group),25600,0.005,Existing external users,,Indexed,,,Claimed,2026-07-31 11:12:48,,2026-07-31 16:49:02,2027-01-31 16:49:02,2026-07-31 16:51:45,In compliance,,,ADB - SharePoint Site Renewal,ADB - Do not allow External Sharing (SharePoint Site),,,,,,,,,,No,,,,,,,,,,,,,CSD,,,,CGAdoption,EDRMS Project Site,,,,,,,,,,,,,,,,,,,,,,,,teamsite-731089,
Site,prj_Team Site-731088,,Active,Active,Not on hold,https://7rkd12.sharepoint.com/teams/prj_teamsite-731088,acf57306-9d3f-41dd-ab5d-a48a2402943a,,,,Bonnie Test,BonnieTest@7rkd12.onmicrosoft.com,Mihal,Mihal@7rkd12.onmicrosoft.com,AdaTest,AdaTest@7rkd12.onmicrosoft.com,,,,Asia-Pacific,Team site (no Microsoft 365 group),25600,0.005,Existing external users,,Indexed,,,Claimed,2026-07-31 11:12:43,,2026-07-31 16:52:50,2027-01-31 16:52:50,2026-07-31 16:55:34,In compliance,,,ADB - SharePoint Site Renewal,ADB - Do not allow External Sharing (SharePoint Site),,,,,,,,,,No,,,,,,,,,,,,,CSD,,,,CGAdoption,EDRMS Project Site,,,,,,,,,,,,,,,,,,,,,,,,teamsite-731088,
Site,prj_Team Site-731087,,Active,Active,Not on hold,https://7rkd12.sharepoint.com/teams/prj_teamsite-731087,e8a14531-01cb-4ffb-af05-556a8f0bddb1,,,,Bonnie Test,BonnieTest@7rkd12.onmicrosoft.com,Mihal,Mihal@7rkd12.onmicrosoft.com,AdaTest,AdaTest@7rkd12.onmicrosoft.com,,,,Asia-Pacific,Team site (no Microsoft 365 group),25600,0.005,Existing external users,,Indexed,,,Claimed,2026-07-31 11:12:37,,2026-07-31 14:33:01,2027-01-31 14:33:01,2026-07-31 14:34:40,In compliance,,,ADB - SharePoint Site Renewal,ADB - Do not allow External Sharing (SharePoint Site),,,,,,,,,,No,,,,,,,,,,,,,CSD,,,,CGAdoption,EDRMS Project Site,,,,,,,,,,,,,,,,,,,,,,,,teamsite-731087,
Site,prj_Team Site-731086,,Active,Active,Not on hold,https://7rkd12.sharepoint.com/teams/prj_teamsite-731086,640d6cc1-792c-49d7-8507-53f2798c6ce2,,,,Bonnie Test,BonnieTest@7rkd12.onmicrosoft.com,Mihal,Mihal@7rkd12.onmicrosoft.com,AdaTest,AdaTest@7rkd12.onmicrosoft.com,,,,Asia-Pacific,Team site (no Microsoft 365 group),40,0.005,Existing external users,,Indexed,,,Claimed,2026-07-31 11:12:35,,2026-08-03 12:14:00,2027-02-03 12:14:00,2026-08-03 12:17:54,In compliance,,,ADB - SharePoint Site Renewal,ADB - Do not allow External Sharing (SharePoint Site),,,,,,,,,,No,,,,,,,,,,,,,CSD,,,,CGAdoption,EDRMS Project Site,,,,,,,,,,,,,,,,,,,,,,,,teamsite-731086,
Site,prj_Team Site-731085,,Active,Active,Not on hold,https://7rkd12.sharepoint.com/teams/prj_teamsite-731085,cabecb7d-28d5-48f8-a91f-d08ef6c6534c,,,,Bonnie Test,BonnieTest@7rkd12.onmicrosoft.com,Mihal,Mihal@7rkd12.onmicrosoft.com,AdaTest,AdaTest@7rkd12.onmicrosoft.com,,,,Asia-Pacific,Team site (no Microsoft 365 group),25600,0.005,Existing external users,,Indexed,,,Claimed,2026-07-31 11:12:22,,2026-07-31 22:59:07,2027-01-31 22:59:07,2026-07-31 23:01:56,In compliance,,,ADB - SharePoint Site Renewal,ADB - Do not allow External Sharing (SharePoint Site),,,,,,,,,,No,,,,,,,,,,,,,CSD,,,,CGAdoption,EDRMS Project Site,,,,,,,,,,,,,,,,,,,,,,,,teamsite-731085,
Site,prj_Team Site-731084,,Active,Active,Not on hold,https://7rkd12.sharepoint.com/teams/prj_teamsite-731084,64e4fe77-db97-4082-a2b3-1b19b8871303,,,,Bonnie Test,BonnieTest@7rkd12.onmicrosoft.com,Mihal,Mihal@7rkd12.onmicrosoft.com,AdaTest,AdaTest@7rkd12.onmicrosoft.com,,,,Asia-Pacific,Team site (no Microsoft 365 group),40,0.005,Existing external users,,Indexed,,,Claimed,2026-07-31 11:12:20,,2026-08-03 14:24:26,2027-02-03 14:24:26,2026-08-03 14:28:23,In compliance,,,ADB - SharePoint Site Renewal,ADB - Do not allow External Sharing (SharePoint Site),,,,,,,,,,No,,,,,,,,,,,,,CSD,,,,CGAdoption,EDRMS Project Site,,,,,,,,,,,,,,,,,,,,,,,,teamsite-731084,
Site,prj_Team Site-731083,,Active,Active,Not on hold,https://7rkd12.sharepoint.com/teams/prj_teamsite-731083,4581ce52-8966-463c-b2fa-2605da554533,,,,Bonnie Test,BonnieTest@7rkd12.onmicrosoft.com,Mihal,Mihal@7rkd12.onmicrosoft.com,AdaTest,AdaTest@7rkd12.onmicrosoft.com,,,,Asia-Pacific,Team site (no Microsoft 365 group),25600,0.005,Existing external users,,Indexed,,,Claimed,2026-07-31 11:12:12,,2026-08-01 00:50:21,2027-02-01 00:50:21,2026-08-01 00:51:49,In compliance,,,ADB - SharePoint Site Renewal,ADB - Do not allow External Sharing (SharePoint Site),,,,,,,,,,No,,,,,,,,,,,,,CSD,,,,CGAdoption,EDRMS Project Site,,,,,,,,,,,,,,,,,,,,,,,,teamsite-731083,
Site,prj_Team Site-731082,,Active,Active,Not on hold,https://7rkd12.sharepoint.com/teams/prj_teamsite-731082,04c7e436-3b21-478a-8369-05820dfb0dc8,,,,Bonnie Test,BonnieTest@7rkd12.onmicrosoft.com,Mihal,Mihal@7rkd12.onmicrosoft.com,AdaTest,AdaTest@7rkd12.onmicrosoft.com,,,,Asia-Pacific,Team site (no Microsoft 365 group),25600,0.005,Existing external users,,Indexed,,,Claimed,2026-07-31 11:11:57,,2026-08-01 00:52:30,2027-02-01 00:52:30,2026-08-01 00:54:07,In compliance,,,ADB - SharePoint Site Renewal,ADB - Do not allow External Sharing (SharePoint Site),,,,,,,,,,No,,,,,,,,,,,,,CSD,,,,CGAdoption,EDRMS Project Site,,,,,,,,,,,,,,,,,,,,,,,,teamsite-731082,
Site,prj_Team Site-731081,,Active,Active,Not on hold,https://7rkd12.sharepoint.com/teams/prj_teamsite-731081,d59228e0-0405-413f-a6be-37a6826c03c3,,,,Bonnie Test,BonnieTest@7rkd12.onmicrosoft.com,Mihal,Mihal@7rkd12.onmicrosoft.com,AdaTest,AdaTest@7rkd12.onmicrosoft.com,,,,Asia-Pacific,Team site (no Microsoft 365 group),40,0.005,Existing external users,,Indexed,,,Claimed,2026-07-31 11:11:38,,2026-08-03 15:37:28,2027-02-03 15:37:28,2026-08-03 15:38:24,In compliance,,,ADB - SharePoint Site Renewal,ADB - Do not allow External Sharing (SharePoint Site),,,,,,,,,,No,,,,,,,,,,,,,CSD,,,,CGAdoption,EDRMS Project Site,,,,,,,,,,,,,,,,,,,,,,,,teamsite-731081,
Site,prj_Team Site-731080,,Active,Active,Not on hold,https://7rkd12.sharepoint.com/teams/prj_teamsite-731080,159f851c-184d-49b8-8961-61d0d50dc9c8,,,,Bonnie Test,BonnieTest@7rkd12.onmicrosoft.com,Mihal,Mihal@7rkd12.onmicrosoft.com,AdaTest,AdaTest@7rkd12.onmicrosoft.com,,,,Asia-Pacific,Team site (no Microsoft 365 group),40,0.005,Existing external users,,Indexed,,,Claimed,2026-07-31 11:11:36,,2026-08-03 13:40:08,2027-02-03 13:40:08,2026-08-03 13:42:14,In compliance,,,ADB - SharePoint Site Renewal,ADB - Do not allow External Sharing (SharePoint Site),,,,,,,,,,No,,,,,,,,,,,,,CSD,,,,CGAdoption,EDRMS Project Site,,,,,,,,,,,,,,,,,,,,,,,,teamsite-731080,
Site,prj_Team Site-731079,,Active,Active,Not on hold,https://7rkd12.sharepoint.com/teams/prj_teamsite-731079,7e8a5858-fc98-443a-9893-dc4aa7f38861,,,,Bonnie Test,BonnieTest@7rkd12.onmicrosoft.com,Mihal,Mihal@7rkd12.onmicrosoft.com,AdaTest,AdaTest@7rkd12.onmicrosoft.com,,,,Asia-Pacific,Team site (no Microsoft 365 group),25600,0.005,Existing external users,,Indexed,,,Claimed,2026-07-31 11:11:33,,2026-07-31 17:17:23,2027-01-31 17:17:23,2026-07-31 17:21:09,In compliance,,,ADB - SharePoint Site Renewal,ADB - Do not allow External Sharing (SharePoint Site),,,,,,,,,,No,,,,,,,,,,,,,CSD,,,,CGAdoption,EDRMS Project Site,,,,,,,,,,,,,,,,,,,,,,,,teamsite-731079,
Site,prj_Team Site-731078,,Active,Active,Not on hold,https://7rkd12.sharepoint.com/teams/prj_teamsite-731078,22cbadc1-bd1f-4d78-ad21-826fcf0a3c4b,,,,Bonnie Test,BonnieTest@7rkd12.onmicrosoft.com,Mihal,Mihal@7rkd12.onmicrosoft.com,AdaTest,AdaTest@7rkd12.onmicrosoft.com,,,,Asia-Pacific,Team site (no Microsoft 365 group),25600,0.004,Existing external users,,Indexed,,,Claimed,2026-07-31 11:11:28,,2026-07-31 21:38:26,2027-01-31 21:38:26,2026-07-31 21:40:40,In compliance,,,ADB - SharePoint Site Renewal,ADB - Do not allow External Sharing (SharePoint Site),,,,,,,,,,No,,,,,,,,,,,,,CSD,,,,CGAdoption,EDRMS Project Site,,,,,,,,,,,,,,,,,,,,,,,,teamsite-731078,
Site,prj_Team Site-731076,,Active,Active,Not on hold,https://7rkd12.sharepoint.com/teams/prj_teamsite-731076,a37e2e2d-50ee-4adf-be89-cf795396a8bf,,,,Bonnie Test,BonnieTest@7rkd12.onmicrosoft.com,Mihal,Mihal@7rkd12.onmicrosoft.com,AdaTest,AdaTest@7rkd12.onmicrosoft.com,,,,Asia-Pacific,Team site (no Microsoft 365 group),25600,0.005,Existing external users,,Indexed,,,Claimed,2026-07-31 11:11:10,,2026-08-01 01:43:46,2027-02-01 01:43:46,2026-08-01 01:46:53,In compliance,,,ADB - SharePoint Site Renewal,ADB - Do not allow External Sharing (SharePoint Site),,,,,,,,,,No,,,,,,,,,,,,,CSD,,,,CGAdoption,EDRMS Project Site,,,,,,,,,,,,,,,,,,,,,,,,teamsite-731076,
Site,prj_Team Site-731077,,Active,Active,Not on hold,https://7rkd12.sharepoint.com/teams/prj_teamsite-731077,0310cf8f-76c4-4f00-a075-ae7b8f411b87,,,,Bonnie Test,BonnieTest@7rkd12.onmicrosoft.com,Mihal,Mihal@7rkd12.onmicrosoft.com,AdaTest,AdaTest@7rkd12.onmicrosoft.com,,,,Asia-Pacific,Team site (no Microsoft 365 group),25600,0.005,Existing external users,,Indexed,,,Claimed,2026-07-31 11:11:10,,2026-08-01 02:02:25,2027-02-01 02:02:25,2026-08-01 02:04:40,In compliance,,,ADB - SharePoint Site Renewal,ADB - Do not allow External Sharing (SharePoint Site),,,,,,,,,,No,,,,,,,,,,,,,CSD,,,,CGAdoption,EDRMS Project Site,,,,,,,,,,,,,,,,,,,,,,,,teamsite-731077,
Site,prj_Team Site-731075,,Active,Active,Not on hold,https://7rkd12.sharepoint.com/teams/prj_teamsite-731075,23dd5311-e59f-435a-a070-8550ebcbd51b,,,,Bonnie Test,BonnieTest@7rkd12.onmicrosoft.com,Mihal,Mihal@7rkd12.onmicrosoft.com,AdaTest,AdaTest@7rkd12.onmicrosoft.com,,,,Asia-Pacific,Team site (no Microsoft 365 group),25600,0.005,Existing external users,,Indexed,,,Claimed,2026-07-31 11:11:04,,2026-08-01 01:30:36,2027-02-01 01:30:36,2026-08-01 01:32:36,In compliance,,,ADB - SharePoint Site Renewal,ADB - Do not allow External Sharing (SharePoint Site),,,,,,,,,,No,,,,,,,,,,,,,CSD,,,,CGAdoption,EDRMS Project Site,,,,,,,,,,,,,,,,,,,,,,,,teamsite-731075,
Site,prj_Team Site-731074,,Active,Active,Not on hold,https://7rkd12.sharepoint.com/teams/prj_teamsite-731074,a53fdb60-4751-4361-bc61-ecdfa98c6341,,,,Bonnie Test,BonnieTest@7rkd12.onmicrosoft.com,Mihal,Mihal@7rkd12.onmicrosoft.com,AdaTest,AdaTest@7rkd12.onmicrosoft.com,,,,Asia-Pacific,Team site (no Microsoft 365 group),25600,0.005,Existing external users,,Indexed,,,Claimed,2026-07-31 11:11:00,,2026-07-31 14:32:02,2027-01-31 14:32:02,2026-07-31 14:33:20,In compliance,,,ADB - SharePoint Site Renewal,ADB - Do not allow External Sharing (SharePoint Site),,,,,,,,,,No,,,,,,,,,,,,,CSD,,,,CGAdoption,EDRMS Project Site,,,,,,,,,,,,,,,,,,,,,,,,teamsite-731074,
Site,prj_Team Site-731073,,Active,Active,Not on hold,https://7rkd12.sharepoint.com/teams/prj_teamsite-731073,a32873b7-69d3-4dde-85cd-0a1e03bd6136,,,,Bonnie Test,BonnieTest@7rkd12.onmicrosoft.com,Mihal,Mihal@7rkd12.onmicrosoft.com,AdaTest,AdaTest@7rkd12.onmicrosoft.com,,,,Asia-Pacific,Team site (no Microsoft 365 group),25600,0.005,Existing external users,,Indexed,,,Claimed,2026-07-31 11:10:57,,2026-07-31 14:46:11,2027-01-31 14:46:11,2026-07-31 14:47:28,In compliance,,,ADB - SharePoint Site Renewal,ADB - Do not allow External Sharing (SharePoint Site),,,,,,,,,,No,,,,,,,,,,,,,CSD,,,,CGAdoption,EDRMS Project Site,,,,,,,,,,,,,,,,,,,,,,,,teamsite-731073,
Site,prj_Team Site-731072,,Active,Active,Not on hold,https://7rkd12.sharepoint.com/teams/prj_teamsite-731072,df463f20-cd9e-4515-a72d-1ccda5c03249,,,,Bonnie Test,BonnieTest@7rkd12.onmicrosoft.com,Mihal,Mihal@7rkd12.onmicrosoft.com,AdaTest,AdaTest@7rkd12.onmicrosoft.com,,,,Asia-Pacific,Team site (no Microsoft 365 group),40,0.005,Existing external users,,Indexed,,,Claimed,2026-07-31 11:10:54,,2026-08-03 11:12:10,2027-02-03 11:12:10,2026-08-03 11:13:16,In compliance,,,ADB - SharePoint Site Renewal,ADB - Do not allow External Sharing (SharePoint Site),,,,,,,,,,No,,,,,,,,,,,,,CSD,,,,CGAdoption,EDRMS Project Site,,,,,,,,,,,,,,,,,,,,,,,,teamsite-731072,
Site,prj_Team Site-731071,,Active,Active,Not on hold,https://7rkd12.sharepoint.com/teams/prj_teamsite-731071,743426d0-ead2-4f70-b703-5e5a5f487a37,,,,Bonnie Test,BonnieTest@7rkd12.onmicrosoft.com,Mihal,Mihal@7rkd12.onmicrosoft.com,AdaTest,AdaTest@7rkd12.onmicrosoft.com,,,,Asia-Pacific,Team site (no Microsoft 365 group),40,0.005,Existing external users,,Indexed,,,Claimed,2026-07-31 11:10:52,,2026-08-03 11:11:06,2027-02-03 11:11:06,2026-08-03 11:15:29,In compliance,,,ADB - SharePoint Site Renewal,ADB - Do not allow External Sharing (SharePoint Site),,,,,,,,,,No,,,,,,,,,,,,,CSD,,,,CGAdoption,EDRMS Project Site,,,,,,,,,,,,,,,,,,,,,,,,teamsite-731071,
Site,prj_Team Site-731070,,Active,Active,Not on hold,https://7rkd12.sharepoint.com/teams/prj_teamsite-731070,3086a404-8d7a-4e7d-b145-13da98a33ef2,,,,Bonnie Test,BonnieTest@7rkd12.onmicrosoft.com,Mihal,Mihal@7rkd12.onmicrosoft.com,AdaTest,AdaTest@7rkd12.onmicrosoft.com,,,,Asia-Pacific,Team site (no Microsoft 365 group),25600,0.005,Existing external users,,Indexed,,,Claimed,2026-07-31 11:10:29,,2026-07-31 16:19:25,2027-01-31 16:19:25,2026-07-31 16:21:39,In compliance,,,ADB - SharePoint Site Renewal,ADB - Do not allow External Sharing (SharePoint Site),,,,,,,,,,No,,,,,,,,,,,,,CSD,,,,CGAdoption,EDRMS Project Site,,,,,,,,,,,,,,,,,,,,,,,,teamsite-731070,
Site,prj_Team Site-731069,,Active,Active,Not on hold,https://7rkd12.sharepoint.com/teams/prj_teamsite-731069,e658a05a-af4f-4432-836d-652de9efe639,,,,Bonnie Test,BonnieTest@7rkd12.onmicrosoft.com,Mihal,Mihal@7rkd12.onmicrosoft.com,AdaTest,AdaTest@7rkd12.onmicrosoft.com,,,,Asia-Pacific,Team site (no Microsoft 365 group),25600,0.005,Existing external users,,Indexed,,,Claimed,2026-07-31 11:10:24,,2026-07-31 23:48:03,2027-01-31 23:48:03,2026-07-31 23:49:51,In compliance,,,ADB - SharePoint Site Renewal,ADB - Do not allow External Sharing (SharePoint Site),,,,,,,,,,No,,,,,,,,,,,,,CSD,,,,CGAdoption,EDRMS Project Site,,,,,,,,,,,,,,,,,,,,,,,,teamsite-731069,
Site,prj_Team Site-731067,,Active,Active,Not on hold,https://7rkd12.sharepoint.com/teams/prj_teamsite-731067,be34b2f7-f91c-493e-9a96-85d04bd6cc86,,,,Bonnie Test,BonnieTest@7rkd12.onmicrosoft.com,Mihal,Mihal@7rkd12.onmicrosoft.com,AdaTest,AdaTest@7rkd12.onmicrosoft.com,,,,Asia-Pacific,Team site (no Microsoft 365 group),25600,0.005,Existing external users,,Indexed,,,Claimed,2026-07-31 11:10:21,,2026-07-31 23:20:15,2027-01-31 23:20:15,2026-07-31 23:21:26,In compliance,,,ADB - SharePoint Site Renewal,ADB - Do not allow External Sharing (SharePoint Site),,,,,,,,,,No,,,,,,,,,,,,,CSD,,,,CGAdoption,EDRMS Project Site,,,,,,,,,,,,,,,,,,,,,,,,teamsite-731067,
Site,prj_Team Site-731068,,Active,Active,Not on hold,https://7rkd12.sharepoint.com/teams/prj_teamsite-731068,54357dbd-c1e8-44fd-9fc8-53f2badc46b4,,,,Bonnie Test,BonnieTest@7rkd12.onmicrosoft.com,Mihal,Mihal@7rkd12.onmicrosoft.com,AdaTest,AdaTest@7rkd12.onmicrosoft.com,,,,Asia-Pacific,Team site (no Microsoft 365 group),25600,0.005,Existing external users,,Indexed,,,Claimed,2026-07-31 11:10:20,,2026-07-31 13:34:27,2027-01-31 13:34:27,2026-07-31 13:36:42,In compliance,,,ADB - SharePoint Site Renewal,ADB - Do not allow External Sharing (SharePoint Site),,,,,,,,,,No,,,,,,,,,,,,,CSD,,,,CGAdoption,EDRMS Project Site,,,,,,,,,,,,,,,,,,,,,,,,teamsite-731068,
Site,prj_Team Site-731066,,Active,Active,Not on hold,https://7rkd12.sharepoint.com/teams/prj_teamsite-731066,60914b1c-f603-4f3f-be97-8f7fb7c63318,,,,Bonnie Test,BonnieTest@7rkd12.onmicrosoft.com,Mihal,Mihal@7rkd12.onmicrosoft.com,AdaTest,AdaTest@7rkd12.onmicrosoft.com,,,,Asia-Pacific,Team site (no Microsoft 365 group),40,0.005,Existing external users,,Indexed,,,Claimed,2026-07-31 11:10:14,,2026-08-03 12:37:05,2027-02-03 12:37:05,2026-08-03 12:39:41,In compliance,,,ADB - SharePoint Site Renewal,ADB - Do not allow External Sharing (SharePoint Site),,,,,,,,,,No,,,,,,,,,,,,,CSD,,,,CGAdoption,EDRMS Project Site,,,,,,,,,,,,,,,,,,,,,,,,teamsite-731066,
Site,prj_Team Site-731065,,Active,Active,Not on hold,https://7rkd12.sharepoint.com/teams/prj_teamsite-731065,88c7b8ca-6e35-46f2-be1c-4b68c8316a13,,,,Bonnie Test,BonnieTest@7rkd12.onmicrosoft.com,Mihal,Mihal@7rkd12.onmicrosoft.com,AdaTest,AdaTest@7rkd12.onmicrosoft.com,,,,Asia-Pacific,Team site (no Microsoft 365 group),25600,0.005,Existing external users,,Indexed,,,Claimed,2026-07-31 11:10:10,,2026-07-31 15:45:15,2027-01-31 15:45:15,2026-07-31 15:47:21,In compliance,,,ADB - SharePoint Site Renewal,ADB - Do not allow External Sharing (SharePoint Site),,,,,,,,,,No,,,,,,,,,,,,,CSD,,,,CGAdoption,EDRMS Project Site,,,,,,,,,,,,,,,,,,,,,,,,teamsite-731065,
Site,prj_Team Site-731064,,Active,Active,Not on hold,https://7rkd12.sharepoint.com/teams/prj_teamsite-731064,c0afd468-7c49-47a4-b1e0-8060a02b00a4,,,,Bonnie Test,BonnieTest@7rkd12.onmicrosoft.com,Mihal,Mihal@7rkd12.onmicrosoft.com,AdaTest,AdaTest@7rkd12.onmicrosoft.com,,,,Asia-Pacific,Team site (no Microsoft 365 group),25600,0.005,Existing external users,,Indexed,,,Claimed,2026-07-31 11:09:59,,2026-08-01 00:39:21,2027-02-01 00:39:21,2026-08-01 00:41:28,In compliance,,,ADB - SharePoint Site Renewal,ADB - Do not allow External Sharing (SharePoint Site),,,,,,,,,,No,,,,,,,,,,,,,CSD,,,,CGAdoption,EDRMS Project Site,,,,,,,,,,,,,,,,,,,,,,,,teamsite-731064,
Site,prj_Team Site-731063,,Active,Active,Not on hold,https://7rkd12.sharepoint.com/teams/prj_teamsite-731063,88a61780-62e3-4e20-a9f8-4983088a0b4d,,,,Bonnie Test,BonnieTest@7rkd12.onmicrosoft.com,Mihal,Mihal@7rkd12.onmicrosoft.com,AdaTest,AdaTest@7rkd12.onmicrosoft.com,,,,Asia-Pacific,Team site (no Microsoft 365 group),40,0.005,Existing external users,,Indexed,,,Claimed,2026-07-31 11:09:55,,2026-08-03 13:49:36,2027-02-03 13:49:36,2026-08-03 13:50:23,In compliance,,,ADB - SharePoint Site Renewal,ADB - Do not allow External Sharing (SharePoint Site),,,,,,,,,,No,,,,,,,,,,,,,CSD,,,,CGAdoption,EDRMS Project Site,,,,,,,,,,,,,,,,,,,,,,,,teamsite-731063,
Site,prj_Team Site-731062,,Active,Active,Not on hold,https://7rkd12.sharepoint.com/teams/prj_teamsite-731062,df655a60-efe0-4873-9baf-a29d534c2424,,,,Bonnie Test,BonnieTest@7rkd12.onmicrosoft.com,Mihal,Mihal@7rkd12.onmicrosoft.com,AdaTest,AdaTest@7rkd12.onmicrosoft.com,,,,Asia-Pacific,Team site (no Microsoft 365 group),25600,0.005,Existing external users,,Indexed,,,Claimed,2026-07-31 11:09:50,,2026-07-31 15:59:32,2027-01-31 15:59:32,2026-07-31 16:05:49,In compliance,,,ADB - SharePoint Site Renewal,ADB - Do not allow External Sharing (SharePoint Site),,,,,,,,,,No,,,,,,,,,,,,,CSD,,,,CGAdoption,EDRMS Project Site,,,,,,,,,,,,,,,,,,,,,,,,teamsite-731062,
Site,prj_Team Site-731061,,Active,Active,Not on hold,https://7rkd12.sharepoint.com/teams/prj_teamsite-731061,4aca9717-51e7-4714-b576-bec1ac9bd2ba,,,,Bonnie Test,BonnieTest@7rkd12.onmicrosoft.com,Mihal,Mihal@7rkd12.onmicrosoft.com,AdaTest,AdaTest@7rkd12.onmicrosoft.com,,,,Asia-Pacific,Team site (no Microsoft 365 group),25600,0.005,Existing external users,,Indexed,,,Claimed,2026-07-31 11:09:46,,2026-07-31 16:23:59,2027-01-31 16:23:59,2026-07-31 16:27:53,In compliance,,,ADB - SharePoint Site Renewal,ADB - Do not allow External Sharing (SharePoint Site),,,,,,,,,,No,,,,,,,,,,,,,CSD,,,,CGAdoption,EDRMS Project Site,,,,,,,,,,,,,,,,,,,,,,,,teamsite-731061,
Site,prj_Team Site-731060,,Active,Active,Not on hold,https://7rkd12.sharepoint.com/teams/prj_teamsite-731060,15a42030-426d-4327-b89b-a3e5fe38e08e,,,,Bonnie Test,BonnieTest@7rkd12.onmicrosoft.com,Mihal,Mihal@7rkd12.onmicrosoft.com,AdaTest,AdaTest@7rkd12.onmicrosoft.com,,,,Asia-Pacific,Team site (no Microsoft 365 group),25600,0.005,Existing external users,,Indexed,,,Claimed,2026-07-31 11:09:42,,2026-07-31 21:03:38,2027-01-31 21:03:38,2026-07-31 21:04:17,In compliance,,,ADB - SharePoint Site Renewal,ADB - Do not allow External Sharing (SharePoint Site),,,,,,,,,,No,,,,,,,,,,,,,CSD,,,,CGAdoption,EDRMS Project Site,,,,,,,,,,,,,,,,,,,,,,,,teamsite-731060,
Site,prj_Team Site-731059,,Active,Active,Not on hold,https://7rkd12.sharepoint.com/teams/prj_teamsite-731059,74ee8353-de61-419f-979b-12cc55c646b0,,,,Bonnie Test,BonnieTest@7rkd12.onmicrosoft.com,Mihal,Mihal@7rkd12.onmicrosoft.com,AdaTest,AdaTest@7rkd12.onmicrosoft.com,,,,Asia-Pacific,Team site (no Microsoft 365 group),25600,0.005,Existing external users,,Indexed,,,Claimed,2026-07-31 11:09:30,,2026-08-01 02:13:02,2027-02-01 02:13:02,2026-08-01 02:14:22,In compliance,,,ADB - SharePoint Site Renewal,ADB - Do not allow External Sharing (SharePoint Site),,,,,,,,,,No,,,,,,,,,,,,,CSD,,,,CGAdoption,EDRMS Project Site,,,,,,,,,,,,,,,,,,,,,,,,teamsite-731059,
Site,prj_Team Site-731058,,Active,Active,Not on hold,https://7rkd12.sharepoint.com/teams/prj_teamsite-731058,bc4b68ff-0abd-430a-9be2-9c4544f2314b,,,,Bonnie Test,BonnieTest@7rkd12.onmicrosoft.com,Mihal,Mihal@7rkd12.onmicrosoft.com,AdaTest,AdaTest@7rkd12.onmicrosoft.com,,,,Asia-Pacific,Team site (no Microsoft 365 group),25600,0.005,Existing external users,,Indexed,,,Claimed,2026-07-31 11:09:13,,2026-07-31 17:22:38,2027-01-31 17:22:38,2026-07-31 17:23:24,In compliance,,,ADB - SharePoint Site Renewal,ADB - Do not allow External Sharing (SharePoint Site),,,,,,,,,,No,,,,,,,,,,,,,CSD,,,,CGAdoption,EDRMS Project Site,,,,,,,,,,,,,,,,,,,,,,,,teamsite-731058,
Site,prj_Team Site-731057,,Active,Active,Not on hold,https://7rkd12.sharepoint.com/teams/prj_teamsite-731057,c1fde413-c8f3-4df3-87b7-89474b379564,,,,Bonnie Test,BonnieTest@7rkd12.onmicrosoft.com,Mihal,Mihal@7rkd12.onmicrosoft.com,AdaTest,AdaTest@7rkd12.onmicrosoft.com,,,,Asia-Pacific,Team site (no Microsoft 365 group),25600,0.005,Existing external users,,Indexed,,,Claimed,2026-07-31 11:09:09,,2026-07-31 16:08:17,2027-01-31 16:08:17,2026-07-31 16:09:37,In compliance,,,ADB - SharePoint Site Renewal,ADB - Do not allow External Sharing (SharePoint Site),,,,,,,,,,No,,,,,,,,,,,,,CSD,,,,CGAdoption,EDRMS Project Site,,,,,,,,,,,,,,,,,,,,,,,,teamsite-731057,
Site,prj_Team Site-731056,,Active,Active,Not on hold,https://7rkd12.sharepoint.com/teams/prj_teamsite-731056,79cc77a3-9ac4-4d41-8200-e0c6a48b95e9,,,,Bonnie Test,BonnieTest@7rkd12.onmicrosoft.com,Mihal,Mihal@7rkd12.onmicrosoft.com,AdaTest,AdaTest@7rkd12.onmicrosoft.com,,,,Asia-Pacific,Team site (no Microsoft 365 group),25600,0.005,Existing external users,,Indexed,,,Claimed,2026-07-31 11:09:09,,2026-07-31 13:27:06,2027-01-31 13:27:06,2026-07-31 13:29:38,In compliance,,,ADB - SharePoint Site Renewal,ADB - Do not allow External Sharing (SharePoint Site),,,,,,,,,,No,,,,,,,,,,,,,CSD,,,,CGAdoption,EDRMS Project Site,,,,,,,,,,,,,,,,,,,,,,,,teamsite-731056,
Site,prj_Team Site-731055,,Active,Active,Not on hold,https://7rkd12.sharepoint.com/teams/prj_teamsite-731055,316418ad-e6c8-4b03-bbed-64227ed83a88,,,,Bonnie Test,BonnieTest@7rkd12.onmicrosoft.com,Mihal,Mihal@7rkd12.onmicrosoft.com,AdaTest,AdaTest@7rkd12.onmicrosoft.com,,,,Asia-Pacific,Team site (no Microsoft 365 group),25600,0.005,Existing external users,,Indexed,,,Claimed,2026-07-31 11:09:02,,2026-07-31 18:15:13,2027-01-31 18:15:13,2026-07-31 18:18:03,In compliance,,,ADB - SharePoint Site Renewal,ADB - Do not allow External Sharing (SharePoint Site),,,,,,,,,,No,,,,,,,,,,,,,CSD,,,,CGAdoption,EDRMS Project Site,,,,,,,,,,,,,,,,,,,,,,,,teamsite-731055,
Site,prj_Team Site-731054,,Active,Active,Not on hold,https://7rkd12.sharepoint.com/teams/prj_teamsite-731054,24c2fa6a-adcf-43d7-a058-1b3e9158f16b,,,,Bonnie Test,BonnieTest@7rkd12.onmicrosoft.com,Mihal,Mihal@7rkd12.onmicrosoft.com,AdaTest,AdaTest@7rkd12.onmicrosoft.com,,,,Asia-Pacific,Team site (no Microsoft 365 group),25600,0.005,Existing external users,,Indexed,,,Claimed,2026-07-31 11:09:01,,2026-07-31 19:16:54,2027-01-31 19:16:54,2026-07-31 19:20:40,In compliance,,,ADB - SharePoint Site Renewal,ADB - Do not allow External Sharing (SharePoint Site),,,,,,,,,,No,,,,,,,,,,,,,CSD,,,,CGAdoption,EDRMS Project Site,,,,,,,,,,,,,,,,,,,,,,,,teamsite-731054,
Site,prj_Team Site-731053,,Active,Active,Not on hold,https://7rkd12.sharepoint.com/teams/prj_teamsite-731053,3e283d25-bbfd-4df5-bdeb-fd210b9bc34f,,,,Bonnie Test,BonnieTest@7rkd12.onmicrosoft.com,Mihal,Mihal@7rkd12.onmicrosoft.com,AdaTest,AdaTest@7rkd12.onmicrosoft.com,,,,Asia-Pacific,Team site (no Microsoft 365 group),25600,0.005,Existing external users,,Indexed,,,Claimed,2026-07-31 11:08:57,,2026-08-01 03:12:27,2027-02-01 03:12:27,2026-08-01 03:13:52,In compliance,,,ADB - SharePoint Site Renewal,ADB - Do not allow External Sharing (SharePoint Site),,,,,,,,,,No,,,,,,,,,,,,,CSD,,,,CGAdoption,EDRMS Project Site,,,,,,,,,,,,,,,,,,,,,,,,teamsite-731053,
Site,prj_Team Site-731052,,Active,Active,Not on hold,https://7rkd12.sharepoint.com/teams/prj_teamsite-731052,25f972ca-50a8-4080-8a6c-ab7626bd05e5,,,,Bonnie Test,BonnieTest@7rkd12.onmicrosoft.com,Mihal,Mihal@7rkd12.onmicrosoft.com,AdaTest,AdaTest@7rkd12.onmicrosoft.com,,,,Asia-Pacific,Team site (no Microsoft 365 group),25600,0.005,Existing external users,,Indexed,,,Claimed,2026-07-31 11:08:51,,2026-07-31 15:32:00,2027-01-31 15:32:00,2026-07-31 15:33:41,In compliance,,,ADB - SharePoint Site Renewal,ADB - Do not allow External Sharing (SharePoint Site),,,,,,,,,,No,,,,,,,,,,,,,CSD,,,,CGAdoption,EDRMS Project Site,,,,,,,,,,,,,,,,,,,,,,,,teamsite-731052,
Site,prj_Team Site-731051,,Active,Active,Not on hold,https://7rkd12.sharepoint.com/teams/prj_teamsite-731051,9652fa01-f436-4499-89a4-de732d94f08a,,,,Bonnie Test,BonnieTest@7rkd12.onmicrosoft.com,Mihal,Mihal@7rkd12.onmicrosoft.com,AdaTest,AdaTest@7rkd12.onmicrosoft.com,,,,Asia-Pacific,Team site (no Microsoft 365 group),40,0.005,Existing external users,,Indexed,,,Claimed,2026-07-31 11:08:42,,2026-08-03 12:22:20,2027-02-03 12:22:20,2026-08-03 12:23:48,In compliance,,,ADB - SharePoint Site Renewal,ADB - Do not allow External Sharing (SharePoint Site),,,,,,,,,,No,,,,,,,,,,,,,CSD,,,,CGAdoption,EDRMS Project Site,,,,,,,,,,,,,,,,,,,,,,,,teamsite-731051,
Site,prj_Team Site-731050,,Active,Active,Not on hold,https://7rkd12.sharepoint.com/teams/prj_teamsite-731050,a4272a3e-fd65-41aa-8c40-8aa2a80b2803,,,,Bonnie Test,BonnieTest@7rkd12.onmicrosoft.com,Mihal,Mihal@7rkd12.onmicrosoft.com,AdaTest,AdaTest@7rkd12.onmicrosoft.com,,,,Asia-Pacific,Team site (no Microsoft 365 group),25600,0.005,Existing external users,,Indexed,,,Claimed,2026-07-31 11:08:38,,2026-07-31 17:40:38,2027-01-31 17:40:38,2026-07-31 17:43:15,In compliance,,,ADB - SharePoint Site Renewal,ADB - Do not allow External Sharing (SharePoint Site),,,,,,,,,,No,,,,,,,,,,,,,CSD,,,,CGAdoption,EDRMS Project Site,,,,,,,,,,,,,,,,,,,,,,,,teamsite-731050,
Site,prj_Team Site-731049,,Active,Active,Not on hold,https://7rkd12.sharepoint.com/teams/prj_teamsite-731049,c8c94a36-fec8-4d8a-8cdb-3eb6e94e7186,,,,Bonnie Test,BonnieTest@7rkd12.onmicrosoft.com,Mihal,Mihal@7rkd12.onmicrosoft.com,AdaTest,AdaTest@7rkd12.onmicrosoft.com,,,,Asia-Pacific,Team site (no Microsoft 365 group),25600,0.005,Existing external users,,Indexed,,,Claimed,2026-07-31 11:08:37,,2026-08-01 00:00:48,2027-02-01 00:00:48,2026-08-01 00:03:50,In compliance,,,ADB - SharePoint Site Renewal,ADB - Do not allow External Sharing (SharePoint Site),,,,,,,,,,No,,,,,,,,,,,,,CSD,,,,CGAdoption,EDRMS Project Site,,,,,,,,,,,,,,,,,,,,,,,,teamsite-731049,
Site,prj_Team Site-731048,,Active,Active,Not on hold,https://7rkd12.sharepoint.com/teams/prj_teamsite-731048,c14b2043-8b03-47cf-879f-e8c5d062adf9,,,,Bonnie Test,BonnieTest@7rkd12.onmicrosoft.com,Mihal,Mihal@7rkd12.onmicrosoft.com,AdaTest,AdaTest@7rkd12.onmicrosoft.com,,,,Asia-Pacific,Team site (no Microsoft 365 group),25600,0.005,Existing external users,,Indexed,,,Claimed,2026-07-31 11:08:32,,2026-07-31 13:19:53,2027-01-31 13:19:53,2026-07-31 13:21:07,In compliance,,,ADB - SharePoint Site Renewal,ADB - Do not allow External Sharing (SharePoint Site),,,,,,,,,,No,,,,,,,,,,,,,CSD,,,,CGAdoption,EDRMS Project Site,,,,,,,,,,,,,,,,,,,,,,,,teamsite-731048,
Site,prj_Team Site-731047,,Active,Active,Not on hold,https://7rkd12.sharepoint.com/teams/prj_teamsite-731047,09b8dfc8-bc8c-4298-aae6-6fb3c2e9f5e1,,,,Bonnie Test,BonnieTest@7rkd12.onmicrosoft.com,Mihal,Mihal@7rkd12.onmicrosoft.com,AdaTest,AdaTest@7rkd12.onmicrosoft.com,,,,Asia-Pacific,Team site (no Microsoft 365 group),40,0.005,Existing external users,,Indexed,,,Claimed,2026-07-31 11:08:30,,2026-08-03 12:26:15,2027-02-03 12:26:15,2026-08-03 12:29:51,In compliance,,,ADB - SharePoint Site Renewal,ADB - Do not allow External Sharing (SharePoint Site),,,,,,,,,,No,,,,,,,,,,,,,CSD,,,,CGAdoption,EDRMS Project Site,,,,,,,,,,,,,,,,,,,,,,,,teamsite-731047,
Site,prj_Team Site-731046,,Active,Active,Not on hold,https://7rkd12.sharepoint.com/teams/prj_teamsite-731046,f7b36f7c-f2e8-43e6-89c3-c49ab7eee8a2,,,,Bonnie Test,BonnieTest@7rkd12.onmicrosoft.com,Mihal,Mihal@7rkd12.onmicrosoft.com,AdaTest,AdaTest@7rkd12.onmicrosoft.com,,,,Asia-Pacific,Team site (no Microsoft 365 group),25600,0.005,Existing external users,,Indexed,,,Claimed,2026-07-31 11:08:02,,2026-08-01 00:36:23,2027-02-01 00:36:23,2026-08-01 00:40:02,In compliance,,,ADB - SharePoint Site Renewal,ADB - Do not allow External Sharing (SharePoint Site),,,,,,,,,,No,,,,,,,,,,,,,CSD,,,,CGAdoption,EDRMS Project Site,,,,,,,,,,,,,,,,,,,,,,,,teamsite-731046,
Site,prj_Team Site-731045,,Active,Active,Not on hold,https://7rkd12.sharepoint.com/teams/prj_teamsite-731045,e8968993-0f7e-41cc-a871-6ea6859e7fe3,,,,Bonnie Test,BonnieTest@7rkd12.onmicrosoft.com,Mihal,Mihal@7rkd12.onmicrosoft.com,AdaTest,AdaTest@7rkd12.onmicrosoft.com,,,,Asia-Pacific,Team site (no Microsoft 365 group),25600,0.005,Existing external users,,Indexed,,,Claimed,2026-07-31 11:08:01,,2026-08-01 04:13:40,2027-02-01 04:13:40,2026-08-01 04:17:23,In compliance,,,ADB - SharePoint Site Renewal,ADB - Do not allow External Sharing (SharePoint Site),,,,,,,,,,No,,,,,,,,,,,,,CSD,,,,CGAdoption,EDRMS Project Site,,,,,,,,,,,,,,,,,,,,,,,,teamsite-731045,
Site,prj_Team Site-731044,,Active,Active,Not on hold,https://7rkd12.sharepoint.com/teams/prj_teamsite-731044,43789844-3f51-4406-8d8d-7ef06798b951,,,,Bonnie Test,BonnieTest@7rkd12.onmicrosoft.com,Mihal,Mihal@7rkd12.onmicrosoft.com,AdaTest,AdaTest@7rkd12.onmicrosoft.com,,,,Asia-Pacific,Team site (no Microsoft 365 group),25600,0.005,Existing external users,,Indexed,,,Claimed,2026-07-31 11:07:56,,2026-08-01 01:58:29,2027-02-01 01:58:29,2026-08-01 02:00:21,In compliance,,,ADB - SharePoint Site Renewal,ADB - Do not allow External Sharing (SharePoint Site),,,,,,,,,,No,,,,,,,,,,,,,CSD,,,,CGAdoption,EDRMS Project Site,,,,,,,,,,,,,,,,,,,,,,,,teamsite-731044,
Site,prj_Team Site-731043,,Active,Active,Not on hold,https://7rkd12.sharepoint.com/teams/prj_teamsite-731043,ab790eff-c1ee-4cd2-a564-80ec19392d8c,,,,Bonnie Test,BonnieTest@7rkd12.onmicrosoft.com,Mihal,Mihal@7rkd12.onmicrosoft.com,AdaTest,AdaTest@7rkd12.onmicrosoft.com,,,,Asia-Pacific,Team site (no Microsoft 365 group),25600,0.005,Existing external users,,Indexed,,,Claimed,2026-07-31 11:07:52,,2026-07-31 17:13:01,2027-01-31 17:13:01,2026-07-31 17:16:49,In compliance,,,ADB - SharePoint Site Renewal,ADB - Do not allow External Sharing (SharePoint Site),,,,,,,,,,No,,,,,,,,,,,,,CSD,,,,CGAdoption,EDRMS Project Site,,,,,,,,,,,,,,,,,,,,,,,,teamsite-731043,
Site,prj_Team Site-731042,,Active,Active,Not on hold,https://7rkd12.sharepoint.com/teams/prj_teamsite-731042,37459cee-4380-45a1-ae57-5d8dbe0f4a73,,,,Bonnie Test,BonnieTest@7rkd12.onmicrosoft.com,Mihal,Mihal@7rkd12.onmicrosoft.com,AdaTest,AdaTest@7rkd12.onmicrosoft.com,,,,Asia-Pacific,Team site (no Microsoft 365 group),25600,0.005,Existing external users,,Indexed,,,Claimed,2026-07-31 11:07:47,,2026-07-31 14:47:40,2027-01-31 14:47:40,2026-07-31 14:49:23,In compliance,,,ADB - SharePoint Site Renewal,ADB - Do not allow External Sharing (SharePoint Site),,,,,,,,,,No,,,,,,,,,,,,,CSD,,,,CGAdoption,EDRMS Project Site,,,,,,,,,,,,,,,,,,,,,,,,teamsite-731042,
Site,prj_Team Site-731041,,Active,Active,Not on hold,https://7rkd12.sharepoint.com/teams/prj_teamsite-731041,fb0cfb4c-769a-4a74-b82d-850102133824,,,,Bonnie Test,BonnieTest@7rkd12.onmicrosoft.com,Mihal,Mihal@7rkd12.onmicrosoft.com,AdaTest,AdaTest@7rkd12.onmicrosoft.com,,,,Asia-Pacific,Team site (no Microsoft 365 group),25600,0.005,Existing external users,,Indexed,,,Claimed,2026-07-31 11:07:43,,2026-07-31 18:04:51,2027-01-31 18:04:51,2026-07-31 18:06:53,In compliance,,,ADB - SharePoint Site Renewal,ADB - Do not allow External Sharing (SharePoint Site),,,,,,,,,,No,,,,,,,,,,,,,CSD,,,,CGAdoption,EDRMS Project Site,,,,,,,,,,,,,,,,,,,,,,,,teamsite-731041,
Site,prj_Team Site-731040,,Active,Active,Not on hold,https://7rkd12.sharepoint.com/teams/prj_teamsite-731040,b8e4f13a-2748-4e4f-95fd-a4299c15b131,,,,Bonnie Test,BonnieTest@7rkd12.onmicrosoft.com,Mihal,Mihal@7rkd12.onmicrosoft.com,AdaTest,AdaTest@7rkd12.onmicrosoft.com,,,,Asia-Pacific,Team site (no Microsoft 365 group),25600,0.005,Existing external users,,Indexed,,,Claimed,2026-07-31 11:07:40,,2026-08-01 03:01:34,2027-02-01 03:01:34,2026-08-01 03:04:25,In compliance,,,ADB - SharePoint Site Renewal,ADB - Do not allow External Sharing (SharePoint Site),,,,,,,,,,No,,,,,,,,,,,,,CSD,,,,CGAdoption,EDRMS Project Site,,,,,,,,,,,,,,,,,,,,,,,,teamsite-731040,
Site,prj_Team Site-731039,,Active,Active,Not on hold,https://7rkd12.sharepoint.com/teams/prj_teamsite-731039,1ec3b3ff-2f56-40d8-8cc6-143b06e0ea09,,,,Bonnie Test,BonnieTest@7rkd12.onmicrosoft.com,Mihal,Mihal@7rkd12.onmicrosoft.com,AdaTest,AdaTest@7rkd12.onmicrosoft.com,,,,Asia-Pacific,Team site (no Microsoft 365 group),25600,0.005,Existing external users,,Indexed,,,Claimed,2026-07-31 11:07:37,,2026-08-11 09:00:00,2027-02-01 04:50:44,2026-08-01 04:53:26,In compliance,,,ADB - SharePoint Site Renewal,ADB - Do not allow External Sharing (SharePoint Site),,,,,,,,,,No,,,,,,,,,,,,,CSD,,,,CGAdoption,EDRMS Project Site,,,,,,,,,,,,,,,,,,,,,,,,teamsite-731039,
Site,prj_Team Site-731038,,Active,Active,Not on hold,https://7rkd12.sharepoint.com/teams/prj_teamsite-731038,0f93d2f1-3d11-4664-88ea-1b798fb7796a,,,,Bonnie Test,BonnieTest@7rkd12.onmicrosoft.com,Mihal,Mihal@7rkd12.onmicrosoft.com,AdaTest,AdaTest@7rkd12.onmicrosoft.com,,,,Asia-Pacific,Team site (no Microsoft 365 group),25600,0.005,Existing external users,,Indexed,,,Claimed,2026-07-31 11:07:33,,2026-08-01 04:59:19,2027-02-01 04:59:19,2026-08-01 05:00:29,In compliance,,,ADB - SharePoint Site Renewal,ADB - Do not allow External Sharing (SharePoint Site),,,,,,,,,,No,,,,,,,,,,,,,CSD,,,,CGAdoption,EDRMS Project Site,,,,,,,,,,,,,,,,,,,,,,,,teamsite-731038,
Site,prj_Team Site-731037,,Active,Active,Not on hold,https://7rkd12.sharepoint.com/teams/prj_teamsite-731037,ba90880e-02ed-4b7b-91d9-31ded67b1bc5,,,,Bonnie Test,BonnieTest@7rkd12.onmicrosoft.com,Mihal,Mihal@7rkd12.onmicrosoft.com,AdaTest,AdaTest@7rkd12.onmicrosoft.com,,,,Asia-Pacific,Team site (no Microsoft 365 group),40,0.005,Existing external users,,Indexed,,,Claimed,2026-07-31 11:07:29,,2026-08-03 16:19:25,2027-02-03 16:19:25,2026-08-03 16:20:41,In compliance,,,ADB - SharePoint Site Renewal,ADB - Do not allow External Sharing (SharePoint Site),,,,,,,,,,No,,,,,,,,,,,,,CSD,,,,CGAdoption,EDRMS Project Site,,,,,,,,,,,,,,,,,,,,,,,,teamsite-731037,
Site,prj_Team Site-731036,,Active,Active,Not on hold,https://7rkd12.sharepoint.com/teams/prj_teamsite-731036,62af1274-cf0d-41eb-bb2b-dd984ce5847a,,,,Bonnie Test,BonnieTest@7rkd12.onmicrosoft.com,Mihal,Mihal@7rkd12.onmicrosoft.com,AdaTest,AdaTest@7rkd12.onmicrosoft.com,,,,Asia-Pacific,Team site (no Microsoft 365 group),25600,0.005,Existing external users,,Indexed,,,Claimed,2026-07-31 11:07:28,,2026-07-31 22:19:45,2027-01-31 22:19:45,2026-07-31 22:22:49,In compliance,,,ADB - SharePoint Site Renewal,ADB - Do not allow External Sharing (SharePoint Site),,,,,,,,,,No,,,,,,,,,,,,,CSD,,,,CGAdoption,EDRMS Project Site,,,,,,,,,,,,,,,,,,,,,,,,teamsite-731036,
Site,prj_Team Site-731035,,Active,Active,Not on hold,https://7rkd12.sharepoint.com/teams/prj_teamsite-731035,0e58035d-d40b-4447-befb-76ac7f153922,,,,Bonnie Test,BonnieTest@7rkd12.onmicrosoft.com,Mihal,Mihal@7rkd12.onmicrosoft.com,AdaTest,AdaTest@7rkd12.onmicrosoft.com,,,,Asia-Pacific,Team site (no Microsoft 365 group),25600,0.005,Existing external users,,Indexed,,,Claimed,2026-07-31 11:07:20,,2026-07-31 21:16:29,2027-01-31 21:16:29,2026-07-31 21:18:29,In compliance,,,ADB - SharePoint Site Renewal,ADB - Do not allow External Sharing (SharePoint Site),,,,,,,,,,No,,,,,,,,,,,,,CSD,,,,CGAdoption,EDRMS Project Site,,,,,,,,,,,,,,,,,,,,,,,,teamsite-731035,
Site,prj_Team Site-731034,,Active,Active,Not on hold,https://7rkd12.sharepoint.com/teams/prj_teamsite-731034,1bbb2369-cd35-4e48-b4a1-add6d6523893,,,,Bonnie Test,BonnieTest@7rkd12.onmicrosoft.com,Mihal,Mihal@7rkd12.onmicrosoft.com,AdaTest,AdaTest@7rkd12.onmicrosoft.com,,,,Asia-Pacific,Team site (no Microsoft 365 group),40,0.005,Existing external users,,Indexed,,,Claimed,2026-07-31 11:07:19,,2026-08-03 14:57:53,2027-02-03 14:57:53,2026-08-03 15:00:08,In compliance,,,ADB - SharePoint Site Renewal,ADB - Do not allow External Sharing (SharePoint Site),,,,,,,,,,No,,,,,,,,,,,,,CSD,,,,CGAdoption,EDRMS Project Site,,,,,,,,,,,,,,,,,,,,,,,,teamsite-731034,
Site,prj_Team Site-731033,,Active,Active,Not on hold,https://7rkd12.sharepoint.com/teams/prj_teamsite-731033,37431f5e-e5e9-4579-96e9-e3d990e2bd44,,,,Bonnie Test,BonnieTest@7rkd12.onmicrosoft.com,Mihal,Mihal@7rkd12.onmicrosoft.com,AdaTest,AdaTest@7rkd12.onmicrosoft.com,,,,Asia-Pacific,Team site (no Microsoft 365 group),25600,0.005,Existing external users,,Indexed,,,Claimed,2026-07-31 11:07:18,,2026-07-31 21:45:35,2027-01-31 21:45:35,2026-07-31 21:46:31,In compliance,,,ADB - SharePoint Site Renewal,ADB - Do not allow External Sharing (SharePoint Site),,,,,,,,,,No,,,,,,,,,,,,,CSD,,,,CGAdoption,EDRMS Project Site,,,,,,,,,,,,,,,,,,,,,,,,teamsite-731033,
Site,prj_Team Site-731032,,Active,Active,Not on hold,https://7rkd12.sharepoint.com/teams/prj_teamsite-731032,cb2329e0-327b-433c-a40e-47e96fefa3ca,,,,Bonnie Test,BonnieTest@7rkd12.onmicrosoft.com,Mihal,Mihal@7rkd12.onmicrosoft.com,AdaTest,AdaTest@7rkd12.onmicrosoft.com,,,,Asia-Pacific,Team site (no Microsoft 365 group),25600,0.005,Existing external users,,Indexed,,,Claimed,2026-07-31 11:06:43,,2026-07-31 20:12:44,2027-01-31 20:12:44,2026-07-31 20:15:00,In compliance,,,ADB - SharePoint Site Renewal,ADB - Do not allow External Sharing (SharePoint Site),,,,,,,,,,No,,,,,,,,,,,,,CSD,,,,CGAdoption,EDRMS Project Site,,,,,,,,,,,,,,,,,,,,,,,,teamsite-731032,
Site,prj_Team Site-731031,,Active,Active,Not on hold,https://7rkd12.sharepoint.com/teams/prj_teamsite-731031,43ef6e98-c92d-4ed1-9d31-5b3738453489,,,,Bonnie Test,BonnieTest@7rkd12.onmicrosoft.com,Mihal,Mihal@7rkd12.onmicrosoft.com,AdaTest,AdaTest@7rkd12.onmicrosoft.com,,,,Asia-Pacific,Team site (no Microsoft 365 group),25600,0.005,Existing external users,,Indexed,,,Claimed,2026-07-31 11:06:26,,2026-08-01 01:23:45,2027-02-01 01:23:45,2026-08-01 01:26:43,In compliance,,,ADB - SharePoint Site Renewal,ADB - Do not allow External Sharing (SharePoint Site),,,,,,,,,,No,,,,,,,,,,,,,CSD,,,,CGAdoption,EDRMS Project Site,,,,,,,,,,,,,,,,,,,,,,,,teamsite-731031,
Site,prj_Team Site-731030,,Active,Active,Not on hold,https://7rkd12.sharepoint.com/teams/prj_teamsite-731030,f3a11aed-4b45-4896-afea-a45022548d6b,,,,Bonnie Test,BonnieTest@7rkd12.onmicrosoft.com,Mihal,Mihal@7rkd12.onmicrosoft.com,AdaTest,AdaTest@7rkd12.onmicrosoft.com,,,,Asia-Pacific,Team site (no Microsoft 365 group),25600,0.005,Existing external users,,Indexed,,,Claimed,2026-07-31 11:06:21,,2026-08-01 05:20:32,2027-02-01 05:20:32,2026-08-01 05:22:40,In compliance,,,ADB - SharePoint Site Renewal,ADB - Do not allow External Sharing (SharePoint Site),,,,,,,,,,No,,,,,,,,,,,,,CSD,,,,CGAdoption,EDRMS Project Site,,,,,,,,,,,,,,,,,,,,,,,,teamsite-731030,
Site,prj_Team Site-731029,,Active,Active,Not on hold,https://7rkd12.sharepoint.com/teams/prj_teamsite-731029,c7f229de-b5b4-4f18-8d0c-676ac4f0c39a,,,,Bonnie Test,BonnieTest@7rkd12.onmicrosoft.com,Mihal,Mihal@7rkd12.onmicrosoft.com,AdaTest,AdaTest@7rkd12.onmicrosoft.com,,,,Asia-Pacific,Team site (no Microsoft 365 group),25600,0.005,Existing external users,,Indexed,,,Claimed,2026-07-31 11:06:19,,2026-07-31 23:12:33,2027-01-31 23:12:33,2026-07-31 23:13:43,In compliance,,,ADB - SharePoint Site Renewal,ADB - Do not allow External Sharing (SharePoint Site),,,,,,,,,,No,,,,,,,,,,,,,CSD,,,,CGAdoption,EDRMS Project Site,,,,,,,,,,,,,,,,,,,,,,,,teamsite-731029,
Site,prj_Team Site-731028,,Active,Active,Not on hold,https://7rkd12.sharepoint.com/teams/prj_teamsite-731028,be764b87-c7e4-4f23-a28c-cacefec576dd,,,,Bonnie Test,BonnieTest@7rkd12.onmicrosoft.com,Mihal,Mihal@7rkd12.onmicrosoft.com,AdaTest,AdaTest@7rkd12.onmicrosoft.com,,,,Asia-Pacific,Team site (no Microsoft 365 group),25600,0.005,Existing external users,,Indexed,,,Claimed,2026-07-31 11:06:10,,2026-07-31 13:34:21,2027-01-31 13:34:21,2026-07-31 13:36:50,In compliance,,,ADB - SharePoint Site Renewal,ADB - Do not allow External Sharing (SharePoint Site),,,,,,,,,,No,,,,,,,,,,,,,CSD,,,,CGAdoption,EDRMS Project Site,,,,,,,,,,,,,,,,,,,,,,,,teamsite-731028,
Site,prj_Team Site-731027,,Active,Active,Not on hold,https://7rkd12.sharepoint.com/teams/prj_teamsite-731027,d1aae283-58a2-430a-b242-22effe57e270,,,,Bonnie Test,BonnieTest@7rkd12.onmicrosoft.com,Mihal,Mihal@7rkd12.onmicrosoft.com,AdaTest,AdaTest@7rkd12.onmicrosoft.com,,,,Asia-Pacific,Team site (no Microsoft 365 group),25600,0.005,Existing external users,,Indexed,,,Claimed,2026-07-31 11:06:09,,2026-08-01 02:05:45,2027-02-01 02:05:45,2026-08-01 02:10:27,In compliance,,,ADB - SharePoint Site Renewal,ADB - Do not allow External Sharing (SharePoint Site),,,,,,,,,,No,,,,,,,,,,,,,CSD,,,,CGAdoption,EDRMS Project Site,,,,,,,,,,,,,,,,,,,,,,,,teamsite-731027,
Site,prj_Team Site-731026,,Active,Active,Not on hold,https://7rkd12.sharepoint.com/teams/prj_teamsite-731026,c99b4b0e-55e0-49d0-aeb5-6e2ebb7f807f,,,,Bonnie Test,BonnieTest@7rkd12.onmicrosoft.com,Mihal,Mihal@7rkd12.onmicrosoft.com,AdaTest,AdaTest@7rkd12.onmicrosoft.com,,,,Asia-Pacific,Team site (no Microsoft 365 group),25600,0.005,Existing external users,,Indexed,,,Claimed,2026-07-31 11:06:05,,2026-07-31 18:14:17,2027-01-31 18:14:17,2026-07-31 18:15:52,In compliance,,,ADB - SharePoint Site Renewal,ADB - Do not allow External Sharing (SharePoint Site),,,,,,,,,,No,,,,,,,,,,,,,CSD,,,,CGAdoption,EDRMS Project Site,,,,,,,,,,,,,,,,,,,,,,,,teamsite-731026,
Site,prj_Team Site-731025,,Active,Active,Not on hold,https://7rkd12.sharepoint.com/teams/prj_teamsite-731025,08020e8e-2109-451a-818f-5c3fc22c8f15,,,,Bonnie Test,BonnieTest@7rkd12.onmicrosoft.com,Mihal,Mihal@7rkd12.onmicrosoft.com,AdaTest,AdaTest@7rkd12.onmicrosoft.com,,,,Asia-Pacific,Team site (no Microsoft 365 group),40,0.005,Existing external users,,Indexed,,,Claimed,2026-07-31 11:05:59,,2026-08-03 16:28:44,2027-02-03 16:28:44,2026-08-03 16:30:28,In compliance,,,ADB - SharePoint Site Renewal,ADB - Do not allow External Sharing (SharePoint Site),,,,,,,,,,No,,,,,,,,,,,,,CSD,,,,CGAdoption,EDRMS Project Site,,,,,,,,,,,,,,,,,,,,,,,,teamsite-731025,
Site,prj_Team Site-731024,,Active,Active,Not on hold,https://7rkd12.sharepoint.com/teams/prj_teamsite-731024,69b3cfbc-d280-4440-b15c-278fc3b52033,,,,Bonnie Test,BonnieTest@7rkd12.onmicrosoft.com,Mihal,Mihal@7rkd12.onmicrosoft.com,AdaTest,AdaTest@7rkd12.onmicrosoft.com,,,,Asia-Pacific,Team site (no Microsoft 365 group),25600,0.005,Existing external users,,Indexed,,,Claimed,2026-07-31 11:05:42,,2026-07-31 22:34:15,2027-01-31 22:34:15,2026-07-31 22:36:24,In compliance,,,ADB - SharePoint Site Renewal,ADB - Do not allow External Sharing (SharePoint Site),,,,,,,,,,No,,,,,,,,,,,,,CSD,,,,CGAdoption,EDRMS Project Site,,,,,,,,,,,,,,,,,,,,,,,,teamsite-731024,
Site,prj_Team Site-731023,,Active,Active,Not on hold,https://7rkd12.sharepoint.com/teams/prj_teamsite-731023,9b7da87d-b55d-4388-bbf3-fc5a72952941,,,,Bonnie Test,BonnieTest@7rkd12.onmicrosoft.com,Mihal,Mihal@7rkd12.onmicrosoft.com,AdaTest,AdaTest@7rkd12.onmicrosoft.com,,,,Asia-Pacific,Team site (no Microsoft 365 group),25600,0.005,Existing external users,,Indexed,,,Claimed,2026-07-31 11:05:20,,2026-08-01 07:18:03,2027-02-01 07:18:03,2026-08-01 07:19:53,In compliance,,,ADB - SharePoint Site Renewal,ADB - Do not allow External Sharing (SharePoint Site),,,,,,,,,,No,,,,,,,,,,,,,CSD,,,,CGAdoption,EDRMS Project Site,,,,,,,,,,,,,,,,,,,,,,,,teamsite-731023,
Site,prj_Team Site-731022,,Active,Active,Not on hold,https://7rkd12.sharepoint.com/teams/prj_teamsite-731022,fe1f62e0-12b9-49e1-81b3-8adf8e4ce5db,,,,Bonnie Test,BonnieTest@7rkd12.onmicrosoft.com,Mihal,Mihal@7rkd12.onmicrosoft.com,AdaTest,AdaTest@7rkd12.onmicrosoft.com,,,,Asia-Pacific,Team site (no Microsoft 365 group),25600,0.005,Existing external users,,Indexed,,,Claimed,2026-07-31 11:05:19,,2026-08-01 06:17:04,2027-02-01 06:17:04,2026-08-01 06:19:24,In compliance,,,ADB - SharePoint Site Renewal,ADB - Do not allow External Sharing (SharePoint Site),,,,,,,,,,No,,,,,,,,,,,,,CSD,,,,CGAdoption,EDRMS Project Site,,,,,,,,,,,,,,,,,,,,,,,,teamsite-731022,
Site,prj_Team Site-731021,,Active,Active,Not on hold,https://7rkd12.sharepoint.com/teams/prj_teamsite-731021,384cafb4-7112-4423-9a31-d8611dd8935a,,,,Bonnie Test,BonnieTest@7rkd12.onmicrosoft.com,Mihal,Mihal@7rkd12.onmicrosoft.com,AdaTest,AdaTest@7rkd12.onmicrosoft.com,,,,Asia-Pacific,Team site (no Microsoft 365 group),25600,0.005,Existing external users,,Indexed,,,Claimed,2026-07-31 11:05:13,,2026-08-01 06:58:17,2027-02-01 06:58:17,2026-08-01 06:59:52,In compliance,,,ADB - SharePoint Site Renewal,ADB - Do not allow External Sharing (SharePoint Site),,,,,,,,,,No,,,,,,,,,,,,,CSD,,,,CGAdoption,EDRMS Project Site,,,,,,,,,,,,,,,,,,,,,,,,teamsite-731021,
Site,prj_Team Site-731020,,Active,Active,Not on hold,https://7rkd12.sharepoint.com/teams/prj_teamsite-731020,fd848a33-1998-403b-a495-039e70ecabf9,,,,Bonnie Test,BonnieTest@7rkd12.onmicrosoft.com,Mihal,Mihal@7rkd12.onmicrosoft.com,AdaTest,AdaTest@7rkd12.onmicrosoft.com,,,,Asia-Pacific,Team site (no Microsoft 365 group),25600,0.005,Existing external users,,Indexed,,,Claimed,2026-07-31 11:05:10,,2026-08-01 06:34:23,2027-02-01 06:34:23,2026-08-01 06:37:25,In compliance,,,ADB - SharePoint Site Renewal,ADB - Do not allow External Sharing (SharePoint Site),,,,,,,,,,No,,,,,,,,,,,,,CSD,,,,CGAdoption,EDRMS Project Site,,,,,,,,,,,,,,,,,,,,,,,,teamsite-731020,
Site,prj_Team Site-731019,,Active,Active,Not on hold,https://7rkd12.sharepoint.com/teams/prj_teamsite-731019,61d11a4b-f48c-4964-a94a-552347f89983,,,,Bonnie Test,BonnieTest@7rkd12.onmicrosoft.com,Mihal,Mihal@7rkd12.onmicrosoft.com,AdaTest,AdaTest@7rkd12.onmicrosoft.com,,,,Asia-Pacific,Team site (no Microsoft 365 group),25600,0.005,Existing external users,,Indexed,,,Claimed,2026-07-31 11:05:08,,2026-08-01 03:30:25,2027-02-01 03:30:25,2026-08-01 03:31:43,In compliance,,,ADB - SharePoint Site Renewal,ADB - Do not allow External Sharing (SharePoint Site),,,,,,,,,,No,,,,,,,,,,,,,CSD,,,,CGAdoption,EDRMS Project Site,,,,,,,,,,,,,,,,,,,,,,,,teamsite-731019,
Site,prj_Team Site-731018,,Active,Active,Not on hold,https://7rkd12.sharepoint.com/teams/prj_teamsite-731018,47ddc009-80d6-4926-a696-350c35180ee3,,,,Bonnie Test,BonnieTest@7rkd12.onmicrosoft.com,Mihal,Mihal@7rkd12.onmicrosoft.com,AdaTest,AdaTest@7rkd12.onmicrosoft.com,,,,Asia-Pacific,Team site (no Microsoft 365 group),25600,0.005,Existing external users,,Indexed,,,Claimed,2026-07-31 11:05:02,,2026-07-31 19:19:28,2027-01-31 19:19:28,2026-07-31 19:20:57,In compliance,,,ADB - SharePoint Site Renewal,ADB - Do not allow External Sharing (SharePoint Site),,,,,,,,,,No,,,,,,,,,,,,,CSD,,,,CGAdoption,EDRMS Project Site,,,,,,,,,,,,,,,,,,,,,,,,teamsite-731018,
Site,prj_Team Site-731017,,Active,Active,Not on hold,https://7rkd12.sharepoint.com/teams/prj_teamsite-731017,4c19e315-4028-4fee-9dd6-7731d6e45526,,,,Bonnie Test,BonnieTest@7rkd12.onmicrosoft.com,Mihal,Mihal@7rkd12.onmicrosoft.com,AdaTest,AdaTest@7rkd12.onmicrosoft.com,,,,Asia-Pacific,Team site (no Microsoft 365 group),40,0.005,Existing external users,,Indexed,,,Claimed,2026-07-31 11:05:00,,2026-08-03 13:28:13,2027-02-03 13:28:13,2026-08-03 13:29:54,In compliance,,,ADB - SharePoint Site Renewal,ADB - Do not allow External Sharing (SharePoint Site),,,,,,,,,,No,,,,,,,,,,,,,CSD,,,,CGAdoption,EDRMS Project Site,,,,,,,,,,,,,,,,,,,,,,,,teamsite-731017,
Site,prj_Team Site-731016,,Active,Active,Not on hold,https://7rkd12.sharepoint.com/teams/prj_teamsite-731016,0d56edaa-f492-4784-912c-67e13186cb6e,,,,Bonnie Test,BonnieTest@7rkd12.onmicrosoft.com,Mihal,Mihal@7rkd12.onmicrosoft.com,AdaTest,AdaTest@7rkd12.onmicrosoft.com,,,,Asia-Pacific,Team site (no Microsoft 365 group),40,0.005,Existing external users,,Indexed,,,Claimed,2026-07-31 11:04:58,,2026-08-03 14:30:30,2027-02-03 14:30:30,2026-08-03 14:32:38,In compliance,,,ADB - SharePoint Site Renewal,ADB - Do not allow External Sharing (SharePoint Site),,,,,,,,,,No,,,,,,,,,,,,,CSD,,,,CGAdoption,EDRMS Project Site,,,,,,,,,,,,,,,,,,,,,,,,teamsite-731016,
Site,prj_Team Site-731015,,Active,Active,Not on hold,https://7rkd12.sharepoint.com/teams/prj_teamsite-731015,b339f92b-c471-4434-8934-7ab095d85a02,,,,Bonnie Test,BonnieTest@7rkd12.onmicrosoft.com,Mihal,Mihal@7rkd12.onmicrosoft.com,AdaTest,AdaTest@7rkd12.onmicrosoft.com,,,,Asia-Pacific,Team site (no Microsoft 365 group),25600,0.005,Existing external users,,Indexed,,,Claimed,2026-07-31 11:04:50,,2026-08-01 04:06:08,2027-02-01 04:06:08,2026-08-01 04:09:52,In compliance,,,ADB - SharePoint Site Renewal,ADB - Do not allow External Sharing (SharePoint Site),,,,,,,,,,No,,,,,,,,,,,,,CSD,,,,CGAdoption,EDRMS Project Site,,,,,,,,,,,,,,,,,,,,,,,,teamsite-731015,
Site,prj_Team Site-731014,,Active,Active,Not on hold,https://7rkd12.sharepoint.com/teams/prj_teamsite-731014,2858e1c6-7821-4d57-a824-01e7ea94e69b,,,,Bonnie Test,BonnieTest@7rkd12.onmicrosoft.com,Mihal,Mihal@7rkd12.onmicrosoft.com,AdaTest,AdaTest@7rkd12.onmicrosoft.com,,,,Asia-Pacific,Team site (no Microsoft 365 group),25600,0.005,Existing external users,,Indexed,,,Claimed,2026-07-31 11:04:46,,2026-08-01 03:56:50,2027-02-01 03:56:50,2026-08-01 03:59:33,In compliance,,,ADB - SharePoint Site Renewal,ADB - Do not allow External Sharing (SharePoint Site),,,,,,,,,,No,,,,,,,,,,,,,CSD,,,,CGAdoption,EDRMS Project Site,,,,,,,,,,,,,,,,,,,,,,,,teamsite-731014,
Site,prj_Team Site-731013,,Active,Active,Not on hold,https://7rkd12.sharepoint.com/teams/prj_teamsite-731013,5ef5f087-8eef-47a7-bd3e-fe66c4be6e1e,,,,Bonnie Test,BonnieTest@7rkd12.onmicrosoft.com,Mihal,Mihal@7rkd12.onmicrosoft.com,AdaTest,AdaTest@7rkd12.onmicrosoft.com,,,,Asia-Pacific,Team site (no Microsoft 365 group),25600,0.005,Existing external users,,Indexed,,,Claimed,2026-07-31 11:04:43,,2026-07-31 14:19:03,2027-01-31 14:19:03,2026-07-31 14:20:55,In compliance,,,ADB - SharePoint Site Renewal,ADB - Do not allow External Sharing (SharePoint Site),,,,,,,,,,No,,,,,,,,,,,,,CSD,,,,CGAdoption,EDRMS Project Site,,,,,,,,,,,,,,,,,,,,,,,,teamsite-731013,
Site,prj_Team Site-731012,,Active,Active,Not on hold,https://7rkd12.sharepoint.com/teams/prj_teamsite-731012,0eec4b2e-a611-453f-ace3-b3a56a562536,,,,Bonnie Test,BonnieTest@7rkd12.onmicrosoft.com,Mihal,Mihal@7rkd12.onmicrosoft.com,AdaTest,AdaTest@7rkd12.onmicrosoft.com,,,,Asia-Pacific,Team site (no Microsoft 365 group),25600,0.005,Existing external users,,Indexed,,,Claimed,2026-07-31 11:04:31,,2026-08-04 09:00:00,2027-01-31 17:55:02,2026-07-31 17:56:39,In compliance,,,ADB - SharePoint Site Renewal,ADB - Do not allow External Sharing (SharePoint Site),,,,,,,,,,No,,,,,,,,,,,,,CSD,,,,CGAdoption,EDRMS Project Site,,,,,,,,,,,,,,,,,,,,,,,,teamsite-731012,
Site,prj_Team Site-731011,,Active,Active,Not on hold,https://7rkd12.sharepoint.com/teams/prj_teamsite-731011,87148f5f-61f3-48fd-b9e8-360c75eaeaeb,,,,Bonnie Test,BonnieTest@7rkd12.onmicrosoft.com,Mihal,Mihal@7rkd12.onmicrosoft.com,AdaTest,AdaTest@7rkd12.onmicrosoft.com,,,,Asia-Pacific,Team site (no Microsoft 365 group),25600,0.005,Existing external users,,Indexed,,,Claimed,2026-07-31 11:04:11,,2026-07-31 14:33:04,2027-01-31 14:33:04,2026-07-31 14:35:33,In compliance,,,ADB - SharePoint Site Renewal,ADB - Do not allow External Sharing (SharePoint Site),,,,,,,,,,No,,,,,,,,,,,,,CSD,,,,CGAdoption,EDRMS Project Site,,,,,,,,,,,,,,,,,,,,,,,,teamsite-731011,
Site,prj_Team Site-731010,,Active,Active,Not on hold,https://7rkd12.sharepoint.com/teams/prj_teamsite-731010,3360439a-bb81-4cc1-9c63-30db9e5b504d,,,,Bonnie Test,BonnieTest@7rkd12.onmicrosoft.com,Mihal,Mihal@7rkd12.onmicrosoft.com,AdaTest,AdaTest@7rkd12.onmicrosoft.com,,,,Asia-Pacific,Team site (no Microsoft 365 group),25600,0.005,Existing external users,,Indexed,,,Claimed,2026-07-31 11:04:09,,2026-07-31 20:41:09,2027-01-31 20:41:09,2026-07-31 20:43:00,In compliance,,,ADB - SharePoint Site Renewal,ADB - Do not allow External Sharing (SharePoint Site),,,,,,,,,,No,,,,,,,,,,,,,CSD,,,,CGAdoption,EDRMS Project Site,,,,,,,,,,,,,,,,,,,,,,,,teamsite-731010,
Site,prj_Team Site-731009,,Active,Active,Not on hold,https://7rkd12.sharepoint.com/teams/prj_teamsite-731009,7a0232f5-f7de-4557-a9c1-5e1f561b405b,,,,Bonnie Test,BonnieTest@7rkd12.onmicrosoft.com,Mihal,Mihal@7rkd12.onmicrosoft.com,AdaTest,AdaTest@7rkd12.onmicrosoft.com,,,,Asia-Pacific,Team site (no Microsoft 365 group),40,0.005,Existing external users,,Indexed,,,Claimed,2026-07-31 11:04:04,,2026-08-03 13:26:42,2027-02-03 13:26:42,2026-08-03 13:28:08,In compliance,,,ADB - SharePoint Site Renewal,ADB - Do not allow External Sharing (SharePoint Site),,,,,,,,,,No,,,,,,,,,,,,,CSD,,,,CGAdoption,EDRMS Project Site,,,,,,,,,,,,,,,,,,,,,,,,teamsite-731009,
Site,prj_Team Site-731008,,Active,Active,Not on hold,https://7rkd12.sharepoint.com/teams/prj_teamsite-731008,378e3c3f-09de-482f-b4df-bc301da73194,,,,Bonnie Test,BonnieTest@7rkd12.onmicrosoft.com,Mihal,Mihal@7rkd12.onmicrosoft.com,AdaTest,AdaTest@7rkd12.onmicrosoft.com,,,,Asia-Pacific,Team site (no Microsoft 365 group),25600,0.005,Existing external users,,Indexed,,,Claimed,2026-07-31 11:03:59,,2026-08-01 07:30:33,2027-02-01 07:30:33,2026-08-01 07:34:16,In compliance,,,ADB - SharePoint Site Renewal,ADB - Do not allow External Sharing (SharePoint Site),,,,,,,,,,No,,,,,,,,,,,,,CSD,,,,CGAdoption,EDRMS Project Site,,,,,,,,,,,,,,,,,,,,,,,,teamsite-731008,
Site,prj_Team Site-731007,,Active,Active,Not on hold,https://7rkd12.sharepoint.com/teams/prj_teamsite-731007,d5a4e609-a593-45c5-a3f4-ada4149cf817,,,,Bonnie Test,BonnieTest@7rkd12.onmicrosoft.com,Mihal,Mihal@7rkd12.onmicrosoft.com,AdaTest,AdaTest@7rkd12.onmicrosoft.com,,,,Asia-Pacific,Team site (no Microsoft 365 group),40,0.005,Existing external users,,Indexed,,,Claimed,2026-07-31 11:03:50,,2026-08-03 12:29:38,2027-02-03 12:29:38,2026-08-03 12:30:19,In compliance,,,ADB - SharePoint Site Renewal,ADB - Do not allow External Sharing (SharePoint Site),,,,,,,,,,No,,,,,,,,,,,,,CSD,,,,CGAdoption,EDRMS Project Site,,,,,,,,,,,,,,,,,,,,,,,,teamsite-731007,
Site,prj_Team Site-731006,,Active,Active,Not on hold,https://7rkd12.sharepoint.com/teams/prj_teamsite-731006,99f4d48a-7fa6-4fb9-9a55-91066122f0ba,,,,Bonnie Test,BonnieTest@7rkd12.onmicrosoft.com,Mihal,Mihal@7rkd12.onmicrosoft.com,AdaTest,AdaTest@7rkd12.onmicrosoft.com,,,,Asia-Pacific,Team site (no Microsoft 365 group),25600,0.005,Existing external users,,Indexed,,,Claimed,2026-07-31 11:03:43,,2026-07-31 16:46:20,2027-01-31 16:46:20,2026-07-31 16:47:43,In compliance,,,ADB - SharePoint Site Renewal,ADB - Do not allow External Sharing (SharePoint Site),,,,,,,,,,No,,,,,,,,,,,,,CSD,,,,CGAdoption,EDRMS Project Site,,,,,,,,,,,,,,,,,,,,,,,,teamsite-731006,
Site,prj_Team Site-731005,,Active,Active,Not on hold,https://7rkd12.sharepoint.com/teams/prj_teamsite-731005,1e53d8ac-4edc-46ae-99c9-fb9db644dac9,,,,Bonnie Test,BonnieTest@7rkd12.onmicrosoft.com,Mihal,Mihal@7rkd12.onmicrosoft.com,AdaTest,AdaTest@7rkd12.onmicrosoft.com,,,,Asia-Pacific,Team site (no Microsoft 365 group),25600,0.005,Existing external users,,Indexed,,,Claimed,2026-07-31 11:03:41,,2026-07-31 19:45:08,2027-01-31 19:45:08,2026-07-31 19:47:30,In compliance,,,ADB - SharePoint Site Renewal,ADB - Do not allow External Sharing (SharePoint Site),,,,,,,,,,No,,,,,,,,,,,,,CSD,,,,CGAdoption,EDRMS Project Site,,,,,,,,,,,,,,,,,,,,,,,,teamsite-731005,
Site,prj_Team Site-731004,,Active,Active,Not on hold,https://7rkd12.sharepoint.com/teams/prj_teamsite-731004,ea84a640-44cc-41ce-a363-6f00199e0e32,,,,Bonnie Test,BonnieTest@7rkd12.onmicrosoft.com,Mihal,Mihal@7rkd12.onmicrosoft.com,AdaTest,AdaTest@7rkd12.onmicrosoft.com,,,,Asia-Pacific,Team site (no Microsoft 365 group),25600,0.005,Existing external users,,Indexed,,,Claimed,2026-07-31 11:03:36,,2026-08-01 05:35:41,2027-02-01 05:35:41,2026-08-01 05:42:50,In compliance,,,ADB - SharePoint Site Renewal,ADB - Do not allow External Sharing (SharePoint Site),,,,,,,,,,No,,,,,,,,,,,,,CSD,,,,CGAdoption,EDRMS Project Site,,,,,,,,,,,,,,,,,,,,,,,,teamsite-731004,
Site,prj_Team Site-731003,,Active,Active,Not on hold,https://7rkd12.sharepoint.com/teams/prj_teamsite-731003,a20d549e-62e6-42c3-b78b-f1b7b51a4d40,,,,Bonnie Test,BonnieTest@7rkd12.onmicrosoft.com,Mihal,Mihal@7rkd12.onmicrosoft.com,AdaTest,AdaTest@7rkd12.onmicrosoft.com,,,,Asia-Pacific,Team site (no Microsoft 365 group),25600,0.005,Existing external users,,Indexed,,,Claimed,2026-07-31 11:03:31,,2026-08-01 04:45:22,2027-02-01 04:45:22,2026-08-01 04:46:57,In compliance,,,ADB - SharePoint Site Renewal,ADB - Do not allow External Sharing (SharePoint Site),,,,,,,,,,No,,,,,,,,,,,,,CSD,,,,CGAdoption,EDRMS Project Site,,,,,,,,,,,,,,,,,,,,,,,,teamsite-731003,
Site,prj_Team Site-731002,,Active,Active,Not on hold,https://7rkd12.sharepoint.com/teams/prj_teamsite-731002,5da5594f-3790-41b4-bb25-446bcc7ba476,,,,Bonnie Test,BonnieTest@7rkd12.onmicrosoft.com,Mihal,Mihal@7rkd12.onmicrosoft.com,AdaTest,AdaTest@7rkd12.onmicrosoft.com,,,,Asia-Pacific,Team site (no Microsoft 365 group),25600,0.005,Existing external users,,Indexed,,,Claimed,2026-07-31 11:03:28,,2026-08-01 05:53:09,2027-02-01 05:53:09,2026-08-01 05:55:22,In compliance,,,ADB - SharePoint Site Renewal,ADB - Do not allow External Sharing (SharePoint Site),,,,,,,,,,No,,,,,,,,,,,,,CSD,,,,CGAdoption,EDRMS Project Site,,,,,,,,,,,,,,,,,,,,,,,,teamsite-731002,
Site,prj_Team Site-731001,,Active,Active,Not on hold,https://7rkd12.sharepoint.com/teams/prj_teamsite-731001,36974a3a-4cc6-4ef5-9335-706aee871478,,,,Bonnie Test,BonnieTest@7rkd12.onmicrosoft.com,Mihal,Mihal@7rkd12.onmicrosoft.com,AdaTest,AdaTest@7rkd12.onmicrosoft.com,,,,Asia-Pacific,Team site (no Microsoft 365 group),25600,0.005,Existing external users,,Indexed,,,Claimed,2026-07-31 11:03:25,,2026-08-11 09:00:00,2027-01-31 22:01:35,2026-07-31 22:06:36,In compliance,,,ADB - SharePoint Site Renewal,ADB - Do not allow External Sharing (SharePoint Site),,,,,,,,,,No,,,,,,,,,,,,,CSD,,,,CGAdoption,EDRMS Project Site,,,,,,,,,,,,,,,,,,,,,,,,teamsite-731001,
Site,prj_Group Site-731100,,Active,Active,Not on hold,https://7rkd12.sharepoint.com/teams/prj_groupsite-731100,c3f561ee-4ae3-4e1c-949a-5f30c5f5a9df,,,,Bonnie Test,BonnieTest@7rkd12.onmicrosoft.com,Mihal,Mihal@7rkd12.onmicrosoft.com,AdaTest,AdaTest@7rkd12.onmicrosoft.com,,,,Asia-Pacific,Team site (no Microsoft 365 group),25600,0.005,Existing external users,,Indexed,,,Claimed,2026-07-31 11:03:13,,2026-08-01 06:08:23,2027-02-01 06:08:23,2026-08-01 06:09:35,In compliance,,,ADB - SharePoint Site Renewal,ADB - Do not allow External Sharing (SharePoint Site),,,,,,,,,,No,,,,,,,,,,,,,CSD,,,,CGAdoption,EDRMS Project Site,,,,,,,,,,,,,,,,,,,,,,,,groupsite-731100,
Site,prj_Group Site-731099,,Active,Active,Not on hold,https://7rkd12.sharepoint.com/teams/prj_groupsite-731099,6df127f0-6d5d-4e62-ab77-e30a87511f4c,,,,Bonnie Test,BonnieTest@7rkd12.onmicrosoft.com,Mihal,Mihal@7rkd12.onmicrosoft.com,AdaTest,AdaTest@7rkd12.onmicrosoft.com,,,,Asia-Pacific,Team site (no Microsoft 365 group),25600,0.005,Existing external users,,Indexed,,,Claimed,2026-07-31 11:02:59,,2026-08-11 09:00:00,2027-02-01 08:59:27,2026-08-01 09:01:54,In compliance,,,ADB - SharePoint Site Renewal,ADB - Do not allow External Sharing (SharePoint Site),,,,,,,,,,No,,,,,,,,,,,,,CSD,,,,CGAdoption,EDRMS Project Site,,,,,,,,,,,,,,,,,,,,,,,,groupsite-731099,
Site,prj_Group Site-731098,,Active,Active,Not on hold,https://7rkd12.sharepoint.com/teams/prj_groupsite-731098,73606199-3354-46a5-ba71-9cda308b01ff,,,,Bonnie Test,BonnieTest@7rkd12.onmicrosoft.com,Mihal,Mihal@7rkd12.onmicrosoft.com,AdaTest,AdaTest@7rkd12.onmicrosoft.com,,,,Asia-Pacific,Team site (no Microsoft 365 group),25600,0.005,Existing external users,,Indexed,,,Claimed,2026-07-31 11:02:53,,2026-08-01 09:02:36,2027-02-01 09:02:36,2026-08-01 09:04:10,In compliance,,,ADB - SharePoint Site Renewal,ADB - Do not allow External Sharing (SharePoint Site),,,,,,,,,,No,,,,,,,,,,,,,CSD,,,,CGAdoption,EDRMS Project Site,,,,,,,,,,,,,,,,,,,,,,,,groupsite-731098,
Site,prj_Group Site-731097,,Active,Active,Not on hold,https://7rkd12.sharepoint.com/teams/prj_groupsite-731097,138a48a9-bb4b-484c-a6e4-5967e8079230,,,,Bonnie Test,BonnieTest@7rkd12.onmicrosoft.com,Mihal,Mihal@7rkd12.onmicrosoft.com,AdaTest,AdaTest@7rkd12.onmicrosoft.com,,,,Asia-Pacific,Team site (no Microsoft 365 group),40,0.005,Existing external users,,Indexed,,,Claimed,2026-07-31 11:02:53,,2026-08-03 14:05:15,2027-02-03 14:05:15,2026-08-03 14:06:38,In compliance,,,ADB - SharePoint Site Renewal,ADB - Do not allow External Sharing (SharePoint Site),,,,,,,,,,No,,,,,,,,,,,,,CSD,,,,CGAdoption,EDRMS Project Site,,,,,,,,,,,,,,,,,,,,,,,,groupsite-731097,
Site,prj_Group Site-731096,,Active,Active,Not on hold,https://7rkd12.sharepoint.com/teams/prj_groupsite-731096,02bd981a-5e7c-4552-968a-a2a9e71408d0,,,,Bonnie Test,BonnieTest@7rkd12.onmicrosoft.com,Mihal,Mihal@7rkd12.onmicrosoft.com,AdaTest,AdaTest@7rkd12.onmicrosoft.com,,,,Asia-Pacific,Team site (no Microsoft 365 group),25600,0.005,Existing external users,,Indexed,,,Claimed,2026-07-31 11:02:49,,2026-08-01 09:18:22,2027-02-01 09:18:22,2026-08-01 09:20:13,In compliance,,,ADB - SharePoint Site Renewal,ADB - Do not allow External Sharing (SharePoint Site),,,,,,,,,,No,,,,,,,,,,,,,CSD,,,,CGAdoption,EDRMS Project Site,,,,,,,,,,,,,,,,,,,,,,,,groupsite-731096,
Site,prj_Group Site-731095,,Active,Active,Not on hold,https://7rkd12.sharepoint.com/teams/prj_groupsite-731095,d0df2e84-083a-4e3d-9de4-d007cf4d1108,,,,Bonnie Test,BonnieTest@7rkd12.onmicrosoft.com,Mihal,Mihal@7rkd12.onmicrosoft.com,AdaTest,AdaTest@7rkd12.onmicrosoft.com,,,,Asia-Pacific,Team site (no Microsoft 365 group),25600,0.005,Existing external users,,Indexed,,,Claimed,2026-07-31 11:02:43,,2026-08-01 10:05:47,2027-02-01 10:05:47,2026-08-01 10:12:18,In compliance,,,ADB - SharePoint Site Renewal,ADB - Do not allow External Sharing (SharePoint Site),,,,,,,,,,No,,,,,,,,,,,,,CSD,,,,CGAdoption,EDRMS Project Site,,,,,,,,,,,,,,,,,,,,,,,,groupsite-731095,
Site,prj_Group Site-731094,,Active,Active,Not on hold,https://7rkd12.sharepoint.com/teams/prj_groupsite-731094,73453d92-348b-4753-a9df-6d4cdef6dd27,,,,Bonnie Test,BonnieTest@7rkd12.onmicrosoft.com,Mihal,Mihal@7rkd12.onmicrosoft.com,AdaTest,AdaTest@7rkd12.onmicrosoft.com,,,,Asia-Pacific,Team site (no Microsoft 365 group),40,0.005,Existing external users,,Indexed,,,Claimed,2026-07-31 11:02:35,,2026-08-03 16:24:42,2027-02-03 16:24:42,2026-08-03 16:27:41,In compliance,,,ADB - SharePoint Site Renewal,ADB - Do not allow External Sharing (SharePoint Site),,,,,,,,,,No,,,,,,,,,,,,,CSD,,,,CGAdoption,EDRMS Project Site,,,,,,,,,,,,,,,,,,,,,,,,groupsite-731094,
Site,prj_Group Site-731093,,Active,Active,Not on hold,https://7rkd12.sharepoint.com/teams/prj_groupsite-731093,39120ad4-9c51-46f8-bb04-d2c2b749f4c9,,,,Bonnie Test,BonnieTest@7rkd12.onmicrosoft.com,Mihal,Mihal@7rkd12.onmicrosoft.com,AdaTest,AdaTest@7rkd12.onmicrosoft.com,,,,Asia-Pacific,Team site (no Microsoft 365 group),25600,0.005,Existing external users,,Indexed,,,Claimed,2026-07-31 11:02:26,,2026-07-31 15:47:37,2027-01-31 15:47:37,2026-07-31 15:48:41,In compliance,,,ADB - SharePoint Site Renewal,ADB - Do not allow External Sharing (SharePoint Site),,,,,,,,,,No,,,,,,,,,,,,,CSD,,,,CGAdoption,EDRMS Project Site,,,,,,,,,,,,,,,,,,,,,,,,groupsite-731093,
Site,prj_Group Site-731092,,Active,Active,Not on hold,https://7rkd12.sharepoint.com/teams/prj_groupsite-731092,bfd0c3c3-fb86-4253-8df1-4e74be7d88f2,,,,Bonnie Test,BonnieTest@7rkd12.onmicrosoft.com,Mihal,Mihal@7rkd12.onmicrosoft.com,AdaTest,AdaTest@7rkd12.onmicrosoft.com,,,,Asia-Pacific,Team site (no Microsoft 365 group),25600,0.005,Existing external users,,Indexed,,,Claimed,2026-07-31 11:02:23,,2026-08-01 02:37:09,2027-02-01 02:37:09,2026-08-01 02:39:13,In compliance,,,ADB - SharePoint Site Renewal,ADB - Do not allow External Sharing (SharePoint Site),,,,,,,,,,No,,,,,,,,,,,,,CSD,,,,CGAdoption,EDRMS Project Site,,,,,,,,,,,,,,,,,,,,,,,,groupsite-731092,
Site,prj_Group Site-731091,,Active,Active,Not on hold,https://7rkd12.sharepoint.com/teams/prj_groupsite-731091,efcd36e7-8c95-4819-bc22-c072d1b8cdc9,,,,Bonnie Test,BonnieTest@7rkd12.onmicrosoft.com,Mihal,Mihal@7rkd12.onmicrosoft.com,AdaTest,AdaTest@7rkd12.onmicrosoft.com,,,,Asia-Pacific,Team site (no Microsoft 365 group),25600,0.004,Existing external users,,Indexed,,,Claimed,2026-07-31 11:02:20,,2026-08-01 05:23:53,2027-02-01 05:23:53,2026-08-01 05:28:57,In compliance,,,ADB - SharePoint Site Renewal,ADB - Do not allow External Sharing (SharePoint Site),,,,,,,,,,No,,,,,,,,,,,,,CSD,,,,CGAdoption,EDRMS Project Site,,,,,,,,,,,,,,,,,,,,,,,,groupsite-731091,
Site,prj_Group Site-731090,,Active,Active,Not on hold,https://7rkd12.sharepoint.com/teams/prj_groupsite-731090,f05b5443-b748-427d-9719-525a2cb8dc39,,,,Bonnie Test,BonnieTest@7rkd12.onmicrosoft.com,Mihal,Mihal@7rkd12.onmicrosoft.com,AdaTest,AdaTest@7rkd12.onmicrosoft.com,,,,Asia-Pacific,Team site (no Microsoft 365 group),25600,0.005,Existing external users,,Indexed,,,Claimed,2026-07-31 11:02:17,,2026-07-31 20:50:27,2027-01-31 20:50:27,2026-07-31 20:51:32,In compliance,,,ADB - SharePoint Site Renewal,ADB - Do not allow External Sharing (SharePoint Site),,,,,,,,,,No,,,,,,,,,,,,,CSD,,,,CGAdoption,EDRMS Project Site,,,,,,,,,,,,,,,,,,,,,,,,groupsite-731090,
Site,prj_Group Site-731089,,Active,Active,Not on hold,https://7rkd12.sharepoint.com/teams/prj_groupsite-731089,532b9e68-ab65-44ab-92e8-78be7e3cda63,,,,Bonnie Test,BonnieTest@7rkd12.onmicrosoft.com,Mihal,Mihal@7rkd12.onmicrosoft.com,AdaTest,AdaTest@7rkd12.onmicrosoft.com,,,,Asia-Pacific,Team site (no Microsoft 365 group),25600,0.005,Existing external users,,Indexed,,,Claimed,2026-07-31 11:02:16,,2026-07-31 23:47:13,2027-01-31 23:47:13,2026-07-31 23:49:51,In compliance,,,ADB - SharePoint Site Renewal,ADB - Do not allow External Sharing (SharePoint Site),,,,,,,,,,No,,,,,,,,,,,,,CSD,,,,CGAdoption,EDRMS Project Site,,,,,,,,,,,,,,,,,,,,,,,,groupsite-731089,
Site,prj_Group Site-731088,,Active,Active,Not on hold,https://7rkd12.sharepoint.com/teams/prj_groupsite-731088,07154415-7985-40d8-9697-0da69c539a2c,,,,Bonnie Test,BonnieTest@7rkd12.onmicrosoft.com,Mihal,Mihal@7rkd12.onmicrosoft.com,AdaTest,AdaTest@7rkd12.onmicrosoft.com,,,,Asia-Pacific,Team site (no Microsoft 365 group),25600,0.005,Existing external users,,Indexed,,,Claimed,2026-07-31 11:02:08,,2026-07-31 21:15:58,2027-01-31 21:15:58,2026-07-31 21:18:54,In compliance,,,ADB - SharePoint Site Renewal,ADB - Do not allow External Sharing (SharePoint Site),,,,,,,,,,No,,,,,,,,,,,,,CSD,,,,CGAdoption,EDRMS Project Site,,,,,,,,,,,,,,,,,,,,,,,,groupsite-731088,
Site,prj_Group Site-731087,,Active,Active,Not on hold,https://7rkd12.sharepoint.com/teams/prj_groupsite-731087,f7abf285-b92c-4965-91db-92d7d1ccee5c,,,,Bonnie Test,BonnieTest@7rkd12.onmicrosoft.com,Mihal,Mihal@7rkd12.onmicrosoft.com,AdaTest,AdaTest@7rkd12.onmicrosoft.com,,,,Asia-Pacific,Team site (no Microsoft 365 group),25600,0.005,Existing external users,,Indexed,,,Claimed,2026-07-31 11:02:07,,2026-08-01 05:11:04,2027-02-01 05:11:04,2026-08-01 05:13:31,In compliance,,,ADB - SharePoint Site Renewal,ADB - Do not allow External Sharing (SharePoint Site),,,,,,,,,,No,,,,,,,,,,,,,CSD,,,,CGAdoption,EDRMS Project Site,,,,,,,,,,,,,,,,,,,,,,,,groupsite-731087,
Site,prj_Group Site-731086,,Active,Active,Not on hold,https://7rkd12.sharepoint.com/teams/prj_groupsite-731086,51e2c1a9-556a-4919-8745-ff2609cd6e8a,,,,Bonnie Test,BonnieTest@7rkd12.onmicrosoft.com,Mihal,Mihal@7rkd12.onmicrosoft.com,AdaTest,AdaTest@7rkd12.onmicrosoft.com,,,,Asia-Pacific,Team site (no Microsoft 365 group),25600,0.005,Existing external users,,Indexed,,,Claimed,2026-07-31 11:01:45,,2026-07-31 20:03:43,2027-01-31 20:03:43,2026-07-31 20:08:59,In compliance,,,ADB - SharePoint Site Renewal,ADB - Do not allow External Sharing (SharePoint Site),,,,,,,,,,No,,,,,,,,,,,,,CSD,,,,CGAdoption,EDRMS Project Site,,,,,,,,,,,,,,,,,,,,,,,,groupsite-731086,
Site,prj_Group Site-731085,,Active,Active,Not on hold,https://7rkd12.sharepoint.com/teams/prj_groupsite-731085,a1964f01-be98-4b05-85cb-df26f6ff8bc2,,,,Bonnie Test,BonnieTest@7rkd12.onmicrosoft.com,Mihal,Mihal@7rkd12.onmicrosoft.com,AdaTest,AdaTest@7rkd12.onmicrosoft.com,,,,Asia-Pacific,Team site (no Microsoft 365 group),25600,0.005,Existing external users,,Indexed,,,Claimed,2026-07-31 11:01:43,,2026-08-01 04:19:57,2027-02-01 04:19:57,2026-08-01 04:22:32,In compliance,,,ADB - SharePoint Site Renewal,ADB - Do not allow External Sharing (SharePoint Site),,,,,,,,,,No,,,,,,,,,,,,,CSD,,,,CGAdoption,EDRMS Project Site,,,,,,,,,,,,,,,,,,,,,,,,groupsite-731085,
Site,prj_Group Site-731084,,Active,Active,Not on hold,https://7rkd12.sharepoint.com/teams/prj_groupsite-731084,fa0a45da-3695-4f43-ae83-5642393e429d,,,,Bonnie Test,BonnieTest@7rkd12.onmicrosoft.com,Mihal,Mihal@7rkd12.onmicrosoft.com,AdaTest,AdaTest@7rkd12.onmicrosoft.com,,,,Asia-Pacific,Team site (no Microsoft 365 group),25600,0.005,Existing external users,,Indexed,,,Claimed,2026-07-31 11:01:38,,2026-07-31 22:28:48,2027-01-31 22:28:48,2026-07-31 22:30:35,In compliance,,,ADB - SharePoint Site Renewal,ADB - Do not allow External Sharing (SharePoint Site),,,,,,,,,,No,,,,,,,,,,,,,CSD,,,,CGAdoption,EDRMS Project Site,,,,,,,,,,,,,,,,,,,,,,,,groupsite-731084,
Site,prj_Group Site-731083,,Active,Active,Not on hold,https://7rkd12.sharepoint.com/teams/prj_groupsite-731083,b541a26c-6682-4672-9a34-67e2933b174f,,,,Bonnie Test,BonnieTest@7rkd12.onmicrosoft.com,Mihal,Mihal@7rkd12.onmicrosoft.com,AdaTest,AdaTest@7rkd12.onmicrosoft.com,,,,Asia-Pacific,Team site (no Microsoft 365 group),25600,0.005,Existing external users,,Indexed,,,Claimed,2026-07-31 11:01:36,,2026-08-01 03:32:45,2027-02-01 03:32:45,2026-08-01 03:36:40,In compliance,,,ADB - SharePoint Site Renewal,ADB - Do not allow External Sharing (SharePoint Site),,,,,,,,,,No,,,,,,,,,,,,,CSD,,,,CGAdoption,EDRMS Project Site,,,,,,,,,,,,,,,,,,,,,,,,groupsite-731083,
Site,prj_Group Site-731082,,Active,Active,Not on hold,https://7rkd12.sharepoint.com/teams/prj_groupsite-731082,9db2eba0-b710-4b01-a611-2d7f487a95c0,,,,Bonnie Test,BonnieTest@7rkd12.onmicrosoft.com,Mihal,Mihal@7rkd12.onmicrosoft.com,AdaTest,AdaTest@7rkd12.onmicrosoft.com,,,,Asia-Pacific,Team site (no Microsoft 365 group),25600,0.005,Existing external users,,Indexed,,,Claimed,2026-07-31 11:01:31,,2026-08-01 04:28:45,2027-02-01 04:28:45,2026-08-01 04:31:00,In compliance,,,ADB - SharePoint Site Renewal,ADB - Do not allow External Sharing (SharePoint Site),,,,,,,,,,No,,,,,,,,,,,,,CSD,,,,CGAdoption,EDRMS Project Site,,,,,,,,,,,,,,,,,,,,,,,,groupsite-731082,
Site,prj_Group Site-731081,,Active,Active,Not on hold,https://7rkd12.sharepoint.com/teams/prj_groupsite-731081,b3f2bc05-a1be-48c9-8681-b8a723d44246,,,,Bonnie Test,BonnieTest@7rkd12.onmicrosoft.com,Mihal,Mihal@7rkd12.onmicrosoft.com,AdaTest,AdaTest@7rkd12.onmicrosoft.com,,,,Asia-Pacific,Team site (no Microsoft 365 group),25600,0.005,Existing external users,,Indexed,,,Claimed,2026-07-31 11:01:27,,2026-08-01 11:01:48,2027-02-01 11:01:48,2026-08-01 11:04:34,In compliance,,,ADB - SharePoint Site Renewal,ADB - Do not allow External Sharing (SharePoint Site),,,,,,,,,,No,,,,,,,,,,,,,CSD,,,,CGAdoption,EDRMS Project Site,,,,,,,,,,,,,,,,,,,,,,,,groupsite-731081,
Site,prj_Group Site-731080,,Active,Active,Not on hold,https://7rkd12.sharepoint.com/teams/prj_groupsite-731080,e8138c05-2b86-4b10-8f72-c80e2f976b87,,,,Bonnie Test,BonnieTest@7rkd12.onmicrosoft.com,Mihal,Mihal@7rkd12.onmicrosoft.com,AdaTest,AdaTest@7rkd12.onmicrosoft.com,,,,Asia-Pacific,Team site (no Microsoft 365 group),25600,0.005,Existing external users,,Indexed,,,Claimed,2026-07-31 11:01:25,,2026-08-01 10:51:32,2027-02-01 10:51:32,2026-08-01 10:52:46,In compliance,,,ADB - SharePoint Site Renewal,ADB - Do not allow External Sharing (SharePoint Site),,,,,,,,,,No,,,,,,,,,,,,,CSD,,,,CGAdoption,EDRMS Project Site,,,,,,,,,,,,,,,,,,,,,,,,groupsite-731080,
Site,prj_Group Site-731079,,Active,Active,Not on hold,https://7rkd12.sharepoint.com/teams/prj_groupsite-731079,f25e0c0a-7a77-492d-9930-fbc1124c3f14,,,,Bonnie Test,BonnieTest@7rkd12.onmicrosoft.com,Mihal,Mihal@7rkd12.onmicrosoft.com,AdaTest,AdaTest@7rkd12.onmicrosoft.com,,,,Asia-Pacific,Team site (no Microsoft 365 group),40,0.005,Existing external users,,Indexed,,,Claimed,2026-07-31 11:01:11,,2026-08-03 15:56:59,2027-02-03 15:56:59,2026-08-03 15:58:57,In compliance,,,ADB - SharePoint Site Renewal,ADB - Do not allow External Sharing (SharePoint Site),,,,,,,,,,No,,,,,,,,,,,,,CSD,,,,CGAdoption,EDRMS Project Site,,,,,,,,,,,,,,,,,,,,,,,,groupsite-731079,
Site,prj_Group Site-731078,,Active,Active,Not on hold,https://7rkd12.sharepoint.com/teams/prj_groupsite-731078,06de05ed-c7fa-4d6d-876e-10a75c49a069,,,,Bonnie Test,BonnieTest@7rkd12.onmicrosoft.com,Mihal,Mihal@7rkd12.onmicrosoft.com,AdaTest,AdaTest@7rkd12.onmicrosoft.com,,,,Asia-Pacific,Team site (no Microsoft 365 group),25600,0.005,Existing external users,,Indexed,,,Claimed,2026-07-31 11:01:07,,2026-08-01 06:13:18,2027-02-01 06:13:18,2026-08-01 06:15:31,In compliance,,,ADB - SharePoint Site Renewal,ADB - Do not allow External Sharing (SharePoint Site),,,,,,,,,,No,,,,,,,,,,,,,CSD,,,,CGAdoption,EDRMS Project Site,,,,,,,,,,,,,,,,,,,,,,,,groupsite-731078,
Site,prj_Group Site-731077,,Active,Active,Not on hold,https://7rkd12.sharepoint.com/teams/prj_groupsite-731077,6761ef83-4e18-4e17-9ff3-1bacad99833a,,,,Bonnie Test,BonnieTest@7rkd12.onmicrosoft.com,Mihal,Mihal@7rkd12.onmicrosoft.com,AdaTest,AdaTest@7rkd12.onmicrosoft.com,,,,Asia-Pacific,Team site (no Microsoft 365 group),25600,0.005,Existing external users,,Indexed,,,Claimed,2026-07-31 11:01:04,,2026-07-31 19:16:54,2027-01-31 19:16:54,2026-07-31 19:18:24,In compliance,,,ADB - SharePoint Site Renewal,ADB - Do not allow External Sharing (SharePoint Site),,,,,,,,,,No,,,,,,,,,,,,,CSD,,,,CGAdoption,EDRMS Project Site,,,,,,,,,,,,,,,,,,,,,,,,groupsite-731077,
Site,prj_Group Site-731076,,Active,Active,Not on hold,https://7rkd12.sharepoint.com/teams/prj_groupsite-731076,23a00d4f-3867-4d1a-9dda-87ebec4f31c0,,,,Bonnie Test,BonnieTest@7rkd12.onmicrosoft.com,Mihal,Mihal@7rkd12.onmicrosoft.com,AdaTest,AdaTest@7rkd12.onmicrosoft.com,,,,Asia-Pacific,Team site (no Microsoft 365 group),25600,0.005,Existing external users,,Indexed,,,Claimed,2026-07-31 11:01:02,,2026-07-31 18:20:18,2027-01-31 18:20:18,2026-07-31 18:23:55,In compliance,,,ADB - SharePoint Site Renewal,ADB - Do not allow External Sharing (SharePoint Site),,,,,,,,,,No,,,,,,,,,,,,,CSD,,,,CGAdoption,EDRMS Project Site,,,,,,,,,,,,,,,,,,,,,,,,groupsite-731076,
Site,prj_Group Site-731075,,Active,Active,Not on hold,https://7rkd12.sharepoint.com/teams/prj_groupsite-731075,06f77a43-e2de-4537-af44-38b7cdb7e153,,,,Bonnie Test,BonnieTest@7rkd12.onmicrosoft.com,Mihal,Mihal@7rkd12.onmicrosoft.com,AdaTest,AdaTest@7rkd12.onmicrosoft.com,,,,Asia-Pacific,Team site (no Microsoft 365 group),40,0.005,Existing external users,,Indexed,,,Claimed,2026-07-31 11:00:58,,2026-08-03 15:32:56,2027-02-03 15:32:56,2026-08-03 15:35:20,In compliance,,,ADB - SharePoint Site Renewal,ADB - Do not allow External Sharing (SharePoint Site),,,,,,,,,,No,,,,,,,,,,,,,CSD,,,,CGAdoption,EDRMS Project Site,,,,,,,,,,,,,,,,,,,,,,,,groupsite-731075,
Site,prj_Group Site-731074,,Active,Active,Not on hold,https://7rkd12.sharepoint.com/teams/prj_groupsite-731074,18dc8149-9207-4db7-aee5-b24d35087d83,,,,Bonnie Test,BonnieTest@7rkd12.onmicrosoft.com,Mihal,Mihal@7rkd12.onmicrosoft.com,AdaTest,AdaTest@7rkd12.onmicrosoft.com,,,,Asia-Pacific,Team site (no Microsoft 365 group),25600,0.005,Existing external users,,Indexed,,,Claimed,2026-07-31 11:00:54,,2026-08-01 09:11:29,2027-02-01 09:11:29,2026-08-01 09:14:15,In compliance,,,ADB - SharePoint Site Renewal,ADB - Do not allow External Sharing (SharePoint Site),,,,,,,,,,No,,,,,,,,,,,,,CSD,,,,CGAdoption,EDRMS Project Site,,,,,,,,,,,,,,,,,,,,,,,,groupsite-731074,
Site,prj_Group Site-731073,,Active,Active,Not on hold,https://7rkd12.sharepoint.com/teams/prj_groupsite-731073,8fcef08b-f9f6-447c-8506-d65519524441,,,,Bonnie Test,BonnieTest@7rkd12.onmicrosoft.com,Mihal,Mihal@7rkd12.onmicrosoft.com,AdaTest,AdaTest@7rkd12.onmicrosoft.com,,,,Asia-Pacific,Team site (no Microsoft 365 group),25600,0.005,Existing external users,,Indexed,,,Claimed,2026-07-31 11:00:45,,2026-08-01 03:37:34,2027-02-01 03:37:34,2026-08-01 03:38:26,In compliance,,,ADB - SharePoint Site Renewal,ADB - Do not allow External Sharing (SharePoint Site),,,,,,,,,,No,,,,,,,,,,,,,CSD,,,,CGAdoption,EDRMS Project Site,,,,,,,,,,,,,,,,,,,,,,,,groupsite-731073,
Site,prj_Group Site-731072,,Active,Active,Not on hold,https://7rkd12.sharepoint.com/teams/prj_groupsite-731072,85081164-72af-42d6-9bbb-b52166f12773,,,,Bonnie Test,BonnieTest@7rkd12.onmicrosoft.com,Mihal,Mihal@7rkd12.onmicrosoft.com,AdaTest,AdaTest@7rkd12.onmicrosoft.com,,,,Asia-Pacific,Team site (no Microsoft 365 group),25600,0.005,Existing external users,,Indexed,,,Claimed,2026-07-31 11:00:36,,2026-08-01 10:35:27,2027-02-01 10:35:27,2026-08-01 10:36:16,In compliance,,,ADB - SharePoint Site Renewal,ADB - Do not allow External Sharing (SharePoint Site),,,,,,,,,,No,,,,,,,,,,,,,CSD,,,,CGAdoption,EDRMS Project Site,,,,,,,,,,,,,,,,,,,,,,,,groupsite-731072,
Site,prj_Group Site-731071,,Active,Active,Not on hold,https://7rkd12.sharepoint.com/teams/prj_groupsite-731071,35086074-6ba5-4ee1-9b9a-11c37378278a,,,,Bonnie Test,BonnieTest@7rkd12.onmicrosoft.com,Mihal,Mihal@7rkd12.onmicrosoft.com,AdaTest,AdaTest@7rkd12.onmicrosoft.com,,,,Asia-Pacific,Team site (no Microsoft 365 group),25600,0.005,Existing external users,,Indexed,,,Claimed,2026-07-31 11:00:33,,2026-08-01 01:08:51,2027-02-01 01:08:51,2026-08-01 01:11:15,In compliance,,,ADB - SharePoint Site Renewal,ADB - Do not allow External Sharing (SharePoint Site),,,,,,,,,,No,,,,,,,,,,,,,CSD,,,,CGAdoption,EDRMS Project Site,,,,,,,,,,,,,,,,,,,,,,,,groupsite-731071,
Site,prj_Group Site-731070,,Active,Active,Not on hold,https://7rkd12.sharepoint.com/teams/prj_groupsite-731070,3ae74520-269d-4424-9df4-1d23c3e97e90,,,,Bonnie Test,BonnieTest@7rkd12.onmicrosoft.com,Mihal,Mihal@7rkd12.onmicrosoft.com,AdaTest,AdaTest@7rkd12.onmicrosoft.com,,,,Asia-Pacific,Team site (no Microsoft 365 group),25600,0.005,Existing external users,,Indexed,,,Claimed,2026-07-31 11:00:30,,2026-07-31 13:28:39,2027-01-31 13:28:39,2026-07-31 13:29:58,In compliance,,,ADB - SharePoint Site Renewal,ADB - Do not allow External Sharing (SharePoint Site),,,,,,,,,,No,,,,,,,,,,,,,CSD,,,,CGAdoption,EDRMS Project Site,,,,,,,,,,,,,,,,,,,,,,,,groupsite-731070,
Site,prj_Group Site-731069,,Active,Active,Not on hold,https://7rkd12.sharepoint.com/teams/prj_groupsite-731069,a4a4463a-bca8-4831-8fb8-3ca5a874753e,,,,Bonnie Test,BonnieTest@7rkd12.onmicrosoft.com,Mihal,Mihal@7rkd12.onmicrosoft.com,AdaTest,AdaTest@7rkd12.onmicrosoft.com,,,,Asia-Pacific,Team site (no Microsoft 365 group),25600,0.005,Existing external users,,Indexed,,,Claimed,2026-07-31 11:00:26,,2026-07-31 22:35:09,2027-01-31 22:35:09,2026-07-31 22:39:27,In compliance,,,ADB - SharePoint Site Renewal,ADB - Do not allow External Sharing (SharePoint Site),,,,,,,,,,No,,,,,,,,,,,,,CSD,,,,CGAdoption,EDRMS Project Site,,,,,,,,,,,,,,,,,,,,,,,,groupsite-731069,
Site,prj_Group Site-731068,,Active,Active,Not on hold,https://7rkd12.sharepoint.com/teams/prj_groupsite-731068,6a8164ec-bcad-4273-8256-ceaaeabbcdaa,,,,Bonnie Test,BonnieTest@7rkd12.onmicrosoft.com,Mihal,Mihal@7rkd12.onmicrosoft.com,AdaTest,AdaTest@7rkd12.onmicrosoft.com,,,,Asia-Pacific,Team site (no Microsoft 365 group),25600,0.005,Existing external users,,Indexed,,,Claimed,2026-07-31 11:00:24,,2026-08-01 00:08:05,2027-02-01 00:08:05,2026-08-01 00:09:36,In compliance,,,ADB - SharePoint Site Renewal,ADB - Do not allow External Sharing (SharePoint Site),,,,,,,,,,No,,,,,,,,,,,,,CSD,,,,CGAdoption,EDRMS Project Site,,,,,,,,,,,,,,,,,,,,,,,,groupsite-731068,
Site,prj_Group Site-731067,,Active,Active,Not on hold,https://7rkd12.sharepoint.com/teams/prj_groupsite-731067,51566f8c-a227-48e4-87a3-84f8800a2303,,,,Bonnie Test,BonnieTest@7rkd12.onmicrosoft.com,Mihal,Mihal@7rkd12.onmicrosoft.com,AdaTest,AdaTest@7rkd12.onmicrosoft.com,,,,Asia-Pacific,Team site (no Microsoft 365 group),25600,0.005,Existing external users,,Indexed,,,Claimed,2026-07-31 11:00:18,,2026-08-01 05:01:00,2027-02-01 05:01:00,2026-08-01 05:02:05,In compliance,,,ADB - SharePoint Site Renewal,ADB - Do not allow External Sharing (SharePoint Site),,,,,,,,,,No,,,,,,,,,,,,,CSD,,,,CGAdoption,EDRMS Project Site,,,,,,,,,,,,,,,,,,,,,,,,groupsite-731067,
Site,prj_Group Site-731066,,Active,Active,Not on hold,https://7rkd12.sharepoint.com/teams/prj_groupsite-731066,da2d6bfd-280b-47f5-b177-909e65fda728,,,,Bonnie Test,BonnieTest@7rkd12.onmicrosoft.com,Mihal,Mihal@7rkd12.onmicrosoft.com,AdaTest,AdaTest@7rkd12.onmicrosoft.com,,,,Asia-Pacific,Team site (no Microsoft 365 group),25600,0.005,Existing external users,,Indexed,,,Claimed,2026-07-31 11:00:05,,2026-07-31 20:27:35,2027-01-31 20:27:35,2026-07-31 20:29:10,In compliance,,,ADB - SharePoint Site Renewal,ADB - Do not allow External Sharing (SharePoint Site),,,,,,,,,,No,,,,,,,,,,,,,CSD,,,,CGAdoption,EDRMS Project Site,,,,,,,,,,,,,,,,,,,,,,,,groupsite-731066,
Site,prj_Group Site-731065,,Active,Active,Not on hold,https://7rkd12.sharepoint.com/teams/prj_groupsite-731065,e546787e-33e8-46d7-9ba2-c65a374b4492,,,,Bonnie Test,BonnieTest@7rkd12.onmicrosoft.com,Mihal,Mihal@7rkd12.onmicrosoft.com,AdaTest,AdaTest@7rkd12.onmicrosoft.com,,,,Asia-Pacific,Team site (no Microsoft 365 group),25600,0.005,Existing external users,,Indexed,,,Claimed,2026-07-31 11:00:03,,2026-07-31 20:45:30,2027-01-31 20:45:30,2026-07-31 20:47:14,In compliance,,,ADB - SharePoint Site Renewal,ADB - Do not allow External Sharing (SharePoint Site),,,,,,,,,,No,,,,,,,,,,,,,CSD,,,,CGAdoption,EDRMS Project Site,,,,,,,,,,,,,,,,,,,,,,,,groupsite-731065,
Site,prj_Group Site-731064,,Active,Active,Not on hold,https://7rkd12.sharepoint.com/teams/prj_groupsite-731064,14554413-63ad-4b51-8a25-b881f6aad3cf,,,,Bonnie Test,BonnieTest@7rkd12.onmicrosoft.com,Mihal,Mihal@7rkd12.onmicrosoft.com,AdaTest,AdaTest@7rkd12.onmicrosoft.com,,,,Asia-Pacific,Team site (no Microsoft 365 group),25600,0.005,Existing external users,,Indexed,,,Claimed,2026-07-31 10:59:57,,2026-08-04 09:00:00,2027-01-31 20:36:18,2026-07-31 20:38:57,In compliance,,,ADB - SharePoint Site Renewal,ADB - Do not allow External Sharing (SharePoint Site),,,,,,,,,,No,,,,,,,,,,,,,CSD,,,,CGAdoption,EDRMS Project Site,,,,,,,,,,,,,,,,,,,,,,,,groupsite-731064,
Site,prj_Group Site-731063,,Active,Active,Not on hold,https://7rkd12.sharepoint.com/teams/prj_groupsite-731063,942dd3d5-1070-4c6a-8a93-1bc52d976d37,,,,Bonnie Test,BonnieTest@7rkd12.onmicrosoft.com,Mihal,Mihal@7rkd12.onmicrosoft.com,AdaTest,AdaTest@7rkd12.onmicrosoft.com,,,,Asia-Pacific,Team site (no Microsoft 365 group),25600,0.005,Existing external users,,Indexed,,,Claimed,2026-07-31 10:59:55,,2026-08-11 09:00:00,2027-02-01 07:42:46,2026-08-01 07:43:19,In compliance,,,ADB - SharePoint Site Renewal,ADB - Do not allow External Sharing (SharePoint Site),,,,,,,,,,No,,,,,,,,,,,,,CSD,,,,CGAdoption,EDRMS Project Site,,,,,,,,,,,,,,,,,,,,,,,,groupsite-731063,
Site,prj_Group Site-731062,,Active,Active,Not on hold,https://7rkd12.sharepoint.com/teams/prj_groupsite-731062,8b143214-7dd6-4f48-ae4b-c041a78bea58,,,,Bonnie Test,BonnieTest@7rkd12.onmicrosoft.com,Mihal,Mihal@7rkd12.onmicrosoft.com,AdaTest,AdaTest@7rkd12.onmicrosoft.com,,,,Asia-Pacific,Team site (no Microsoft 365 group),25600,0.005,Existing external users,,Indexed,,,Claimed,2026-07-31 10:59:52,,2026-08-11 09:00:00,2027-02-01 07:49:46,2026-08-01 07:52:18,In compliance,,,ADB - SharePoint Site Renewal,ADB - Do not allow External Sharing (SharePoint Site),,,,,,,,,,No,,,,,,,,,,,,,CSD,,,,CGAdoption,EDRMS Project Site,,,,,,,,,,,,,,,,,,,,,,,,groupsite-731062,
Site,prj_Group Site-731061,,Active,Active,Not on hold,https://7rkd12.sharepoint.com/teams/prj_groupsite-731061,03530fd7-898e-4a96-8ce8-1035b42184e1,,,,Bonnie Test,BonnieTest@7rkd12.onmicrosoft.com,Mihal,Mihal@7rkd12.onmicrosoft.com,AdaTest,AdaTest@7rkd12.onmicrosoft.com,,,,Asia-Pacific,Team site (no Microsoft 365 group),25600,0.005,Existing external users,,Indexed,,,Claimed,2026-07-31 10:59:48,,2026-07-31 23:56:43,2027-01-31 23:56:43,2026-07-31 23:57:36,In compliance,,,ADB - SharePoint Site Renewal,ADB - Do not allow External Sharing (SharePoint Site),,,,,,,,,,No,,,,,,,,,,,,,CSD,,,,CGAdoption,EDRMS Project Site,,,,,,,,,,,,,,,,,,,,,,,,groupsite-731061,
Site,prj_Group Site-731060,,Active,Active,Not on hold,https://7rkd12.sharepoint.com/teams/prj_groupsite-731060,d2c5d3f3-640c-4143-a9ca-29c4a471ac30,,,,Bonnie Test,BonnieTest@7rkd12.onmicrosoft.com,Mihal,Mihal@7rkd12.onmicrosoft.com,AdaTest,AdaTest@7rkd12.onmicrosoft.com,,,,Asia-Pacific,Team site (no Microsoft 365 group),25600,0.005,Existing external users,,Indexed,,,Claimed,2026-07-31 10:59:44,,2026-08-01 08:02:16,2027-02-01 08:02:16,2026-08-01 08:08:18,In compliance,,,ADB - SharePoint Site Renewal,ADB - Do not allow External Sharing (SharePoint Site),,,,,,,,,,No,,,,,,,,,,,,,CSD,,,,CGAdoption,EDRMS Project Site,,,,,,,,,,,,,,,,,,,,,,,,groupsite-731060,
Site,prj_Group Site-731059,,Active,Active,Not on hold,https://7rkd12.sharepoint.com/teams/prj_groupsite-731059,1861db92-d7ed-4acf-bbe8-fd960d484541,,,,Bonnie Test,BonnieTest@7rkd12.onmicrosoft.com,Mihal,Mihal@7rkd12.onmicrosoft.com,AdaTest,AdaTest@7rkd12.onmicrosoft.com,,,,Asia-Pacific,Team site (no Microsoft 365 group),25600,0.005,Existing external users,,Indexed,,,Claimed,2026-07-31 10:59:41,,2026-08-01 07:23:15,2027-02-01 07:23:15,2026-08-01 07:25:15,In compliance,,,ADB - SharePoint Site Renewal,ADB - Do not allow External Sharing (SharePoint Site),,,,,,,,,,No,,,,,,,,,,,,,CSD,,,,CGAdoption,EDRMS Project Site,,,,,,,,,,,,,,,,,,,,,,,,groupsite-731059,
Site,prj_Group Site-731058,,Active,Active,Not on hold,https://7rkd12.sharepoint.com/teams/prj_groupsite-731058,416c9868-6766-4714-ad60-5b6cd49436d7,,,,Bonnie Test,BonnieTest@7rkd12.onmicrosoft.com,Mihal,Mihal@7rkd12.onmicrosoft.com,AdaTest,AdaTest@7rkd12.onmicrosoft.com,,,,Asia-Pacific,Team site (no Microsoft 365 group),25600,0.005,Existing external users,,Indexed,,,Claimed,2026-07-31 10:59:34,,2026-08-01 07:43:10,2027-02-01 07:43:10,2026-08-01 07:44:14,In compliance,,,ADB - SharePoint Site Renewal,ADB - Do not allow External Sharing (SharePoint Site),,,,,,,,,,No,,,,,,,,,,,,,CSD,,,,CGAdoption,EDRMS Project Site,,,,,,,,,,,,,,,,,,,,,,,,groupsite-731058,
Site,prj_Group Site-731057,,Active,Active,Not on hold,https://7rkd12.sharepoint.com/teams/prj_groupsite-731057,c708c04a-8d4b-4cd2-bb2c-41056233a0f5,,,,Bonnie Test,BonnieTest@7rkd12.onmicrosoft.com,Mihal,Mihal@7rkd12.onmicrosoft.com,AdaTest,AdaTest@7rkd12.onmicrosoft.com,,,,Asia-Pacific,Team site (no Microsoft 365 group),25600,0.005,Existing external users,,Indexed,,,Claimed,2026-07-31 10:59:29,,2026-08-03 09:00:00,2027-02-01 08:49:08,2026-08-01 08:50:30,In compliance,,,ADB - SharePoint Site Renewal,ADB - Do not allow External Sharing (SharePoint Site),,,,,,,,,,No,,,,,,,,,,,,,CSD,,,,CGAdoption,EDRMS Project Site,,,,,,,,,,,,,,,,,,,,,,,,groupsite-731057,
Site,prj_Group Site-731056,,Active,Active,Not on hold,https://7rkd12.sharepoint.com/teams/prj_groupsite-731056,b491246c-e7f1-4ac9-8657-f5126621cd5b,,,,Bonnie Test,BonnieTest@7rkd12.onmicrosoft.com,Mihal,Mihal@7rkd12.onmicrosoft.com,AdaTest,AdaTest@7rkd12.onmicrosoft.com,,,,Asia-Pacific,Team site (no Microsoft 365 group),40,0.005,Existing external users,,Indexed,,,Claimed,2026-07-31 10:59:25,,2026-08-03 13:24:34,2027-02-03 13:24:34,2026-08-03 13:28:24,In compliance,,,ADB - SharePoint Site Renewal,ADB - Do not allow External Sharing (SharePoint Site),,,,,,,,,,No,,,,,,,,,,,,,CSD,,,,CGAdoption,EDRMS Project Site,,,,,,,,,,,,,,,,,,,,,,,,groupsite-731056,
Site,prj_Group Site-731055,,Active,Active,Not on hold,https://7rkd12.sharepoint.com/teams/prj_groupsite-731055,a833bedf-04a1-4fec-9b51-27bb8adb6502,,,,Bonnie Test,BonnieTest@7rkd12.onmicrosoft.com,Mihal,Mihal@7rkd12.onmicrosoft.com,AdaTest,AdaTest@7rkd12.onmicrosoft.com,,,,Asia-Pacific,Team site (no Microsoft 365 group),25600,0.005,Existing external users,,Indexed,,,Claimed,2026-07-31 10:59:22,,2026-08-01 10:47:32,2027-02-01 10:47:32,2026-08-01 10:48:45,In compliance,,,ADB - SharePoint Site Renewal,ADB - Do not allow External Sharing (SharePoint Site),,,,,,,,,,No,,,,,,,,,,,,,CSD,,,,CGAdoption,EDRMS Project Site,,,,,,,,,,,,,,,,,,,,,,,,groupsite-731055,
Site,prj_Group Site-731054,,Active,Active,Not on hold,https://7rkd12.sharepoint.com/teams/prj_groupsite-731054,26dc1d5c-18dd-48d8-9291-12daa2f36bad,,,,Bonnie Test,BonnieTest@7rkd12.onmicrosoft.com,Mihal,Mihal@7rkd12.onmicrosoft.com,AdaTest,AdaTest@7rkd12.onmicrosoft.com,,,,Asia-Pacific,Team site (no Microsoft 365 group),40,0.005,Existing external users,,Indexed,,,Claimed,2026-07-31 10:59:20,,2026-08-03 12:16:11,2027-02-03 12:16:11,2026-08-03 12:20:11,In compliance,,,ADB - SharePoint Site Renewal,ADB - Do not allow External Sharing (SharePoint Site),,,,,,,,,,No,,,,,,,,,,,,,CSD,,,,CGAdoption,EDRMS Project Site,,,,,,,,,,,,,,,,,,,,,,,,groupsite-731054,
Site,prj_Group Site-731053,,Active,Active,Not on hold,https://7rkd12.sharepoint.com/teams/prj_groupsite-731053,513fae58-bb0c-4ad5-b087-067ce4f08ddf,,,,Bonnie Test,BonnieTest@7rkd12.onmicrosoft.com,Mihal,Mihal@7rkd12.onmicrosoft.com,AdaTest,AdaTest@7rkd12.onmicrosoft.com,,,,Asia-Pacific,Team site (no Microsoft 365 group),25600,0.005,Existing external users,,Indexed,,,Claimed,2026-07-31 10:59:16,,2026-08-01 02:23:00,2027-02-01 02:23:00,2026-08-01 02:25:45,In compliance,,,ADB - SharePoint Site Renewal,ADB - Do not allow External Sharing (SharePoint Site),,,,,,,,,,No,,,,,,,,,,,,,CSD,,,,CGAdoption,EDRMS Project Site,,,,,,,,,,,,,,,,,,,,,,,,groupsite-731053,
Site,prj_Group Site-731052,,Active,Active,Not on hold,https://7rkd12.sharepoint.com/teams/prj_groupsite-731052,8393c199-108a-44bd-97b9-21f6f70968ea,,,,Bonnie Test,BonnieTest@7rkd12.onmicrosoft.com,Mihal,Mihal@7rkd12.onmicrosoft.com,AdaTest,AdaTest@7rkd12.onmicrosoft.com,,,,Asia-Pacific,Team site (no Microsoft 365 group),25600,0.005,Existing external users,,Indexed,,,Claimed,2026-07-31 10:59:11,,2026-08-01 07:16:46,2027-02-01 07:16:46,2026-08-01 07:17:54,In compliance,,,ADB - SharePoint Site Renewal,ADB - Do not allow External Sharing (SharePoint Site),,,,,,,,,,No,,,,,,,,,,,,,CSD,,,,CGAdoption,EDRMS Project Site,,,,,,,,,,,,,,,,,,,,,,,,groupsite-731052,
Site,prj_Group Site-731051,,Active,Active,Not on hold,https://7rkd12.sharepoint.com/teams/prj_groupsite-731051,e70ac931-b574-4bd3-a356-227cf3a37a51,,,,Bonnie Test,BonnieTest@7rkd12.onmicrosoft.com,Mihal,Mihal@7rkd12.onmicrosoft.com,AdaTest,AdaTest@7rkd12.onmicrosoft.com,,,,Asia-Pacific,Team site (no Microsoft 365 group),25600,0.005,Existing external users,,Indexed,,,Claimed,2026-07-31 10:59:07,,2026-07-31 22:24:59,2027-01-31 22:24:59,2026-07-31 22:26:39,In compliance,,,ADB - SharePoint Site Renewal,ADB - Do not allow External Sharing (SharePoint Site),,,,,,,,,,No,,,,,,,,,,,,,CSD,,,,CGAdoption,EDRMS Project Site,,,,,,,,,,,,,,,,,,,,,,,,groupsite-731051,
Site,prj_Group Site-731050,,Active,Active,Not on hold,https://7rkd12.sharepoint.com/teams/prj_groupsite-731050,44137621-e36b-4a99-849e-4135864fb47b,,,,Bonnie Test,BonnieTest@7rkd12.onmicrosoft.com,Mihal,Mihal@7rkd12.onmicrosoft.com,AdaTest,AdaTest@7rkd12.onmicrosoft.com,,,,Asia-Pacific,Team site (no Microsoft 365 group),25600,0.005,Existing external users,,Indexed,,,Claimed,2026-07-31 10:59:02,,2026-08-01 06:34:24,2027-02-01 06:34:24,2026-08-01 06:35:37,In compliance,,,ADB - SharePoint Site Renewal,ADB - Do not allow External Sharing (SharePoint Site),,,,,,,,,,No,,,,,,,,,,,,,CSD,,,,CGAdoption,EDRMS Project Site,,,,,,,,,,,,,,,,,,,,,,,,groupsite-731050,
Site,prj_Group Site-731049,,Active,Active,Not on hold,https://7rkd12.sharepoint.com/teams/prj_groupsite-731049,b46a5c1d-1e42-4c8b-9ff8-4d8b7f1d3269,,,,Bonnie Test,BonnieTest@7rkd12.onmicrosoft.com,Mihal,Mihal@7rkd12.onmicrosoft.com,AdaTest,AdaTest@7rkd12.onmicrosoft.com,,,,Asia-Pacific,Team site (no Microsoft 365 group),25600,0.005,Existing external users,,Indexed,,,Claimed,2026-07-31 10:59:00,,2026-08-01 05:36:49,2027-02-01 05:36:49,2026-08-01 05:39:24,In compliance,,,ADB - SharePoint Site Renewal,ADB - Do not allow External Sharing (SharePoint Site),,,,,,,,,,No,,,,,,,,,,,,,CSD,,,,CGAdoption,EDRMS Project Site,,,,,,,,,,,,,,,,,,,,,,,,groupsite-731049,
Site,prj_Group Site-731048,,Active,Active,Not on hold,https://7rkd12.sharepoint.com/teams/prj_groupsite-731048,ce46836b-582b-4d5c-90c1-6e7f08fbe5d0,,,,Bonnie Test,BonnieTest@7rkd12.onmicrosoft.com,Mihal,Mihal@7rkd12.onmicrosoft.com,AdaTest,AdaTest@7rkd12.onmicrosoft.com,,,,Asia-Pacific,Team site (no Microsoft 365 group),40,0.005,Existing external users,,Indexed,,,Claimed,2026-07-31 10:58:56,,2026-08-03 14:49:28,2027-02-03 14:49:28,2026-08-03 14:50:47,In compliance,,,ADB - SharePoint Site Renewal,ADB - Do not allow External Sharing (SharePoint Site),,,,,,,,,,No,,,,,,,,,,,,,CSD,,,,CGAdoption,EDRMS Project Site,,,,,,,,,,,,,,,,,,,,,,,,groupsite-731048,
Site,prj_Group Site-731047,,Active,Active,Not on hold,https://7rkd12.sharepoint.com/teams/prj_groupsite-731047,504f98f3-48c2-45c1-a3a0-9641069c2de3,,,,Bonnie Test,BonnieTest@7rkd12.onmicrosoft.com,Mihal,Mihal@7rkd12.onmicrosoft.com,AdaTest,AdaTest@7rkd12.onmicrosoft.com,,,,Asia-Pacific,Team site (no Microsoft 365 group),40,0.005,Existing external users,,Indexed,,,Claimed,2026-07-31 10:58:53,,2026-08-03 11:10:56,2027-02-03 11:10:56,2026-08-03 11:13:37,In compliance,,,ADB - SharePoint Site Renewal,ADB - Do not allow External Sharing (SharePoint Site),,,,,,,,,,No,,,,,,,,,,,,,CSD,,,,CGAdoption,EDRMS Project Site,,,,,,,,,,,,,,,,,,,,,,,,groupsite-731047,
Site,prj_Group Site-731046,,Active,Active,Not on hold,https://7rkd12.sharepoint.com/teams/prj_groupsite-731046,7b287b94-bfb0-47ab-abea-f5bcd023d172,,,,Bonnie Test,BonnieTest@7rkd12.onmicrosoft.com,Mihal,Mihal@7rkd12.onmicrosoft.com,AdaTest,AdaTest@7rkd12.onmicrosoft.com,,,,Asia-Pacific,Team site (no Microsoft 365 group),40,0.005,Existing external users,,Indexed,,,Claimed,2026-07-31 10:58:50,,2026-08-04 09:00:00,2027-02-03 15:23:27,2026-08-03 15:25:19,In compliance,,,ADB - SharePoint Site Renewal,ADB - Do not allow External Sharing (SharePoint Site),,,,,,,,,,No,,,,,,,,,,,,,CSD,,,,CGAdoption,EDRMS Project Site,,,,,,,,,,,,,,,,,,,,,,,,groupsite-731046,
Site,prj_Group Site-731045,,Active,Active,Not on hold,https://7rkd12.sharepoint.com/teams/prj_groupsite-731045,1b30ea72-0f12-455a-bea6-f879e41e3623,,,,Bonnie Test,BonnieTest@7rkd12.onmicrosoft.com,Mihal,Mihal@7rkd12.onmicrosoft.com,AdaTest,AdaTest@7rkd12.onmicrosoft.com,,,,Asia-Pacific,Team site (no Microsoft 365 group),25600,0.005,Existing external users,,Indexed,,,Claimed,2026-07-31 10:58:45,,2026-08-01 08:47:12,2027-02-01 08:47:12,2026-08-01 08:48:06,In compliance,,,ADB - SharePoint Site Renewal,ADB - Do not allow External Sharing (SharePoint Site),,,,,,,,,,No,,,,,,,,,,,,,CSD,,,,CGAdoption,EDRMS Project Site,,,,,,,,,,,,,,,,,,,,,,,,groupsite-731045,
Site,prj_Group Site-731044,,Active,Active,Not on hold,https://7rkd12.sharepoint.com/teams/prj_groupsite-731044,d8b717b5-52c1-4913-ace6-b1c2bcd246f8,,,,Bonnie Test,BonnieTest@7rkd12.onmicrosoft.com,Mihal,Mihal@7rkd12.onmicrosoft.com,AdaTest,AdaTest@7rkd12.onmicrosoft.com,,,,Asia-Pacific,Team site (no Microsoft 365 group),25600,0.005,Existing external users,,Indexed,,,Claimed,2026-07-31 10:58:43,,2026-08-01 10:28:33,2027-02-01 10:28:33,2026-08-01 10:30:27,In compliance,,,ADB - SharePoint Site Renewal,ADB - Do not allow External Sharing (SharePoint Site),,,,,,,,,,No,,,,,,,,,,,,,CSD,,,,CGAdoption,EDRMS Project Site,,,,,,,,,,,,,,,,,,,,,,,,groupsite-731044,
Site,prj_Group Site-731043,,Active,Active,Not on hold,https://7rkd12.sharepoint.com/teams/prj_groupsite-731043,bedcb16a-b469-40d1-a932-068460514f96,,,,Bonnie Test,BonnieTest@7rkd12.onmicrosoft.com,Mihal,Mihal@7rkd12.onmicrosoft.com,AdaTest,AdaTest@7rkd12.onmicrosoft.com,,,,Asia-Pacific,Team site (no Microsoft 365 group),25600,0.005,Existing external users,,Indexed,,,Claimed,2026-07-31 10:58:40,,2026-08-01 10:07:05,2027-02-01 10:07:05,2026-08-01 10:10:15,In compliance,,,ADB - SharePoint Site Renewal,ADB - Do not allow External Sharing (SharePoint Site),,,,,,,,,,No,,,,,,,,,,,,,CSD,,,,CGAdoption,EDRMS Project Site,,,,,,,,,,,,,,,,,,,,,,,,groupsite-731043,
Site,prj_Group Site-731042,,Active,Active,Not on hold,https://7rkd12.sharepoint.com/teams/prj_groupsite-731042,c0977f66-8d2c-4dc6-9685-41eed5eccec8,,,,Bonnie Test,BonnieTest@7rkd12.onmicrosoft.com,Mihal,Mihal@7rkd12.onmicrosoft.com,AdaTest,AdaTest@7rkd12.onmicrosoft.com,,,,Asia-Pacific,Team site (no Microsoft 365 group),25600,0.005,Existing external users,,Indexed,,,Claimed,2026-07-31 10:58:35,,2026-07-31 15:37:03,2027-01-31 15:37:03,2026-07-31 15:38:57,In compliance,,,ADB - SharePoint Site Renewal,ADB - Do not allow External Sharing (SharePoint Site),,,,,,,,,,No,,,,,,,,,,,,,CSD,,,,CGAdoption,EDRMS Project Site,,,,,,,,,,,,,,,,,,,,,,,,groupsite-731042,
Site,prj_Group Site-731041,,Active,Active,Not on hold,https://7rkd12.sharepoint.com/teams/prj_groupsite-731041,36f17cab-2200-46e9-afba-e445ed99724c,,,,Bonnie Test,BonnieTest@7rkd12.onmicrosoft.com,Mihal,Mihal@7rkd12.onmicrosoft.com,AdaTest,AdaTest@7rkd12.onmicrosoft.com,,,,Asia-Pacific,Team site (no Microsoft 365 group),25600,0.005,Existing external users,,Indexed,,,Claimed,2026-07-31 10:58:31,,2026-08-01 10:47:38,2027-02-01 10:47:38,2026-08-01 10:50:10,In compliance,,,ADB - SharePoint Site Renewal,ADB - Do not allow External Sharing (SharePoint Site),,,,,,,,,,No,,,,,,,,,,,,,CSD,,,,CGAdoption,EDRMS Project Site,,,,,,,,,,,,,,,,,,,,,,,,groupsite-731041,
Site,prj_Group Site-731040,,Active,Active,Not on hold,https://7rkd12.sharepoint.com/teams/prj_groupsite-731040,8331641e-3b48-4218-9df9-d5e7fa0b3be6,,,,Bonnie Test,BonnieTest@7rkd12.onmicrosoft.com,Mihal,Mihal@7rkd12.onmicrosoft.com,AdaTest,AdaTest@7rkd12.onmicrosoft.com,,,,Asia-Pacific,Team site (no Microsoft 365 group),25600,0.004,Existing external users,,Indexed,,,Claimed,2026-07-31 10:58:28,,2026-08-01 10:05:51,2027-02-01 10:05:51,2026-08-01 10:12:14,In compliance,,,ADB - SharePoint Site Renewal,ADB - Do not allow External Sharing (SharePoint Site),,,,,,,,,,No,,,,,,,,,,,,,CSD,,,,CGAdoption,EDRMS Project Site,,,,,,,,,,,,,,,,,,,,,,,,groupsite-731040,
Site,prj_Group Site-731039,,Active,Active,Not on hold,https://7rkd12.sharepoint.com/teams/prj_groupsite-731039,f170bd70-8e47-4544-80c4-2dcbe0adc82f,,,,Bonnie Test,BonnieTest@7rkd12.onmicrosoft.com,Mihal,Mihal@7rkd12.onmicrosoft.com,AdaTest,AdaTest@7rkd12.onmicrosoft.com,,,,Asia-Pacific,Team site (no Microsoft 365 group),25600,0.005,Existing external users,,Indexed,,,Claimed,2026-07-31 10:58:23,,2026-08-11 09:00:00,2027-02-01 09:48:34,2026-08-01 09:50:00,In compliance,,,ADB - SharePoint Site Renewal,ADB - Do not allow External Sharing (SharePoint Site),,,,,,,,,,No,,,,,,,,,,,,,CSD,,,,CGAdoption,EDRMS Project Site,,,,,,,,,,,,,,,,,,,,,,,,groupsite-731039,
Site,prj_Group Site-731038,,Active,Active,Not on hold,https://7rkd12.sharepoint.com/teams/prj_groupsite-731038,c42bce56-fcca-46a1-9000-da89b5d724c8,,,,Bonnie Test,BonnieTest@7rkd12.onmicrosoft.com,Mihal,Mihal@7rkd12.onmicrosoft.com,AdaTest,AdaTest@7rkd12.onmicrosoft.com,,,,Asia-Pacific,Team site (no Microsoft 365 group),25600,0.005,Existing external users,,Indexed,,,Claimed,2026-07-31 10:58:20,,2026-08-01 10:22:24,2027-02-01 10:22:24,2026-08-01 10:26:08,In compliance,,,ADB - SharePoint Site Renewal,ADB - Do not allow External Sharing (SharePoint Site),,,,,,,,,,No,,,,,,,,,,,,,CSD,,,,CGAdoption,EDRMS Project Site,,,,,,,,,,,,,,,,,,,,,,,,groupsite-731038,
Site,prj_Group Site-731037,,Active,Active,Not on hold,https://7rkd12.sharepoint.com/teams/prj_groupsite-731037,8eef7036-5a22-4ab5-8ff3-26578a45d441,,,,Bonnie Test,BonnieTest@7rkd12.onmicrosoft.com,Mihal,Mihal@7rkd12.onmicrosoft.com,AdaTest,AdaTest@7rkd12.onmicrosoft.com,,,,Asia-Pacific,Team site (no Microsoft 365 group),25600,0.005,Existing external users,,Indexed,,,Claimed,2026-07-31 10:58:14,,2026-07-31 23:29:36,2027-01-31 23:29:36,2026-07-31 23:32:02,In compliance,,,ADB - SharePoint Site Renewal,ADB - Do not allow External Sharing (SharePoint Site),,,,,,,,,,No,,,,,,,,,,,,,CSD,,,,CGAdoption,EDRMS Project Site,,,,,,,,,,,,,,,,,,,,,,,,groupsite-731037,
Site,prj_Group Site-731036,,Active,Active,Not on hold,https://7rkd12.sharepoint.com/teams/prj_groupsite-731036,497048ff-cbd9-49f0-8c25-00faf79200eb,,,,Bonnie Test,BonnieTest@7rkd12.onmicrosoft.com,Mihal,Mihal@7rkd12.onmicrosoft.com,AdaTest,AdaTest@7rkd12.onmicrosoft.com,,,,Asia-Pacific,Team site (no Microsoft 365 group),40,0.005,Existing external users,,Indexed,,,Claimed,2026-07-31 10:58:12,,2026-08-03 11:11:13,2027-02-03 11:11:13,2026-08-03 11:13:38,In compliance,,,ADB - SharePoint Site Renewal,ADB - Do not allow External Sharing (SharePoint Site),,,,,,,,,,No,,,,,,,,,,,,,CSD,,,,CGAdoption,EDRMS Project Site,,,,,,,,,,,,,,,,,,,,,,,,groupsite-731036,
Site,prj_Group Site-731035,,Active,Active,Not on hold,https://7rkd12.sharepoint.com/teams/prj_groupsite-731035,36d67bd6-bcdc-4e54-9e32-6e4efcf3633f,,,,Bonnie Test,BonnieTest@7rkd12.onmicrosoft.com,Mihal,Mihal@7rkd12.onmicrosoft.com,AdaTest,AdaTest@7rkd12.onmicrosoft.com,,,,Asia-Pacific,Team site (no Microsoft 365 group),25600,0.005,Existing external users,,Indexed,,,Claimed,2026-07-31 10:58:10,,2026-07-31 19:51:29,2027-01-31 19:51:29,2026-07-31 19:52:40,In compliance,,,ADB - SharePoint Site Renewal,ADB - Do not allow External Sharing (SharePoint Site),,,,,,,,,,No,,,,,,,,,,,,,CSD,,,,CGAdoption,EDRMS Project Site,,,,,,,,,,,,,,,,,,,,,,,,groupsite-731035,
Site,prj_Group Site-731034,,Active,Active,Not on hold,https://7rkd12.sharepoint.com/teams/prj_groupsite-731034,9161ae84-4bb2-4519-b44b-cebaa548a002,,,,Bonnie Test,BonnieTest@7rkd12.onmicrosoft.com,Mihal,Mihal@7rkd12.onmicrosoft.com,AdaTest,AdaTest@7rkd12.onmicrosoft.com,,,,Asia-Pacific,Team site (no Microsoft 365 group),25600,0.005,Existing external users,,Indexed,,,Claimed,2026-07-31 10:58:05,,2026-08-01 01:19:31,2027-02-01 01:19:31,2026-08-01 01:20:40,In compliance,,,ADB - SharePoint Site Renewal,ADB - Do not allow External Sharing (SharePoint Site),,,,,,,,,,No,,,,,,,,,,,,,CSD,,,,CGAdoption,EDRMS Project Site,,,,,,,,,,,,,,,,,,,,,,,,groupsite-731034,
Site,prj_Group Site-731033,,Active,Active,Not on hold,https://7rkd12.sharepoint.com/teams/prj_groupsite-731033,ef6c2dcd-3a7a-454d-ab14-8f2de5b14113,,,,Bonnie Test,BonnieTest@7rkd12.onmicrosoft.com,Mihal,Mihal@7rkd12.onmicrosoft.com,AdaTest,AdaTest@7rkd12.onmicrosoft.com,,,,Asia-Pacific,Team site (no Microsoft 365 group),25600,0.005,Existing external users,,Indexed,,,Claimed,2026-07-31 10:58:02,,2026-08-01 01:25:03,2027-02-01 01:25:03,2026-08-01 01:27:20,In compliance,,,ADB - SharePoint Site Renewal,ADB - Do not allow External Sharing (SharePoint Site),,,,,,,,,,No,,,,,,,,,,,,,CSD,,,,CGAdoption,EDRMS Project Site,,,,,,,,,,,,,,,,,,,,,,,,groupsite-731033,
Site,prj_Group Site-731032,,Active,Active,Not on hold,https://7rkd12.sharepoint.com/teams/prj_groupsite-731032,2827d87c-468b-43de-8862-5116a45c6c4f,,,,Bonnie Test,BonnieTest@7rkd12.onmicrosoft.com,Mihal,Mihal@7rkd12.onmicrosoft.com,AdaTest,AdaTest@7rkd12.onmicrosoft.com,,,,Asia-Pacific,Team site (no Microsoft 365 group),40,0.005,Existing external users,,Indexed,,,Claimed,2026-07-31 10:57:59,,2026-08-03 15:55:17,2027-02-03 15:55:17,2026-08-03 15:57:01,In compliance,,,ADB - SharePoint Site Renewal,ADB - Do not allow External Sharing (SharePoint Site),,,,,,,,,,No,,,,,,,,,,,,,CSD,,,,CGAdoption,EDRMS Project Site,,,,,,,,,,,,,,,,,,,,,,,,groupsite-731032,
Site,prj_Group Site-731031,,Active,Active,Not on hold,https://7rkd12.sharepoint.com/teams/prj_groupsite-731031,1ca321bb-92ed-4bba-a372-b7fe1c9975bb,,,,Bonnie Test,BonnieTest@7rkd12.onmicrosoft.com,Mihal,Mihal@7rkd12.onmicrosoft.com,AdaTest,AdaTest@7rkd12.onmicrosoft.com,,,,Asia-Pacific,Team site (no Microsoft 365 group),40,0.005,Existing external users,,Indexed,,,Claimed,2026-07-31 10:57:55,,2026-08-03 15:44:33,2027-02-03 15:44:33,2026-08-03 15:47:06,In compliance,,,ADB - SharePoint Site Renewal,ADB - Do not allow External Sharing (SharePoint Site),,,,,,,,,,No,,,,,,,,,,,,,CSD,,,,CGAdoption,EDRMS Project Site,,,,,,,,,,,,,,,,,,,,,,,,groupsite-731031,
Site,prj_Group Site-731030,,Active,Active,Not on hold,https://7rkd12.sharepoint.com/teams/prj_groupsite-731030,88191a27-8d12-4c84-8f3c-73eacbd317dd,,,,Bonnie Test,BonnieTest@7rkd12.onmicrosoft.com,Mihal,Mihal@7rkd12.onmicrosoft.com,AdaTest,AdaTest@7rkd12.onmicrosoft.com,,,,Asia-Pacific,Team site (no Microsoft 365 group),40,0.005,Existing external users,,Indexed,,,Claimed,2026-07-31 10:57:53,,2026-08-04 09:00:00,2027-02-03 14:29:07,2026-08-03 14:30:48,In compliance,,,ADB - SharePoint Site Renewal,ADB - Do not allow External Sharing (SharePoint Site),,,,,,,,,,No,,,,,,,,,,,,,CSD,,,,CGAdoption,EDRMS Project Site,,,,,,,,,,,,,,,,,,,,,,,,groupsite-731030,
Site,prj_Group Site-731029,,Active,Active,Not on hold,https://7rkd12.sharepoint.com/teams/prj_groupsite-731029,86cfa45d-f700-4b59-8298-fa3d36c5b23d,,,,Bonnie Test,BonnieTest@7rkd12.onmicrosoft.com,Mihal,Mihal@7rkd12.onmicrosoft.com,AdaTest,AdaTest@7rkd12.onmicrosoft.com,,,,Asia-Pacific,Team site (no Microsoft 365 group),25600,0.005,Existing external users,,Indexed,,,Claimed,2026-07-31 10:57:51,,2026-08-01 03:46:20,2027-02-01 03:46:20,2026-08-01 03:47:32,In compliance,,,ADB - SharePoint Site Renewal,ADB - Do not allow External Sharing (SharePoint Site),,,,,,,,,,No,,,,,,,,,,,,,CSD,,,,CGAdoption,EDRMS Project Site,,,,,,,,,,,,,,,,,,,,,,,,groupsite-731029,
Site,prj_Group Site-731028,,Active,Active,Not on hold,https://7rkd12.sharepoint.com/teams/prj_groupsite-731028,68a45790-e84a-4b01-9e88-a6db6da46a53,,,,Bonnie Test,BonnieTest@7rkd12.onmicrosoft.com,Mihal,Mihal@7rkd12.onmicrosoft.com,AdaTest,AdaTest@7rkd12.onmicrosoft.com,,,,Asia-Pacific,Team site (no Microsoft 365 group),40,0.005,Existing external users,,Indexed,,,Claimed,2026-07-31 10:57:45,,2026-08-03 14:52:53,2027-02-03 14:52:53,2026-08-03 14:54:35,In compliance,,,ADB - SharePoint Site Renewal,ADB - Do not allow External Sharing (SharePoint Site),,,,,,,,,,No,,,,,,,,,,,,,CSD,,,,CGAdoption,EDRMS Project Site,,,,,,,,,,,,,,,,,,,,,,,,groupsite-731028,
Site,prj_Group Site-731027,,Active,Active,Not on hold,https://7rkd12.sharepoint.com/teams/prj_groupsite-731027,3666b4eb-e7da-4649-a872-f2ae2a374c93,,,,Bonnie Test,BonnieTest@7rkd12.onmicrosoft.com,Mihal,Mihal@7rkd12.onmicrosoft.com,AdaTest,AdaTest@7rkd12.onmicrosoft.com,,,,Asia-Pacific,Team site (no Microsoft 365 group),40,0.004,Existing external users,,Indexed,,,Claimed,2026-07-31 10:57:42,,2026-08-03 12:16:55,2027-02-03 12:16:55,2026-08-03 12:20:12,In compliance,,,ADB - SharePoint Site Renewal,ADB - Do not allow External Sharing (SharePoint Site),,,,,,,,,,No,,,,,,,,,,,,,CSD,,,,CGAdoption,EDRMS Project Site,,,,,,,,,,,,,,,,,,,,,,,,groupsite-731027,
Site,prj_Group Site-731026,,Active,Active,Not on hold,https://7rkd12.sharepoint.com/teams/prj_groupsite-731026,29f0f6ff-7489-4029-a483-820fe7ff103b,,,,Bonnie Test,BonnieTest@7rkd12.onmicrosoft.com,Mihal,Mihal@7rkd12.onmicrosoft.com,AdaTest,AdaTest@7rkd12.onmicrosoft.com,,,,Asia-Pacific,Team site (no Microsoft 365 group),40,0.005,Existing external users,,Indexed,,,Claimed,2026-07-31 10:57:38,,2026-08-03 13:06:45,2027-02-03 13:06:45,2026-08-03 13:10:22,In compliance,,,ADB - SharePoint Site Renewal,ADB - Do not allow External Sharing (SharePoint Site),,,,,,,,,,No,,,,,,,,,,,,,CSD,,,,CGAdoption,EDRMS Project Site,,,,,,,,,,,,,,,,,,,,,,,,groupsite-731026,
Site,prj_Group Site-731025,,Active,Active,Not on hold,https://7rkd12.sharepoint.com/teams/prj_groupsite-731025,00e10ff7-c6e5-4f08-a39d-9965b31363cd,,,,Bonnie Test,BonnieTest@7rkd12.onmicrosoft.com,Mihal,Mihal@7rkd12.onmicrosoft.com,AdaTest,AdaTest@7rkd12.onmicrosoft.com,,,,Asia-Pacific,Team site (no Microsoft 365 group),40,0.005,Existing external users,,Indexed,,,Claimed,2026-07-31 10:57:35,,2026-08-03 12:26:11,2027-02-03 12:26:11,2026-08-03 12:28:19,In compliance,,,ADB - SharePoint Site Renewal,ADB - Do not allow External Sharing (SharePoint Site),,,,,,,,,,No,,,,,,,,,,,,,CSD,,,,CGAdoption,EDRMS Project Site,,,,,,,,,,,,,,,,,,,,,,,,groupsite-731025,
Site,prj_Group Site-731024,,Active,Active,Not on hold,https://7rkd12.sharepoint.com/teams/prj_groupsite-731024,1057f6a0-61ea-481b-ad1f-9d3acd079a57,,,,Bonnie Test,BonnieTest@7rkd12.onmicrosoft.com,Mihal,Mihal@7rkd12.onmicrosoft.com,AdaTest,AdaTest@7rkd12.onmicrosoft.com,,,,Asia-Pacific,Team site (no Microsoft 365 group),25600,0.005,Existing external users,,Indexed,,,Claimed,2026-07-31 10:57:31,,2026-08-01 02:32:12,2027-02-01 02:32:12,2026-08-01 02:36:54,In compliance,,,ADB - SharePoint Site Renewal,ADB - Do not allow External Sharing (SharePoint Site),,,,,,,,,,No,,,,,,,,,,,,,CSD,,,,CGAdoption,EDRMS Project Site,,,,,,,,,,,,,,,,,,,,,,,,groupsite-731024,
Site,prj_Group Site-731023,,Active,Active,Not on hold,https://7rkd12.sharepoint.com/teams/prj_groupsite-731023,7fec182e-6ee0-438e-9b62-8f012837c381,,,,Bonnie Test,BonnieTest@7rkd12.onmicrosoft.com,Mihal,Mihal@7rkd12.onmicrosoft.com,AdaTest,AdaTest@7rkd12.onmicrosoft.com,,,,Asia-Pacific,Team site (no Microsoft 365 group),25600,0.005,Existing external users,,Indexed,,,Claimed,2026-07-31 10:57:29,,2026-08-01 08:40:02,2027-02-01 08:40:02,2026-08-01 08:42:14,In compliance,,,ADB - SharePoint Site Renewal,ADB - Do not allow External Sharing (SharePoint Site),,,,,,,,,,No,,,,,,,,,,,,,CSD,,,,CGAdoption,EDRMS Project Site,,,,,,,,,,,,,,,,,,,,,,,,groupsite-731023,
Site,prj_Group Site-731022,,Active,Active,Not on hold,https://7rkd12.sharepoint.com/teams/prj_groupsite-731022,da4a38e1-cc05-457d-a5c8-df4879cce798,,,,Bonnie Test,BonnieTest@7rkd12.onmicrosoft.com,Mihal,Mihal@7rkd12.onmicrosoft.com,AdaTest,AdaTest@7rkd12.onmicrosoft.com,,,,Asia-Pacific,Team site (no Microsoft 365 group),25600,0.005,Existing external users,,Indexed,,,Claimed,2026-07-31 10:57:24,,2026-08-01 02:49:40,2027-02-01 02:49:40,2026-08-01 02:50:54,In compliance,,,ADB - SharePoint Site Renewal,ADB - Do not allow External Sharing (SharePoint Site),,,,,,,,,,No,,,,,,,,,,,,,CSD,,,,CGAdoption,EDRMS Project Site,,,,,,,,,,,,,,,,,,,,,,,,groupsite-731022,
Site,prj_Group Site-731021,,Active,Active,Not on hold,https://7rkd12.sharepoint.com/teams/prj_groupsite-731021,49a5632f-0bf7-4760-ad2d-51467e31475f,,,,Bonnie Test,BonnieTest@7rkd12.onmicrosoft.com,Mihal,Mihal@7rkd12.onmicrosoft.com,AdaTest,AdaTest@7rkd12.onmicrosoft.com,,,,Asia-Pacific,Team site (no Microsoft 365 group),40,0.005,Existing external users,,Indexed,,,Claimed,2026-07-31 10:57:21,,2026-08-03 16:10:55,2027-02-03 16:10:55,2026-08-03 16:12:56,In compliance,,,ADB - SharePoint Site Renewal,ADB - Do not allow External Sharing (SharePoint Site),,,,,,,,,,No,,,,,,,,,,,,,CSD,,,,CGAdoption,EDRMS Project Site,,,,,,,,,,,,,,,,,,,,,,,,groupsite-731021,
Site,prj_Group Site-731020,,Active,Active,Not on hold,https://7rkd12.sharepoint.com/teams/prj_groupsite-731020,f6cc60a1-39a0-4e4b-a470-09172243aab9,,,,Bonnie Test,BonnieTest@7rkd12.onmicrosoft.com,Mihal,Mihal@7rkd12.onmicrosoft.com,AdaTest,AdaTest@7rkd12.onmicrosoft.com,,,,Asia-Pacific,Team site (no Microsoft 365 group),25600,0.005,Existing external users,,Indexed,,,Claimed,2026-07-31 10:57:19,,2026-08-01 08:27:17,2027-02-01 08:27:17,2026-08-01 08:28:36,In compliance,,,ADB - SharePoint Site Renewal,ADB - Do not allow External Sharing (SharePoint Site),,,,,,,,,,No,,,,,,,,,,,,,CSD,,,,CGAdoption,EDRMS Project Site,,,,,,,,,,,,,,,,,,,,,,,,groupsite-731020,
Site,prj_Group Site-731019,,Active,Active,Not on hold,https://7rkd12.sharepoint.com/teams/prj_groupsite-731019,1b97b0fe-1480-46d9-82da-3e8b710384d3,,,,Bonnie Test,BonnieTest@7rkd12.onmicrosoft.com,Mihal,Mihal@7rkd12.onmicrosoft.com,AdaTest,AdaTest@7rkd12.onmicrosoft.com,,,,Asia-Pacific,Team site (no Microsoft 365 group),40,0.005,Existing external users,,Indexed,,,Claimed,2026-07-31 10:57:15,,2026-08-03 11:18:17,2027-02-03 11:18:17,2026-08-03 11:22:02,In compliance,,,ADB - SharePoint Site Renewal,ADB - Do not allow External Sharing (SharePoint Site),,,,,,,,,,No,,,,,,,,,,,,,CSD,,,,CGAdoption,EDRMS Project Site,,,,,,,,,,,,,,,,,,,,,,,,groupsite-731019,
Site,prj_Group Site-731018,,Active,Active,Not on hold,https://7rkd12.sharepoint.com/teams/prj_groupsite-731018,b5d59f6c-b4a2-4f7a-9552-0f335e2f9574,,,,Bonnie Test,BonnieTest@7rkd12.onmicrosoft.com,Mihal,Mihal@7rkd12.onmicrosoft.com,AdaTest,AdaTest@7rkd12.onmicrosoft.com,,,,Asia-Pacific,Team site (no Microsoft 365 group),40,0.005,Existing external users,,Indexed,,,Claimed,2026-07-31 10:57:11,,2026-08-03 15:44:26,2027-02-03 15:44:26,2026-08-03 15:45:26,In compliance,,,ADB - SharePoint Site Renewal,ADB - Do not allow External Sharing (SharePoint Site),,,,,,,,,,No,,,,,,,,,,,,,CSD,,,,CGAdoption,EDRMS Project Site,,,,,,,,,,,,,,,,,,,,,,,,groupsite-731018,
Site,prj_Group Site-731017,,Active,Active,Not on hold,https://7rkd12.sharepoint.com/teams/prj_groupsite-731017,6cef7428-5e0f-408a-9fcc-a36a88107f3f,,,,Bonnie Test,BonnieTest@7rkd12.onmicrosoft.com,Mihal,Mihal@7rkd12.onmicrosoft.com,AdaTest,AdaTest@7rkd12.onmicrosoft.com,,,,Asia-Pacific,Team site (no Microsoft 365 group),40,0.005,Existing external users,,Indexed,,,Claimed,2026-07-31 10:57:09,,2026-08-03 13:43:41,2027-02-03 13:43:41,2026-08-03 13:46:27,In compliance,,,ADB - SharePoint Site Renewal,ADB - Do not allow External Sharing (SharePoint Site),,,,,,,,,,No,,,,,,,,,,,,,CSD,,,,CGAdoption,EDRMS Project Site,,,,,,,,,,,,,,,,,,,,,,,,groupsite-731017,
Site,prj_Group Site-731016,,Active,Active,Not on hold,https://7rkd12.sharepoint.com/teams/prj_groupsite-731016,8f7238b1-f5e8-4e14-82d8-c5a14fa337e8,,,,Bonnie Test,BonnieTest@7rkd12.onmicrosoft.com,Mihal,Mihal@7rkd12.onmicrosoft.com,AdaTest,AdaTest@7rkd12.onmicrosoft.com,,,,Asia-Pacific,Team site (no Microsoft 365 group),40,0.005,Existing external users,,Indexed,,,Claimed,2026-07-31 10:57:04,,2026-08-03 14:48:30,2027-02-03 14:48:30,2026-08-03 14:50:48,In compliance,,,ADB - SharePoint Site Renewal,ADB - Do not allow External Sharing (SharePoint Site),,,,,,,,,,No,,,,,,,,,,,,,CSD,,,,CGAdoption,EDRMS Project Site,,,,,,,,,,,,,,,,,,,,,,,,groupsite-731016,
Site,prj_Group Site-731015,,Active,Active,Not on hold,https://7rkd12.sharepoint.com/teams/prj_groupsite-731015,6486fc69-1f4c-47b3-bcd5-e70b359ba7fd,,,,Bonnie Test,BonnieTest@7rkd12.onmicrosoft.com,Mihal,Mihal@7rkd12.onmicrosoft.com,AdaTest,AdaTest@7rkd12.onmicrosoft.com,,,,Asia-Pacific,Team site (no Microsoft 365 group),40,0.005,Existing external users,,Indexed,,,Claimed,2026-07-31 10:57:02,,2026-08-03 17:02:23,2027-02-03 17:02:23,2026-08-03 17:04:22,In compliance,,,ADB - SharePoint Site Renewal,ADB - Do not allow External Sharing (SharePoint Site),,,,,,,,,,No,,,,,,,,,,,,,CSD,,,,CGAdoption,EDRMS Project Site,,,,,,,,,,,,,,,,,,,,,,,,groupsite-731015,
Site,prj_Group Site-731014,,Active,Active,Not on hold,https://7rkd12.sharepoint.com/teams/prj_groupsite-731014,838869a8-246c-4b15-ae06-3ac670f3f846,,,,Bonnie Test,BonnieTest@7rkd12.onmicrosoft.com,Mihal,Mihal@7rkd12.onmicrosoft.com,AdaTest,AdaTest@7rkd12.onmicrosoft.com,,,,Asia-Pacific,Team site (no Microsoft 365 group),40,0.005,Existing external users,,Indexed,,,Claimed,2026-07-31 10:56:59,,2026-08-03 11:29:48,2027-02-03 11:29:48,2026-08-03 11:32:01,In compliance,,,ADB - SharePoint Site Renewal,ADB - Do not allow External Sharing (SharePoint Site),,,,,,,,,,No,,,,,,,,,,,,,CSD,,,,CGAdoption,EDRMS Project Site,,,,,,,,,,,,,,,,,,,,,,,,groupsite-731014,
Site,prj_Group Site-731013,,Active,Active,Not on hold,https://7rkd12.sharepoint.com/teams/prj_groupsite-731013,ad6a7b6f-23ca-4c73-9996-b178be150e38,,,,Bonnie Test,BonnieTest@7rkd12.onmicrosoft.com,Mihal,Mihal@7rkd12.onmicrosoft.com,AdaTest,AdaTest@7rkd12.onmicrosoft.com,,,,Asia-Pacific,Team site (no Microsoft 365 group),40,0.005,Existing external users,,Indexed,,,Claimed,2026-07-31 10:56:55,,2026-08-03 14:28:51,2027-02-03 14:28:51,2026-08-03 14:30:19,In compliance,,,ADB - SharePoint Site Renewal,ADB - Do not allow External Sharing (SharePoint Site),,,,,,,,,,No,,,,,,,,,,,,,CSD,,,,CGAdoption,EDRMS Project Site,,,,,,,,,,,,,,,,,,,,,,,,groupsite-731013,
Site,prj_Group Site-731012,,Active,Active,Not on hold,https://7rkd12.sharepoint.com/teams/prj_groupsite-731012,39ef0df0-2df5-43c6-8ab7-144b8cfead23,,,,Bonnie Test,BonnieTest@7rkd12.onmicrosoft.com,Mihal,Mihal@7rkd12.onmicrosoft.com,AdaTest,AdaTest@7rkd12.onmicrosoft.com,,,,Asia-Pacific,Team site (no Microsoft 365 group),40,0.005,Existing external users,,Indexed,,,Claimed,2026-07-31 10:56:51,,2026-08-03 11:21:41,2027-02-03 11:21:41,2026-08-03 11:23:27,In compliance,,,ADB - SharePoint Site Renewal,ADB - Do not allow External Sharing (SharePoint Site),,,,,,,,,,No,,,,,,,,,,,,,CSD,,,,CGAdoption,EDRMS Project Site,,,,,,,,,,,,,,,,,,,,,,,,groupsite-731012,
Site,prj_Group Site-731011,,Active,Active,Not on hold,https://7rkd12.sharepoint.com/teams/prj_groupsite-731011,f99fb45c-5b2b-4e88-9c39-bd52249885d5,,,,Bonnie Test,BonnieTest@7rkd12.onmicrosoft.com,Mihal,Mihal@7rkd12.onmicrosoft.com,AdaTest,AdaTest@7rkd12.onmicrosoft.com,,,,Asia-Pacific,Team site (no Microsoft 365 group),40,0.005,Existing external users,,Indexed,,,Claimed,2026-07-31 10:56:46,,2026-08-03 13:45:09,2027-02-03 13:45:09,2026-08-03 13:46:33,In compliance,,,ADB - SharePoint Site Renewal,ADB - Do not allow External Sharing (SharePoint Site),,,,,,,,,,No,,,,,,,,,,,,,CSD,,,,CGAdoption,EDRMS Project Site,,,,,,,,,,,,,,,,,,,,,,,,groupsite-731011,
Site,prj_Group Site-731010,,Active,Active,Not on hold,https://7rkd12.sharepoint.com/teams/prj_groupsite-731010,65a8cfca-c3f4-47b7-abef-cf7d448de0cf,,,,Bonnie Test,BonnieTest@7rkd12.onmicrosoft.com,Mihal,Mihal@7rkd12.onmicrosoft.com,AdaTest,AdaTest@7rkd12.onmicrosoft.com,,,,Asia-Pacific,Team site (no Microsoft 365 group),25600,0.005,Existing external users,,Indexed,,,Claimed,2026-07-31 10:56:46,,2026-07-31 12:07:19,2027-01-31 12:07:19,2026-07-31 12:12:00,In compliance,,,ADB - SharePoint Site Renewal,ADB - Do not allow External Sharing (SharePoint Site),,,,,,,,,,No,,,,,,,,,,,,,CSD,,,,CGAdoption,EDRMS Project Site,,,,,,,,,,,,,,,,,,,,,,,,groupsite-731010,
Site,prj_Group Site-731009,,Active,Active,Not on hold,https://7rkd12.sharepoint.com/teams/prj_groupsite-731009,fa099990-9ece-4cf9-bc69-88b9488e4f0c,,,,Bonnie Test,BonnieTest@7rkd12.onmicrosoft.com,Mihal,Mihal@7rkd12.onmicrosoft.com,AdaTest,AdaTest@7rkd12.onmicrosoft.com,,,,Asia-Pacific,Team site (no Microsoft 365 group),25600,0.005,Existing external users,,Indexed,,,Claimed,2026-07-31 10:56:41,,2026-07-31 12:11:07,2027-01-31 12:11:07,2026-07-31 12:13:51,In compliance,,,ADB - SharePoint Site Renewal,ADB - Do not allow External Sharing (SharePoint Site),,,,,,,,,,No,,,,,,,,,,,,,CSD,,,,CGAdoption,EDRMS Project Site,,,,,,,,,,,,,,,,,,,,,,,,groupsite-731009,
Site,prj_Group Site-731008,,Active,Active,Not on hold,https://7rkd12.sharepoint.com/teams/prj_groupsite-731008,bbcb1aad-9c27-4823-b5ff-07c20345a5b5,,,,Bonnie Test,BonnieTest@7rkd12.onmicrosoft.com,Mihal,Mihal@7rkd12.onmicrosoft.com,AdaTest,AdaTest@7rkd12.onmicrosoft.com,,,,Asia-Pacific,Team site (no Microsoft 365 group),40,0.005,Existing external users,,Indexed,,,Claimed,2026-07-31 10:56:38,,2026-08-03 12:44:20,2027-02-03 12:44:20,2026-08-03 12:48:09,In compliance,,,ADB - SharePoint Site Renewal,ADB - Do not allow External Sharing (SharePoint Site),,,,,,,,,,No,,,,,,,,,,,,,CSD,,,,CGAdoption,EDRMS Project Site,,,,,,,,,,,,,,,,,,,,,,,,groupsite-731008,
Site,prj_Group Site-731007,,Active,Active,Not on hold,https://7rkd12.sharepoint.com/teams/prj_groupsite-731007,51977eba-d0da-4bec-8697-73d526424703,,,,Bonnie Test,BonnieTest@7rkd12.onmicrosoft.com,Mihal,Mihal@7rkd12.onmicrosoft.com,AdaTest,AdaTest@7rkd12.onmicrosoft.com,,,,Asia-Pacific,Team site (no Microsoft 365 group),25600,0.005,Existing external users,,Indexed,,,Claimed,2026-07-31 10:56:35,,2026-07-31 12:16:48,2027-01-31 12:16:48,2026-07-31 12:19:41,In compliance,,,ADB - SharePoint Site Renewal,ADB - Do not allow External Sharing (SharePoint Site),,,,,,,,,,No,,,,,,,,,,,,,CSD,,,,CGAdoption,EDRMS Project Site,,,,,,,,,,,,,,,,,,,,,,,,groupsite-731007,
Site,prj_Group Site-731006,,Active,Active,Not on hold,https://7rkd12.sharepoint.com/teams/prj_groupsite-731006,f1178faa-7b5f-43dc-b00d-a22a596b8209,,,,Bonnie Test,BonnieTest@7rkd12.onmicrosoft.com,Mihal,Mihal@7rkd12.onmicrosoft.com,AdaTest,AdaTest@7rkd12.onmicrosoft.com,,,,Asia-Pacific,Team site (no Microsoft 365 group),40,0.005,Existing external users,,Indexed,,,Claimed,2026-07-31 10:56:32,,2026-08-03 15:14:52,2027-02-03 15:14:52,2026-08-03 15:16:57,In compliance,,,ADB - SharePoint Site Renewal,ADB - Do not allow External Sharing (SharePoint Site),,,,,,,,,,No,,,,,,,,,,,,,CSD,,,,CGAdoption,EDRMS Project Site,,,,,,,,,,,,,,,,,,,,,,,,groupsite-731006,
Site,prj_Group Site-731005,,Active,Active,Not on hold,https://7rkd12.sharepoint.com/teams/prj_groupsite-731005,c959206d-ca44-4ccf-b0bc-5e305246ee0d,,,,Bonnie Test,BonnieTest@7rkd12.onmicrosoft.com,Mihal,Mihal@7rkd12.onmicrosoft.com,AdaTest,AdaTest@7rkd12.onmicrosoft.com,,,,Asia-Pacific,Team site (no Microsoft 365 group),25600,0.005,Existing external users,,Indexed,,,Claimed,2026-07-31 10:56:28,,2026-08-11 09:00:00,2027-01-31 12:13:28,2026-07-31 12:15:32,In compliance,,,ADB - SharePoint Site Renewal,ADB - Do not allow External Sharing (SharePoint Site),,,,,,,,,,No,,,,,,,,,,,,,CSD,,,,CGAdoption,EDRMS Project Site,,,,,,,,,,,,,,,,,,,,,,,,groupsite-731005,
Site,prj_Group Site-731004,,Active,Active,Not on hold,https://7rkd12.sharepoint.com/teams/prj_groupsite-731004,75dcbc82-2434-47a4-b080-bb962b992ffe,,,,Bonnie Test,BonnieTest@7rkd12.onmicrosoft.com,Mihal,Mihal@7rkd12.onmicrosoft.com,AdaTest,AdaTest@7rkd12.onmicrosoft.com,,,,Asia-Pacific,Team site (no Microsoft 365 group),40,0.005,Existing external users,,Indexed,,,Claimed,2026-07-31 10:56:25,,2026-08-03 11:24:00,2027-02-03 11:24:00,2026-08-03 11:25:37,In compliance,,,ADB - SharePoint Site Renewal,ADB - Do not allow External Sharing (SharePoint Site),,,,,,,,,,No,,,,,,,,,,,,,CSD,,,,CGAdoption,EDRMS Project Site,,,,,,,,,,,,,,,,,,,,,,,,groupsite-731004,
Site,prj_Group Site-731003,,Active,Active,Not on hold,https://7rkd12.sharepoint.com/teams/prj_groupsite-731003,1ceb80db-ff3e-40a3-bb9b-d91080e421d4,,,,Bonnie Test,BonnieTest@7rkd12.onmicrosoft.com,Mihal,Mihal@7rkd12.onmicrosoft.com,AdaTest,AdaTest@7rkd12.onmicrosoft.com,,,,Asia-Pacific,Team site (no Microsoft 365 group),25600,0.005,Existing external users,,Indexed,,,Claimed,2026-07-31 10:56:22,,2026-08-11 09:00:00,2027-01-31 12:07:45,2026-07-31 12:09:31,In compliance,,,ADB - SharePoint Site Renewal,ADB - Do not allow External Sharing (SharePoint Site),,,,,,,,,,No,,,,,,,,,,,,,CSD,,,,CGAdoption,EDRMS Project Site,,,,,,,,,,,,,,,,,,,,,,,,groupsite-731003,
Site,prj_Group Site-731002,,Active,Active,Not on hold,https://7rkd12.sharepoint.com/teams/prj_groupsite-731002,80fe9998-726f-40d6-a8c1-ff00541ce75b,,,,Bonnie Test,BonnieTest@7rkd12.onmicrosoft.com,Mihal,Mihal@7rkd12.onmicrosoft.com,AdaTest,AdaTest@7rkd12.onmicrosoft.com,,,,Asia-Pacific,Team site (no Microsoft 365 group),25600,0.005,Existing external users,,Indexed,,,Claimed,2026-07-31 10:56:16,,2026-07-31 12:14:31,2027-01-31 12:14:31,2026-07-31 12:15:32,In compliance,,,ADB - SharePoint Site Renewal,ADB - Do not allow External Sharing (SharePoint Site),,,,,,,,,,No,,,,,,,,,,,,,CSD,,,,CGAdoption,EDRMS Project Site,,,,,,,,,,,,,,,,,,,,,,,,groupsite-731002,
Site,prj_Group Site-731001,,Active,Active,Not on hold,https://7rkd12.sharepoint.com/teams/prj_groupsite-731001,260562b9-c55b-4cd1-8b13-b8b21d82d521,,,,Bonnie Test,BonnieTest@7rkd12.onmicrosoft.com,Mihal,Mihal@7rkd12.onmicrosoft.com,AdaTest,AdaTest@7rkd12.onmicrosoft.com,,,,Asia-Pacific,Team site (no Microsoft 365 group),25600,0.004,Existing external users,,Indexed,,,Claimed,2026-07-31 10:56:13,,2026-08-11 09:00:00,2027-01-31 12:06:08,2026-07-31 12:07:19,In compliance,,,ADB - SharePoint Site Renewal,ADB - Do not allow External Sharing (SharePoint Site),,,,,,,,,,No,,,,,,,,,,,,,CSD,,,,CGAdoption,EDRMS Project Site,,,,,,,,,,,,,,,,,,,,,,,,groupsite-731001,
Site,prj_mihal Team Site-166,,Active,Active,,https://7rkd12.sharepoint.com/teams/prj_mihalteamsite-166,eba441b8-96c8-4846-8176-ba488596d17b,,,,Admin ADB,Admin@7rkd12.onmicrosoft.com,ADB Test;Admin ADB;Alex Wilber;Mihal,ADBTest@7rkd12.onmicrosoft.com;Admin@7rkd12.onmicrosoft.com;AlexW@7rkd12.onmicrosoft.com;Mihal@7rkd12.onmicrosoft.com,Mihal,Mihal@7rkd12.onmicrosoft.com,Leila Test,LeilaTest@7rkd12.onmicrosoft.com,,Asia-Pacific,Team site (no Microsoft 365 group),40,0.001,Not Allowed,,Not registered,,,Claimed,2026-07-29 16:52:52,,2026-07-29 16:53:06,,2026-08-10 11:51:38,In compliance,,,,,,,,,,,,,,No,,,,,,,,,,,,,CSD,,,,CGAdoption,EDRMS Project Site,,,,,,,,,,,,,,,,,,,,,,,,,
Site,prj_mihal Team Site-165,,Active,Active,,https://7rkd12.sharepoint.com/teams/prj_mihalteamsite-165,2639534c-5fbe-456f-bb60-e37a558014a4,,,,Admin ADB,Admin@7rkd12.onmicrosoft.com,ADB Test;Admin ADB;Alex Wilber;Mihal,ADBTest@7rkd12.onmicrosoft.com;Admin@7rkd12.onmicrosoft.com;AlexW@7rkd12.onmicrosoft.com;Mihal@7rkd12.onmicrosoft.com,Mihal,Mihal@7rkd12.onmicrosoft.com,Leila Test,LeilaTest@7rkd12.onmicrosoft.com,,Asia-Pacific,Team site (no Microsoft 365 group),40,0.005,Existing external users,,Not registered,,,Claimed,2026-07-29 16:52:52,,2026-07-30 07:34:38,,2026-08-10 11:51:37,In compliance,,,,,,,,,,,,,,No,,,,,,,,,,,,,CSD,,,,CGAdoption,EDRMS Project Site,,,,,,,,,,,,,,,,,,,,,,,,,
Site,prj_mihal Team Site-163,,Active,Active,,https://7rkd12.sharepoint.com/teams/prj_mihalteamsite-163,a4c19a97-2468-4f96-b884-64896b58ce4f,,,,Admin ADB,Admin@7rkd12.onmicrosoft.com,ADB Test;Admin ADB;Alex Wilber;Mihal,ADBTest@7rkd12.onmicrosoft.com;Admin@7rkd12.onmicrosoft.com;AlexW@7rkd12.onmicrosoft.com;Mihal@7rkd12.onmicrosoft.com,Mihal,Mihal@7rkd12.onmicrosoft.com,Leila Test,LeilaTest@7rkd12.onmicrosoft.com,,Asia-Pacific,Team site (no Microsoft 365 group),40,0.005,Existing external users,,Not registered,,,Claimed,2026-07-29 16:52:43,,2026-07-30 02:39:22,,2026-08-10 11:51:38,In compliance,,,,,,,,,,,,,,No,,,,,,,,,,,,,CSD,,,,CGAdoption,EDRMS Project Site,,,,,,,,,,,,,,,,,,,,,,,,,
Site,prj_mihal Team Site-162,,Active,Active,,https://7rkd12.sharepoint.com/teams/prj_mihalteamsite-162,c63b7f09-5789-4390-89d9-434a64cd1932,,,,Admin ADB,Admin@7rkd12.onmicrosoft.com,ADB Test;Admin ADB;Alex Wilber;Mihal,ADBTest@7rkd12.onmicrosoft.com;Admin@7rkd12.onmicrosoft.com;AlexW@7rkd12.onmicrosoft.com;Mihal@7rkd12.onmicrosoft.com,Mihal,Mihal@7rkd12.onmicrosoft.com,Leila Test,LeilaTest@7rkd12.onmicrosoft.com,,Asia-Pacific,Team site (no Microsoft 365 group),40,0.001,Not Allowed,,Not registered,,,Claimed,2026-07-29 16:52:32,,2026-07-29 16:52:44,,2026-08-10 11:51:43,In compliance,,,,,,,,,,,,,,No,,,,,,,,,,,,,CSD,,,,CGAdoption,EDRMS Project Site,,,,,,,,,,,,,,,,,,,,,,,,,
Site,prj_mihal Team Site-150,,Active,Active,,https://7rkd12.sharepoint.com/teams/prj_mihalteamsite-150,a6cc3fa6-659d-40fe-87db-7d6c7b4d3cf1,,,,Admin ADB,Admin@7rkd12.onmicrosoft.com,ADB Test;Admin ADB;Alex Wilber;Mihal,ADBTest@7rkd12.onmicrosoft.com;Admin@7rkd12.onmicrosoft.com;AlexW@7rkd12.onmicrosoft.com;Mihal@7rkd12.onmicrosoft.com,Mihal,Mihal@7rkd12.onmicrosoft.com,Leila Test,LeilaTest@7rkd12.onmicrosoft.com,,Asia-Pacific,Team site (no Microsoft 365 group),40,0.005,Existing external users,,Not registered,,,Claimed,2026-07-29 16:51:42,,2026-07-30 07:07:25,,2026-08-10 11:51:43,In compliance,,,,,,,,,,,,,,No,,,,,,,,,,,,,CSD,,,,CGAdoption,EDRMS Project Site,,,,,,,,,,,,,,,,,,,,,,,,,
Site,prj_mihal Team Site-158,,Active,Active,,https://7rkd12.sharepoint.com/teams/prj_mihalteamsite-158,8e2fc33b-72f6-42f2-8aac-39dfabe8622a,,,,Admin ADB,Admin@7rkd12.onmicrosoft.com,ADB Test;Admin ADB;Alex Wilber;Mihal,ADBTest@7rkd12.onmicrosoft.com;Admin@7rkd12.onmicrosoft.com;AlexW@7rkd12.onmicrosoft.com;Mihal@7rkd12.onmicrosoft.com,Mihal,Mihal@7rkd12.onmicrosoft.com,Leila Test,LeilaTest@7rkd12.onmicrosoft.com,,Asia-Pacific,Team site (no Microsoft 365 group),40,0.005,Existing external users,,Not registered,,,Claimed,2026-07-29 16:51:42,,2026-07-30 09:05:42,,2026-08-10 11:51:32,In compliance,,,,,,,,,,,,,,No,,,,,,,,,,,,,CSD,,,,CGAdoption,EDRMS Project Site,,,,,,,,,,,,,,,,,,,,,,,,,
Site,prj_mihal Team Site-157,,Active,Active,,https://7rkd12.sharepoint.com/teams/prj_mihalteamsite-157,58d8d93d-7442-4986-9bf9-cc8eacd00dc4,,,,Admin ADB,Admin@7rkd12.onmicrosoft.com,ADB Test;Admin ADB;Alex Wilber;Mihal,ADBTest@7rkd12.onmicrosoft.com;Admin@7rkd12.onmicrosoft.com;AlexW@7rkd12.onmicrosoft.com;Mihal@7rkd12.onmicrosoft.com,Mihal,Mihal@7rkd12.onmicrosoft.com,Leila Test,LeilaTest@7rkd12.onmicrosoft.com,,Asia-Pacific,Team site (no Microsoft 365 group),40,0.005,Existing external users,,Not registered,,,Claimed,2026-07-29 16:51:41,,2026-07-30 08:51:10,,2026-08-10 11:51:41,In compliance,,,,,,,,,,,,,,No,,,,,,,,,,,,,CSD,,,,CGAdoption,EDRMS Project Site,,,,,,,,,,,,,,,,,,,,,,,,,
Site,prj_mihal Team Site-156,,Active,Active,,https://7rkd12.sharepoint.com/teams/prj_mihalteamsite-156,273f47d0-c8f9-4a26-957b-56f48c004096,,,,Admin ADB,Admin@7rkd12.onmicrosoft.com,ADB Test;Admin ADB;Alex Wilber;Mihal,ADBTest@7rkd12.onmicrosoft.com;Admin@7rkd12.onmicrosoft.com;AlexW@7rkd12.onmicrosoft.com;Mihal@7rkd12.onmicrosoft.com,Mihal,Mihal@7rkd12.onmicrosoft.com,Leila Test,LeilaTest@7rkd12.onmicrosoft.com,,Asia-Pacific,Team site (no Microsoft 365 group),40,0.005,Existing external users,,Not registered,,,Claimed,2026-07-29 16:51:33,,2026-07-30 08:33:57,,2026-08-10 11:51:38,In compliance,,,,,,,,,,,,,,No,,,,,,,,,,,,,CSD,,,,CGAdoption,EDRMS Project Site,,,,,,,,,,,,,,,,,,,,,,,,,
Site,prj_mihal Team Site-154,,Active,Active,,https://7rkd12.sharepoint.com/teams/prj_mihalteamsite-154,bfa2099a-95d7-49ab-896c-bbbb6abf9b1a,,,,Admin ADB,Admin@7rkd12.onmicrosoft.com,ADB Test;Admin ADB;Alex Wilber;Mihal,ADBTest@7rkd12.onmicrosoft.com;Admin@7rkd12.onmicrosoft.com;AlexW@7rkd12.onmicrosoft.com;Mihal@7rkd12.onmicrosoft.com,Mihal,Mihal@7rkd12.onmicrosoft.com,Leila Test,LeilaTest@7rkd12.onmicrosoft.com,,Asia-Pacific,Team site (no Microsoft 365 group),40,0.005,Existing external users,,Not registered,,,Claimed,2026-07-29 16:51:31,,2026-07-30 11:22:43,,2026-08-10 11:51:36,In compliance,,,,,,,,,,,,,,No,,,,,,,,,,,,,CSD,,,,CGAdoption,EDRMS Project Site,,,,,,,,,,,,,,,,,,,,,,,,,
Site,prj_mihal Team Site-153,,Active,Active,,https://7rkd12.sharepoint.com/teams/prj_mihalteamsite-153,e4210ca4-5d1d-49f3-a9c1-5c2488608ef5,,,,Admin ADB,Admin@7rkd12.onmicrosoft.com,ADB Test;Admin ADB;Alex Wilber;Mihal,ADBTest@7rkd12.onmicrosoft.com;Admin@7rkd12.onmicrosoft.com;AlexW@7rkd12.onmicrosoft.com;Mihal@7rkd12.onmicrosoft.com,Mihal,Mihal@7rkd12.onmicrosoft.com,Leila Test,LeilaTest@7rkd12.onmicrosoft.com,,Asia-Pacific,Team site (no Microsoft 365 group),40,0.005,Existing external users,,Not registered,,,Claimed,2026-07-29 16:50:51,,2026-07-30 03:58:37,,2026-08-10 11:51:32,In compliance,,,,,,,,,,,,,,No,,,,,,,,,,,,,CSD,,,,CGAdoption,EDRMS Project Site,,,,,,,,,,,,,,,,,,,,,,,,,
Site,prj_mihal Team Site-143,,Active,Active,,https://7rkd12.sharepoint.com/teams/prj_mihalteamsite-143,8e39033b-89d5-4ad8-90de-2ea305146baf,,,,Admin ADB,Admin@7rkd12.onmicrosoft.com,ADB Test;Admin ADB;Alex Wilber;Mihal,ADBTest@7rkd12.onmicrosoft.com;Admin@7rkd12.onmicrosoft.com;AlexW@7rkd12.onmicrosoft.com;Mihal@7rkd12.onmicrosoft.com,Mihal,Mihal@7rkd12.onmicrosoft.com,Leila Test,LeilaTest@7rkd12.onmicrosoft.com,,Asia-Pacific,Team site (no Microsoft 365 group),40,0.005,Existing external users,,Not registered,,,Claimed,2026-07-29 16:50:20,,2026-07-29 21:35:14,,2026-08-10 11:51:36,In compliance,,,,,,,,,,,,,,No,,,,,,,,,,,,,CSD,,,,CGAdoption,EDRMS Project Site,,,,,,,,,,,,,,,,,,,,,,,,,
Site,prj_mihal Team Site-141,,Active,Active,,https://7rkd12.sharepoint.com/teams/prj_mihalteamsite-141,e5df98c4-8863-4349-9f89-5f8a6fe59ac1,,,,Admin ADB,Admin@7rkd12.onmicrosoft.com,ADB Test;Admin ADB;Alex Wilber;Mihal,ADBTest@7rkd12.onmicrosoft.com;Admin@7rkd12.onmicrosoft.com;AlexW@7rkd12.onmicrosoft.com;Mihal@7rkd12.onmicrosoft.com,Mihal,Mihal@7rkd12.onmicrosoft.com,Leila Test,LeilaTest@7rkd12.onmicrosoft.com,,Asia-Pacific,Team site (no Microsoft 365 group),40,0.005,Existing external users,,Not registered,,,Claimed,2026-07-29 16:50:00,,2026-07-30 07:57:26,,2026-08-10 11:51:43,In compliance,,,,,,,,,,,,,,No,,,,,,,,,,,,,CSD,,,,CGAdoption,EDRMS Project Site,,,,,,,,,,,,,,,,,,,,,,,,,
Site,prj_mihal Team Site-136,,Active,Active,,https://7rkd12.sharepoint.com/teams/prj_mihalteamsite-136,c13ef7fa-ca81-47bf-9f76-97b4a8ecfcc6,,,,Admin ADB,Admin@7rkd12.onmicrosoft.com,ADB Test;Admin ADB;Alex Wilber;Mihal,ADBTest@7rkd12.onmicrosoft.com;Admin@7rkd12.onmicrosoft.com;AlexW@7rkd12.onmicrosoft.com;Mihal@7rkd12.onmicrosoft.com,Mihal,Mihal@7rkd12.onmicrosoft.com,Leila Test,LeilaTest@7rkd12.onmicrosoft.com,,Asia-Pacific,Team site (no Microsoft 365 group),40,0.005,Existing external users,,Not registered,,,Claimed,2026-07-29 16:49:16,,2026-07-30 04:01:40,,2026-08-10 11:51:37,In compliance,,,,,,,,,,,,,,No,,,,,,,,,,,,,CSD,,,,CGAdoption,EDRMS Project Site,,,,,,,,,,,,,,,,,,,,,,,,,
Site,prj_mihal Team Site-135,,Active,Active,,https://7rkd12.sharepoint.com/teams/prj_mihalteamsite-135,1048e379-6dda-493e-b6c3-38ca0032f1f6,,,,Admin ADB,Admin@7rkd12.onmicrosoft.com,ADB Test;Admin ADB;Alex Wilber;Mihal,ADBTest@7rkd12.onmicrosoft.com;Admin@7rkd12.onmicrosoft.com;AlexW@7rkd12.onmicrosoft.com;Mihal@7rkd12.onmicrosoft.com,Mihal,Mihal@7rkd12.onmicrosoft.com,Leila Test,LeilaTest@7rkd12.onmicrosoft.com,,Asia-Pacific,Team site (no Microsoft 365 group),40,0.001,Not Allowed,,Not registered,,,Claimed,2026-07-29 16:49:14,,2026-07-29 16:49:26,,2026-08-10 11:51:37,In compliance,,,,,,,,,,,,,,No,,,,,,,,,,,,,CSD,,,,CGAdoption,EDRMS Project Site,,,,,,,,,,,,,,,,,,,,,,,,,
Site,prj_mihal Team Site-134,,Active,Active,,https://7rkd12.sharepoint.com/teams/prj_mihalteamsite-134,2547cca1-dbbb-4cb0-ba43-a37a0fee1905,,,,Admin ADB,Admin@7rkd12.onmicrosoft.com,ADB Test;Admin ADB;Alex Wilber;Mihal,ADBTest@7rkd12.onmicrosoft.com;Admin@7rkd12.onmicrosoft.com;AlexW@7rkd12.onmicrosoft.com;Mihal@7rkd12.onmicrosoft.com,Mihal,Mihal@7rkd12.onmicrosoft.com,Leila Test,LeilaTest@7rkd12.onmicrosoft.com,,Asia-Pacific,Team site (no Microsoft 365 group),40,0.005,Existing external users,,Not registered,,,Claimed,2026-07-29 16:49:10,,2026-07-29 22:35:53,,2026-08-10 11:51:42,In compliance,,,,,,,,,,,,,,No,,,,,,,,,,,,,CSD,,,,CGAdoption,EDRMS Project Site,,,,,,,,,,,,,,,,,,,,,,,,,
Site,prj_mihal Team Site-133,,Active,Active,,https://7rkd12.sharepoint.com/teams/prj_mihalteamsite-133,7b80d5e5-bf55-49cf-8b21-477b3cf18418,,,,Admin ADB,Admin@7rkd12.onmicrosoft.com,ADB Test;Admin ADB;Alex Wilber;Mihal,ADBTest@7rkd12.onmicrosoft.com;Admin@7rkd12.onmicrosoft.com;AlexW@7rkd12.onmicrosoft.com;Mihal@7rkd12.onmicrosoft.com,Mihal,Mihal@7rkd12.onmicrosoft.com,Leila Test,LeilaTest@7rkd12.onmicrosoft.com,,Asia-Pacific,Team site (no Microsoft 365 group),40,0.005,Existing external users,,Not registered,,,Claimed,2026-07-29 16:49:09,,2026-07-29 22:33:38,,2026-08-10 11:51:37,In compliance,,,,,,,,,,,,,,No,,,,,,,,,,,,,CSD,,,,CGAdoption,EDRMS Project Site,,,,,,,,,,,,,,,,,,,,,,,,,
Site,prj_mihal Team Site-132,,Active,Active,,https://7rkd12.sharepoint.com/teams/prj_mihalteamsite-132,837c0678-a79f-447e-ab35-ed4629011fcc,,,,Admin ADB,Admin@7rkd12.onmicrosoft.com,ADB Test;Admin ADB;Alex Wilber;Mihal,ADBTest@7rkd12.onmicrosoft.com;Admin@7rkd12.onmicrosoft.com;AlexW@7rkd12.onmicrosoft.com;Mihal@7rkd12.onmicrosoft.com,Mihal,Mihal@7rkd12.onmicrosoft.com,Leila Test,LeilaTest@7rkd12.onmicrosoft.com,,Asia-Pacific,Team site (no Microsoft 365 group),40,0.005,Existing external users,,Not registered,,,Claimed,2026-07-29 16:49:06,,2026-07-29 22:36:29,,2026-08-10 11:51:32,In compliance,,,,,,,,,,,,,,No,,,,,,,,,,,,,CSD,,,,CGAdoption,EDRMS Project Site,,,,,,,,,,,,,,,,,,,,,,,,,
Site,prj_mihal Team Site-117,,Active,Active,,https://7rkd12.sharepoint.com/teams/prj_mihalteamsite-117,a68c55ca-c0f6-4da9-8961-9a91bc0a4f36,,,,Admin ADB,Admin@7rkd12.onmicrosoft.com,ADB Test;Admin ADB;Alex Wilber;Mihal,ADBTest@7rkd12.onmicrosoft.com;Admin@7rkd12.onmicrosoft.com;AlexW@7rkd12.onmicrosoft.com;Mihal@7rkd12.onmicrosoft.com,Mihal,Mihal@7rkd12.onmicrosoft.com,Leila Test,LeilaTest@7rkd12.onmicrosoft.com,,Asia-Pacific,Team site (no Microsoft 365 group),40,0.005,Existing external users,,Not registered,,,Claimed,2026-07-29 16:47:24,,2026-07-30 11:17:07,,2026-08-10 11:51:42,In compliance,,,,,,,,,,,,,,No,,,,,,,,,,,,,CSD,,,,CGAdoption,EDRMS Project Site,,,,,,,,,,,,,,,,,,,,,,,,,
Site,prj_mihal Team Site-097,,Active,Active,,https://7rkd12.sharepoint.com/teams/prj_mihalteamsite-097,29796beb-72bd-458e-877e-daea2aa86d77,,,,Admin ADB,Admin@7rkd12.onmicrosoft.com,ADB Test;Admin ADB;Alex Wilber;Mihal,ADBTest@7rkd12.onmicrosoft.com;Admin@7rkd12.onmicrosoft.com;AlexW@7rkd12.onmicrosoft.com;Mihal@7rkd12.onmicrosoft.com,Mihal,Mihal@7rkd12.onmicrosoft.com,Leila Test,LeilaTest@7rkd12.onmicrosoft.com,,Asia-Pacific,Team site (no Microsoft 365 group),40,0.005,Existing external users,,Not registered,,,Claimed,2026-07-29 16:46:41,,2026-07-29 20:08:40,,2026-08-10 11:51:43,In compliance,,,,,,,,,,,,,,No,,,,,,,,,,,,,CSD,,,,CGAdoption,EDRMS Project Site,,,,,,,,,,,,,,,,,,,,,,,,,
Site,prj_mihal Team Site-107,,Active,Active,,https://7rkd12.sharepoint.com/teams/prj_mihalteamsite-107,05468ebc-d1fc-47bd-90be-20c459fe7063,,,,Admin ADB,Admin@7rkd12.onmicrosoft.com,ADB Test;Admin ADB;Alex Wilber;Mihal,ADBTest@7rkd12.onmicrosoft.com;Admin@7rkd12.onmicrosoft.com;AlexW@7rkd12.onmicrosoft.com;Mihal@7rkd12.onmicrosoft.com,Mihal,Mihal@7rkd12.onmicrosoft.com,Leila Test,LeilaTest@7rkd12.onmicrosoft.com,,Asia-Pacific,Team site (no Microsoft 365 group),40,0.005,Existing external users,,Not registered,,,Claimed,2026-07-29 16:46:40,,2026-07-30 02:31:31,,2026-08-10 11:51:42,In compliance,,,,,,,,,,,,,,No,,,,,,,,,,,,,CSD,,,,CGAdoption,EDRMS Project Site,,,,,,,,,,,,,,,,,,,,,,,,,
Site,prj_mihal Team Site-106,,Active,Active,,https://7rkd12.sharepoint.com/teams/prj_mihalteamsite-106,9cd7a42b-9eab-4ec5-a70f-412e98a1b0d3,,,,Admin ADB,Admin@7rkd12.onmicrosoft.com,ADB Test;Admin ADB;Alex Wilber;Mihal,ADBTest@7rkd12.onmicrosoft.com;Admin@7rkd12.onmicrosoft.com;AlexW@7rkd12.onmicrosoft.com;Mihal@7rkd12.onmicrosoft.com,Mihal,Mihal@7rkd12.onmicrosoft.com,Leila Test,LeilaTest@7rkd12.onmicrosoft.com,,Asia-Pacific,Team site (no Microsoft 365 group),40,0.005,Existing external users,,Not registered,,,Claimed,2026-07-29 16:46:37,,2026-07-30 10:39:38,,2026-08-10 11:51:38,In compliance,,,,,,,,,,,,,,No,,,,,,,,,,,,,CSD,,,,CGAdoption,EDRMS Project Site,,,,,,,,,,,,,,,,,,,,,,,,,
Site,prj_mihal Team Site-104,,Active,Active,,https://7rkd12.sharepoint.com/teams/prj_mihalteamsite-104,32a44946-9f44-4f8c-8338-32d77d7bc697,,,,Admin ADB,Admin@7rkd12.onmicrosoft.com,ADB Test;Admin ADB;Alex Wilber;Mihal,ADBTest@7rkd12.onmicrosoft.com;Admin@7rkd12.onmicrosoft.com;AlexW@7rkd12.onmicrosoft.com;Mihal@7rkd12.onmicrosoft.com,Mihal,Mihal@7rkd12.onmicrosoft.com,Leila Test,LeilaTest@7rkd12.onmicrosoft.com,,Asia-Pacific,Team site (no Microsoft 365 group),40,0.005,Existing external users,,Not registered,,,Claimed,2026-07-29 16:45:54,,2026-07-29 21:32:19,,2026-08-10 11:51:37,In compliance,,,,,,,,,,,,,,No,,,,,,,,,,,,,CSD,,,,CGAdoption,EDRMS Project Site,,,,,,,,,,,,,,,,,,,,,,,,,
Site,prj_mihal Team Site-102,,Active,Active,,https://7rkd12.sharepoint.com/teams/prj_mihalteamsite-102,481ef341-3870-4a40-adc0-d1bec40c04f8,,,,Admin ADB,Admin@7rkd12.onmicrosoft.com,ADB Test;Admin ADB;Alex Wilber;Mihal,ADBTest@7rkd12.onmicrosoft.com;Admin@7rkd12.onmicrosoft.com;AlexW@7rkd12.onmicrosoft.com;Mihal@7rkd12.onmicrosoft.com,Mihal,Mihal@7rkd12.onmicrosoft.com,Leila Test,LeilaTest@7rkd12.onmicrosoft.com,,Asia-Pacific,Team site (no Microsoft 365 group),40,0.005,Existing external users,,Not registered,,,Claimed,2026-07-29 16:45:53,,2026-08-10 09:00:00,,2026-08-10 11:51:32,In compliance,,,,,,,,,,,,,,No,,,,,,,,,,,,,CSD,,,,CGAdoption,EDRMS Project Site,,,,,,,,,,,,,,,,,,,,,,,,,
Site,prj_mihal Team Site-103,,Active,Active,,https://7rkd12.sharepoint.com/teams/prj_mihalteamsite-103,188239b0-d814-4544-905c-b7d3f2178db0,,,,Admin ADB,Admin@7rkd12.onmicrosoft.com,ADB Test;Admin ADB;Alex Wilber;Mihal,ADBTest@7rkd12.onmicrosoft.com;Admin@7rkd12.onmicrosoft.com;AlexW@7rkd12.onmicrosoft.com;Mihal@7rkd12.onmicrosoft.com,Mihal,Mihal@7rkd12.onmicrosoft.com,Leila Test,LeilaTest@7rkd12.onmicrosoft.com,,Asia-Pacific,Team site (no Microsoft 365 group),40,0.005,Existing external users,,Not registered,,,Claimed,2026-07-29 16:45:52,,2026-07-30 07:14:15,,2026-08-10 11:51:43,In compliance,,,,,,,,,,,,,,No,,,,,,,,,,,,,CSD,,,,CGAdoption,EDRMS Project Site,,,,,,,,,,,,,,,,,,,,,,,,,
Site,prj_mihal Team Site-101,,Active,Active,,https://7rkd12.sharepoint.com/teams/prj_mihalteamsite-101,66032e69-7c03-4415-aca5-c85618cceb6f,,,,Admin ADB,Admin@7rkd12.onmicrosoft.com,ADB Test;Admin ADB;Alex Wilber;Mihal,ADBTest@7rkd12.onmicrosoft.com;Admin@7rkd12.onmicrosoft.com;AlexW@7rkd12.onmicrosoft.com;Mihal@7rkd12.onmicrosoft.com,Mihal,Mihal@7rkd12.onmicrosoft.com,Leila Test,LeilaTest@7rkd12.onmicrosoft.com,,Asia-Pacific,Team site (no Microsoft 365 group),40,0.005,Existing external users,,Not registered,,,Claimed,2026-07-29 16:45:52,,2026-07-29 23:57:12,,2026-08-10 11:51:35,In compliance,,,,,,,,,,,,,,No,,,,,,,,,,,,,CSD,,,,CGAdoption,EDRMS Project Site,,,,,,,,,,,,,,,,,,,,,,,,,
Site,prj_mihal Team Site-095,,Active,Active,,https://7rkd12.sharepoint.com/teams/prj_mihalteamsite-095,5646941b-f5fb-43f4-b3e9-981e916c210f,,,,Admin ADB,Admin@7rkd12.onmicrosoft.com,ADB Test;Admin ADB;Alex Wilber;Mihal,ADBTest@7rkd12.onmicrosoft.com;Admin@7rkd12.onmicrosoft.com;AlexW@7rkd12.onmicrosoft.com;Mihal@7rkd12.onmicrosoft.com,Mihal,Mihal@7rkd12.onmicrosoft.com,Leila Test,LeilaTest@7rkd12.onmicrosoft.com,,Asia-Pacific,Team site (no Microsoft 365 group),40,0.005,Existing external users,,Not registered,,,Claimed,2026-07-29 16:45:12,,2026-07-30 04:07:53,,2026-08-10 11:51:43,In compliance,,,,,,,,,,,,,,No,,,,,,,,,,,,,CSD,,,,CGAdoption,EDRMS Project Site,,,,,,,,,,,,,,,,,,,,,,,,,
Site,prj_mihal Team Site-080,,Active,Active,,https://7rkd12.sharepoint.com/teams/prj_mihalteamsite-080,a4e58631-cdc5-407b-9ea6-cff9f32e3325,,,,Admin ADB,Admin@7rkd12.onmicrosoft.com,ADB Test;Admin ADB;Alex Wilber;Mihal,ADBTest@7rkd12.onmicrosoft.com;Admin@7rkd12.onmicrosoft.com;AlexW@7rkd12.onmicrosoft.com;Mihal@7rkd12.onmicrosoft.com,Mihal,Mihal@7rkd12.onmicrosoft.com,Leila Test,LeilaTest@7rkd12.onmicrosoft.com,,Asia-Pacific,Team site (no Microsoft 365 group),40,0.005,Existing external users,,Not registered,,,Claimed,2026-07-29 16:43:42,,2026-07-30 09:00:54,,2026-08-10 11:51:39,In compliance,,,,,,,,,,,,,,No,,,,,,,,,,,,,CSD,,,,CGAdoption,EDRMS Project Site,,,,,,,,,,,,,,,,,,,,,,,,,
Site,prj_mihal Team Site-082,,Active,Active,,https://7rkd12.sharepoint.com/teams/prj_mihalteamsite-082,bb198a80-e832-4e7e-8bc1-8c1a445493e6,,,,Admin ADB,Admin@7rkd12.onmicrosoft.com,ADB Test;Admin ADB;Alex Wilber;Mihal,ADBTest@7rkd12.onmicrosoft.com;Admin@7rkd12.onmicrosoft.com;AlexW@7rkd12.onmicrosoft.com;Mihal@7rkd12.onmicrosoft.com,Mihal,Mihal@7rkd12.onmicrosoft.com,Leila Test,LeilaTest@7rkd12.onmicrosoft.com,,Asia-Pacific,Team site (no Microsoft 365 group),40,0.005,Existing external users,,Not registered,,,Claimed,2026-07-29 16:43:41,,2026-07-29 21:22:56,,2026-08-10 11:51:43,In compliance,,,,,,,,,,,,,,No,,,,,,,,,,,,,CSD,,,,CGAdoption,EDRMS Project Site,,,,,,,,,,,,,,,,,,,,,,,,,
Site,prj_mihal Team Site-081,,Active,Active,,https://7rkd12.sharepoint.com/teams/prj_mihalteamsite-081,12823411-7973-4765-a0d8-378464a21d09,,,,Admin ADB,Admin@7rkd12.onmicrosoft.com,ADB Test;Admin ADB;Alex Wilber;Mihal,ADBTest@7rkd12.onmicrosoft.com;Admin@7rkd12.onmicrosoft.com;AlexW@7rkd12.onmicrosoft.com;Mihal@7rkd12.onmicrosoft.com,Mihal,Mihal@7rkd12.onmicrosoft.com,Leila Test,LeilaTest@7rkd12.onmicrosoft.com,,Asia-Pacific,Team site (no Microsoft 365 group),40,0.005,Existing external users,,Not registered,,,Claimed,2026-07-29 16:43:41,,2026-07-30 10:12:52,,2026-08-10 11:51:43,In compliance,,,,,,,,,,,,,,No,,,,,,,,,,,,,CSD,,,,CGAdoption,EDRMS Project Site,,,,,,,,,,,,,,,,,,,,,,,,,
Site,prj_mihal Team Site-078,,Active,Active,,https://7rkd12.sharepoint.com/teams/prj_mihalteamsite-078,550cfbe0-a5b6-436b-a18a-e02879bf540b,,,,Admin ADB,Admin@7rkd12.onmicrosoft.com,ADB Test;Admin ADB;Alex Wilber;Mihal,ADBTest@7rkd12.onmicrosoft.com;Admin@7rkd12.onmicrosoft.com;AlexW@7rkd12.onmicrosoft.com;Mihal@7rkd12.onmicrosoft.com,Mihal,Mihal@7rkd12.onmicrosoft.com,Leila Test,LeilaTest@7rkd12.onmicrosoft.com,,Asia-Pacific,Team site (no Microsoft 365 group),40,0.005,Existing external users,,Not registered,,,Claimed,2026-07-29 16:43:30,,2026-07-30 05:25:30,,2026-08-10 11:51:37,In compliance,,,,,,,,,,,,,,No,,,,,,,,,,,,,CSD,,,,CGAdoption,EDRMS Project Site,,,,,,,,,,,,,,,,,,,,,,,,,
Site,prj_mihal Team Site-075,,Active,Active,,https://7rkd12.sharepoint.com/teams/prj_mihalteamsite-075,cdd3dc47-d9e3-45ae-915d-6069cd02bc41,,,,Admin ADB,Admin@7rkd12.onmicrosoft.com,ADB Test;Admin ADB;Alex Wilber;Mihal,ADBTest@7rkd12.onmicrosoft.com;Admin@7rkd12.onmicrosoft.com;AlexW@7rkd12.onmicrosoft.com;Mihal@7rkd12.onmicrosoft.com,Mihal,Mihal@7rkd12.onmicrosoft.com,Leila Test,LeilaTest@7rkd12.onmicrosoft.com,,Asia-Pacific,Team site (no Microsoft 365 group),40,0.005,Existing external users,,Not registered,,,Claimed,2026-07-29 16:43:19,,2026-07-30 01:23:41,,2026-08-10 11:51:37,In compliance,,,,,,,,,,,,,,No,,,,,,,,,,,,,CSD,,,,CGAdoption,EDRMS Project Site,,,,,,,,,,,,,,,,,,,,,,,,,
Site,prj_mihal Team Site-074,,Active,Active,,https://7rkd12.sharepoint.com/teams/prj_mihalteamsite-074,58de1a47-bc9e-4964-869c-23a531ab421e,,,,Admin ADB,Admin@7rkd12.onmicrosoft.com,ADB Test;Admin ADB;Alex Wilber;Mihal,ADBTest@7rkd12.onmicrosoft.com;Admin@7rkd12.onmicrosoft.com;AlexW@7rkd12.onmicrosoft.com;Mihal@7rkd12.onmicrosoft.com,Mihal,Mihal@7rkd12.onmicrosoft.com,Leila Test,LeilaTest@7rkd12.onmicrosoft.com,,Asia-Pacific,Team site (no Microsoft 365 group),40,0.005,Existing external users,,Not registered,,,Claimed,2026-07-29 16:43:17,,2026-07-30 11:52:54,,2026-08-10 11:51:38,In compliance,,,,,,,,,,,,,,No,,,,,,,,,,,,,CSD,,,,CGAdoption,EDRMS Project Site,,,,,,,,,,,,,,,,,,,,,,,,,
Site,prj_mihal Team Site-034,,Active,Active,,https://7rkd12.sharepoint.com/teams/prj_mihalteamsite-034,6a2757b7-c90a-4556-8801-affcaa966802,,,,Admin ADB,Admin@7rkd12.onmicrosoft.com,ADB Test;Admin ADB;Mihal,ADBTest@7rkd12.onmicrosoft.com;Admin@7rkd12.onmicrosoft.com;Mihal@7rkd12.onmicrosoft.com,Mihal,Mihal@7rkd12.onmicrosoft.com,Leila Test,LeilaTest@7rkd12.onmicrosoft.com,,Asia-Pacific,Team site (no Microsoft 365 group),40,0.001,Not Allowed,,Not registered,,,Claimed,2026-07-29 16:39:54,,2026-07-29 16:40:06,,2026-08-10 11:51:38,In compliance,,,,,,,,,,,,,,No,,,,,,,,,,,,,CSD,,,,CGAdoption,EDRMS Project Site,,,,,,,,,,,,,,,,,,,,,,,,,
Site,prj_mihal Team Site-031,,Active,Active,,https://7rkd12.sharepoint.com/teams/prj_mihalteamsite-031,337d0be4-49fe-46ef-9ed9-18b22c841378,,,,Admin ADB,Admin@7rkd12.onmicrosoft.com,ADB Test;Admin ADB;Alex Wilber;Mihal,ADBTest@7rkd12.onmicrosoft.com;Admin@7rkd12.onmicrosoft.com;AlexW@7rkd12.onmicrosoft.com;Mihal@7rkd12.onmicrosoft.com,Mihal,Mihal@7rkd12.onmicrosoft.com,Leila Test,LeilaTest@7rkd12.onmicrosoft.com,,Asia-Pacific,Team site (no Microsoft 365 group),40,0.005,Existing external users,,Not registered,,,Claimed,2026-07-29 16:39:47,,2026-07-30 05:27:55,,2026-08-10 11:51:42,In compliance,,,,,,,,,,,,,,No,,,,,,,,,,,,,CSD,,,,CGAdoption,EDRMS Project Site,,,,,,,,,,,,,,,,,,,,,,,,,
Site,prj_mihal Team Site-029,,Active,Active,,https://7rkd12.sharepoint.com/teams/prj_mihalteamsite-029,37c1b9a1-02a4-4495-a636-a9643ab96231,,,,Admin ADB,Admin@7rkd12.onmicrosoft.com,ADB Test;Admin ADB;Alex Wilber;Mihal,ADBTest@7rkd12.onmicrosoft.com;Admin@7rkd12.onmicrosoft.com;AlexW@7rkd12.onmicrosoft.com;Mihal@7rkd12.onmicrosoft.com,Mihal,Mihal@7rkd12.onmicrosoft.com,Leila Test,LeilaTest@7rkd12.onmicrosoft.com,,Asia-Pacific,Team site (no Microsoft 365 group),40,0.005,Existing external users,,Not registered,,,Claimed,2026-07-29 16:39:43,,2026-07-30 05:06:08,,2026-08-10 11:51:41,In compliance,,,,,,,,,,,,,,No,,,,,,,,,,,,,CSD,,,,CGAdoption,EDRMS Project Site,,,,,,,,,,,,,,,,,,,,,,,,,
Site,prj_mihal Team Site-028,,Active,Active,,https://7rkd12.sharepoint.com/teams/prj_mihalteamsite-028,a4c118b2-d8e1-4de1-8587-d75c0c480843,,,,Admin ADB,Admin@7rkd12.onmicrosoft.com,ADB Test;Admin ADB;Alex Wilber;Mihal,ADBTest@7rkd12.onmicrosoft.com;Admin@7rkd12.onmicrosoft.com;AlexW@7rkd12.onmicrosoft.com;Mihal@7rkd12.onmicrosoft.com,Mihal,Mihal@7rkd12.onmicrosoft.com,Leila Test,LeilaTest@7rkd12.onmicrosoft.com,,Asia-Pacific,Team site (no Microsoft 365 group),40,0.005,Existing external users,,Not registered,,,Claimed,2026-07-29 16:39:42,,2026-07-30 05:40:35,,2026-08-10 11:51:32,In compliance,,,,,,,,,,,,,,No,,,,,,,,,,,,,CSD,,,,CGAdoption,EDRMS Project Site,,,,,,,,,,,,,,,,,,,,,,,,,
Site,prj_mihal Team Site-025,,Active,Active,,https://7rkd12.sharepoint.com/teams/prj_mihalteamsite-025,797567a3-5e2d-4cd7-95bb-8fc3b87151e6,,,,Admin ADB,Admin@7rkd12.onmicrosoft.com,ADB Test;Admin ADB;Alex Wilber;Mihal,ADBTest@7rkd12.onmicrosoft.com;Admin@7rkd12.onmicrosoft.com;AlexW@7rkd12.onmicrosoft.com;Mihal@7rkd12.onmicrosoft.com,Mihal,Mihal@7rkd12.onmicrosoft.com,Leila Test,LeilaTest@7rkd12.onmicrosoft.com,,Asia-Pacific,Team site (no Microsoft 365 group),40,0.005,Existing external users,,Not registered,,,Claimed,2026-07-29 16:39:09,,2026-07-30 01:05:37,,2026-08-10 11:51:41,In compliance,,,,,,,,,,,,,,No,,,,,,,,,,,,,CSD,,,,CGAdoption,EDRMS Project Site,,,,,,,,,,,,,,,,,,,,,,,,,
Site,prj_mihal Team Site-022,,Active,Active,,https://7rkd12.sharepoint.com/teams/prj_mihalteamsite-022,a767b763-86d0-4028-b4c3-4ccb681c1bd6,,,,Admin ADB,Admin@7rkd12.onmicrosoft.com,ADB Test;Admin ADB;Mihal,ADBTest@7rkd12.onmicrosoft.com;Admin@7rkd12.onmicrosoft.com;Mihal@7rkd12.onmicrosoft.com,Mihal,Mihal@7rkd12.onmicrosoft.com,Leila Test,LeilaTest@7rkd12.onmicrosoft.com,,Asia-Pacific,Team site (no Microsoft 365 group),40,0.001,Not Allowed,,Not registered,,,Claimed,2026-07-29 16:38:43,,2026-07-29 16:38:57,,2026-08-10 11:51:38,In compliance,,,,,,,,,,,,,,No,,,,,,,,,,,,,CSD,,,,CGAdoption,EDRMS Project Site,,,,,,,,,,,,,,,,,,,,,,,,,
Site,prj_mihal Team Site-020,,Active,Active,,https://7rkd12.sharepoint.com/teams/prj_mihalteamsite-020,ae39efc2-ac43-431a-b569-cdec03fdd6c6,,,,Admin ADB,Admin@7rkd12.onmicrosoft.com,ADB Test;Admin ADB;Alex Wilber;Mihal,ADBTest@7rkd12.onmicrosoft.com;Admin@7rkd12.onmicrosoft.com;AlexW@7rkd12.onmicrosoft.com;Mihal@7rkd12.onmicrosoft.com,Mihal,Mihal@7rkd12.onmicrosoft.com,Leila Test,LeilaTest@7rkd12.onmicrosoft.com,,Asia-Pacific,Team site (no Microsoft 365 group),40,0.005,Existing external users,,Not registered,,,Claimed,2026-07-29 16:38:40,,2026-07-30 00:46:20,,2026-08-10 11:51:39,In compliance,,,,,,,,,,,,,,No,,,,,,,,,,,,,CSD,,,,CGAdoption,EDRMS Project Site,,,,,,,,,,,,,,,,,,,,,,,,,
Site,prj_mihal Team Site-021,,Active,Active,,https://7rkd12.sharepoint.com/teams/prj_mihalteamsite-021,c1db7364-6041-4a82-8ee4-5584ad2e77e0,,,,Admin ADB,Admin@7rkd12.onmicrosoft.com,ADB Test;Admin ADB;Alex Wilber;Mihal,ADBTest@7rkd12.onmicrosoft.com;Admin@7rkd12.onmicrosoft.com;AlexW@7rkd12.onmicrosoft.com;Mihal@7rkd12.onmicrosoft.com,Mihal,Mihal@7rkd12.onmicrosoft.com,Leila Test,LeilaTest@7rkd12.onmicrosoft.com,,Asia-Pacific,Team site (no Microsoft 365 group),40,0.005,Existing external users,,Not registered,,,Claimed,2026-07-29 16:38:40,,2026-07-30 02:27:29,,2026-08-10 11:51:43,In compliance,,,,,,,,,,,,,,No,,,,,,,,,,,,,CSD,,,,CGAdoption,EDRMS Project Site,,,,,,,,,,,,,,,,,,,,,,,,,
Site,prj_mihal Team Site-019,,Active,Active,,https://7rkd12.sharepoint.com/teams/prj_mihalteamsite-019,579a75e2-24ba-46f4-8d7e-449c63b5871b,,,,Admin ADB,Admin@7rkd12.onmicrosoft.com,ADB Test;Admin ADB;Mihal,ADBTest@7rkd12.onmicrosoft.com;Admin@7rkd12.onmicrosoft.com;Mihal@7rkd12.onmicrosoft.com,Mihal,Mihal@7rkd12.onmicrosoft.com,Leila Test,LeilaTest@7rkd12.onmicrosoft.com,,Asia-Pacific,Team site (no Microsoft 365 group),40,0.001,Not Allowed,,Not registered,,,Claimed,2026-07-29 16:38:33,,2026-07-29 16:39:17,,2026-08-10 11:51:32,In compliance,,,,,,,,,,,,,,No,,,,,,,,,,,,,CSD,,,,CGAdoption,EDRMS Project Site,,,,,,,,,,,,,,,,,,,,,,,,,
Site,prj_mihal Team Site-011,,Active,Active,,https://7rkd12.sharepoint.com/teams/prj_mihalteamsite-011,e7828910-7fd9-4db2-bfff-53d66c5b7803,,,,Admin ADB,Admin@7rkd12.onmicrosoft.com,ADB Test;Admin ADB;Alex Wilber;Mihal,ADBTest@7rkd12.onmicrosoft.com;Admin@7rkd12.onmicrosoft.com;AlexW@7rkd12.onmicrosoft.com;Mihal@7rkd12.onmicrosoft.com,Mihal,Mihal@7rkd12.onmicrosoft.com,Leila Test,LeilaTest@7rkd12.onmicrosoft.com,,Asia-Pacific,Team site (no Microsoft 365 group),40,0.005,Existing external users,,Not registered,,,Claimed,2026-07-29 16:37:31,,2026-07-30 01:11:52,,2026-08-10 11:51:42,In compliance,,,,,,,,,,,,,,No,,,,,,,,,,,,,CSD,,,,CGAdoption,EDRMS Project Site,,,,,,,,,,,,,,,,,,,,,,,,,
Site,prj_mihal Team Site-008,,Active,Active,,https://7rkd12.sharepoint.com/teams/prj_mihalteamsite-008,c6d414a8-20ac-4adb-afc4-985ce302f44b,,,,Admin ADB,Admin@7rkd12.onmicrosoft.com,ADB Test;Admin ADB;Alex Wilber;Mihal,ADBTest@7rkd12.onmicrosoft.com;Admin@7rkd12.onmicrosoft.com;AlexW@7rkd12.onmicrosoft.com;Mihal@7rkd12.onmicrosoft.com,Mihal,Mihal@7rkd12.onmicrosoft.com,Leila Test,LeilaTest@7rkd12.onmicrosoft.com,,Asia-Pacific,Team site (no Microsoft 365 group),40,0.005,Existing external users,,Not registered,,,Claimed,2026-07-29 16:37:24,,2026-07-30 04:10:48,,2026-08-10 11:51:43,In compliance,,,,,,,,,,,,,,No,,,,,,,,,,,,,CSD,,,,CGAdoption,EDRMS Project Site,,,,,,,,,,,,,,,,,,,,,,,,,
Site,prj_mihal Team Site-002,,Active,Active,,https://7rkd12.sharepoint.com/teams/prj_mihalteamsite-002,e9a5ded2-a81f-4218-9d9b-cee53ad215c6,,,,Admin ADB,Admin@7rkd12.onmicrosoft.com,ADB Test;Admin ADB;Alex Wilber;Mihal,ADBTest@7rkd12.onmicrosoft.com;Admin@7rkd12.onmicrosoft.com;AlexW@7rkd12.onmicrosoft.com;Mihal@7rkd12.onmicrosoft.com,Mihal,Mihal@7rkd12.onmicrosoft.com,Leila Test,LeilaTest@7rkd12.onmicrosoft.com,,Asia-Pacific,Team site (no Microsoft 365 group),40,0.001,Not Allowed,,Not registered,,,Claimed,2026-07-29 16:36:52,,2026-07-29 16:37:04,,2026-08-10 11:51:43,In compliance,,,,,,,,,,,,,,No,,,,,,,,,,,,,CSD,,,,CGAdoption,EDRMS Project Site,,,,,,,,,,,,,,,,,,,,,,,,,
Site,prj_mihal Group Site-250,,Active,Active,,https://7rkd12.sharepoint.com/teams/prj_mihalgroupsite-250,19a59963-acbf-4f77-bd21-a328ae8b2fcb,,,,Admin ADB,Admin@7rkd12.onmicrosoft.com,ADB Test;Admin ADB;Mihal,ADBTest@7rkd12.onmicrosoft.com;Admin@7rkd12.onmicrosoft.com;Mihal@7rkd12.onmicrosoft.com,Mihal,Mihal@7rkd12.onmicrosoft.com,Leila Test,LeilaTest@7rkd12.onmicrosoft.com,,Asia-Pacific,Team site (no Microsoft 365 group),40,0.001,Not Allowed,,Not registered,,,Claimed,2026-07-29 16:36:19,,2026-07-29 16:37:07,,2026-08-10 11:51:36,In compliance,,,,,,,,,,,,,,No,,,,,,,,,,,,,CSD,,,,CGAdoption,EDRMS Project Site,,,,,,,,,,,,,,,,,,,,,,,,,
Site,prj_mihal Team Site-001,,Active,Active,,https://7rkd12.sharepoint.com/teams/prj_mihalteamsite-001,491fd6fc-a579-4eae-b094-43437338d1e4,,,,Admin ADB,Admin@7rkd12.onmicrosoft.com,ADB Test;Admin ADB;Mihal,ADBTest@7rkd12.onmicrosoft.com;Admin@7rkd12.onmicrosoft.com;Mihal@7rkd12.onmicrosoft.com,Mihal,Mihal@7rkd12.onmicrosoft.com,Leila Test,LeilaTest@7rkd12.onmicrosoft.com,,Asia-Pacific,Team site (no Microsoft 365 group),40,0.001,Not Allowed,,Not registered,,,Claimed,2026-07-29 16:36:19,,2026-07-29 16:36:34,,2026-08-10 11:52:24,In compliance,,,,,,,,,,,,,,No,,,,,,,,,,,,,CSD,,,,CGAdoption,EDRMS Project Site,,,,,,,,,,,,,,,,,,,,,,,,,
Site,prj_mihal Group Site-241,,Active,Active,,https://7rkd12.sharepoint.com/teams/prj_mihalgroupsite-241,7acc2066-ddd4-4a2c-add8-8d245be83808,,,,Admin ADB,Admin@7rkd12.onmicrosoft.com,ADB Test;Admin ADB;Mihal,ADBTest@7rkd12.onmicrosoft.com;Admin@7rkd12.onmicrosoft.com;Mihal@7rkd12.onmicrosoft.com,Mihal,Mihal@7rkd12.onmicrosoft.com,Leila Test,LeilaTest@7rkd12.onmicrosoft.com,,Asia-Pacific,Team site (no Microsoft 365 group),40,0.001,Not Allowed,,Not registered,,,Claimed,2026-07-29 16:35:15,,2026-07-29 16:35:59,,2026-08-10 11:51:38,In compliance,,,,,,,,,,,,,,No,,,,,,,,,,,,,CSD,,,,CGAdoption,EDRMS Project Site,,,,,,,,,,,,,,,,,,,,,,,,,
Site,prj_mihal Group Site-240,,Active,Active,,https://7rkd12.sharepoint.com/teams/prj_mihalgroupsite-240,5c04f893-00ee-45ac-a87c-23942c6cb820,,,,Admin ADB,Admin@7rkd12.onmicrosoft.com,ADB Test;Admin ADB;Mihal,ADBTest@7rkd12.onmicrosoft.com;Admin@7rkd12.onmicrosoft.com;Mihal@7rkd12.onmicrosoft.com,Mihal,Mihal@7rkd12.onmicrosoft.com,Leila Test,LeilaTest@7rkd12.onmicrosoft.com,,Asia-Pacific,Team site (no Microsoft 365 group),40,0.001,Not Allowed,,Not registered,,,Claimed,2026-07-29 16:35:15,,2026-07-29 16:35:29,,2026-08-10 11:51:45,In compliance,,,,,,,,,,,,,,No,,,,,,,,,,,,,CSD,,,,CGAdoption,EDRMS Project Site,,,,,,,,,,,,,,,,,,,,,,,,,
Site,prj_mihal Group Site-234,,Active,Active,,https://7rkd12.sharepoint.com/teams/prj_mihalgroupsite-234,bd3eebd5-60a8-4853-b20e-4320e3a0d237,,,,Admin ADB,Admin@7rkd12.onmicrosoft.com,ADB Test;Admin ADB;Mihal,ADBTest@7rkd12.onmicrosoft.com;Admin@7rkd12.onmicrosoft.com;Mihal@7rkd12.onmicrosoft.com,Mihal,Mihal@7rkd12.onmicrosoft.com,Leila Test,LeilaTest@7rkd12.onmicrosoft.com,,Asia-Pacific,Team site (no Microsoft 365 group),40,0.001,Not Allowed,,Not registered,,,Claimed,2026-07-29 16:34:53,,2026-07-29 16:35:03,,2026-08-10 11:51:38,In compliance,,,,,,,,,,,,,,No,,,,,,,,,,,,,CSD,,,,CGAdoption,EDRMS Project Site,,,,,,,,,,,,,,,,,,,,,,,,,
Site,prj_mihal Group Site-225,,Active,Active,,https://7rkd12.sharepoint.com/teams/prj_mihalgroupsite-225,f160b775-6bac-4872-a895-4b21350c7d46,,,,Admin ADB,Admin@7rkd12.onmicrosoft.com,ADB Test;Admin ADB;Mihal,ADBTest@7rkd12.onmicrosoft.com;Admin@7rkd12.onmicrosoft.com;Mihal@7rkd12.onmicrosoft.com,Mihal,Mihal@7rkd12.onmicrosoft.com,Leila Test,LeilaTest@7rkd12.onmicrosoft.com,,Asia-Pacific,Team site (no Microsoft 365 group),40,0.001,Not Allowed,,Not registered,,,Claimed,2026-07-29 16:33:48,,2026-07-29 16:34:02,,2026-08-10 11:51:36,In compliance,,,,,,,,,,,,,,No,,,,,,,,,,,,,CSD,,,,CGAdoption,EDRMS Project Site,,,,,,,,,,,,,,,,,,,,,,,,,
Site,prj_mihal Group Site-224,,Active,Active,,https://7rkd12.sharepoint.com/teams/prj_mihalgroupsite-224,3d9ea12b-a1f7-46ff-8480-30d8022a3707,,,,Admin ADB,Admin@7rkd12.onmicrosoft.com,ADB Test;Admin ADB;Alex Wilber;Mihal,ADBTest@7rkd12.onmicrosoft.com;Admin@7rkd12.onmicrosoft.com;AlexW@7rkd12.onmicrosoft.com;Mihal@7rkd12.onmicrosoft.com,Mihal,Mihal@7rkd12.onmicrosoft.com,Leila Test,LeilaTest@7rkd12.onmicrosoft.com,,Asia-Pacific,Team site (no Microsoft 365 group),40,0.005,Existing external users,,Not registered,,,Claimed,2026-07-29 16:33:44,,2026-07-30 04:15:45,,2026-08-10 11:51:43,In compliance,,,,,,,,,,,,,,No,,,,,,,,,,,,,CSD,,,,CGAdoption,EDRMS Project Site,,,,,,,,,,,,,,,,,,,,,,,,,
Site,prj_mihal Group Site-222,,Active,Active,,https://7rkd12.sharepoint.com/teams/prj_mihalgroupsite-222,654205db-c059-4867-8818-d21ae34384c3,,,,Admin ADB,Admin@7rkd12.onmicrosoft.com,ADB Test;Admin ADB;Alex Wilber;Mihal,ADBTest@7rkd12.onmicrosoft.com;Admin@7rkd12.onmicrosoft.com;AlexW@7rkd12.onmicrosoft.com;Mihal@7rkd12.onmicrosoft.com,Mihal,Mihal@7rkd12.onmicrosoft.com,Leila Test,LeilaTest@7rkd12.onmicrosoft.com,,Asia-Pacific,Team site (no Microsoft 365 group),40,0.005,Existing external users,,Not registered,,,Claimed,2026-07-29 16:33:42,,2026-07-29 23:54:19,,2026-08-10 11:51:37,In compliance,,,,,,,,,,,,,,No,,,,,,,,,,,,,CSD,,,,CGAdoption,EDRMS Project Site,,,,,,,,,,,,,,,,,,,,,,,,,
Site,prj_mihal Group Site-212,,Active,Active,,https://7rkd12.sharepoint.com/teams/prj_mihalgroupsite-212,af49b21f-ac90-4ecc-9264-0b32f0ece258,,,,Admin ADB,Admin@7rkd12.onmicrosoft.com,ADB Test;Admin ADB;Mihal,ADBTest@7rkd12.onmicrosoft.com;Admin@7rkd12.onmicrosoft.com;Mihal@7rkd12.onmicrosoft.com,Mihal,Mihal@7rkd12.onmicrosoft.com,Leila Test,LeilaTest@7rkd12.onmicrosoft.com,,Asia-Pacific,Team site (no Microsoft 365 group),40,0.001,Not Allowed,,Not registered,,,Claimed,2026-07-29 16:32:30,,2026-07-29 16:32:43,,2026-08-10 11:51:32,In compliance,,,,,,,,,,,,,,No,,,,,,,,,,,,,CSD,,,,CGAdoption,EDRMS Project Site,,,,,,,,,,,,,,,,,,,,,,,,,
Site,prj_mihal Group Site-211,,Active,Active,,https://7rkd12.sharepoint.com/teams/prj_mihalgroupsite-211,dc4dad76-6d63-440f-97a1-f71294874a26,,,,Admin ADB,Admin@7rkd12.onmicrosoft.com,ADB Test;Admin ADB;Mihal,ADBTest@7rkd12.onmicrosoft.com;Admin@7rkd12.onmicrosoft.com;Mihal@7rkd12.onmicrosoft.com,Mihal,Mihal@7rkd12.onmicrosoft.com,Leila Test,LeilaTest@7rkd12.onmicrosoft.com,,Asia-Pacific,Team site (no Microsoft 365 group),40,0.001,Not Allowed,,Not registered,,,Claimed,2026-07-29 16:32:25,,2026-07-29 16:32:39,,2026-08-10 11:51:32,In compliance,,,,,,,,,,,,,,No,,,,,,,,,,,,,CSD,,,,CGAdoption,EDRMS Project Site,,,,,,,,,,,,,,,,,,,,,,,,,
Site,prj_mihal Group Site-206,,Active,Active,,https://7rkd12.sharepoint.com/teams/prj_mihalgroupsite-206,a1eb5691-7343-4cbc-b83b-c51b3e6e7452,,,,Admin ADB,Admin@7rkd12.onmicrosoft.com,ADB Test;Admin ADB;Mihal,ADBTest@7rkd12.onmicrosoft.com;Admin@7rkd12.onmicrosoft.com;Mihal@7rkd12.onmicrosoft.com,Mihal,Mihal@7rkd12.onmicrosoft.com,Leila Test,LeilaTest@7rkd12.onmicrosoft.com,,Asia-Pacific,Team site (no Microsoft 365 group),40,0.001,Not Allowed,,Not registered,,,Claimed,2026-07-29 16:31:30,,2026-07-29 16:31:46,,2026-08-10 11:51:39,In compliance,,,,,,,,,,,,,,No,,,,,,,,,,,,,CSD,,,,CGAdoption,EDRMS Project Site,,,,,,,,,,,,,,,,,,,,,,,,,
Site,prj_mihal Group Site-198,,Active,Active,,https://7rkd12.sharepoint.com/teams/prj_mihalgroupsite-198,85ecaf92-e9fe-41a1-8be1-ab80dfd7a706,,,,Admin ADB,Admin@7rkd12.onmicrosoft.com,ADB Test;Admin ADB;Mihal,ADBTest@7rkd12.onmicrosoft.com;Admin@7rkd12.onmicrosoft.com;Mihal@7rkd12.onmicrosoft.com,Mihal,Mihal@7rkd12.onmicrosoft.com,Leila Test,LeilaTest@7rkd12.onmicrosoft.com,,Asia-Pacific,Team site (no Microsoft 365 group),40,0.001,Not Allowed,,Not registered,,,Claimed,2026-07-29 16:31:03,,2026-07-29 16:31:18,,2026-08-10 11:51:36,In compliance,,,,,,,,,,,,,,No,,,,,,,,,,,,,CSD,,,,CGAdoption,EDRMS Project Site,,,,,,,,,,,,,,,,,,,,,,,,,
Site,prj_mihal Group Site-195,,Active,Active,,https://7rkd12.sharepoint.com/teams/prj_mihalgroupsite-195,5b121377-5dfc-4742-94f7-ee13686a217a,,,,Admin ADB,Admin@7rkd12.onmicrosoft.com,ADB Test;Admin ADB;Mihal,ADBTest@7rkd12.onmicrosoft.com;Admin@7rkd12.onmicrosoft.com;Mihal@7rkd12.onmicrosoft.com,Mihal,Mihal@7rkd12.onmicrosoft.com,Leila Test,LeilaTest@7rkd12.onmicrosoft.com,,Asia-Pacific,Team site (no Microsoft 365 group),40,0.001,Not Allowed,,Not registered,,,Claimed,2026-07-29 16:30:25,,2026-07-29 16:30:40,,2026-08-10 11:51:32,In compliance,,,,,,,,,,,,,,No,,,,,,,,,,,,,CSD,,,,CGAdoption,EDRMS Project Site,,,,,,,,,,,,,,,,,,,,,,,,,
Site,prj_mihal Group Site-194,,Active,Active,,https://7rkd12.sharepoint.com/teams/prj_mihalgroupsite-194,13c533ba-93f6-471c-af0e-df7db57b44a6,,,,Admin ADB,Admin@7rkd12.onmicrosoft.com,ADB Test;Admin ADB;Mihal,ADBTest@7rkd12.onmicrosoft.com;Admin@7rkd12.onmicrosoft.com;Mihal@7rkd12.onmicrosoft.com,Mihal,Mihal@7rkd12.onmicrosoft.com,Leila Test,LeilaTest@7rkd12.onmicrosoft.com,,Asia-Pacific,Team site (no Microsoft 365 group),40,0.001,Not Allowed,,Not registered,,,Claimed,2026-07-29 16:30:22,,2026-07-29 16:30:39,,2026-08-10 11:51:42,In compliance,,,,,,,,,,,,,,No,,,,,,,,,,,,,CSD,,,,CGAdoption,EDRMS Project Site,,,,,,,,,,,,,,,,,,,,,,,,,
Site,prj_mihal Group Site-193,,Active,Active,,https://7rkd12.sharepoint.com/teams/prj_mihalgroupsite-193,1ccfddb3-0adb-49d3-8efc-1b131b9489a2,,,,Admin ADB,Admin@7rkd12.onmicrosoft.com,ADB Test;Admin ADB;Mihal,ADBTest@7rkd12.onmicrosoft.com;Admin@7rkd12.onmicrosoft.com;Mihal@7rkd12.onmicrosoft.com,Mihal,Mihal@7rkd12.onmicrosoft.com,Leila Test,LeilaTest@7rkd12.onmicrosoft.com,,Asia-Pacific,Team site (no Microsoft 365 group),40,0.001,Not Allowed,,Not registered,,,Claimed,2026-07-29 16:30:19,,2026-07-29 16:30:36,,2026-08-10 11:51:43,In compliance,,,,,,,,,,,,,,No,,,,,,,,,,,,,CSD,,,,CGAdoption,EDRMS Project Site,,,,,,,,,,,,,,,,,,,,,,,,,
Site,prj_mihal Group Site-192,,Active,Active,,https://7rkd12.sharepoint.com/teams/prj_mihalgroupsite-192,13507b60-7b76-4c84-9a3d-8ca7989a4ee6,,,,Admin ADB,Admin@7rkd12.onmicrosoft.com,ADB Test;Admin ADB;Mihal,ADBTest@7rkd12.onmicrosoft.com;Admin@7rkd12.onmicrosoft.com;Mihal@7rkd12.onmicrosoft.com,Mihal,Mihal@7rkd12.onmicrosoft.com,Leila Test,LeilaTest@7rkd12.onmicrosoft.com,,Asia-Pacific,Team site (no Microsoft 365 group),40,0.001,Not Allowed,,Not registered,,,Claimed,2026-07-29 16:30:15,,2026-07-29 16:30:30,,2026-08-10 11:51:43,In compliance,,,,,,,,,,,,,,No,,,,,,,,,,,,,CSD,,,,CGAdoption,EDRMS Project Site,,,,,,,,,,,,,,,,,,,,,,,,,
Site,prj_mihal Group Site-184,,Active,Active,,https://7rkd12.sharepoint.com/teams/prj_mihalgroupsite-184,c9630ffc-08ad-47c9-bce8-20dbe500bbc7,,,,Admin ADB,Admin@7rkd12.onmicrosoft.com,ADB Test;Admin ADB;Mihal,ADBTest@7rkd12.onmicrosoft.com;Admin@7rkd12.onmicrosoft.com;Mihal@7rkd12.onmicrosoft.com,Mihal,Mihal@7rkd12.onmicrosoft.com,Leila Test,LeilaTest@7rkd12.onmicrosoft.com,,Asia-Pacific,Team site (no Microsoft 365 group),40,0.001,Not Allowed,,Not registered,,,Claimed,2026-07-29 16:29:17,,2026-07-29 16:29:31,,2026-08-10 11:51:38,In compliance,,,,,,,,,,,,,,No,,,,,,,,,,,,,CSD,,,,CGAdoption,EDRMS Project Site,,,,,,,,,,,,,,,,,,,,,,,,,
Site,prj_mihal Group Site-165,,Active,Active,,https://7rkd12.sharepoint.com/teams/prj_mihalgroupsite-165,bedb547c-cf3e-4e32-8340-b97138c637cb,,,,Admin ADB,Admin@7rkd12.onmicrosoft.com,ADB Test;Admin ADB;Mihal,ADBTest@7rkd12.onmicrosoft.com;Admin@7rkd12.onmicrosoft.com;Mihal@7rkd12.onmicrosoft.com,Mihal,Mihal@7rkd12.onmicrosoft.com,Leila Test,LeilaTest@7rkd12.onmicrosoft.com,,Asia-Pacific,Team site (no Microsoft 365 group),40,0.001,Not Allowed,,Not registered,,,Claimed,2026-07-29 16:27:54,,2026-07-29 16:28:06,,2026-08-10 11:51:44,In compliance,,,,,,,,,,,,,,No,,,,,,,,,,,,,CSD,,,,CGAdoption,EDRMS Project Site,,,,,,,,,,,,,,,,,,,,,,,,,
Site,prj_mihal Group Site-151,,Active,Active,,https://7rkd12.sharepoint.com/teams/prj_mihalgroupsite-151,ba3fd89e-0205-4776-b8ee-1fdad0828c97,,,,Admin ADB,Admin@7rkd12.onmicrosoft.com,ADB Test;Admin ADB;Mihal,ADBTest@7rkd12.onmicrosoft.com;Admin@7rkd12.onmicrosoft.com;Mihal@7rkd12.onmicrosoft.com,Mihal,Mihal@7rkd12.onmicrosoft.com,Leila Test,LeilaTest@7rkd12.onmicrosoft.com,,Asia-Pacific,Team site (no Microsoft 365 group),40,0.001,Not Allowed,,Not registered,,,Claimed,2026-07-29 16:26:34,,2026-07-29 16:26:49,,2026-08-10 11:51:32,In compliance,,,,,,,,,,,,,,No,,,,,,,,,,,,,CSD,,,,CGAdoption,EDRMS Project Site,,,,,,,,,,,,,,,,,,,,,,,,,
Site,prj_mihal Group Site-147,,Active,Active,,https://7rkd12.sharepoint.com/teams/prj_mihalgroupsite-147,76113fba-9137-49c0-b71c-b0eeb1b84cc9,,,,Admin ADB,Admin@7rkd12.onmicrosoft.com,ADB Test;Admin ADB;Mihal,ADBTest@7rkd12.onmicrosoft.com;Admin@7rkd12.onmicrosoft.com;Mihal@7rkd12.onmicrosoft.com,Mihal,Mihal@7rkd12.onmicrosoft.com,Leila Test,LeilaTest@7rkd12.onmicrosoft.com,,Asia-Pacific,Team site (no Microsoft 365 group),40,0.001,Not Allowed,,Not registered,,,Claimed,2026-07-29 16:26:20,,2026-07-29 16:26:34,,2026-08-10 11:51:43,In compliance,,,,,,,,,,,,,,No,,,,,,,,,,,,,CSD,,,,CGAdoption,EDRMS Project Site,,,,,,,,,,,,,,,,,,,,,,,,,
Site,prj_mihal Group Site-146,,Active,Active,,https://7rkd12.sharepoint.com/teams/prj_mihalgroupsite-146,10757f47-2290-48cb-8f91-bc80d8280bbf,,,,Admin ADB,Admin@7rkd12.onmicrosoft.com,ADB Test;Admin ADB;Mihal,ADBTest@7rkd12.onmicrosoft.com;Admin@7rkd12.onmicrosoft.com;Mihal@7rkd12.onmicrosoft.com,Mihal,Mihal@7rkd12.onmicrosoft.com,Leila Test,LeilaTest@7rkd12.onmicrosoft.com,,Asia-Pacific,Team site (no Microsoft 365 group),40,0.001,Not Allowed,,Not registered,,,Claimed,2026-07-29 16:26:17,,2026-07-29 16:26:30,,2026-08-10 11:51:43,In compliance,,,,,,,,,,,,,,No,,,,,,,,,,,,,CSD,,,,CGAdoption,EDRMS Project Site,,,,,,,,,,,,,,,,,,,,,,,,,
Site,prj_mihal Group Site-143,,Active,Active,,https://7rkd12.sharepoint.com/teams/prj_mihalgroupsite-143,638318a8-e65f-4dca-a3f8-436bd0818b74,,,,Admin ADB,Admin@7rkd12.onmicrosoft.com,ADB Test;Admin ADB;Mihal,ADBTest@7rkd12.onmicrosoft.com;Admin@7rkd12.onmicrosoft.com;Mihal@7rkd12.onmicrosoft.com,Mihal,Mihal@7rkd12.onmicrosoft.com,Leila Test,LeilaTest@7rkd12.onmicrosoft.com,,Asia-Pacific,Team site (no Microsoft 365 group),40,0.001,Not Allowed,,Not registered,,,Claimed,2026-07-29 16:26:15,,2026-07-29 16:26:26,,2026-08-10 11:51:32,In compliance,,,,,,,,,,,,,,No,,,,,,,,,,,,,CSD,,,,CGAdoption,EDRMS Project Site,,,,,,,,,,,,,,,,,,,,,,,,,
Site,prj_mihal Group Site-144,,Active,Active,,https://7rkd12.sharepoint.com/teams/prj_mihalgroupsite-144,6097d284-9c64-4d78-8c7f-c4ecf21790eb,,,,Admin ADB,Admin@7rkd12.onmicrosoft.com,ADB Test;Admin ADB;Mihal,ADBTest@7rkd12.onmicrosoft.com;Admin@7rkd12.onmicrosoft.com;Mihal@7rkd12.onmicrosoft.com,Mihal,Mihal@7rkd12.onmicrosoft.com,Leila Test,LeilaTest@7rkd12.onmicrosoft.com,,Asia-Pacific,Team site (no Microsoft 365 group),40,0.001,Not Allowed,,Not registered,,,Claimed,2026-07-29 16:26:15,,2026-07-29 16:27:05,,2026-08-10 11:51:41,In compliance,,,,,,,,,,,,,,No,,,,,,,,,,,,,CSD,,,,CGAdoption,EDRMS Project Site,,,,,,,,,,,,,,,,,,,,,,,,,
Site,prj_mihal Group Site-145,,Active,Active,,https://7rkd12.sharepoint.com/teams/prj_mihalgroupsite-145,0d9438d5-2a0c-47ab-ab63-aa00a4fb72a9,,,,Admin ADB,Admin@7rkd12.onmicrosoft.com,ADB Test;Admin ADB;Mihal,ADBTest@7rkd12.onmicrosoft.com;Admin@7rkd12.onmicrosoft.com;Mihal@7rkd12.onmicrosoft.com,Mihal,Mihal@7rkd12.onmicrosoft.com,Leila Test,LeilaTest@7rkd12.onmicrosoft.com,,Asia-Pacific,Team site (no Microsoft 365 group),40,0.001,Not Allowed,,Not registered,,,Claimed,2026-07-29 16:26:15,,2026-07-29 16:26:27,,2026-08-10 11:51:39,In compliance,,,,,,,,,,,,,,No,,,,,,,,,,,,,CSD,,,,CGAdoption,EDRMS Project Site,,,,,,,,,,,,,,,,,,,,,,,,,
Site,prj_mihal Group Site-139,,Active,Active,,https://7rkd12.sharepoint.com/teams/prj_mihalgroupsite-139,9aca5eb5-b662-469e-ab72-7c6700a2a58a,,,,Admin ADB,Admin@7rkd12.onmicrosoft.com,ADB Test;Admin ADB;Mihal,ADBTest@7rkd12.onmicrosoft.com;Admin@7rkd12.onmicrosoft.com;Mihal@7rkd12.onmicrosoft.com,Mihal,Mihal@7rkd12.onmicrosoft.com,Leila Test,LeilaTest@7rkd12.onmicrosoft.com,,Asia-Pacific,Team site (no Microsoft 365 group),40,0.001,Not Allowed,,Not registered,,,Claimed,2026-07-29 16:25:15,,2026-07-29 16:25:29,,2026-08-10 11:51:36,In compliance,,,,,,,,,,,,,,No,,,,,,,,,,,,,CSD,,,,CGAdoption,EDRMS Project Site,,,,,,,,,,,,,,,,,,,,,,,,,
Site,prj_mihal Group Site-138,,Active,Active,,https://7rkd12.sharepoint.com/teams/prj_mihalgroupsite-138,03334d89-cbff-417e-a5a3-14fe85942595,,,,Admin ADB,Admin@7rkd12.onmicrosoft.com,ADB Test;Admin ADB;Mihal,ADBTest@7rkd12.onmicrosoft.com;Admin@7rkd12.onmicrosoft.com;Mihal@7rkd12.onmicrosoft.com,Mihal,Mihal@7rkd12.onmicrosoft.com,Leila Test,LeilaTest@7rkd12.onmicrosoft.com,,Asia-Pacific,Team site (no Microsoft 365 group),40,0.001,Not Allowed,,Not registered,,,Claimed,2026-07-29 16:25:15,,2026-07-29 16:25:28,,2026-08-10 11:51:41,In compliance,,,,,,,,,,,,,,No,,,,,,,,,,,,,CSD,,,,CGAdoption,EDRMS Project Site,,,,,,,,,,,,,,,,,,,,,,,,,
Site,prj_mihal Group Site-135,,Active,Active,,https://7rkd12.sharepoint.com/teams/prj_mihalgroupsite-135,16cc3c26-9f2b-4e8e-94c1-1a95a436b924,,,,Admin ADB,Admin@7rkd12.onmicrosoft.com,ADB Test;Admin ADB;Mihal,ADBTest@7rkd12.onmicrosoft.com;Admin@7rkd12.onmicrosoft.com;Mihal@7rkd12.onmicrosoft.com,Mihal,Mihal@7rkd12.onmicrosoft.com,Leila Test,LeilaTest@7rkd12.onmicrosoft.com,,Asia-Pacific,Team site (no Microsoft 365 group),40,0.001,Not Allowed,,Not registered,,,Claimed,2026-07-29 16:25:07,,2026-07-29 16:25:20,,2026-08-10 11:51:32,In compliance,,,,,,,,,,,,,,No,,,,,,,,,,,,,CSD,,,,CGAdoption,EDRMS Project Site,,,,,,,,,,,,,,,,,,,,,,,,,
Site,prj_mihal Group Site-133,,Active,Active,,https://7rkd12.sharepoint.com/teams/prj_mihalgroupsite-133,09e9e51f-44b5-4304-b9fe-f0d32a2f44aa,,,,Admin ADB,Admin@7rkd12.onmicrosoft.com,ADB Test;Admin ADB;Mihal,ADBTest@7rkd12.onmicrosoft.com;Admin@7rkd12.onmicrosoft.com;Mihal@7rkd12.onmicrosoft.com,Mihal,Mihal@7rkd12.onmicrosoft.com,Leila Test,LeilaTest@7rkd12.onmicrosoft.com,,Asia-Pacific,Team site (no Microsoft 365 group),40,0.001,Not Allowed,,Not registered,,,Claimed,2026-07-29 16:24:55,,2026-07-29 16:25:06,,2026-08-10 11:51:38,In compliance,,,,,,,,,,,,,,No,,,,,,,,,,,,,CSD,,,,CGAdoption,EDRMS Project Site,,,,,,,,,,,,,,,,,,,,,,,,,
Site,prj_mihal Group Site-123,,Active,Active,,https://7rkd12.sharepoint.com/teams/prj_mihalgroupsite-123,387cae09-734b-425d-94a8-7be2586a0096,,,,Admin ADB,Admin@7rkd12.onmicrosoft.com,ADB Test;Admin ADB;Alex Wilber;Mihal,ADBTest@7rkd12.onmicrosoft.com;Admin@7rkd12.onmicrosoft.com;AlexW@7rkd12.onmicrosoft.com;Mihal@7rkd12.onmicrosoft.com,Mihal,Mihal@7rkd12.onmicrosoft.com,Leila Test,LeilaTest@7rkd12.onmicrosoft.com,,Asia-Pacific,Team site (no Microsoft 365 group),40,0.005,Existing external users,,Not registered,,,Claimed,2026-07-29 16:23:53,,2026-07-30 05:50:56,,2026-08-10 11:51:38,In compliance,,,,,,,,,,,,,,No,,,,,,,,,,,,,CSD,,,,CGAdoption,EDRMS Project Site,,,,,,,,,,,,,,,,,,,,,,,,,
Site,prj_mihal Group Site-120,,Active,Active,,https://7rkd12.sharepoint.com/teams/prj_mihalgroupsite-120,aa94a388-d8cf-44e3-85b5-fd43e8483974,,,,Admin ADB,Admin@7rkd12.onmicrosoft.com,ADB Test;Admin ADB;Alex Wilber;Mihal,ADBTest@7rkd12.onmicrosoft.com;Admin@7rkd12.onmicrosoft.com;AlexW@7rkd12.onmicrosoft.com;Mihal@7rkd12.onmicrosoft.com,Mihal,Mihal@7rkd12.onmicrosoft.com,Leila Test,LeilaTest@7rkd12.onmicrosoft.com,,Asia-Pacific,Team site (no Microsoft 365 group),40,0.005,Existing external users,,Not registered,,,Claimed,2026-07-29 16:23:43,,2026-07-30 11:40:45,,2026-08-10 11:51:37,In compliance,,,,,,,,,,,,,,No,,,,,,,,,,,,,CSD,,,,CGAdoption,EDRMS Project Site,,,,,,,,,,,,,,,,,,,,,,,,,
Site,prj_mihal Group Site-101,,Active,Active,,https://7rkd12.sharepoint.com/teams/prj_mihalgroupsite-101,04549510-b231-4be1-9682-e5a306d54191,,,,Admin ADB,Admin@7rkd12.onmicrosoft.com,ADB Test;Admin ADB;Mihal,ADBTest@7rkd12.onmicrosoft.com;Admin@7rkd12.onmicrosoft.com;Mihal@7rkd12.onmicrosoft.com,Mihal,Mihal@7rkd12.onmicrosoft.com,Leila Test,LeilaTest@7rkd12.onmicrosoft.com,,Asia-Pacific,Team site (no Microsoft 365 group),40,0.001,Not Allowed,,Not registered,,,Claimed,2026-07-29 16:22:20,,2026-07-29 16:22:39,,2026-08-10 11:51:38,In compliance,,,,,,,,,,,,,,No,,,,,,,,,,,,,CSD,,,,CGAdoption,EDRMS Project Site,,,,,,,,,,,,,,,,,,,,,,,,,
Site,prj_mihal Group Site-095,,Active,Active,,https://7rkd12.sharepoint.com/teams/prj_mihalgroupsite-095,50c2b919-7faa-4b1f-bb9b-05a1814357a7,,,,Admin ADB,Admin@7rkd12.onmicrosoft.com,ADB Test;Admin ADB;Mihal,ADBTest@7rkd12.onmicrosoft.com;Admin@7rkd12.onmicrosoft.com;Mihal@7rkd12.onmicrosoft.com,Mihal,Mihal@7rkd12.onmicrosoft.com,Leila Test,LeilaTest@7rkd12.onmicrosoft.com,,Asia-Pacific,Team site (no Microsoft 365 group),40,0.001,Not Allowed,,Not registered,,,Claimed,2026-07-29 16:21:33,,2026-07-29 16:21:47,,2026-08-10 11:51:43,In compliance,,,,,,,,,,,,,,No,,,,,,,,,,,,,CSD,,,,CGAdoption,EDRMS Project Site,,,,,,,,,,,,,,,,,,,,,,,,,
Site,prj_mihal Group Site-090,,Active,Active,,https://7rkd12.sharepoint.com/teams/prj_mihalgroupsite-090,4c44cbea-06e9-47ea-a619-e4f9f0e81fd8,,,,Admin ADB,Admin@7rkd12.onmicrosoft.com,ADB Test;Admin ADB;Mihal,ADBTest@7rkd12.onmicrosoft.com;Admin@7rkd12.onmicrosoft.com;Mihal@7rkd12.onmicrosoft.com,Mihal,Mihal@7rkd12.onmicrosoft.com,Leila Test,LeilaTest@7rkd12.onmicrosoft.com,,Asia-Pacific,Team site (no Microsoft 365 group),40,0.001,Not Allowed,,Not registered,,,Claimed,2026-07-29 16:21:14,,2026-07-29 16:21:28,,2026-08-10 11:51:38,In compliance,,,,,,,,,,,,,,No,,,,,,,,,,,,,CSD,,,,CGAdoption,EDRMS Project Site,,,,,,,,,,,,,,,,,,,,,,,,,
Site,prj_mihal Group Site-088,,Active,Active,,https://7rkd12.sharepoint.com/teams/prj_mihalgroupsite-088,7a589590-38f0-4b13-9d9a-3c102648904c,,,,Admin ADB,Admin@7rkd12.onmicrosoft.com,ADB Test;Admin ADB;Mihal,ADBTest@7rkd12.onmicrosoft.com;Admin@7rkd12.onmicrosoft.com;Mihal@7rkd12.onmicrosoft.com,Mihal,Mihal@7rkd12.onmicrosoft.com,Leila Test,LeilaTest@7rkd12.onmicrosoft.com,,Asia-Pacific,Team site (no Microsoft 365 group),40,0.001,Not Allowed,,Not registered,,,Claimed,2026-07-29 16:21:08,,2026-07-29 16:21:21,,2026-08-10 11:51:36,In compliance,,,,,,,,,,,,,,No,,,,,,,,,,,,,CSD,,,,CGAdoption,EDRMS Project Site,,,,,,,,,,,,,,,,,,,,,,,,,
Site,prj_mihal Group Site-083,,Active,Active,,https://7rkd12.sharepoint.com/teams/prj_mihalgroupsite-083,7a154a5b-9eb0-4b70-af75-3dc764d6919c,,,,Admin ADB,Admin@7rkd12.onmicrosoft.com,ADB Test;Admin ADB;Mihal,ADBTest@7rkd12.onmicrosoft.com;Admin@7rkd12.onmicrosoft.com;Mihal@7rkd12.onmicrosoft.com,Mihal,Mihal@7rkd12.onmicrosoft.com,Leila Test,LeilaTest@7rkd12.onmicrosoft.com,,Asia-Pacific,Team site (no Microsoft 365 group),40,0.001,Not Allowed,,Not registered,,,Claimed,2026-07-29 16:20:38,,2026-07-29 16:20:48,,2026-08-10 11:51:36,In compliance,,,,,,,,,,,,,,No,,,,,,,,,,,,,CSD,,,,CGAdoption,EDRMS Project Site,,,,,,,,,,,,,,,,,,,,,,,,,
Site,prj_mihal Group Site-078,,Active,Active,,https://7rkd12.sharepoint.com/teams/prj_mihalgroupsite-078,d2b740ff-b23a-47db-aa56-887f0ba2d04f,,,,Admin ADB,Admin@7rkd12.onmicrosoft.com,ADB Test;Admin ADB;Mihal,ADBTest@7rkd12.onmicrosoft.com;Admin@7rkd12.onmicrosoft.com;Mihal@7rkd12.onmicrosoft.com,Mihal,Mihal@7rkd12.onmicrosoft.com,Leila Test,LeilaTest@7rkd12.onmicrosoft.com,,Asia-Pacific,Team site (no Microsoft 365 group),40,0.001,Not Allowed,,Not registered,,,Claimed,2026-07-29 16:20:22,,2026-07-29 16:20:35,,2026-08-10 11:51:37,In compliance,,,,,,,,,,,,,,No,,,,,,,,,,,,,CSD,,,,CGAdoption,EDRMS Project Site,,,,,,,,,,,,,,,,,,,,,,,,,
Site,prj_mihal Group Site-070,,Active,Active,,https://7rkd12.sharepoint.com/teams/prj_mihalgroupsite-070,caa42057-5045-4272-9f2b-7fa7f6f468a5,,,,Admin ADB,Admin@7rkd12.onmicrosoft.com,ADB Test;Admin ADB;Alex Wilber;Mihal,ADBTest@7rkd12.onmicrosoft.com;Admin@7rkd12.onmicrosoft.com;AlexW@7rkd12.onmicrosoft.com;Mihal@7rkd12.onmicrosoft.com,Mihal,Mihal@7rkd12.onmicrosoft.com,Leila Test,LeilaTest@7rkd12.onmicrosoft.com,,Asia-Pacific,Team site (no Microsoft 365 group),40,0.005,Existing external users,,Not registered,,,Claimed,2026-07-29 16:19:48,,2026-07-29 22:38:34,,2026-08-10 11:51:42,In compliance,,,,,,,,,,,,,,No,,,,,,,,,,,,,CSD,,,,CGAdoption,EDRMS Project Site,,,,,,,,,,,,,,,,,,,,,,,,,
Site,prj_mihal Group Site-069,,Active,Active,,https://7rkd12.sharepoint.com/teams/prj_mihalgroupsite-069,2667ca12-40b7-4f30-b518-4ba3ecd3e324,,,,Admin ADB,Admin@7rkd12.onmicrosoft.com,ADB Test;Admin ADB;Alex Wilber;Mihal,ADBTest@7rkd12.onmicrosoft.com;Admin@7rkd12.onmicrosoft.com;AlexW@7rkd12.onmicrosoft.com;Mihal@7rkd12.onmicrosoft.com,Mihal,Mihal@7rkd12.onmicrosoft.com,Leila Test,LeilaTest@7rkd12.onmicrosoft.com,,Asia-Pacific,Team site (no Microsoft 365 group),40,0.005,Existing external users,,Not registered,,,Claimed,2026-07-29 16:19:46,,2026-07-29 22:32:04,,2026-08-10 11:51:37,In compliance,,,,,,,,,,,,,,No,,,,,,,,,,,,,CSD,,,,CGAdoption,EDRMS Project Site,,,,,,,,,,,,,,,,,,,,,,,,,
Site,prj_mihal Group Site-065,,Active,Active,,https://7rkd12.sharepoint.com/teams/prj_mihalgroupsite-065,9dcfad98-6731-412b-be9f-48dc80dfdbf4,,,,Admin ADB,Admin@7rkd12.onmicrosoft.com,ADB Test;Admin ADB;Mihal,ADBTest@7rkd12.onmicrosoft.com;Admin@7rkd12.onmicrosoft.com;Mihal@7rkd12.onmicrosoft.com,Mihal,Mihal@7rkd12.onmicrosoft.com,Leila Test,LeilaTest@7rkd12.onmicrosoft.com,,Asia-Pacific,Team site (no Microsoft 365 group),40,0.001,Not Allowed,,Not registered,,,Claimed,2026-07-29 16:19:23,,2026-07-29 16:20:05,,2026-08-10 11:51:43,In compliance,,,,,,,,,,,,,,No,,,,,,,,,,,,,CSD,,,,CGAdoption,EDRMS Project Site,,,,,,,,,,,,,,,,,,,,,,,,,
Site,prj_mihal Group Site-064,,Active,Active,,https://7rkd12.sharepoint.com/teams/prj_mihalgroupsite-064,b352e637-b94c-43e9-9eea-88f0e6b455d6,,,,Admin ADB,Admin@7rkd12.onmicrosoft.com,ADB Test;Admin ADB;Alex Wilber;Mihal,ADBTest@7rkd12.onmicrosoft.com;Admin@7rkd12.onmicrosoft.com;AlexW@7rkd12.onmicrosoft.com;Mihal@7rkd12.onmicrosoft.com,Mihal,Mihal@7rkd12.onmicrosoft.com,Leila Test,LeilaTest@7rkd12.onmicrosoft.com,,Asia-Pacific,Team site (no Microsoft 365 group),40,0.005,Existing external users,,Not registered,,,Claimed,2026-07-29 16:19:20,,2026-07-30 07:36:40,,2026-08-10 11:52:14,In compliance,,,,,,,,,,,,,,No,,,,,,,,,,,,,CSD,,,,CGAdoption,EDRMS Project Site,,,,,,,,,,,,,,,,,,,,,,,,,
Site,prj_mihal Group Site-062,,Active,Active,,https://7rkd12.sharepoint.com/teams/prj_mihalgroupsite-062,39b0056a-fff7-4e4c-b035-42f4e388aee8,,,,Admin ADB,Admin@7rkd12.onmicrosoft.com,ADB Test;Admin ADB;Alex Wilber;Mihal,ADBTest@7rkd12.onmicrosoft.com;Admin@7rkd12.onmicrosoft.com;AlexW@7rkd12.onmicrosoft.com;Mihal@7rkd12.onmicrosoft.com,Mihal,Mihal@7rkd12.onmicrosoft.com,Leila Test,LeilaTest@7rkd12.onmicrosoft.com,,Asia-Pacific,Team site (no Microsoft 365 group),40,0.005,Existing external users,,Not registered,,,Claimed,2026-07-29 16:19:14,,2026-07-30 01:30:21,,2026-08-10 11:51:37,In compliance,,,,,,,,,,,,,,No,,,,,,,,,,,,,CSD,,,,CGAdoption,EDRMS Project Site,,,,,,,,,,,,,,,,,,,,,,,,,
Site,prj_mihal Group Site-059,,Active,Active,,https://7rkd12.sharepoint.com/teams/prj_mihalgroupsite-059,13b30c81-c20c-4d91-986b-55327f030de7,,,,Admin ADB,Admin@7rkd12.onmicrosoft.com,ADB Test;Admin ADB;Mihal,ADBTest@7rkd12.onmicrosoft.com;Admin@7rkd12.onmicrosoft.com;Mihal@7rkd12.onmicrosoft.com,Mihal,Mihal@7rkd12.onmicrosoft.com,Leila Test,LeilaTest@7rkd12.onmicrosoft.com,,Asia-Pacific,Team site (no Microsoft 365 group),40,0.001,Not Allowed,,Not registered,,,Claimed,2026-07-29 16:19:04,,2026-07-29 16:19:15,,2026-08-10 11:51:37,In compliance,,,,,,,,,,,,,,No,,,,,,,,,,,,,CSD,,,,CGAdoption,EDRMS Project Site,,,,,,,,,,,,,,,,,,,,,,,,,
Site,prj_mihal Group Site-047,,Active,Active,,https://7rkd12.sharepoint.com/teams/prj_mihalgroupsite-047,a7ecb861-eac8-40c3-af1c-8a752ca2a1b2,,,,Admin ADB,Admin@7rkd12.onmicrosoft.com,ADB Test;Admin ADB;Mihal,ADBTest@7rkd12.onmicrosoft.com;Admin@7rkd12.onmicrosoft.com;Mihal@7rkd12.onmicrosoft.com,Mihal,Mihal@7rkd12.onmicrosoft.com,Leila Test,LeilaTest@7rkd12.onmicrosoft.com,,Asia-Pacific,Team site (no Microsoft 365 group),40,0.001,Not Allowed,,Not registered,,,Claimed,2026-07-29 16:18:25,,2026-07-29 16:18:38,,2026-08-10 11:51:43,In compliance,,,,,,,,,,,,,,No,,,,,,,,,,,,,CSD,,,,CGAdoption,EDRMS Project Site,,,,,,,,,,,,,,,,,,,,,,,,,
Site,prj_mihal Group Site-045,,Active,Active,,https://7rkd12.sharepoint.com/teams/prj_mihalgroupsite-045,93ad6b58-4574-444b-8510-3230e176ed6c,,,,Admin ADB,Admin@7rkd12.onmicrosoft.com,ADB Test;Admin ADB;Mihal,ADBTest@7rkd12.onmicrosoft.com;Admin@7rkd12.onmicrosoft.com;Mihal@7rkd12.onmicrosoft.com,Mihal,Mihal@7rkd12.onmicrosoft.com,Leila Test,LeilaTest@7rkd12.onmicrosoft.com,,Asia-Pacific,Team site (no Microsoft 365 group),40,0.001,Not Allowed,,Not registered,,,Claimed,2026-07-29 16:18:19,,2026-07-29 16:18:31,,2026-08-10 11:51:36,In compliance,,,,,,,,,,,,,,No,,,,,,,,,,,,,CSD,,,,CGAdoption,EDRMS Project Site,,,,,,,,,,,,,,,,,,,,,,,,,
Site,prj_mihal Group Site-044,,Active,Active,,https://7rkd12.sharepoint.com/teams/prj_mihalgroupsite-044,bb713b17-3b09-41be-8e51-cc7d4e17392a,,,,Admin ADB,Admin@7rkd12.onmicrosoft.com,ADB Test;Admin ADB;Mihal,ADBTest@7rkd12.onmicrosoft.com;Admin@7rkd12.onmicrosoft.com;Mihal@7rkd12.onmicrosoft.com,Mihal,Mihal@7rkd12.onmicrosoft.com,Leila Test,LeilaTest@7rkd12.onmicrosoft.com,,Asia-Pacific,Team site (no Microsoft 365 group),40,0.001,Not Allowed,,Not registered,,,Claimed,2026-07-29 16:18:16,,2026-07-29 16:18:28,,2026-08-10 11:51:43,In compliance,,,,,,,,,,,,,,No,,,,,,,,,,,,,CSD,,,,CGAdoption,EDRMS Project Site,,,,,,,,,,,,,,,,,,,,,,,,,
Site,prj_mihal Group Site-040,,Active,Active,,https://7rkd12.sharepoint.com/teams/prj_mihalgroupsite-040,8f15c620-4cc6-42b8-aff6-f3af0062b497,,,,Admin ADB,Admin@7rkd12.onmicrosoft.com,ADB Test;Admin ADB;Mihal,ADBTest@7rkd12.onmicrosoft.com;Admin@7rkd12.onmicrosoft.com;Mihal@7rkd12.onmicrosoft.com,Mihal,Mihal@7rkd12.onmicrosoft.com,Leila Test,LeilaTest@7rkd12.onmicrosoft.com,,Asia-Pacific,Team site (no Microsoft 365 group),40,0.001,Not Allowed,,Not registered,,,Claimed,2026-07-29 16:18:06,,2026-07-29 16:18:20,,2026-08-10 11:51:32,In compliance,,,,,,,,,,,,,,No,,,,,,,,,,,,,CSD,,,,CGAdoption,EDRMS Project Site,,,,,,,,,,,,,,,,,,,,,,,,,
Site,prj_mihal Group Site-039,,Active,Active,,https://7rkd12.sharepoint.com/teams/prj_mihalgroupsite-039,0e757075-5981-4b61-a891-5b3cc5010a17,,,,Admin ADB,Admin@7rkd12.onmicrosoft.com,ADB Test;Admin ADB;Mihal,ADBTest@7rkd12.onmicrosoft.com;Admin@7rkd12.onmicrosoft.com;Mihal@7rkd12.onmicrosoft.com,Mihal,Mihal@7rkd12.onmicrosoft.com,Leila Test,LeilaTest@7rkd12.onmicrosoft.com,,Asia-Pacific,Team site (no Microsoft 365 group),40,0.001,Not Allowed,,Not registered,,,Claimed,2026-07-29 16:18:02,,2026-08-11 09:00:00,,2026-08-10 11:51:43,In compliance,,,,,,,,,,,,,,No,,,,,,,,,,,,,CSD,,,,CGAdoption,EDRMS Project Site,,,,,,,,,,,,,,,,,,,,,,,,,
Site,prj_mihal Group Site-006,,Active,Active,,https://7rkd12.sharepoint.com/teams/prj_mihalgroupsite-006,66237100-26bb-4a40-8f92-f93afe110bbc,,,,Admin ADB,Admin@7rkd12.onmicrosoft.com,ADB Test;Admin ADB;Alex Wilber;Mihal,ADBTest@7rkd12.onmicrosoft.com;Admin@7rkd12.onmicrosoft.com;AlexW@7rkd12.onmicrosoft.com;Mihal@7rkd12.onmicrosoft.com,Mihal,Mihal@7rkd12.onmicrosoft.com,Leila Test,LeilaTest@7rkd12.onmicrosoft.com,,Asia-Pacific,Team site (no Microsoft 365 group),40,0.005,Existing external users,,Not registered,,,Claimed,2026-07-29 16:16:13,,2026-07-29 17:42:37,,2026-08-10 11:51:43,In compliance,,,,,,,,,,,,,,No,,,,,,,,,,,,,CSD,,,,CGAdoption,EDRMS Project Site,,,,,,,,,,,,,,,,,,,,,,,,,
Site,prj_mihal Group Site-005,,Active,Active,,https://7rkd12.sharepoint.com/teams/prj_mihalgroupsite-005,4b45c214-0bfb-4813-aec1-b56589401e60,,,,Admin ADB,Admin@7rkd12.onmicrosoft.com,ADB Test;Admin ADB;Alex Wilber;Mihal,ADBTest@7rkd12.onmicrosoft.com;Admin@7rkd12.onmicrosoft.com;AlexW@7rkd12.onmicrosoft.com;Mihal@7rkd12.onmicrosoft.com,Mihal,Mihal@7rkd12.onmicrosoft.com,Leila Test,LeilaTest@7rkd12.onmicrosoft.com,,Asia-Pacific,Team site (no Microsoft 365 group),40,0.005,Existing external users,,Not registered,,,Claimed,2026-07-29 16:16:11,,2026-07-29 17:49:38,,2026-08-10 11:51:39,In compliance,,,,,,,,,,,,,,No,,,,,,,,,,,,,CSD,,,,CGAdoption,EDRMS Project Site,,,,,,,,,,,,,,,,,,,,,,,,,
Site,prj_mihal Group Site-001,,Active,Active,,https://7rkd12.sharepoint.com/teams/prj_mihalgroupsite-001,f25b817d-ad0a-4c37-8805-715b2bbb6c15,,,,Admin ADB,Admin@7rkd12.onmicrosoft.com,ADB Test;Admin ADB;Alex Wilber;Mihal,ADBTest@7rkd12.onmicrosoft.com;Admin@7rkd12.onmicrosoft.com;AlexW@7rkd12.onmicrosoft.com;Mihal@7rkd12.onmicrosoft.com,Mihal,Mihal@7rkd12.onmicrosoft.com,Leila Test,LeilaTest@7rkd12.onmicrosoft.com,,Asia-Pacific,Team site (no Microsoft 365 group),40,0.004,Existing external users,,Not registered,,,Claimed,2026-07-29 16:15:55,,2026-07-29 17:43:30,,2026-08-10 11:51:32,In compliance,,,,,,,,,,,,,,No,,,,,,,,,,,,,CSD,,,,CGAdoption,EDRMS Project Site,,,,,,,,,,,,,,,,,,,,,,,,,
Site,prj_Project Site,,Active,Active,Not on hold,https://7rkd12.sharepoint.com/teams/prj_template_project_v3,dfc71b94-0eb9-4250-aa8e-870b1b6903ad,,,,Admin ADB,Admin@7rkd12.onmicrosoft.com,Admin ADB;Alex Wilber;Bonnie Test;Mihal,Admin@7rkd12.onmicrosoft.com;AlexW@7rkd12.onmicrosoft.com;BonnieTest@7rkd12.onmicrosoft.com;Mihal@7rkd12.onmicrosoft.com,Bonnie Test,BonnieTest@7rkd12.onmicrosoft.com,,,,Asia-Pacific,Team site (no Microsoft 365 group),40,0.004,Not Allowed,,Indexed,,,Claimed,2026-07-09 12:41:43,,2026-07-23 16:07:17,2027-01-23 16:07:17,2026-07-28 22:34:23,In compliance,,,ADB - SharePoint Site Renewal,ADB - Do not allow External Sharing (SharePoint Site),,,,,,,,,,No,,,,,,,,,,,,,CSD,,,,CGAdoption,EDRMS Project Site,,,,,,,,,,,,,,,,,,,,,,,,template_project_v3,
Site,prj_EDRMS-001,,Active,Active,Not on hold,https://7rkd12.sharepoint.com/teams/prj_edrms-001,412eac75-04b8-4b10-abb9-140cadd77bc7,,,,Admin ADB,Admin@7rkd12.onmicrosoft.com,Admin ADB;Alex Wilber;Bonnie Test;Mihal,Admin@7rkd12.onmicrosoft.com;AlexW@7rkd12.onmicrosoft.com;BonnieTest@7rkd12.onmicrosoft.com;Mihal@7rkd12.onmicrosoft.com,Bonnie Test,BonnieTest@7rkd12.onmicrosoft.com,Admin ADB,Admin@7rkd12.onmicrosoft.com,,Asia-Pacific,Team site (no Microsoft 365 group),40,0.003,Not Allowed,,Indexed,,,Claimed,2026-07-09 10:59:56,,2026-08-11 09:00:00,2027-01-09 11:23:30,2026-07-28 22:41:42,In compliance,,,ADB - SharePoint Site Renewal,ADB - Do not allow External Sharing (SharePoint Site),,,,,,,,,,No,,,,,,,,,,,,,CSD;BOD,,,,CGAdoption,EDRMS Project Site,,,,,,,,,,,,,,,,,,,,,,,,edrms-001,
Microsoft Team,prj_teams-1,prj_temp-001,Active,Active,Not on hold,https://7rkd12.sharepoint.com/sites/prj_teams-1,29b94944-8d58-47a0-957b-878ed0135260,prj_teams-1@7rkd12.onmicrosoft.com,Private,,Admin ADB;Bonnie Test,Admin@7rkd12.onmicrosoft.com;BonnieTest@7rkd12.onmicrosoft.com,,,Bonnie Test,BonnieTest@7rkd12.onmicrosoft.com,,,,,Team site,25600,0.001,Not Allowed,Off,Not registered,test01,,Claimed,2026-07-08 12:40:12,,2026-07-29 09:00:00,,2026-08-14 14:17:37,In compliance,,,ADB - Team Renewal,ADB - Do not allow External Sharing (Team),,,,,2029-04-02,,,,Manually assigned,No,,,,,,,,,,,,,CSD;SARD,,,,CGAdoption,EDRMS Project Site,,,,,,,,,,,,,,,,,,,,,,,,teams-1,
Microsoft 365 Group,groups-test,groups-test,Active,Active,Not on hold,https://7rkd12.sharepoint.com/sites/groups-test,14abe361-39f3-4d1f-a24a-87465d6f53e4,groups-test@7rkd12.onmicrosoft.com,Public,,Admin ADB;Bonnie Test,Admin@7rkd12.onmicrosoft.com;BonnieTest@7rkd12.onmicrosoft.com,,,Bonnie Test,BonnieTest@7rkd12.onmicrosoft.com,,,,,Team site,25600,0.001,New and existing external users,On,Not registered,test01,,Claimed,2026-07-08 12:27:28,,2026-07-08 12:30:59,,2026-08-14 14:17:33,In compliance,,,,,,,,,,,,,Manually assigned,No,,,,,,,,,,,,,,,,,,,,,,,,,,,,,,,,,,,,,,,,,,,
Microsoft Team,prj_teams-test,prj_teams-test,Active,Active,Not on hold,https://7rkd12.sharepoint.com/sites/prj_teams-test,912fbcea-1419-4105-883b-33f9fb5b3b83,prj_teams-test@7rkd12.onmicrosoft.com,Private,,Admin ADB;Bonnie Test,Admin@7rkd12.onmicrosoft.com;BonnieTest@7rkd12.onmicrosoft.com,,,Bonnie Test,BonnieTest@7rkd12.onmicrosoft.com,,,,,Team site,25600,0.001,Not Allowed,Off,Not registered,test01,,Claimed,2026-07-08 12:25:49,,2026-07-08 12:32:50,,2026-08-14 14:17:47,In compliance,,,ADB - Team Renewal,ADB - Do not allow External Sharing (Team),,,,,2029-04-02,,,,Manually assigned,No,,,,,,,,,,,,,CSD,,,,CGAdoption,EDRMS Project Site,,,,,,,,,,,,,,,,,,,,,,,,teams-test,
Site,test0708,test0708,Active,Active,Not on hold,https://7rkd12.sharepoint.com/sites/test0708,ca6a37ac-ecef-49e9-851c-1698629c8564,,,,,,Admin ADB;Alex Wilber,Admin@7rkd12.onmicrosoft.com;AlexW@7rkd12.onmicrosoft.com,Bonnie Test,BonnieTest@7rkd12.onmicrosoft.com,AdaTest,AdaTest@7rkd12.onmicrosoft.com,,Asia-Pacific,Team site,25600,0.002,Not Allowed,,Indexed,,,Claimed,2026-07-08 10:50:41,,2026-08-11 09:00:00,2027-01-09 09:00:00,2026-07-31 05:19:05,In compliance,,,ADB - SharePoint Site Renewal,ADB - Do not allow External Sharing (SharePoint Site),,,,,,,,,,No,,,,,,,,,,,,,CSD,,,,CGAdoption,EDRMS Project Site,,,,,,,,,,,,,,,,,,,,,,,,,
Microsoft Team,prj_temp-004,prj_temp-001,Active,Active,Not on hold,https://7rkd12.sharepoint.com/sites/prj_temp-004,76633e47-eaf1-4f2d-8e54-e74384b95dee,prj_temp-004@7rkd12.onmicrosoft.com,Private,,Admin ADB;Bonnie Test,Admin@7rkd12.onmicrosoft.com;BonnieTest@7rkd12.onmicrosoft.com,,,Bonnie Test,BonnieTest@7rkd12.onmicrosoft.com,Admin ADB,Admin@7rkd12.onmicrosoft.com,,,Team site,25600,0.001,Not Allowed,Off,Not registered,,,Claimed,2026-07-07 12:10:15,,2026-07-07 12:18:27,,2026-08-14 14:17:46,In compliance,,,ADB - Team Renewal,ADB - Do not allow External Sharing (Team),,,,,2029-04-01,,,,Manually assigned,No,,,,,,,,,,,,,CSD;BOD,,,,CGAdoption,EDRMS Project Site,,,,,,,,,,,,,,,,,,,,,,,,temp-004,
Site,prj_temp-003,,Active,Active,Not on hold,https://7rkd12.sharepoint.com/teams/prj_temp-003,a7f5524c-3908-48b6-8fd9-21af33ee20b7,,,,,,ADB DRM Test Accounts;Alex Wilber;Bonnie Test,adbtestaccounts@7rkd12.onmicrosoft.com;AlexW@7rkd12.onmicrosoft.com;BonnieTest@7rkd12.onmicrosoft.com,Admin ADB,Admin@7rkd12.onmicrosoft.com,AdaTest,AdaTest@7rkd12.onmicrosoft.com,,Asia-Pacific,Team site (no Microsoft 365 group),40,0.007,New and existing external users,,Indexed,,,Claimed,2026-07-06 19:06:06,,2026-07-08 12:55:03,2027-01-08 12:55:03,2026-07-29 20:41:18,In compliance,,,ADB - SharePoint Site Renewal,ADB - Do not allow External Sharing (SharePoint Site),,,,,,,,,,No,,,,,,,,,,,,,CSD;SARD,,,,CGAdoption,,,,,,,,,,,,,,,,,,,,,,,,,,
Site,prj_temp-002,,Active,Active,Not on hold,https://7rkd12.sharepoint.com/teams/prj_temp-002,cc9253eb-3a5a-4f6d-8094-872c7f0f6865,,,,,,ADB DRM Test Accounts;Alex Wilber;Bonnie Test,adbtestaccounts@7rkd12.onmicrosoft.com;AlexW@7rkd12.onmicrosoft.com;BonnieTest@7rkd12.onmicrosoft.com,Admin ADB,Admin@7rkd12.onmicrosoft.com,AdaTest,AdaTest@7rkd12.onmicrosoft.com,,Asia-Pacific,Team site (no Microsoft 365 group),40,0.007,New and existing external users,,Indexed,,,Claimed,2026-07-06 19:05:58,,2026-07-08 12:49:00,2027-01-08 12:49:00,2026-07-29 20:31:41,In compliance,,,ADB - SharePoint Site Renewal,ADB - Do not allow External Sharing (SharePoint Site),,,,,,,,,,No,,,,,,,,,,,,,CSD;SARD,,,,CGAdoption,,,,,,,,,,,,,,,,,,,,,,,,,,
Site,org_bulktest2,,Active,Active,Not on hold,https://7rkd12.sharepoint.com/sites/bulktest2,595a7f37-c0df-444f-8771-04a97bd4398f,,,,Admin ADB,Admin@7rkd12.onmicrosoft.com,Admin ADB,Admin@7rkd12.onmicrosoft.com,,,,,,Asia-Pacific,Communication site,40,0.002,Not Allowed,,Not registered,,,Unclaimed,2026-06-24 17:22:15,,2026-06-24 17:22:28,,2026-07-29 04:21:18,In compliance,,,,,,,,,,,,,,No,Yes,,,,,,,,,,,,,,,,,,,,,,,,,,,,,,,,,,,,,,,,,,
Site,add-in05,,Active,Active,Not on hold,https://7rkd12.sharepoint.com/sites/add-in05,31510e38-6fae-4970-9003-d9256d26f7ad,,,,Leila Test,LeilaTest@7rkd12.onmicrosoft.com,Admin ADB;Alex Test;Alex Wilber;Bonnie Test;HazelTest (Inactive);John Rick D. Navoa;Leah Test;Leila Test;Logan Test;Nigel test;Ryan Test,Admin@7rkd12.onmicrosoft.com;AlexTest@7rkd12.onmicrosoft.com;AlexW@7rkd12.onmicrosoft.com;BonnieTest@7rkd12.onmicrosoft.com;HazelTest@7rkd12.onmicrosoft.com;AdaLu@7rkd12.onmicrosoft.com;LeahTest@7rkd12.onmicrosoft.com;LeilaTest@7rkd12.onmicrosoft.com;LoganTest@7rkd12.onmicrosoft.com;Nigeltest@7rkd12.onmicrosoft.com;RyanTest@7rkd12.onmicrosoft.com,Bonnie Test,BonnieTest@7rkd12.onmicrosoft.com,AdaTest,AdaTest@7rkd12.onmicrosoft.com,,Asia-Pacific,Team site (no Microsoft 365 group),40,0.002,Not Allowed,,Indexed,,,Claimed,2026-06-09 16:28:35,,2026-06-11 09:00:00,2026-12-11 09:00:00,2026-07-29 22:25:58,In compliance,,,ADB - SharePoint Site Renewal,ADB - Do not allow External Sharing (SharePoint Site),ADB - SharePoint Site storage profile,,,,,,,,,No,No,,,,,,,,,,,,CSD,,,,CGAdoption,,,,,,,,,,,,,,,,,,,,,,,,,add-in05,
Site,TestSite,,Active,Active,Not on hold,https://7rkd12.sharepoint.com/sites/org_adbi_testsite,86c78c14-8c96-4110-8ecb-ee3c27ae6d3f,,,,Leila Test,LeilaTest@7rkd12.onmicrosoft.com,Admin ADB;Alex Test;Alex Wilber;Bonnie Test;HazelTest (Inactive);John Rick D. Navoa;Leah Test;Leila Test;Logan Test;Nigel test;Ryan Test,Admin@7rkd12.onmicrosoft.com;AlexTest@7rkd12.onmicrosoft.com;AlexW@7rkd12.onmicrosoft.com;BonnieTest@7rkd12.onmicrosoft.com;HazelTest@7rkd12.onmicrosoft.com;AdaLu@7rkd12.onmicrosoft.com;LeahTest@7rkd12.onmicrosoft.com;LeilaTest@7rkd12.onmicrosoft.com;LoganTest@7rkd12.onmicrosoft.com;Nigeltest@7rkd12.onmicrosoft.com;RyanTest@7rkd12.onmicrosoft.com,Mihal,Mihal@7rkd12.onmicrosoft.com,,,,Asia-Pacific,Team site (no Microsoft 365 group),40,0.002,Not Allowed,,Indexed,,,Claimed,2026-06-09 13:14:49,,2026-06-11 09:00:00,2026-12-11 09:00:00,2026-07-29 22:23:01,In compliance,,,ADB - SharePoint Site Renewal,ADB - Do not allow External Sharing (SharePoint Site),ADB - SharePoint Site storage profile,,,,,,,,,No,No,,,,,,,,,,,,ADBI,,,,CGAdoption,,,,,,,,,,,,,,,,,,,,,,,,,testsite,
Site,Traditional Site Test,,Active,Active,Not on hold,https://7rkd12.sharepoint.com/sites/org_adbi_victorcloud,a51631c3-5578-4a52-895d-ade0981eb427,,,,Leila Test,LeilaTest@7rkd12.onmicrosoft.com,Admin ADB;Alex Test;Alex Wilber;Bonnie Test;HazelTest (Inactive);John Rick D. Navoa;Leah Test;Leila Test;Logan Test;Nigel test;Ryan Test,Admin@7rkd12.onmicrosoft.com;AlexTest@7rkd12.onmicrosoft.com;AlexW@7rkd12.onmicrosoft.com;BonnieTest@7rkd12.onmicrosoft.com;HazelTest@7rkd12.onmicrosoft.com;AdaLu@7rkd12.onmicrosoft.com;LeahTest@7rkd12.onmicrosoft.com;LeilaTest@7rkd12.onmicrosoft.com;LoganTest@7rkd12.onmicrosoft.com;Nigeltest@7rkd12.onmicrosoft.com;RyanTest@7rkd12.onmicrosoft.com,Mihal,Mihal@7rkd12.onmicrosoft.com,,,,Asia-Pacific,Team site (no Microsoft 365 group),40,0.002,Not Allowed,,Indexed,,,Claimed,2026-06-08 13:36:56,,2026-07-09 09:00:00,2027-01-09 09:00:00,2026-07-29 01:27:20,In compliance,,,ADB - SharePoint Site Renewal,ADB - Do not allow External Sharing (SharePoint Site),ADB - SharePoint Site storage profile,,,,,,,,,No,No,,,,,,,,,,,,ADBI,,,,CGAdoption,,,,,,,,,,,,,,,,,,,,,,,,,victorcloud,
Site,GAO Release 67,,Active,Active,Not on hold,https://7rkd12.sharepoint.com/sites/gaorelease67,ebd1f928-5f67-454d-8dc0-3e833fc079cf,,,,Leila Test,LeilaTest@7rkd12.onmicrosoft.com,Admin ADB;Alex Test;Alex Wilber;Bonnie Test;HazelTest (Inactive);John Rick D. Navoa;Leah Test;Leila Test;Logan Test;Mihal;Nigel test;Ryan Test,Admin@7rkd12.onmicrosoft.com;AlexTest@7rkd12.onmicrosoft.com;AlexW@7rkd12.onmicrosoft.com;BonnieTest@7rkd12.onmicrosoft.com;HazelTest@7rkd12.onmicrosoft.com;AdaLu@7rkd12.onmicrosoft.com;LeahTest@7rkd12.onmicrosoft.com;LeilaTest@7rkd12.onmicrosoft.com;LoganTest@7rkd12.onmicrosoft.com;Mihal@7rkd12.onmicrosoft.com;Nigeltest@7rkd12.onmicrosoft.com;RyanTest@7rkd12.onmicrosoft.com,Bonnie Test,BonnieTest@7rkd12.onmicrosoft.com,AdaTest,AdaTest@7rkd12.onmicrosoft.com,,Asia-Pacific,Team site (no Microsoft 365 group),40,0.002,Not Allowed,,Indexed,,,Claimed,2026-06-08 10:37:28,,2026-06-11 09:00:00,2026-12-11 09:00:00,2026-07-28 22:37:01,In compliance,,,ADB - SharePoint Site Renewal,ADB - Do not allow External Sharing (SharePoint Site),ADB - SharePoint Site storage profile,,,,,,,,,No,No,,,,,,,,,,,,CSD,,,,CGAdoption,,,,,,,,,,,,,,,,,,,,,,,,,GAO Release 67,
Site,GAO Release 6.7,,Active,Active,Not on hold,https://7rkd12.sharepoint.com/sites/gaorelease6.7,a85614c1-267f-4d80-8543-4b3002543baf,,,,Leila Test,LeilaTest@7rkd12.onmicrosoft.com,Admin ADB;Alex Test;Alex Wilber;Bonnie Test;HazelTest (Inactive);John Rick D. Navoa;Leah Test;Leila Test;Logan Test;Nigel test;Ryan Test,Admin@7rkd12.onmicrosoft.com;AlexTest@7rkd12.onmicrosoft.com;AlexW@7rkd12.onmicrosoft.com;BonnieTest@7rkd12.onmicrosoft.com;HazelTest@7rkd12.onmicrosoft.com;AdaLu@7rkd12.onmicrosoft.com;LeahTest@7rkd12.onmicrosoft.com;LeilaTest@7rkd12.onmicrosoft.com;LoganTest@7rkd12.onmicrosoft.com;Nigeltest@7rkd12.onmicrosoft.com;RyanTest@7rkd12.onmicrosoft.com,Bonnie Test,BonnieTest@7rkd12.onmicrosoft.com,AdaTest,AdaTest@7rkd12.onmicrosoft.com,,Asia-Pacific,Team site (no Microsoft 365 group),40,0.003,Not Allowed,,Indexed,,,Claimed,2026-06-07 16:04:50,,2026-06-11 09:00:00,2026-12-11 09:00:00,2026-07-28 22:36:53,In compliance,,,ADB - SharePoint Site Renewal,ADB - Do not allow External Sharing (SharePoint Site),ADB - SharePoint Site storage profile,,,,,,,,,No,No,,,,,,,,,,,,CSD,,,,CGAdoption,,,,,,,,,,,,,,,,,,,,,,,,,GAORelease6.7,
Site,no,,Active,Active,Not on hold,https://7rkd12.sharepoint.com/sites/no,b1ab52f2-bce1-434b-b8d2-317a6b335a8f,,,,Bonnie Test,BonnieTest@7rkd12.onmicrosoft.com,Admin ADB;Alex Wilber;Bonnie Test,Admin@7rkd12.onmicrosoft.com;AlexW@7rkd12.onmicrosoft.com;BonnieTest@7rkd12.onmicrosoft.com,Bonnie Test,BonnieTest@7rkd12.onmicrosoft.com,Admin ADB,Admin@7rkd12.onmicrosoft.com,,Asia-Pacific,Team site (no Microsoft 365 group),40,0.001,Not Allowed,,Not registered,,,Claimed,2026-05-22 18:56:53,,2026-05-22 18:56:58,,2026-07-28 22:37:09,In compliance,,,,ADB - Do not allow External Sharing (SharePoint Site),,,,,,,,,,No,,No,,,,,,,,,,,,,,,,,,,,,,,,,,,,,,,,,,,,,,,,,
Site,"sc teams - `~!@#$%^&*_+[2]{3}|\;'4':""5""<6>?,./",,Active,Active,Not on hold,https://7rkd12.sharepoint.com/teams/scteams-'._,df313fa1-3cec-4f7f-8f5f-61f1c9eef8b7,,,,Leila Test,LeilaTest@7rkd12.onmicrosoft.com,Admin ADB;Alex Test;Alex Wilber;Bonnie Test;HazelTest (Inactive);John Rick D. Navoa;Leila Test;Logan Test;Mihal;Nigel test;Ryan Test,Admin@7rkd12.onmicrosoft.com;AlexTest@7rkd12.onmicrosoft.com;AlexW@7rkd12.onmicrosoft.com;BonnieTest@7rkd12.onmicrosoft.com;HazelTest@7rkd12.onmicrosoft.com;AdaLu@7rkd12.onmicrosoft.com;LeilaTest@7rkd12.onmicrosoft.com;LoganTest@7rkd12.onmicrosoft.com;Mihal@7rkd12.onmicrosoft.com;Nigeltest@7rkd12.onmicrosoft.com;RyanTest@7rkd12.onmicrosoft.com,Bonnie Test,BonnieTest@7rkd12.onmicrosoft.com,Admin ADB,Admin@7rkd12.onmicrosoft.com,,Asia-Pacific,Team site (no Microsoft 365 group),40,0.002,Not Allowed,,Indexed,,,Claimed,2026-05-22 17:52:07,,2026-06-29 14:38:57,2026-12-29 14:38:57,2026-07-28 22:34:36,In compliance,,,ADB - SharePoint Site Renewal,ADB - Do not allow External Sharing (SharePoint Site),ADB - SharePoint Site storage profile,,,,,,,,,No,No,,,,,,,,,,,,CSD,,,,CGAdoption,,,,,,,,,,,,,,,,,,,,,,,,,"sc url - `~!@#$%^&*_+[2]{3}|\;'4':""5""<6>?,./",
Site,demo0520,,Active,Active,Not on hold,https://7rkd12.sharepoint.com/sites/org_csd_demo0520,5611b853-0476-401c-8fb3-5b305d050302,,,,Leila Test,LeilaTest@7rkd12.onmicrosoft.com,Admin ADB;Alex Test;Alex Wilber;Bonnie Test;HazelTest (Inactive);John Rick D. Navoa;Leah Test;Leila Test;Logan Test;Nigel test;Ryan Test,Admin@7rkd12.onmicrosoft.com;AlexTest@7rkd12.onmicrosoft.com;AlexW@7rkd12.onmicrosoft.com;BonnieTest@7rkd12.onmicrosoft.com;HazelTest@7rkd12.onmicrosoft.com;AdaLu@7rkd12.onmicrosoft.com;LeahTest@7rkd12.onmicrosoft.com;LeilaTest@7rkd12.onmicrosoft.com;LoganTest@7rkd12.onmicrosoft.com;Nigeltest@7rkd12.onmicrosoft.com;RyanTest@7rkd12.onmicrosoft.com,Admin ADB,Admin@7rkd12.onmicrosoft.com,,,,Asia-Pacific,Team site (no Microsoft 365 group),40,0.004,Not Allowed,,Indexed,,,Claimed,2026-05-20 15:44:03,,2026-06-11 09:00:00,2026-12-11 09:00:00,2026-07-28 22:34:42,In compliance,,,ADB - SharePoint Site Renewal,ADB - Do not allow External Sharing (SharePoint Site),ADB - SharePoint Site storage profile,,,,,,,,,No,No,,,,,,,,,,,,CSD,,,,CGAdoption,,,,,,,,,,,,,,,,,,,,,,,,,demo0520,
Site,addin04,,Locked,Locked,Not on hold,https://7rkd12.sharepoint.com/sites/addin04,af3e20eb-2d5c-4242-ac0c-6ac4eb490c66,,,,Leila Test,LeilaTest@7rkd12.onmicrosoft.com,Admin ADB;Alex Test;Alex Wilber;Bonnie Test;HazelTest (Inactive);John Rick D. Navoa;Leila Test;Logan Test;Nigel test;Ryan Test,Admin@7rkd12.onmicrosoft.com;AlexTest@7rkd12.onmicrosoft.com;AlexW@7rkd12.onmicrosoft.com;BonnieTest@7rkd12.onmicrosoft.com;HazelTest@7rkd12.onmicrosoft.com;AdaLu@7rkd12.onmicrosoft.com;LeilaTest@7rkd12.onmicrosoft.com;LoganTest@7rkd12.onmicrosoft.com;Nigeltest@7rkd12.onmicrosoft.com;RyanTest@7rkd12.onmicrosoft.com,Bonnie Test,BonnieTest@7rkd12.onmicrosoft.com,Admin ADB,Admin@7rkd12.onmicrosoft.com,,Asia-Pacific,Team site (no Microsoft 365 group),40,0.001,Not Allowed,,Indexed,,,Failed,2026-05-08 11:15:49,,2026-07-10 09:00:00,2026-11-08 11:31:12,2026-07-29 22:20:04,Invalid,,,ADB - SharePoint Site Renewal,ADB - Do not allow External Sharing (SharePoint Site),ADB - SharePoint Site storage profile,,,,,,,,,No,No,,,,,,,,,,,,CSD,,,,CGAdoption,,,,,,,,,,,,,,,,,,,,,,,,,addin04,
Site,addin03,,Locked,Locked,Not on hold,https://7rkd12.sharepoint.com/teams/addin03,8a860b18-471c-431c-9d05-b05f09cfe502,,,,Leila Test,LeilaTest@7rkd12.onmicrosoft.com,Admin ADB;Alex Test;Alex Wilber;Bonnie Test;HazelTest (Inactive);John Rick D. Navoa;Leila Test;Logan Test;Nigel test;Ryan Test,Admin@7rkd12.onmicrosoft.com;AlexTest@7rkd12.onmicrosoft.com;AlexW@7rkd12.onmicrosoft.com;BonnieTest@7rkd12.onmicrosoft.com;HazelTest@7rkd12.onmicrosoft.com;AdaLu@7rkd12.onmicrosoft.com;LeilaTest@7rkd12.onmicrosoft.com;LoganTest@7rkd12.onmicrosoft.com;Nigeltest@7rkd12.onmicrosoft.com;RyanTest@7rkd12.onmicrosoft.com,Bonnie Test,BonnieTest@7rkd12.onmicrosoft.com,Admin ADB,Admin@7rkd12.onmicrosoft.com,,Asia-Pacific,Team site (no Microsoft 365 group),40,0.001,Not Allowed,,Indexed,,,Failed,2026-05-08 11:15:48,,2026-06-11 09:00:00,2026-11-08 11:31:24,2026-07-29 22:19:55,Invalid,,,ADB - SharePoint Site Renewal,ADB - Do not allow External Sharing (SharePoint Site),ADB - SharePoint Site storage profile,,,,,,,,,No,No,,,,,,,,,,,,CSD,,,,CGAdoption,,,,,,,,,,,,,,,,,,,,,,,,,addin03,
Site,addin01,,Active,Active,Not on hold,https://7rkd12.sharepoint.com/teams/addin02,f78185f0-ed8d-44ff-a9ea-b2bea9573b87,,,,Leila Test,LeilaTest@7rkd12.onmicrosoft.com,Admin ADB;Alex Test;Alex Wilber;Bonnie Test;HazelTest (Inactive);John Rick D. Navoa;Leila Test;Logan Test;Nigel test;Ryan Test,Admin@7rkd12.onmicrosoft.com;AlexTest@7rkd12.onmicrosoft.com;AlexW@7rkd12.onmicrosoft.com;BonnieTest@7rkd12.onmicrosoft.com;HazelTest@7rkd12.onmicrosoft.com;AdaLu@7rkd12.onmicrosoft.com;LeilaTest@7rkd12.onmicrosoft.com;LoganTest@7rkd12.onmicrosoft.com;Nigeltest@7rkd12.onmicrosoft.com;RyanTest@7rkd12.onmicrosoft.com,Bonnie Test,BonnieTest@7rkd12.onmicrosoft.com,Admin ADB,Admin@7rkd12.onmicrosoft.com,,Asia-Pacific,Team site (no Microsoft 365 group),40,0.002,Not Allowed,,Indexed,,,Claimed,2026-05-08 11:12:08,,2026-06-25 15:35:56,2026-12-25 15:35:56,2026-07-28 22:31:47,In compliance,,,ADB - SharePoint Site Renewal,ADB - Do not allow External Sharing (SharePoint Site),ADB - SharePoint Site storage profile,,,,,,,,,No,No,,,,,,,,,,,,CSD,,,,CGAdoption,,,,,,,,,,,,,,,,,,,,,,,,,addin02,
Site,addin01,,Active,Active,Not on hold,https://7rkd12.sharepoint.com/teams/addin01,491cd39c-9903-4917-b51b-a6e6c8f96f8d,,,,Leila Test,LeilaTest@7rkd12.onmicrosoft.com,Admin ADB;Alex Test;Alex Wilber;Bonnie Test;HazelTest (Inactive);John Rick D. Navoa;Leila Test;Logan Test;Nigel test;Ryan Test,Admin@7rkd12.onmicrosoft.com;AlexTest@7rkd12.onmicrosoft.com;AlexW@7rkd12.onmicrosoft.com;BonnieTest@7rkd12.onmicrosoft.com;HazelTest@7rkd12.onmicrosoft.com;AdaLu@7rkd12.onmicrosoft.com;LeilaTest@7rkd12.onmicrosoft.com;LoganTest@7rkd12.onmicrosoft.com;Nigeltest@7rkd12.onmicrosoft.com;RyanTest@7rkd12.onmicrosoft.com,Bonnie Test,BonnieTest@7rkd12.onmicrosoft.com,Admin ADB,Admin@7rkd12.onmicrosoft.com,,Asia-Pacific,Team site (no Microsoft 365 group),40,0.001,Not Allowed,,Indexed,,,Claimed,2026-05-08 11:12:08,,2026-06-11 09:00:00,2026-12-11 09:00:00,2026-07-28 22:31:55,In compliance,,,ADB - SharePoint Site Renewal,ADB - Do not allow External Sharing (SharePoint Site),ADB - SharePoint Site storage profile,,,,,,,,,No,No,,,,,,,,,,,,CSD,,,,CGAdoption,,,,,,,,,,,,,,,,,,,,,,,,,addin01,
Site,No Access Leah,,Active,Active,Not on hold,https://7rkd12.sharepoint.com/sites/org_csd_noaccessleah,08f9eac2-f7eb-4f2c-9e47-5506ad22ffef,,,,Leila Test,LeilaTest@7rkd12.onmicrosoft.com,Admin ADB;Alex Test;Alex Wilber;Bonnie Test;HazelTest (Inactive);John Rick D. Navoa;Leila Test;Logan Test;Nigel test;Ryan Test,Admin@7rkd12.onmicrosoft.com;AlexTest@7rkd12.onmicrosoft.com;AlexW@7rkd12.onmicrosoft.com;BonnieTest@7rkd12.onmicrosoft.com;HazelTest@7rkd12.onmicrosoft.com;AdaLu@7rkd12.onmicrosoft.com;LeilaTest@7rkd12.onmicrosoft.com;LoganTest@7rkd12.onmicrosoft.com;Nigeltest@7rkd12.onmicrosoft.com;RyanTest@7rkd12.onmicrosoft.com,Ryan Test,RyanTest@7rkd12.onmicrosoft.com,,,,Asia-Pacific,Team site (no Microsoft 365 group),40,0.001,Existing external users,,Indexed,,,Claimed,2026-04-30 12:23:47,,2026-06-11 09:00:00,2026-12-11 09:00:00,2026-07-28 22:34:46,In compliance,,,ADB - SharePoint Site Renewal,ADB - Allow External Sharing (SharePoint Site),ADB - SharePoint Site storage profile,,,,,,,,,No,Yes,,,,,,,,,,,,CSD,,,,CGAdoption,,,,,,,,,,,,,,,,,,,,,,,,,noaccessleah,
Site,test413,,Active,Active,Not on hold,https://7rkd12.sharepoint.com/sites/test413,376e3a31-0e25-4793-b49e-fac232f25e1e,,,,Leila Test,LeilaTest@7rkd12.onmicrosoft.com,Admin ADB;Alex Test;Alex Wilber;Bonnie Test;HazelTest (Inactive);John Rick D. Navoa;Leah Test;Leila Test;Logan Test;Nigel test;Ryan Test,Admin@7rkd12.onmicrosoft.com;AlexTest@7rkd12.onmicrosoft.com;AlexW@7rkd12.onmicrosoft.com;BonnieTest@7rkd12.onmicrosoft.com;HazelTest@7rkd12.onmicrosoft.com;AdaLu@7rkd12.onmicrosoft.com;LeahTest@7rkd12.onmicrosoft.com;LeilaTest@7rkd12.onmicrosoft.com;LoganTest@7rkd12.onmicrosoft.com;Nigeltest@7rkd12.onmicrosoft.com;RyanTest@7rkd12.onmicrosoft.com,Admin ADB,Admin@7rkd12.onmicrosoft.com,Bonnie Test,BonnieTest@7rkd12.onmicrosoft.com,,Asia-Pacific,Team site (no Microsoft 365 group),40,0.002,Existing external users,,Indexed,,,Claimed,2026-04-13 15:00:46,,2026-06-11 09:00:00,2026-12-11 09:00:00,2026-07-29 22:22:45,In compliance,,,ADB - SharePoint Site Renewal,ADB - Allow External Sharing (SharePoint Site),ADB - SharePoint Site storage profile,,,,,,,,,No,Yes,,,,,,,,,,,,CSD,,,,CGAdoption,,,,,,,,,,,,,,,,,,,,,,,,,test413,
Viva Engage Community,community01,community01,Active,Active,Not on hold,https://7rkd12.sharepoint.com/sites/community01,af95759f-7709-4fde-8609-2adc8a797d4a,community01@7rkd12.onmicrosoft.com,Public,,Admin ADB;Bonnie Test,Admin@7rkd12.onmicrosoft.com;BonnieTest@7rkd12.onmicrosoft.com,,,Admin ADB,Admin@7rkd12.onmicrosoft.com,Bonnie Test,BonnieTest@7rkd12.onmicrosoft.com,,,Team site,25600,0.001,New and existing external users,On,Not registered,,,Claimed,2026-04-09 18:24:45,,2026-05-08 11:46:02,,2026-08-14 14:17:49,In compliance,,,,,,,,,,,,,Manually assigned,No,,,,,,,,,,,,,,,,,,,,,,,,,,,,,,,,,,,,,,,,,,,
Site,"teams - `~!@#$%^&*(1)_+=[2]{3}|\;'4':""5""<6>?,./",,Active,Active,Not on hold,https://7rkd12.sharepoint.com/sites/teams-1_2.3'4'5,f1b5561d-938f-4968-96a2-788b05e076d1,,,,Leila Test,LeilaTest@7rkd12.onmicrosoft.com,Admin ADB;Alex Test;Alex Wilber;Bonnie Test;HazelTest (Inactive);John Rick D. Navoa;Leila Test;Logan Test;Nigel test;Ryan Test,Admin@7rkd12.onmicrosoft.com;AlexTest@7rkd12.onmicrosoft.com;AlexW@7rkd12.onmicrosoft.com;BonnieTest@7rkd12.onmicrosoft.com;HazelTest@7rkd12.onmicrosoft.com;AdaLu@7rkd12.onmicrosoft.com;LeilaTest@7rkd12.onmicrosoft.com;LoganTest@7rkd12.onmicrosoft.com;Nigeltest@7rkd12.onmicrosoft.com;RyanTest@7rkd12.onmicrosoft.com,Admin ADB,Admin@7rkd12.onmicrosoft.com,Bonnie Test,BonnieTest@7rkd12.onmicrosoft.com,,Asia-Pacific,Team site (no Microsoft 365 group),40,0.001,Not Allowed,,Indexed,,,Claimed,2026-04-09 18:04:41,,2026-06-11 09:00:00,2026-12-11 09:00:00,2026-07-28 22:34:29,In compliance,,,ADB - SharePoint Site Renewal,ADB - Do not allow External Sharing (SharePoint Site),ADB - SharePoint Site storage profile,,,,,,,,,No,No,,,,,,,,,,,,CSD,,,,CGAdoption,,,,,,,,,,,,,,,,,,,,,,,,,teams-1_2.3'4'5,
Site,"sc url - `~!@#$%^&*(1)_+=[2]{3}|\;'4':""5""<6>?,./",,Active,Active,Not on hold,https://7rkd12.sharepoint.com/sites/scurl-1_2.3'4'5,89eadc1c-8820-416a-b02e-4f789d996c85,,,,Leila Test,LeilaTest@7rkd12.onmicrosoft.com,Admin ADB;Alex Test;Alex Wilber;Bonnie Test;HazelTest (Inactive);John Rick D. Navoa;Leila Test;Logan Test;Mihal;Nigel test;Ryan Test,Admin@7rkd12.onmicrosoft.com;AlexTest@7rkd12.onmicrosoft.com;AlexW@7rkd12.onmicrosoft.com;BonnieTest@7rkd12.onmicrosoft.com;HazelTest@7rkd12.onmicrosoft.com;AdaLu@7rkd12.onmicrosoft.com;LeilaTest@7rkd12.onmicrosoft.com;LoganTest@7rkd12.onmicrosoft.com;Mihal@7rkd12.onmicrosoft.com;Nigeltest@7rkd12.onmicrosoft.com;RyanTest@7rkd12.onmicrosoft.com,Admin ADB,Admin@7rkd12.onmicrosoft.com,Bonnie Test,BonnieTest@7rkd12.onmicrosoft.com,,Asia-Pacific,Team site (no Microsoft 365 group),40,0.117,Existing external users,,Indexed,,,Claimed,2026-04-09 17:59:40,,2026-07-10 11:14:54,2027-01-10 11:14:54,2026-07-28 22:36:47,In compliance,,,ADB - SharePoint Site Renewal,ADB - Allow External Sharing (SharePoint Site),ADB - SharePoint Site storage profile,,,,,,,,,No,Yes,,,,,,,,,,,,CSD,,,,CGAdoption,,,,,,,,,,,,,,,,,,,,,,,,,scurl-1_23'4'56,
Site,traditionalsite02,,Archived,Deleted,,https://7rkd12.sharepoint.com/sites/traditionalsite02,5c1c8f42-ece6-47f3-8242-ebfee7c95233,,,,Leila Test,LeilaTest@7rkd12.onmicrosoft.com,Admin ADB;Alex Wilber;Leila Test,Admin@7rkd12.onmicrosoft.com;AlexW@7rkd12.onmicrosoft.com;LeilaTest@7rkd12.onmicrosoft.com,Admin ADB,Admin@7rkd12.onmicrosoft.com,Bonnie Test,BonnieTest@7rkd12.onmicrosoft.com,,Asia-Pacific,Team site (no Microsoft 365 group),25600,0.001,Not Allowed,,Not registered,,,Claimed,2026-03-05 17:11:54,,2026-03-05 17:32:14,,2026-04-20 16:57:44,Invalid,,,escalation- Archive site,ADB - Do not allow External Sharing (SharePoint Site),ADB - SharePoint Site storage profile,,,,,2026-03-06 11:29:37,,System Account,,No,No,,,,,,,,,,,,CSD,,,,CGAdoption,,,,,,,,,,,,,,,,,,,,,,,,,traditionalsite02,
Site,traditionalsite01,,Archived,Deleted,,https://7rkd12.sharepoint.com/sites/traditionalsite01,e2fe6ccc-2efb-42d9-bc7e-990b83d969c1,,,,Leila Test,LeilaTest@7rkd12.onmicrosoft.com,Admin ADB;Alex Test;Alex Wilber;Bonnie Test;HazelTest (Inactive);John Rick D. Navoa;Leah Test;Leila Test;Logan Test;Nigel test;Ryan Test,Admin@7rkd12.onmicrosoft.com;AlexTest@7rkd12.onmicrosoft.com;AlexW@7rkd12.onmicrosoft.com;BonnieTest@7rkd12.onmicrosoft.com;HazelTest@7rkd12.onmicrosoft.com;AdaLu@7rkd12.onmicrosoft.com;LeahTest@7rkd12.onmicrosoft.com;LeilaTest@7rkd12.onmicrosoft.com;LoganTest@7rkd12.onmicrosoft.com;Nigeltest@7rkd12.onmicrosoft.com;RyanTest@7rkd12.onmicrosoft.com,Admin ADB,Admin@7rkd12.onmicrosoft.com,Bonnie Test,BonnieTest@7rkd12.onmicrosoft.com,,Asia-Pacific,Team site (no Microsoft 365 group),25600,0.001,Not Allowed,,Not registered,,,Claimed,2026-03-05 14:35:34,,2026-03-05 16:43:46,,2026-04-20 16:57:42,Invalid,,,escalation- Archive site,ADB - Do not allow External Sharing (SharePoint Site),ADB - SharePoint Site storage profile,,,,,2026-03-06 11:19:48,Admin@7rkd12.onmicrosoft.com,Admin ADB,,No,No,,,,,,,,,,,,CSD,,,,CGAdoption,,,,,,,,,,,,,,,,,,,,,,,,,traditionalsite01,
Site,Traditional Site,,Archived,Deleted,,https://7rkd12.sharepoint.com/sites/traditionalsite,dfb6179b-6c5c-4013-9adc-2fc921a131c4,,,,Leila Test,LeilaTest@7rkd12.onmicrosoft.com,Admin ADB;Alex Test;Alex Wilber;Bonnie Test;HazelTest (Inactive);John Rick D. Navoa;Leila Test;Logan Test;Nigel test;Ryan Test,Admin@7rkd12.onmicrosoft.com;AlexTest@7rkd12.onmicrosoft.com;AlexW@7rkd12.onmicrosoft.com;BonnieTest@7rkd12.onmicrosoft.com;HazelTest@7rkd12.onmicrosoft.com;AdaLu@7rkd12.onmicrosoft.com;LeilaTest@7rkd12.onmicrosoft.com;LoganTest@7rkd12.onmicrosoft.com;Nigeltest@7rkd12.onmicrosoft.com;RyanTest@7rkd12.onmicrosoft.com,Admin ADB,Admin@7rkd12.onmicrosoft.com,Bonnie Test,BonnieTest@7rkd12.onmicrosoft.com,,Asia-Pacific,Team site (no Microsoft 365 group),25600,0.001,Not Allowed,,Not registered,,,Failed,2026-03-05 13:07:39,,2026-03-05 13:23:38,2026-09-05 13:23:38,2026-04-20 16:57:39,Invalid,,,ADB - SharePoint Site Renewal,ADB - Do not allow External Sharing (SharePoint Site),ADB - SharePoint Site storage profile,,,,,,,,,No,No,,,,,,,,,,,,CSD,,,,CGAdoption,,,,,,,,,,,,,,,,,,,,,,,,,Traditional Site,
Microsoft 365 Group,Project Group Site02,Project Site02,Active,Active,Not on hold,https://7rkd12.sharepoint.com/sites/projectsite02,aa3e5cf1-bd52-4df2-b0ee-9fa7548745cf,ProjectSite02@7rkd12.onmicrosoft.com,Private,,Alex Wilber;Admin ADB;HazelTest (Inactive);Ryan Test;Nigel test;Alex Test;Leila Test;John Rick D. Navoa;Aprilis;Mihal;Joe Nguyen;Kane Do;Victor Ly,AlexW@7rkd12.onmicrosoft.com;Admin@7rkd12.onmicrosoft.com;HazelTest@7rkd12.onmicrosoft.com;RyanTest@7rkd12.onmicrosoft.com;Nigeltest@7rkd12.onmicrosoft.com;AlexTest@7rkd12.onmicrosoft.com;LeilaTest@7rkd12.onmicrosoft.com;AdaLu@7rkd12.onmicrosoft.com;Aprilis@7rkd12.onmicrosoft.com;Mihal@7rkd12.onmicrosoft.com;,,,Admin ADB,Admin@7rkd12.onmicrosoft.com,John Rick D. Navoa,AdaLu@7rkd12.onmicrosoft.com,,,Team site,40,0.166,New and existing external users,On,Not registered,,,Claimed,2026-03-02 19:05:53,,2026-08-11 09:00:00,,2026-08-14 14:17:48,In compliance,,,,,,,,,,,,,Manually assigned,No,,,,,,,,,,,,,,,,,CGAdoption,,,,,,,,,,,,,,,,,,,,,,,,,,
Site,test4,,Active,Active,Not on hold,https://7rkd12.sharepoint.com/sites/training_test4,604d4475-a6c6-4c80-9590-b2d9facd2d76,,,,Nigel test,Nigeltest@7rkd12.onmicrosoft.com,Alex Wilber;Nigel test,AlexW@7rkd12.onmicrosoft.com;Nigeltest@7rkd12.onmicrosoft.com,Nigel test,Nigeltest@7rkd12.onmicrosoft.com,Leah Test,LeahTest@7rkd12.onmicrosoft.com,,Asia-Pacific,Team site (no Microsoft 365 group),40,0.002,Not Allowed,,Not registered,,,Claimed,2026-02-27 17:20:43,,2026-05-08 09:00:00,,2026-07-29 01:27:18,In compliance,,,,,,,,,,,,,,No,,,,,,,,,,,,,ADBI,,,,,,,,,,,,,,,,,,,,,,,,,,,,,test4,
Site,Test3,,Active,Active,Not on hold,https://7rkd12.sharepoint.com/sites/training_test3,e56b4c04-6e7d-489c-9373-4ce05540861c,,,,Nigel test,Nigeltest@7rkd12.onmicrosoft.com,Alex Wilber;Nigel test,AlexW@7rkd12.onmicrosoft.com;Nigeltest@7rkd12.onmicrosoft.com,Nigel test,Nigeltest@7rkd12.onmicrosoft.com,Leah Test,LeahTest@7rkd12.onmicrosoft.com,,Asia-Pacific,Team site (no Microsoft 365 group),40,0.002,Not Allowed,,Not registered,,,Claimed,2026-02-27 17:15:24,,2026-05-08 09:00:00,,2026-07-29 01:33:49,In compliance,,,,,,,,,,,,,,No,,,,,,,,,,,,,ADBI,,,,,,,,,,,,,,,,,,,,,,,,,,,,,test,
Site,Test2,,Active,Active,Not on hold,https://7rkd12.sharepoint.com/sites/training_tets,7caab8ac-60b7-4936-9aea-2c6288f6c926,,,,Alex Wilber,AlexW@7rkd12.onmicrosoft.com,Alex Wilber,AlexW@7rkd12.onmicrosoft.com,Bonnie Test,BonnieTest@7rkd12.onmicrosoft.com,Admin ADB,Admin@7rkd12.onmicrosoft.com,,Asia-Pacific,Team site (no Microsoft 365 group),40,0.002,Not Allowed,,Not registered,,,Claimed,2026-02-27 17:11:08,,2026-06-11 09:00:00,,2026-07-28 22:39:18,In compliance,,,,,,,,,,,,,,No,,,,,,,,,,,,,BOD,,,,CGAdoption,,,,,,,,,,,,,,,,,,,,,,,,,tets,
Site,Leah test,,Active,Active,Not on hold,https://7rkd12.sharepoint.com/sites/training_test,27177449-0ed0-4258-a963-5863144c1f93,,,,Leah Test,LeahTest@7rkd12.onmicrosoft.com,Alex Wilber;Leah Test,AlexW@7rkd12.onmicrosoft.com;LeahTest@7rkd12.onmicrosoft.com,Leah Test,LeahTest@7rkd12.onmicrosoft.com,Nigel test,Nigeltest@7rkd12.onmicrosoft.com,,Asia-Pacific,Team site (no Microsoft 365 group),40,0.002,Not Allowed,,Not registered,,,Claimed,2026-02-27 16:58:41,,2026-05-14 09:00:00,,2026-07-29 01:31:45,In compliance,,,,,,,,,,,,,,No,,,,,,,,,,,,,ADBI,,,,,,,,,,,,,,,,,,,,,,,,,,,,,test,
Site,EDRMS-OPUS02,,Active,Active,Not on hold,https://7rkd12.sharepoint.com/sites/org_csd_edrmsopus02,8a21895c-8ebe-4df1-ba4f-e3b68a058261,,,,Leila Test,LeilaTest@7rkd12.onmicrosoft.com,Admin ADB;Alex Test;Alex Wilber;Bonnie Test;HazelTest (Inactive);John Rick D. Navoa;Leah Test;Leila Test;Logan Test;Mihal;Nigel test;Ryan Test,Admin@7rkd12.onmicrosoft.com;AlexTest@7rkd12.onmicrosoft.com;AlexW@7rkd12.onmicrosoft.com;BonnieTest@7rkd12.onmicrosoft.com;HazelTest@7rkd12.onmicrosoft.com;AdaLu@7rkd12.onmicrosoft.com;LeahTest@7rkd12.onmicrosoft.com;LeilaTest@7rkd12.onmicrosoft.com;LoganTest@7rkd12.onmicrosoft.com;Mihal@7rkd12.onmicrosoft.com;Nigeltest@7rkd12.onmicrosoft.com;RyanTest@7rkd12.onmicrosoft.com,Admin ADB,Admin@7rkd12.onmicrosoft.com,,,,Asia-Pacific,Team site (no Microsoft 365 group),40,0.002,Not Allowed,,Indexed,,,Claimed,2026-02-13 16:54:59,,2026-06-11 09:00:00,2026-12-11 09:00:00,2026-07-29 22:25:23,In compliance,,,ADB - SharePoint Site Renewal,ADB - Do not allow External Sharing (SharePoint Site),ADB - SharePoint Site storage profile,,,,,,,,,No,No,,,,,,,,,,,,CSD,,,,CGAdoption,,,,,,,,,,,,,,,,,,,,,,,,,org_csd_edrmsopus02,
Site,EDRMS-OPUS01,,Active,Active,Not on hold,https://7rkd12.sharepoint.com/sites/org_csd_edrmsopus01,06f5ac19-8917-462c-b293-91600e575c6b,,,,Leila Test,LeilaTest@7rkd12.onmicrosoft.com,Admin ADB;Alex Test;Alex Wilber;HazelTest (Inactive);John Rick D. Navoa;Leah Test;Leila Test;Logan Test;Mihal;Nigel test;Ryan Test,Admin@7rkd12.onmicrosoft.com;AlexTest@7rkd12.onmicrosoft.com;AlexW@7rkd12.onmicrosoft.com;HazelTest@7rkd12.onmicrosoft.com;AdaLu@7rkd12.onmicrosoft.com;LeahTest@7rkd12.onmicrosoft.com;LeilaTest@7rkd12.onmicrosoft.com;LoganTest@7rkd12.onmicrosoft.com;Mihal@7rkd12.onmicrosoft.com;Nigeltest@7rkd12.onmicrosoft.com;RyanTest@7rkd12.onmicrosoft.com,Admin ADB,Admin@7rkd12.onmicrosoft.com,,,,Asia-Pacific,Team site (no Microsoft 365 group),40,8.965,Not Allowed,,Indexed,,,Claimed,2026-02-13 11:18:49,,2026-06-11 09:00:00,2026-12-11 09:00:00,2026-07-29 01:27:24,In compliance,,,ADB - SharePoint Site Renewal,ADB - Do not allow External Sharing (SharePoint Site),ADB - SharePoint Site storage profile,,,,,,,,,No,No,,,,,,,,,,,,CSD,,,,CGAdoption,,,,,,,,,,,,,,,,,,,,,,,,,org_csd_edrmsopus01,
Site,Project Site04,,Active,Active,Not on hold,https://7rkd12.sharepoint.com/sites/projectsite04,dae37a9f-eda5-4339-a0e8-7cab15ed178a,,,,Leila Test,LeilaTest@7rkd12.onmicrosoft.com,Admin ADB;Alex Test;Alex Wilber;Bonnie Test;HazelTest (Inactive);John Rick D. Navoa;Leah Test;Leila Test;Logan Test;Nigel test;Ryan Test,Admin@7rkd12.onmicrosoft.com;AlexTest@7rkd12.onmicrosoft.com;AlexW@7rkd12.onmicrosoft.com;BonnieTest@7rkd12.onmicrosoft.com;HazelTest@7rkd12.onmicrosoft.com;AdaLu@7rkd12.onmicrosoft.com;LeahTest@7rkd12.onmicrosoft.com;LeilaTest@7rkd12.onmicrosoft.com;LoganTest@7rkd12.onmicrosoft.com;Nigeltest@7rkd12.onmicrosoft.com;RyanTest@7rkd12.onmicrosoft.com,Admin ADB,Admin@7rkd12.onmicrosoft.com,John Rick D. Navoa,AdaLu@7rkd12.onmicrosoft.com,,Asia-Pacific,Team site (no Microsoft 365 group),40,0.002,Not Allowed,,Indexed,,,Claimed,2026-02-05 10:56:51,,2026-07-23 09:00:00,2027-01-23 09:00:00,2026-07-29 01:27:35,In compliance,,,ADB - SharePoint Site Renewal,ADB - Do not allow External Sharing (SharePoint Site),ADB - SharePoint Site storage profile,,,,,,,,,No,No,,,,,,,,,,,,BOD,,,,CGAdoption,EDRMS Project Site,,,,,,,,,,,,,,,,,,,,,,,,Project Site04,
Site,Project Site03,,Active,Active,Not on hold,https://7rkd12.sharepoint.com/sites/projectsite03,f014da3b-9383-46da-94df-10ebe46d397e,,,,,,Admin ADB;Alex Test;Alex Wilber;Aprilis;Bonnie Test;HazelTest (Inactive);John Rick D. Navoa;Logan Test;Mihal;Nigel test;Ryan Test,Admin@7rkd12.onmicrosoft.com;AlexTest@7rkd12.onmicrosoft.com;AlexW@7rkd12.onmicrosoft.com;Aprilis@7rkd12.onmicrosoft.com;BonnieTest@7rkd12.onmicrosoft.com;HazelTest@7rkd12.onmicrosoft.com;AdaLu@7rkd12.onmicrosoft.com;LoganTest@7rkd12.onmicrosoft.com;Mihal@7rkd12.onmicrosoft.com;Nigeltest@7rkd12.onmicrosoft.com;RyanTest@7rkd12.onmicrosoft.com,Admin ADB,Admin@7rkd12.onmicrosoft.com,John Rick D. Navoa,AdaLu@7rkd12.onmicrosoft.com,,Asia-Pacific,Team site (no Microsoft 365 group),40,0.035,New and existing external users,,Indexed,,,Claimed,2026-02-05 10:19:52,,2026-08-11 09:00:00,2027-01-31 09:00:00,2026-07-29 20:43:50,In compliance,,,ADB - SharePoint Site Renewal,ADB - Do not allow External Sharing (SharePoint Site),ADB - SharePoint Site storage profile,,,,,,,,,No,No,,,,,,,,,,,,BOD,,,,CGAdoption,EDRMS Project Site,,,,,,,,,,,,,,,,,,,,,,,,Project Site03,
Site,Project Site01-1,,Active,Active,Not on hold,https://7rkd12.sharepoint.com/sites/projectsite01,fb8df96a-3c5e-45eb-b7f5-da9647748d47,,,,Leila Test,LeilaTest@7rkd12.onmicrosoft.com,Admin ADB;Alex Test;Alex Wilber;Aprilis;Bonnie Test;HazelTest (Inactive);Jim Test;Leah Test;Leila Test;Logan Test;Nigel test;Ryan Test,Admin@7rkd12.onmicrosoft.com;AlexTest@7rkd12.onmicrosoft.com;AlexW@7rkd12.onmicrosoft.com;Aprilis@7rkd12.onmicrosoft.com;BonnieTest@7rkd12.onmicrosoft.com;HazelTest@7rkd12.onmicrosoft.com;JimTest@7rkd12.onmicrosoft.com;LeahTest@7rkd12.onmicrosoft.com;LeilaTest@7rkd12.onmicrosoft.com;LoganTest@7rkd12.onmicrosoft.com;Nigeltest@7rkd12.onmicrosoft.com;RyanTest@7rkd12.onmicrosoft.com,Admin ADB,Admin@7rkd12.onmicrosoft.com,John Rick D. Navoa,AdaLu@7rkd12.onmicrosoft.com,,Asia-Pacific,Team site (no Microsoft 365 group),40,4.133,Not Allowed,,Indexed,,,Claimed,2026-02-05 10:14:49,,2026-08-11 09:00:00,2027-02-02 09:00:00,2026-07-29 22:25:50,In compliance,,,ADB - SharePoint Site Renewal,ADB - Do not allow External Sharing (SharePoint Site),ADB - SharePoint Site storage profile,,,,,,,,,No,No,,,,,,,,,,,,BOD,,,,CGAdoption,EDRMS Project Site,,,,,,,,,,,,,,,,,,,,,,,,Project Site01,
Site,test,,Active,Active,Not on hold,https://7rkd12.sharepoint.com/sites/org_adbi_test,90404b07-0b5a-48c1-86fc-e47b7adf1043,,,,Admin ADB,Admin@7rkd12.onmicrosoft.com,Admin ADB;Alex Wilber,Admin@7rkd12.onmicrosoft.com;AlexW@7rkd12.onmicrosoft.com,Admin ADB,Admin@7rkd12.onmicrosoft.com,,,,Asia-Pacific,Team site (no Microsoft 365 group),40,0.002,Not Allowed,,Indexed,,,Claimed,2026-01-26 16:02:56,,2026-06-11 09:00:00,2026-12-11 09:00:00,2026-07-29 22:25:21,In compliance,,,ADB - SharePoint Site Renewal,ADB - Do not allow External Sharing (SharePoint Site),ADB - SharePoint Site storage profile,,,,,,,,,No,No,,,,,,,,,,,,ADBI,,,,CGAdoption,,,,,,,,,,,,,,,,,,,,,,,,,test,
Microsoft 365 Group,R1.4 dev site,R1.4 dev site,Active,Active,Not on hold,https://7rkd12.sharepoint.com/sites/org_csd_1.4devsite,272b506e-6d3b-413a-bcd1-61820c075759,R1.4devsite@7rkd12.onmicrosoft.com,Private,,Alex Wilber;Admin ADB;Bonnie Test;HazelTest (Inactive);Ryan Test;Nigel test;Alex Test;Leila Test;John Rick D. Navoa;Mihal;Joe Nguyen;Kane Do;Victor Ly,AlexW@7rkd12.onmicrosoft.com;Admin@7rkd12.onmicrosoft.com;BonnieTest@7rkd12.onmicrosoft.com;HazelTest@7rkd12.onmicrosoft.com;RyanTest@7rkd12.onmicrosoft.com;Nigeltest@7rkd12.onmicrosoft.com;AlexTest@7rkd12.onmicrosoft.com;LeilaTest@7rkd12.onmicrosoft.com;AdaLu@7rkd12.onmicrosoft.com;Mihal@7rkd12.onmicrosoft.com;,,,Bonnie Test,BonnieTest@7rkd12.onmicrosoft.com,Admin ADB,Admin@7rkd12.onmicrosoft.com,,,Team site,40,0.395,New and existing external users,On,Not registered,,,Claimed,2026-01-23 16:15:15,,2026-06-11 09:00:00,,2026-08-14 14:17:36,In compliance,,,,,,,,,,,,,Manually assigned,No,,,,,,,,,,,,,,,,,CGAdoption,,,,,,,,,,,,,,,,,,,,,,,,,,
Site,gaodemo1,,Active,Active,Not on hold,https://7rkd12.sharepoint.com/sites/org_bod_gaodemo1,1e7f43ef-1cb4-4487-9b7d-5c4d14cb246d,,,,Admin ADB,Admin@7rkd12.onmicrosoft.com,Admin ADB;Alex Wilber,Admin@7rkd12.onmicrosoft.com;AlexW@7rkd12.onmicrosoft.com,Alex Wilber,AlexW@7rkd12.onmicrosoft.com,,,,Asia-Pacific,Team site (no Microsoft 365 group),40,0.002,Not Allowed,,Indexed,,,Claimed,2026-01-20 11:26:55,,2026-06-11 09:00:00,2026-12-11 09:00:00,2026-07-29 01:31:44,In compliance,,,ADB - SharePoint Site Renewal,ADB - Do not allow External Sharing (SharePoint Site),ADB - SharePoint Site storage profile,,,,,,,,,No,No,,,,,,,,,,,,BOD,,,,CGAdoption,,,,,,,,,,,,,,,,,,,,,,,,,gaodemo1,
Site,People Management Site Template,,Active,Active,Not on hold,https://7rkd12.sharepoint.com/sites/org_gao_demo_template,447e5bec-ea2e-4ec8-8c7d-cd2fecc729bf,,,,Leila Test,LeilaTest@7rkd12.onmicrosoft.com,Admin ADB;Alex Test;Alex Wilber;Bonnie Test;HazelTest (Inactive);John Rick D. Navoa;Leah Test;Leila Test;Logan Test;Mihal;Nigel test;Ryan Test,Admin@7rkd12.onmicrosoft.com;AlexTest@7rkd12.onmicrosoft.com;AlexW@7rkd12.onmicrosoft.com;BonnieTest@7rkd12.onmicrosoft.com;HazelTest@7rkd12.onmicrosoft.com;AdaLu@7rkd12.onmicrosoft.com;LeahTest@7rkd12.onmicrosoft.com;LeilaTest@7rkd12.onmicrosoft.com;LoganTest@7rkd12.onmicrosoft.com;Mihal@7rkd12.onmicrosoft.com;Nigeltest@7rkd12.onmicrosoft.com;RyanTest@7rkd12.onmicrosoft.com,Admin ADB,Admin@7rkd12.onmicrosoft.com,Alex Wilber,AlexW@7rkd12.onmicrosoft.com,,Asia-Pacific,Team site (no Microsoft 365 group),40,0.002,Not Allowed,,Indexed,,,Claimed,2026-01-19 19:45:06,,2026-06-11 09:00:00,2026-12-11 09:00:00,2026-07-29 22:28:33,In compliance,,,ADB - SharePoint Site Renewal,ADB - Do not allow External Sharing (SharePoint Site),ADB - SharePoint Site storage profile,,,,,,,,,No,No,,,,,,,,,,,,CSD,,,,CGAdoption,,,,,,,,,,,,,,,,,,,,,,,,,GAO-Demo-Template,
Site,Policies-Demo,,Active,Active,Not on hold,https://7rkd12.sharepoint.com/sites/Policies-Demo,a3200fe5-508d-429a-9461-a4fa4274019b,,,,Admin ADB,Admin@7rkd12.onmicrosoft.com,Admin ADB,Admin@7rkd12.onmicrosoft.com,Admin ADB,Admin@7rkd12.onmicrosoft.com,,,,Asia-Pacific,Document Center,40,0.020,Anyone,,Indexed,,,Claimed,2025-11-20 22:39:43,,2026-07-23 09:00:00,2027-01-23 09:00:00,2026-07-29 01:27:23,Renewal Overdue,Bonnie Test,BonnieTest@7rkd12.onmicrosoft.com,ADB - SharePoint Site Renewal,,,,2025-11-24 15:22:20,,,,,,,Yes,,,,,,,,,,,,,,,,,,,,,,,,,,,,,,,,,,,,,,,,,,,
Site,Traditional Test Site,,Active,Active,Not on hold,https://7rkd12.sharepoint.com/sites/org_csd_1.4testsite,414bd9e3-7f1e-43bf-8e41-65d7b9b94df0,,,,Leila Test,LeilaTest@7rkd12.onmicrosoft.com,Admin ADB;Alex Test;Alex Wilber;HazelTest (Inactive);Jim Test;Leila Test;Logan Test;Mihal;Nigel test;Ryan Test;Savannah Test,Admin@7rkd12.onmicrosoft.com;AlexTest@7rkd12.onmicrosoft.com;AlexW@7rkd12.onmicrosoft.com;HazelTest@7rkd12.onmicrosoft.com;JimTest@7rkd12.onmicrosoft.com;LeilaTest@7rkd12.onmicrosoft.com;LoganTest@7rkd12.onmicrosoft.com;Mihal@7rkd12.onmicrosoft.com;Nigeltest@7rkd12.onmicrosoft.com;RyanTest@7rkd12.onmicrosoft.com;Savannah@7rkd12.onmicrosoft.com,Admin ADB,Admin@7rkd12.onmicrosoft.com,Bonnie Test,BonnieTest@7rkd12.onmicrosoft.com,,Asia-Pacific,Team site (no Microsoft 365 group),40,17.471,Anyone,,Indexed,,,Claimed,2025-09-25 11:34:26,,2026-08-10 09:00:00,2027-01-24 09:00:00,2026-07-28 22:34:33,In compliance,,,ADB - SharePoint Site Renewal,ADB - Allow External Sharing (SharePoint Site),ADB - SharePoint Site storage profile,,,,,,,,,No,Yes,,,,,,,,,,,,CSD,,,,CGAdoption,,,,,,,,,,,,,,,,,,,,,,,,,org_csd_1.4testsite,
Site,Leah Test,,Active,Active,Not on hold,https://7rkd12.sharepoint.com/sites/org_csd_leatest,4ae744f8-483d-4b35-93e3-0ae327d2e87a,,,,Leila Test,LeilaTest@7rkd12.onmicrosoft.com,Admin ADB;Alex Test;Alex Wilber;Aprilis;Bonnie Test;HazelTest (Inactive);John Rick D. Navoa;Leah Test;Leila Test;Logan Test;Nigel test;Ryan Test,Admin@7rkd12.onmicrosoft.com;AlexTest@7rkd12.onmicrosoft.com;AlexW@7rkd12.onmicrosoft.com;Aprilis@7rkd12.onmicrosoft.com;BonnieTest@7rkd12.onmicrosoft.com;HazelTest@7rkd12.onmicrosoft.com;AdaLu@7rkd12.onmicrosoft.com;LeahTest@7rkd12.onmicrosoft.com;LeilaTest@7rkd12.onmicrosoft.com;LoganTest@7rkd12.onmicrosoft.com;Nigeltest@7rkd12.onmicrosoft.com;RyanTest@7rkd12.onmicrosoft.com,Leah Test,LeahTest@7rkd12.onmicrosoft.com,Jim Test,JimTest@7rkd12.onmicrosoft.com,,Asia-Pacific,Team site (no Microsoft 365 group),40,0.004,New and existing external users,,Indexed,,,Claimed,2025-09-10 14:22:06,,2026-06-11 09:00:00,2026-12-11 09:00:00,2026-07-28 22:41:45,In compliance,,,ADB - SharePoint Site Renewal,ADB - Allow External Sharing (SharePoint Site),ADB - SharePoint Site storage profile,,,,,,,,,No,Yes,,,,,,,,,,,,CSD,,,,CGAdoption,,,,,,,,,,,,,,,,,,,,,,,,,LeaTest,
Site,Test ADB_Sava 0825,,Active,Active,Not on hold,https://7rkd12.sharepoint.com/sites/org_csd_testadb0825,44c67ba4-7280-4c6d-b2f7-2c5ae4ee1914,,,,Leila Test,LeilaTest@7rkd12.onmicrosoft.com,Admin ADB;Alex Test;Alex Wilber;Bonnie Test;HazelTest (Inactive);John Rick D. Navoa;Leah Test;Leila Test;Logan Test;Mihal;Nigel test;Ryan Test,Admin@7rkd12.onmicrosoft.com;AlexTest@7rkd12.onmicrosoft.com;AlexW@7rkd12.onmicrosoft.com;BonnieTest@7rkd12.onmicrosoft.com;HazelTest@7rkd12.onmicrosoft.com;AdaLu@7rkd12.onmicrosoft.com;LeahTest@7rkd12.onmicrosoft.com;LeilaTest@7rkd12.onmicrosoft.com;LoganTest@7rkd12.onmicrosoft.com;Mihal@7rkd12.onmicrosoft.com;Nigeltest@7rkd12.onmicrosoft.com;RyanTest@7rkd12.onmicrosoft.com,HazelTest (Inactive),HazelTest@7rkd12.onmicrosoft.com,,,,Asia-Pacific,Team site (no Microsoft 365 group),40,0.098,New and existing external users,,Indexed,,,Claimed,2025-08-25 21:37:22,,2026-06-11 09:00:00,2026-12-11 09:00:00,2026-07-28 22:39:19,In compliance,,,ADB - SharePoint Site Renewal,ADB - Do not allow External Sharing (SharePoint Site),ADB - SharePoint Site storage profile,,,,,,,,,No,No,,,,,,,,,,,,CSD,,,,CGAdoption,EDRMS Project Site,,,,,,,,,,,,,,,,,,,,,,,,Test ADB 0825,
Site,test1,,Locked,Locked,Not on hold,https://7rkd12.sharepoint.com/sites/org_csd_adaae,6f2754aa-6916-4e77-a6b6-9ab8e11a674f,,,,Leila Test,LeilaTest@7rkd12.onmicrosoft.com,Admin ADB;Alex Test;Alex Wilber;Bonnie Test;HazelTest (Inactive);John Rick D. Navoa;Leila Test;Logan Test;Nigel test;Ryan Test,Admin@7rkd12.onmicrosoft.com;AlexTest@7rkd12.onmicrosoft.com;AlexW@7rkd12.onmicrosoft.com;BonnieTest@7rkd12.onmicrosoft.com;HazelTest@7rkd12.onmicrosoft.com;AdaLu@7rkd12.onmicrosoft.com;LeilaTest@7rkd12.onmicrosoft.com;LoganTest@7rkd12.onmicrosoft.com;Nigeltest@7rkd12.onmicrosoft.com;RyanTest@7rkd12.onmicrosoft.com,Bonnie Test,BonnieTest@7rkd12.onmicrosoft.com,,,,Asia-Pacific,Team site (no Microsoft 365 group),40,0.001,New and existing external users,,Indexed,,,Claimed,2025-08-25 18:15:06,,2026-06-10 09:00:00,2026-02-25 18:23:22,2026-07-29 22:19:57,Renewal Overdue,Bonnie Test,BonnieTest@7rkd12.onmicrosoft.com,ADB - SharePoint Site Renewal,ADB - Do not allow External Sharing (SharePoint Site),ADB - SharePoint Site storage profile,,2026-02-25 18:23:28,,,,,,,Yes,No,,,,,,,,,,,,CSD,,,,CGAdoption,,,,,,,,,,,,,,,,,,,,,,,,,adaae,
Site,Leah training site,,Active,Active,Not on hold,https://7rkd12.sharepoint.com/sites/training_adbi_lea,ebe079d2-09f0-41b1-8932-424986bbf2ff,,,,Leah Test,LeahTest@7rkd12.onmicrosoft.com,Alex Wilber;Leah Test;Nigel test,AlexW@7rkd12.onmicrosoft.com;LeahTest@7rkd12.onmicrosoft.com;Nigeltest@7rkd12.onmicrosoft.com,Leah Test,LeahTest@7rkd12.onmicrosoft.com,Nigel test,Nigeltest@7rkd12.onmicrosoft.com,,Asia-Pacific,Team site (no Microsoft 365 group),40,0.002,New and existing external users,,Not registered,,,Claimed,2025-08-19 16:24:22,,2026-05-08 09:00:00,,2026-07-29 01:33:54,In compliance,,,,,,,,,,,,,,No,,,,,,,,,,,,,ADBI,,,,,,,,,,,,,,,,,,,,,,,,,,,,,lea,
Site,org_csd_1.3testsite-people,,Locked,Locked,Not on hold,https://7rkd12.sharepoint.com/sites/org_csd_1.3testsite-people,1bf24ce8-a559-49c6-8f6c-2b7b0101c17d,,,,Leila Test,LeilaTest@7rkd12.onmicrosoft.com,Admin ADB;Alex Test;Alex Wilber;Bonnie Test;HazelTest (Inactive);Jason Test;John Rick D. Navoa;Leah Test;Leila Test;Logan Test;Mihal;Nigel test;Ryan Test;Savannah Test;Security group 1,Admin@7rkd12.onmicrosoft.com;AlexTest@7rkd12.onmicrosoft.com;AlexW@7rkd12.onmicrosoft.com;BonnieTest@7rkd12.onmicrosoft.com;HazelTest@7rkd12.onmicrosoft.com;JasonTest@7rkd12.onmicrosoft.com;AdaLu@7rkd12.onmicrosoft.com;LeahTest@7rkd12.onmicrosoft.com;LeilaTest@7rkd12.onmicrosoft.com;LoganTest@7rkd12.onmicrosoft.com;Mihal@7rkd12.onmicrosoft.com;Nigeltest@7rkd12.onmicrosoft.com;RyanTest@7rkd12.onmicrosoft.com;Savannah@7rkd12.onmicrosoft.com;,Bonnie Test,BonnieTest@7rkd12.onmicrosoft.com,Admin ADB,Admin@7rkd12.onmicrosoft.com,,Asia-Pacific,Team site (no Microsoft 365 group),40,2.688,New and existing external users,,Indexed,,,Claimed,2025-08-08 16:43:26,,2026-06-10 09:00:00,2026-04-07 19:37:08,2026-07-29 22:20:26,Renewal Overdue,Bonnie Test;Admin ADB,BonnieTest@7rkd12.onmicrosoft.com;Admin@7rkd12.onmicrosoft.com,ADB - SharePoint Site Renewal,ADB - Do not allow External Sharing (SharePoint Site),ADB - SharePoint Site storage profile,,2026-04-07 19:37:16,,,,,,,Yes,No,,,,,,,,,,,,CSD,,,,CGAdoption,,,,,,,,,,,,,,,,,,,,,,,,,1.3testsite-people,
Site,R1.3 test site,,Locked,Locked,Not on hold,https://7rkd12.sharepoint.com/sites/org_csd_1.3testsite,ef7198c7-f04c-420d-8c5c-2cebf6272cb6,,,,Leila Test,LeilaTest@7rkd12.onmicrosoft.com,Admin ADB;Alex Test;Alex Wilber;Bonnie Test;CITest166;Eddie Test;Leah Test;Leila Test;Logan Test;Nigel test;Ryan Test;Savannah Test,Admin@7rkd12.onmicrosoft.com;AlexTest@7rkd12.onmicrosoft.com;AlexW@7rkd12.onmicrosoft.com;BonnieTest@7rkd12.onmicrosoft.com;;Eddie@7rkd12.onmicrosoft.com;LeahTest@7rkd12.onmicrosoft.com;LeilaTest@7rkd12.onmicrosoft.com;LoganTest@7rkd12.onmicrosoft.com;Nigeltest@7rkd12.onmicrosoft.com;RyanTest@7rkd12.onmicrosoft.com;Savannah@7rkd12.onmicrosoft.com,Bonnie Test,BonnieTest@7rkd12.onmicrosoft.com,Admin ADB,Admin@7rkd12.onmicrosoft.com,,Asia-Pacific,Team site (no Microsoft 365 group),40,43.743,Anyone,,Indexed,,,Claimed,2025-08-08 16:39:25,,2026-08-10 09:00:00,2027-01-24 11:58:45,2026-07-29 17:36:14,Renewal Overdue,Bonnie Test;Admin ADB,BonnieTest@7rkd12.onmicrosoft.com;Admin@7rkd12.onmicrosoft.com,ADB - SharePoint Site Renewal,ADB - Do not allow External Sharing (SharePoint Site),ADB - SharePoint Site storage profile,,2026-06-18 18:41:03,,,2026-02-04 12:37:24,BonnieTest@7rkd12.onmicrosoft.com,Bonnie Test,,Yes,No,,,,,,,,,,,,CSD,,,,CGAdoption,,,,,,,,,,,,,,,,,,Logan Test,LoganTest@7rkd12.onmicrosoft.com,,,,,,1.3testsite,
Site,TestLink,,Active,Active,Not on hold,https://7rkd12.sharepoint.com/sites/org_csd_testlink,17e10e43-4c76-4ed2-bc40-ca8144219c01,,,,,,Admin ADB;Alex Test;Alex Wilber;Bonnie Test;HazelTest (Inactive);John Rick D. Navoa;Leah Test;Logan Test;Mihal;Nigel test;Ryan Test,Admin@7rkd12.onmicrosoft.com;AlexTest@7rkd12.onmicrosoft.com;AlexW@7rkd12.onmicrosoft.com;BonnieTest@7rkd12.onmicrosoft.com;HazelTest@7rkd12.onmicrosoft.com;AdaLu@7rkd12.onmicrosoft.com;LeahTest@7rkd12.onmicrosoft.com;LoganTest@7rkd12.onmicrosoft.com;Mihal@7rkd12.onmicrosoft.com;Nigeltest@7rkd12.onmicrosoft.com;RyanTest@7rkd12.onmicrosoft.com,Bonnie Test,BonnieTest@7rkd12.onmicrosoft.com,Admin ADB,Admin@7rkd12.onmicrosoft.com,,Asia-Pacific,Team site (no Microsoft 365 group),40,0.002,New and existing external users,,Indexed,,,Claimed,2025-08-01 18:11:24,,2026-06-11 09:00:00,2026-12-11 09:00:00,2026-07-29 22:30:49,In compliance,,,ADB - SharePoint Site Renewal,ADB - Allow External Sharing (SharePoint Site),ADB - SharePoint Site storage profile,,,,2030-08-04,,,,,No,Yes,,,,,,,,,,,,CSD,,,,CGAdoption,,,,,,,,,,,,,,,,,,,,,,,,,testlink,
Site,CSD_DRMDemo41,,Active,Active,Not on hold,https://7rkd12.sharepoint.com/sites/CSD_DRMDemo41,94db4425-bef4-42c2-9beb-c3fa017aff8f,,,,Leila Test,LeilaTest@7rkd12.onmicrosoft.com,AdaTest;Admin ADB;Alex Test;Alex Wilber;Bonnie Test;HazelTest (Inactive);Leah Test;Leila Test;Logan Test;Nigel test;Ryan Test,AdaTest@7rkd12.onmicrosoft.com;Admin@7rkd12.onmicrosoft.com;AlexTest@7rkd12.onmicrosoft.com;AlexW@7rkd12.onmicrosoft.com;BonnieTest@7rkd12.onmicrosoft.com;HazelTest@7rkd12.onmicrosoft.com;LeahTest@7rkd12.onmicrosoft.com;LeilaTest@7rkd12.onmicrosoft.com;LoganTest@7rkd12.onmicrosoft.com;Nigeltest@7rkd12.onmicrosoft.com;RyanTest@7rkd12.onmicrosoft.com,Bonnie Test,BonnieTest@7rkd12.onmicrosoft.com,John Rick D. Navoa,AdaLu@7rkd12.onmicrosoft.com,,Asia-Pacific,Team site (no Microsoft 365 group),40,0.001,New and existing external users,,Indexed,,,Claimed,2025-06-26 10:49:42,,2026-06-11 09:00:00,2026-12-11 09:00:00,2026-07-28 22:29:29,In compliance,,,ADB - SharePoint Site Renewal,ADB - Allow External Sharing (SharePoint Site),ADB - SharePoint Site storage profile,,,,2030-06-02,,,,,No,Yes,,,,,,,,,,,,CSD,,,,EDRMSAdminSites,,,,,,,,,,,,,,,,,,,,,,,,,CSD_DRMDemo41,
Site,Test Title,,Locked,Locked,Not on hold,https://7rkd12.sharepoint.com/sites/org_csd_asdfa,4ebc9c34-18fe-4915-b71a-41261abbc4e1,,,,Leila Test,LeilaTest@7rkd12.onmicrosoft.com,Admin ADB;Alex Wilber;Bonnie Test;HazelTest (Inactive);Leah Test;Leila Test;Ryan Test,Admin@7rkd12.onmicrosoft.com;AlexW@7rkd12.onmicrosoft.com;BonnieTest@7rkd12.onmicrosoft.com;HazelTest@7rkd12.onmicrosoft.com;LeahTest@7rkd12.onmicrosoft.com;LeilaTest@7rkd12.onmicrosoft.com;RyanTest@7rkd12.onmicrosoft.com,Bonnie Test,BonnieTest@7rkd12.onmicrosoft.com,Admin ADB,Admin@7rkd12.onmicrosoft.com,,Asia-Pacific,Team site (no Microsoft 365 group),1024,0.002,Existing external users,,Indexed,,,Claimed,2025-06-24 20:10:18,,2026-06-10 09:00:00,2026-01-11 16:33:35,2026-07-29 22:20:06,Renewal Overdue,Bonnie Test,BonnieTest@7rkd12.onmicrosoft.com,ADB - SharePoint Site Renewal,ADB - Allow External Sharing (SharePoint Site),ADB - SharePoint Site storage profile,,2025-06-30 02:55:39,,,,,,,Yes,Yes,,,,,,,,,,,,CSD,,,,CGAdoption,,,,,,,,,,,,,,,,,,,,,,,,,asdfa,
Site,Test1,,Locked,Locked,Not on hold,https://7rkd12.sharepoint.com/sites/org_csd_test1,e21d204e-a030-4ee7-a877-ceee7547b317,,,,Leila Test,LeilaTest@7rkd12.onmicrosoft.com,Admin ADB;Alex Wilber;Bonnie Test;HazelTest (Inactive);Leah Test;Leila Test;Ryan Test,Admin@7rkd12.onmicrosoft.com;AlexW@7rkd12.onmicrosoft.com;BonnieTest@7rkd12.onmicrosoft.com;HazelTest@7rkd12.onmicrosoft.com;LeahTest@7rkd12.onmicrosoft.com;LeilaTest@7rkd12.onmicrosoft.com;RyanTest@7rkd12.onmicrosoft.com,Bonnie Test,BonnieTest@7rkd12.onmicrosoft.com,,,,Asia-Pacific,Team site (no Microsoft 365 group),1024,0.002,New and existing external users,,Indexed,,,Claimed,2025-06-24 20:09:50,,2026-06-10 09:00:00,2025-12-24 20:41:27,2026-07-29 22:19:54,Renewal Overdue,Bonnie Test,BonnieTest@7rkd12.onmicrosoft.com,ADB - SharePoint Site Renewal,ADB - Allow External Sharing (SharePoint Site),ADB - SharePoint Site storage profile,,2025-12-24 20:41:32,,,,,,,Yes,Yes,,,,,,,,,,,,CSD,,,,CGAdoption,,,,,,,,,,,,,,,,,,,,,,,,,Test1,
Site,org_csd_test098,,Active,Active,Not on hold,https://7rkd12.sharepoint.com/sites/org_csd_test098,b4aff587-5f2a-4602-8d79-8ea3afa3a757,,,,Leila Test,LeilaTest@7rkd12.onmicrosoft.com,Admin ADB;Alex Test;Alex Wilber;Bonnie Test;HazelTest (Inactive);Leah Test;Leila Test;Logan Test;Mihal;Nigel test;Ryan Test,Admin@7rkd12.onmicrosoft.com;AlexTest@7rkd12.onmicrosoft.com;AlexW@7rkd12.onmicrosoft.com;BonnieTest@7rkd12.onmicrosoft.com;HazelTest@7rkd12.onmicrosoft.com;LeahTest@7rkd12.onmicrosoft.com;LeilaTest@7rkd12.onmicrosoft.com;LoganTest@7rkd12.onmicrosoft.com;Mihal@7rkd12.onmicrosoft.com;Nigeltest@7rkd12.onmicrosoft.com;RyanTest@7rkd12.onmicrosoft.com,Bonnie Test,BonnieTest@7rkd12.onmicrosoft.com,Admin ADB,Admin@7rkd12.onmicrosoft.com,,Asia-Pacific,Team site (no Microsoft 365 group),40,1.285,New and existing external users,,Indexed,,,Claimed,2025-06-24 19:44:11,,2026-08-10 09:00:00,2027-01-22 09:00:00,2026-07-28 22:32:10,In compliance,,,ADB - SharePoint Site Renewal,ADB - Do not allow External Sharing (SharePoint Site),ADB - SharePoint Site storage profile,,,,2030-06-02,,,,,No,No,,,,,,,,,,,,CSD,,,,CGAdoption,,,,,,,,,,,,,,,,,,,,,,,,,org_csd_test098,
Site,org_csd_test097,,Locked,Locked,Not on hold,https://7rkd12.sharepoint.com/sites/org_csd_test097,ddbdd1ff-d9b1-4ba1-8a8f-d73e26b6b86f,,,,Admin ADB,Admin@7rkd12.onmicrosoft.com,Admin ADB;Mihal;Savannah Test,Admin@7rkd12.onmicrosoft.com;Mihal@7rkd12.onmicrosoft.com;Savannah@7rkd12.onmicrosoft.com,Bonnie Test,BonnieTest@7rkd12.onmicrosoft.com,Admin ADB,Admin@7rkd12.onmicrosoft.com,,Asia-Pacific,Team site (no Microsoft 365 group),40,0.003,New and existing external users,,Indexed,,,Claimed,2025-06-24 19:43:27,,2026-06-11 09:00:00,2026-04-16 12:44:57,2026-07-29 22:19:53,Renewal Overdue,Bonnie Test;Admin ADB,BonnieTest@7rkd12.onmicrosoft.com;Admin@7rkd12.onmicrosoft.com,ADB - SharePoint Site Renewal,ADB - Do not allow External Sharing (SharePoint Site),ADB - SharePoint Site storage profile,,2026-04-16 12:45:02,,,,,,,Yes,No,,,,,,,,,,,,CSD,,,,CGAdoption,,,,,,,,,,,,,,,,,,,,,,,,,org_csd_test097,
Site,org_csd_test096,,Locked,Locked,Not on hold,https://7rkd12.sharepoint.com/sites/org_csd_test096,240f1b52-4051-4a82-8f6f-fbf6fa5e2576,,,,Leila Test,LeilaTest@7rkd12.onmicrosoft.com,Admin ADB;Alex Wilber;Bonnie Test;HazelTest (Inactive);Leah Test;Leila Test;Ryan Test,Admin@7rkd12.onmicrosoft.com;AlexW@7rkd12.onmicrosoft.com;BonnieTest@7rkd12.onmicrosoft.com;HazelTest@7rkd12.onmicrosoft.com;LeahTest@7rkd12.onmicrosoft.com;LeilaTest@7rkd12.onmicrosoft.com;RyanTest@7rkd12.onmicrosoft.com,Bonnie Test,BonnieTest@7rkd12.onmicrosoft.com,Admin ADB,Admin@7rkd12.onmicrosoft.com,,Asia-Pacific,Team site (no Microsoft 365 group),40,0.002,New and existing external users,,Indexed,,,Claimed,2025-06-24 19:43:08,,2026-06-10 09:00:00,2026-02-28 17:46:35,2026-07-29 22:19:49,Renewal Overdue,Bonnie Test;Admin ADB,BonnieTest@7rkd12.onmicrosoft.com;Admin@7rkd12.onmicrosoft.com,ADB - SharePoint Site Renewal,ADB - Do not allow External Sharing (SharePoint Site),ADB - SharePoint Site storage profile,,2026-02-28 17:46:39,,,,,,,Yes,No,,,,,,,,,,,,CSD,,,,CGAdoption,,,,,,,,,,,,,,,,,,,,,,,,,org_csd_test096,
Site,org_csd_test095,,Locked,Locked,Not on hold,https://7rkd12.sharepoint.com/sites/org_csd_test095,0265ef8e-1d96-4c35-a734-79dd4c6f1a76,,,,Leila Test,LeilaTest@7rkd12.onmicrosoft.com,Admin ADB;Alex Wilber;Bonnie Test;HazelTest (Inactive);Leah Test;Leila Test;Logan Test;Ryan Test,Admin@7rkd12.onmicrosoft.com;AlexW@7rkd12.onmicrosoft.com;BonnieTest@7rkd12.onmicrosoft.com;HazelTest@7rkd12.onmicrosoft.com;LeahTest@7rkd12.onmicrosoft.com;LeilaTest@7rkd12.onmicrosoft.com;LoganTest@7rkd12.onmicrosoft.com;RyanTest@7rkd12.onmicrosoft.com,Bonnie Test,BonnieTest@7rkd12.onmicrosoft.com,Admin ADB,Admin@7rkd12.onmicrosoft.com,,Asia-Pacific,Team site (no Microsoft 365 group),40,0.003,New and existing external users,,Indexed,,,Claimed,2025-06-24 19:42:54,,2026-06-10 09:00:00,2026-02-19 12:18:30,2026-07-29 22:19:59,Renewal Overdue,Bonnie Test;Admin ADB,BonnieTest@7rkd12.onmicrosoft.com;Admin@7rkd12.onmicrosoft.com,ADB - SharePoint Site Renewal,ADB - Do not allow External Sharing (SharePoint Site),ADB - SharePoint Site storage profile,,2026-02-19 12:18:35,,,,,,,Yes,No,,,,,,,,,,,,CSD,,,,CGAdoption,,,,,,,,,,,,,,,,,,,,,,,,,org_csd_test095,
Site,org_csd_test094,,Locked,Locked,Not on hold,https://7rkd12.sharepoint.com/sites/org_csd_test094,c526198a-641d-4d24-8ec8-107c0f137731,,,,Leila Test,LeilaTest@7rkd12.onmicrosoft.com,Admin ADB;Alex Wilber;Bonnie Test;HazelTest (Inactive);Leah Test;Leila Test;Ryan Test,Admin@7rkd12.onmicrosoft.com;AlexW@7rkd12.onmicrosoft.com;BonnieTest@7rkd12.onmicrosoft.com;HazelTest@7rkd12.onmicrosoft.com;LeahTest@7rkd12.onmicrosoft.com;LeilaTest@7rkd12.onmicrosoft.com;RyanTest@7rkd12.onmicrosoft.com,Bonnie Test,BonnieTest@7rkd12.onmicrosoft.com,Admin ADB,Admin@7rkd12.onmicrosoft.com,,Asia-Pacific,Team site (no Microsoft 365 group),40,0.004,New and existing external users,,Indexed,,,Claimed,2025-06-24 19:42:38,,2026-06-10 09:00:00,2026-02-19 20:12:05,2026-07-29 22:20:30,Renewal Overdue,Bonnie Test;Admin ADB,BonnieTest@7rkd12.onmicrosoft.com;Admin@7rkd12.onmicrosoft.com,ADB - SharePoint Site Renewal,ADB - Do not allow External Sharing (SharePoint Site),ADB - SharePoint Site storage profile,,2026-02-19 20:12:08,,,,,,,Yes,No,,,,,,,,,,,,CSD,,,,CGAdoption,,,,,,,,,,,,,,,,,,,,,,,,,org_csd_test094,
Site,R1.1 site template,,Active,Active,Not on hold,https://7rkd12.sharepoint.com/sites/org_csd_test093,539e03f1-8078-4552-b40d-34e1d1842549,,,,Leila Test,LeilaTest@7rkd12.onmicrosoft.com,Admin ADB;Alex Wilber;Bonnie Test;HazelTest (Inactive);Leah Test;Leila Test;Mihal;Ryan Test,Admin@7rkd12.onmicrosoft.com;AlexW@7rkd12.onmicrosoft.com;BonnieTest@7rkd12.onmicrosoft.com;HazelTest@7rkd12.onmicrosoft.com;LeahTest@7rkd12.onmicrosoft.com;LeilaTest@7rkd12.onmicrosoft.com;Mihal@7rkd12.onmicrosoft.com;RyanTest@7rkd12.onmicrosoft.com,Bonnie Test,BonnieTest@7rkd12.onmicrosoft.com,Admin ADB,Admin@7rkd12.onmicrosoft.com,,Asia-Pacific,Team site (no Microsoft 365 group),40,0.002,New and existing external users,,Indexed,,,Claimed,2025-06-24 19:42:23,,2026-06-11 09:00:00,2026-12-11 09:00:00,2026-07-29 22:20:25,In compliance,,,ADB - SharePoint Site Renewal,ADB - Do not allow External Sharing (SharePoint Site),ADB - SharePoint Site storage profile,,,,2030-06-02,,,,,No,No,,,,,,,,,,,,CSD,,,,CGAdoption,,,,,,,,,,,,,,,,,,,,,,,,,org_csd_test093,
Site,org_csd_test092,,Active,Active,Not on hold,https://7rkd12.sharepoint.com/sites/org_csd_test092,ac2220b8-1cee-4a6c-b137-00bd845a7726,,,,Leila Test,LeilaTest@7rkd12.onmicrosoft.com,Adele Vance;Admin ADB;Alex Wilber;HazelTest (Inactive);Leah Test;Leila Test;Logan Test;Mihal;Ryan Test,AdeleV@7rkd12.onmicrosoft.com;Admin@7rkd12.onmicrosoft.com;AlexW@7rkd12.onmicrosoft.com;HazelTest@7rkd12.onmicrosoft.com;LeahTest@7rkd12.onmicrosoft.com;LeilaTest@7rkd12.onmicrosoft.com;LoganTest@7rkd12.onmicrosoft.com;Mihal@7rkd12.onmicrosoft.com;RyanTest@7rkd12.onmicrosoft.com,Bonnie Test,BonnieTest@7rkd12.onmicrosoft.com,Admin ADB,Admin@7rkd12.onmicrosoft.com,,Asia-Pacific,Team site (no Microsoft 365 group),40,0.026,New and existing external users,,Indexed,,,Claimed,2025-06-24 19:42:09,,2026-06-11 09:00:00,2026-12-11 09:00:00,2026-07-28 22:41:46,In compliance,,,ADB - SharePoint Site Renewal,ADB - Do not allow External Sharing (SharePoint Site),ADB - SharePoint Site storage profile,,,,2030-06-02,,,,,No,No,,,,,,,,,,,,CSD,,,,CGAdoption,,,,,,,,,,,,,,,,,,,,,,,,,org_csd_test092,
Site,org_csd_test09,,Locked,Locked,Not on hold,https://7rkd12.sharepoint.com/sites/org_csd_test09,16235133-4f81-4f05-8cec-35b3208ce235,,,,Leila Test,LeilaTest@7rkd12.onmicrosoft.com,Admin ADB;Alex Wilber;Bonnie Test;HazelTest (Inactive);Leah Test;Leila Test;Ryan Test,Admin@7rkd12.onmicrosoft.com;AlexW@7rkd12.onmicrosoft.com;BonnieTest@7rkd12.onmicrosoft.com;HazelTest@7rkd12.onmicrosoft.com;LeahTest@7rkd12.onmicrosoft.com;LeilaTest@7rkd12.onmicrosoft.com;RyanTest@7rkd12.onmicrosoft.com,Bonnie Test,BonnieTest@7rkd12.onmicrosoft.com,Admin ADB,Admin@7rkd12.onmicrosoft.com,,Asia-Pacific,Team site (no Microsoft 365 group),40,0.009,New and existing external users,,Indexed,,,Claimed,2025-06-24 19:41:28,,2026-06-10 09:00:00,2026-02-28 17:45:41,2026-07-29 22:20:23,Renewal Overdue,Admin ADB;Bonnie Test,Admin@7rkd12.onmicrosoft.com;BonnieTest@7rkd12.onmicrosoft.com,ADB - SharePoint Site Renewal,ADB - Do not allow External Sharing (SharePoint Site),ADB - SharePoint Site storage profile,,2026-02-28 17:45:46,,,,,,,Yes,No,,,,,,,,,,,,CSD,,,,CGAdoption,,,,,,,,,,,,,,,,,,,,,,,,,org_csd_test09,
Site,org_csd_test08,,Locked,Locked,Not on hold,https://7rkd12.sharepoint.com/sites/org_csd_test08,b93ce39b-5f24-4ece-afaf-ed7c8f38a54d,,,,Leila Test,LeilaTest@7rkd12.onmicrosoft.com,Admin ADB;Alex Wilber;Bonnie Test;HazelTest (Inactive);Leah Test;Leila Test;Ryan Test,Admin@7rkd12.onmicrosoft.com;AlexW@7rkd12.onmicrosoft.com;BonnieTest@7rkd12.onmicrosoft.com;HazelTest@7rkd12.onmicrosoft.com;LeahTest@7rkd12.onmicrosoft.com;LeilaTest@7rkd12.onmicrosoft.com;RyanTest@7rkd12.onmicrosoft.com,Bonnie Test,BonnieTest@7rkd12.onmicrosoft.com,Admin ADB,Admin@7rkd12.onmicrosoft.com,,Asia-Pacific,Team site (no Microsoft 365 group),40,0.036,New and existing external users,,Indexed,,,Claimed,2025-06-24 19:41:09,,2026-06-10 09:00:00,2026-02-19 19:08:31,2026-07-29 22:19:50,Renewal Overdue,Bonnie Test;Admin ADB,BonnieTest@7rkd12.onmicrosoft.com;Admin@7rkd12.onmicrosoft.com,ADB - SharePoint Site Renewal,ADB - Do not allow External Sharing (SharePoint Site),ADB - SharePoint Site storage profile,,2026-02-19 19:08:33,,,,,,,Yes,No,,,,,,,,,,,,CSD,,,,CGAdoption,,,,,,,,,,,,,,,,,,,,,,,,,org_csd_test08,
Site,org_csd_test07,,Locked,Locked,Not on hold,https://7rkd12.sharepoint.com/sites/org_csd_test07,0d1e90fd-499f-4c36-99ef-09ba1368b889,,,,Leila Test,LeilaTest@7rkd12.onmicrosoft.com,Admin ADB;Alex Wilber;Bonnie Test;HazelTest (Inactive);Leah Test;Leila Test;Ryan Test,Admin@7rkd12.onmicrosoft.com;AlexW@7rkd12.onmicrosoft.com;BonnieTest@7rkd12.onmicrosoft.com;HazelTest@7rkd12.onmicrosoft.com;LeahTest@7rkd12.onmicrosoft.com;LeilaTest@7rkd12.onmicrosoft.com;RyanTest@7rkd12.onmicrosoft.com,Bonnie Test,BonnieTest@7rkd12.onmicrosoft.com,Admin ADB,Admin@7rkd12.onmicrosoft.com,,Asia-Pacific,Team site (no Microsoft 365 group),40,0.002,New and existing external users,,Indexed,,,Claimed,2025-06-24 19:40:41,,2026-06-10 09:00:00,2026-02-19 19:08:23,2026-07-29 22:20:31,Renewal Overdue,Bonnie Test;Admin ADB,BonnieTest@7rkd12.onmicrosoft.com;Admin@7rkd12.onmicrosoft.com,ADB - SharePoint Site Renewal,ADB - Do not allow External Sharing (SharePoint Site),ADB - SharePoint Site storage profile,,2026-02-19 19:08:27,,,,,,,Yes,No,,,,,,,,,,,,CSD,,,,CGAdoption,,,,,,,,,,,,,,,,,,,,,,,,,org_csd_test07,
Site,test06,,Locked,Locked,Not on hold,https://7rkd12.sharepoint.com/sites/org_csd_test06,b830304b-dd4c-4d30-8642-ca5f38a280e1,,,,Leila Test,LeilaTest@7rkd12.onmicrosoft.com,Admin ADB;Alex Wilber;Bonnie Test;HazelTest (Inactive);Leah Test;Leila Test;Ryan Test,Admin@7rkd12.onmicrosoft.com;AlexW@7rkd12.onmicrosoft.com;BonnieTest@7rkd12.onmicrosoft.com;HazelTest@7rkd12.onmicrosoft.com;LeahTest@7rkd12.onmicrosoft.com;LeilaTest@7rkd12.onmicrosoft.com;RyanTest@7rkd12.onmicrosoft.com,Bonnie Test,BonnieTest@7rkd12.onmicrosoft.com,Admin ADB,Admin@7rkd12.onmicrosoft.com,,Asia-Pacific,Team site (no Microsoft 365 group),40,0.002,New and existing external users,,Indexed,,,Claimed,2025-06-24 19:40:17,,2026-06-10 09:00:00,2026-02-21 17:45:06,2026-07-29 22:19:54,Renewal Overdue,Bonnie Test;Admin ADB,BonnieTest@7rkd12.onmicrosoft.com;Admin@7rkd12.onmicrosoft.com,ADB - SharePoint Site Renewal,ADB - Do not allow External Sharing (SharePoint Site),ADB - SharePoint Site storage profile,,2026-02-21 17:45:08,,,,,,,Yes,No,,,,,,,,,,,,CSD,,,,CGAdoption,,,,,,,,,,,,,,,,,,,,,,,,,org_csd_test06,
Site,test05,,Locked,Locked,Not on hold,https://7rkd12.sharepoint.com/sites/org_csd_test05,82a8a95e-20e4-4c7b-b21a-36c8050a5401,,,,Leila Test,LeilaTest@7rkd12.onmicrosoft.com,Admin ADB;Alex Wilber;Bonnie Test;HazelTest (Inactive);Leah Test;Leila Test;Ryan Test,Admin@7rkd12.onmicrosoft.com;AlexW@7rkd12.onmicrosoft.com;BonnieTest@7rkd12.onmicrosoft.com;HazelTest@7rkd12.onmicrosoft.com;LeahTest@7rkd12.onmicrosoft.com;LeilaTest@7rkd12.onmicrosoft.com;RyanTest@7rkd12.onmicrosoft.com,Bonnie Test,BonnieTest@7rkd12.onmicrosoft.com,Admin ADB,Admin@7rkd12.onmicrosoft.com,,Asia-Pacific,Team site (no Microsoft 365 group),40,0.009,New and existing external users,,Indexed,,,Claimed,2025-06-24 19:39:55,,2026-06-10 09:00:00,2026-02-28 17:24:35,2026-07-29 22:20:22,Renewal Overdue,Admin ADB;Bonnie Test,Admin@7rkd12.onmicrosoft.com;BonnieTest@7rkd12.onmicrosoft.com,ADB - SharePoint Site Renewal,ADB - Do not allow External Sharing (SharePoint Site),ADB - SharePoint Site storage profile,,2026-02-28 17:24:40,,,,,,,Yes,No,,,,,,,,,,,,CSD,,,,CGAdoption,,,,,,,,,,,,,,,,,,,,,,,,,org_csd_test05,
Site,test04,,Locked,Locked,Not on hold,https://7rkd12.sharepoint.com/sites/org_csd_test04,38646ddf-e1b7-4d44-88a7-15ae281c6ed3,,,,Leila Test,LeilaTest@7rkd12.onmicrosoft.com,Admin ADB;Alex Wilber;Bonnie Test;HazelTest (Inactive);Leah Test;Leila Test;Mihal;Ryan Test,Admin@7rkd12.onmicrosoft.com;AlexW@7rkd12.onmicrosoft.com;BonnieTest@7rkd12.onmicrosoft.com;HazelTest@7rkd12.onmicrosoft.com;LeahTest@7rkd12.onmicrosoft.com;LeilaTest@7rkd12.onmicrosoft.com;Mihal@7rkd12.onmicrosoft.com;RyanTest@7rkd12.onmicrosoft.com,Bonnie Test,BonnieTest@7rkd12.onmicrosoft.com,Admin ADB,Admin@7rkd12.onmicrosoft.com,,Asia-Pacific,Team site (no Microsoft 365 group),40,0.010,New and existing external users,,Indexed,,,Claimed,2025-06-24 19:38:53,,2026-06-11 09:00:00,2026-04-17 11:17:29,2026-07-29 22:20:30,Renewal Overdue,Admin ADB;Bonnie Test,Admin@7rkd12.onmicrosoft.com;BonnieTest@7rkd12.onmicrosoft.com,ADB - SharePoint Site Renewal,ADB - Do not allow External Sharing (SharePoint Site),ADB - SharePoint Site storage profile,,2026-04-17 11:17:33,,,,,,,Yes,No,,,,,,,,,,,,CSD,,,,CGAdoption,,,,,,,,,,,,,,,,,,,,,,,,,org_csd_test04,
Site,test03,,Locked,Locked,Not on hold,https://7rkd12.sharepoint.com/sites/org_csd_test03,885f9000-7aff-428f-a4ad-6f2fd2153bb2,,,,Leila Test,LeilaTest@7rkd12.onmicrosoft.com,Admin ADB;Alex Wilber;Bonnie Test;HazelTest (Inactive);Leah Test;Leila Test;Ryan Test,Admin@7rkd12.onmicrosoft.com;AlexW@7rkd12.onmicrosoft.com;BonnieTest@7rkd12.onmicrosoft.com;HazelTest@7rkd12.onmicrosoft.com;LeahTest@7rkd12.onmicrosoft.com;LeilaTest@7rkd12.onmicrosoft.com;RyanTest@7rkd12.onmicrosoft.com,Bonnie Test,BonnieTest@7rkd12.onmicrosoft.com,Admin ADB,Admin@7rkd12.onmicrosoft.com,,Asia-Pacific,Team site (no Microsoft 365 group),40,0.003,New and existing external users,,Indexed,,,Claimed,2025-06-24 19:37:18,,2026-06-11 09:00:00,2026-02-19 18:49:02,2026-07-29 22:20:03,Renewal Overdue,Bonnie Test;Admin ADB,BonnieTest@7rkd12.onmicrosoft.com;Admin@7rkd12.onmicrosoft.com,ADB - SharePoint Site Renewal,ADB - Do not allow External Sharing (SharePoint Site),ADB - SharePoint Site storage profile,,2026-02-19 18:49:06,,,,,,,Yes,No,,,,,,,,,,,,CSD,,,,CGAdoption,,,,,,,,,,,,,,,,,,,,,,,,,org_csd_test03,
Site,test02,,Locked,Locked,Not on hold,https://7rkd12.sharepoint.com/sites/org_csd_test02,28dd1a07-4cab-4f9c-8897-44ab68058b7e,,,,Leila Test,LeilaTest@7rkd12.onmicrosoft.com,Admin ADB;Alex Wilber;Bonnie Test;HazelTest (Inactive);Leah Test;Leila Test;Ryan Test,Admin@7rkd12.onmicrosoft.com;AlexW@7rkd12.onmicrosoft.com;BonnieTest@7rkd12.onmicrosoft.com;HazelTest@7rkd12.onmicrosoft.com;LeahTest@7rkd12.onmicrosoft.com;LeilaTest@7rkd12.onmicrosoft.com;RyanTest@7rkd12.onmicrosoft.com,Bonnie Test,BonnieTest@7rkd12.onmicrosoft.com,Admin ADB,Admin@7rkd12.onmicrosoft.com,,Asia-Pacific,Team site (no Microsoft 365 group),40,0.036,New and existing external users,,Indexed,,,Claimed,2025-06-24 19:35:25,,2026-06-10 09:00:00,2026-02-28 17:43:53,2026-07-29 22:20:05,Renewal Overdue,Bonnie Test;Admin ADB,BonnieTest@7rkd12.onmicrosoft.com;Admin@7rkd12.onmicrosoft.com,ADB - SharePoint Site Renewal,ADB - Do not allow External Sharing (SharePoint Site),ADB - SharePoint Site storage profile,,2026-02-28 17:43:58,,,,,,,Yes,No,,,,,,,,,,,,CSD,,,,CGAdoption,,,,,,,,,,,,,,,,,,,,,,,,,org_csd_test02,
Site,test01,,Locked,Locked,Not on hold,https://7rkd12.sharepoint.com/sites/org_csd_test01,bf37d3c6-9c88-47ea-85eb-7de1daa76014,,,,Leila Test,LeilaTest@7rkd12.onmicrosoft.com,Admin ADB;Alex Wilber;Bonnie Test;HazelTest (Inactive);Leah Test;Leila Test;Ryan Test,Admin@7rkd12.onmicrosoft.com;AlexW@7rkd12.onmicrosoft.com;BonnieTest@7rkd12.onmicrosoft.com;HazelTest@7rkd12.onmicrosoft.com;LeahTest@7rkd12.onmicrosoft.com;LeilaTest@7rkd12.onmicrosoft.com;RyanTest@7rkd12.onmicrosoft.com,Bonnie Test,BonnieTest@7rkd12.onmicrosoft.com,Admin ADB,Admin@7rkd12.onmicrosoft.com,,Asia-Pacific,Team site (no Microsoft 365 group),1024,0.002,Existing external users,,Indexed,,,Failed,2025-06-24 19:34:23,,2025-06-30 12:40:17,2025-12-30 10:27:55,2026-07-29 22:19:58,Invalid,,,ADB - SharePoint Site Renewal,ADB - Allow External Sharing (SharePoint Site),ADB - SharePoint Site storage profile,,,,,,,,,No,Yes,,,,,,,,,,,,CSD,,,,CGAdoption,,,,,,,,,,,,,,,,,,,,,,,,,org_csd_test01,
Site,R1.1 site template,,Active,Active,Not on hold,https://7rkd12.sharepoint.com/sites/R1_1sitetemplate,f07d0148-eb59-44e3-ac39-aea1b3300d44,,,,Leila Test,LeilaTest@7rkd12.onmicrosoft.com,Admin ADB;Alex Wilber;Bonnie Test;HazelTest (Inactive);Leah Test;Leila Test;Mihal;Ryan Test,Admin@7rkd12.onmicrosoft.com;AlexW@7rkd12.onmicrosoft.com;BonnieTest@7rkd12.onmicrosoft.com;HazelTest@7rkd12.onmicrosoft.com;LeahTest@7rkd12.onmicrosoft.com;LeilaTest@7rkd12.onmicrosoft.com;Mihal@7rkd12.onmicrosoft.com;RyanTest@7rkd12.onmicrosoft.com,Bonnie Test,BonnieTest@7rkd12.onmicrosoft.com,Admin ADB,Admin@7rkd12.onmicrosoft.com,,Asia-Pacific,Team site (no Microsoft 365 group),40,0.002,New and existing external users,,Indexed,,,Claimed,2025-06-24 16:47:11,,2026-06-11 09:00:00,2026-12-11 09:00:00,2026-07-28 22:31:50,In compliance,,,ADB - SharePoint Site Renewal,ADB - Allow External Sharing (SharePoint Site),ADB - SharePoint Site storage profile,,,,2030-06-02,,,,,No,Yes,,,,,,,,,,,,CSD,,,,CGAdoption,,,,,,,,,,,,,,,,,,,,,,,,,The Test Site,
Site,Demo -623,,Active,Active,Not on hold,https://7rkd12.sharepoint.com/sites/org_csd_demo-623,94d16468-0675-43c9-9028-655faac65f9b,,,,Leila Test,LeilaTest@7rkd12.onmicrosoft.com,Admin ADB;Alex Wilber;Bonnie Test;HazelTest (Inactive);Leah Test;Leila Test;Ryan Test,Admin@7rkd12.onmicrosoft.com;AlexW@7rkd12.onmicrosoft.com;BonnieTest@7rkd12.onmicrosoft.com;HazelTest@7rkd12.onmicrosoft.com;LeahTest@7rkd12.onmicrosoft.com;LeilaTest@7rkd12.onmicrosoft.com;RyanTest@7rkd12.onmicrosoft.com,Bonnie Test,BonnieTest@7rkd12.onmicrosoft.com,Admin ADB,Admin@7rkd12.onmicrosoft.com,,Asia-Pacific,Team site (no Microsoft 365 group),40,0.002,New and existing external users,,Indexed,,,Claimed,2025-06-23 16:24:07,,2026-06-11 09:00:00,,2026-07-28 22:34:34,In compliance,,,ADB - SharePoint Site Renewal,ADB - Do not allow External Sharing (SharePoint Site),ADB - SharePoint Site storage profile,,,,,,,,,No,No,,,,,,,,,,,,CSD,,,,CGAdoption,,,,,,,,,,,,,,,,,,,,,,,,,Demo -623,
Site,HY_ADB Test Site,,Active,Active,Not on hold,https://7rkd12.sharepoint.com/sites/test_hy,5fb4045e-d49f-44d8-bbf8-c745343be7f8,,,,HazelTest (Inactive),HazelTest@7rkd12.onmicrosoft.com,Alex Wilber;HazelTest (Inactive),AlexW@7rkd12.onmicrosoft.com;HazelTest@7rkd12.onmicrosoft.com,HazelTest (Inactive),HazelTest@7rkd12.onmicrosoft.com,,,,Asia-Pacific,Team site (no Microsoft 365 group),40,0.002,New and existing external users,,Not registered,,,Claimed,2025-06-06 15:54:39,,2026-05-08 09:00:00,,2026-07-29 22:30:55,In compliance,,,,,,,,,,,,,,No,,,,,,,,,,,,,,,,,,,,,,,,,,,,,,,,,,,,,,,,,,,
Site,TestSite03,,Locked,Locked,Not on hold,https://7rkd12.sharepoint.com/sites/org_csd_testsite03,d35b4d3d-8f56-442a-ad69-7ae8b17f3417,,,,Leila Test,LeilaTest@7rkd12.onmicrosoft.com,Admin ADB;Alex Wilber;Bonnie Test;HazelTest (Inactive);Leah Test;Leila Test;Ryan Test,Admin@7rkd12.onmicrosoft.com;AlexW@7rkd12.onmicrosoft.com;BonnieTest@7rkd12.onmicrosoft.com;HazelTest@7rkd12.onmicrosoft.com;LeahTest@7rkd12.onmicrosoft.com;LeilaTest@7rkd12.onmicrosoft.com;RyanTest@7rkd12.onmicrosoft.com,Bonnie Test,BonnieTest@7rkd12.onmicrosoft.com,Admin ADB,Admin@7rkd12.onmicrosoft.com,,Asia-Pacific,Team site (no Microsoft 365 group),1024,0.014,New and existing external users,,Indexed,,,Claimed,2025-06-06 11:44:31,,2026-06-10 09:00:00,,2026-07-29 22:19:58,In compliance,,,ADB - SharePoint Site Renewal,ADB - Do not allow External Sharing (SharePoint Site),ADB - SharePoint Site storage profile,,,,,,,,,No,No,,,,,,,,,,,,CSD,,,,CGAdoption,,,,,,,,,,,,,,,,,,,,,,,,,TestSite03,
Site,TestSite01,,Active,Active,Not on hold,https://7rkd12.sharepoint.com/sites/org_csd_testsite01,552033d5-8dc3-420c-a34a-d1ae1d3f179b,,,,Leila Test,LeilaTest@7rkd12.onmicrosoft.com,Admin ADB;Alex Wilber;Bonnie Test;HazelTest (Inactive);Leah Test;Leila Test;Ryan Test,Admin@7rkd12.onmicrosoft.com;AlexW@7rkd12.onmicrosoft.com;BonnieTest@7rkd12.onmicrosoft.com;HazelTest@7rkd12.onmicrosoft.com;LeahTest@7rkd12.onmicrosoft.com;LeilaTest@7rkd12.onmicrosoft.com;RyanTest@7rkd12.onmicrosoft.com,Bonnie Test,BonnieTest@7rkd12.onmicrosoft.com,Admin ADB,Admin@7rkd12.onmicrosoft.com,TestSite01(Hub Site),Asia-Pacific,Team site (no Microsoft 365 group),40,0.003,New and existing external users,,Indexed,,,Claimed,2025-06-05 15:34:41,,2026-06-11 09:00:00,2026-12-11 09:00:00,2026-07-29 22:28:13,In compliance,,,ADB - SharePoint Site Renewal,ADB - Allow External Sharing (SharePoint Site),ADB - SharePoint Site storage profile,,,,2030-06-02,,,,,No,Yes,,,,,,,,,,,,CSD,,,,CGAdoption,,,,,,,,,,,,,,,,,,,,,,,,,TestSite01,
Site,TestSite02,,Locked,Locked,Not on hold,https://7rkd12.sharepoint.com/sites/org_csd_testsite02,fb87fb89-1f24-4a65-ba59-3dd91d325115,,,,Leila Test,LeilaTest@7rkd12.onmicrosoft.com,Admin ADB;Alex Wilber;Bonnie Test;HazelTest (Inactive);Leah Test;Leila Test;Ryan Test,Admin@7rkd12.onmicrosoft.com;AlexW@7rkd12.onmicrosoft.com;BonnieTest@7rkd12.onmicrosoft.com;HazelTest@7rkd12.onmicrosoft.com;LeahTest@7rkd12.onmicrosoft.com;LeilaTest@7rkd12.onmicrosoft.com;RyanTest@7rkd12.onmicrosoft.com,Bonnie Test,BonnieTest@7rkd12.onmicrosoft.com,ADB DRM Guest,,,Asia-Pacific,Team site (no Microsoft 365 group),1024,0.002,New and existing external users,,Indexed,,,Claimed,2025-06-05 15:34:41,,2026-06-10 09:00:00,2025-12-05 15:57:57,2026-07-29 22:20:06,Renewal Overdue,Bonnie Test;ADB DRM Guest,BonnieTest@7rkd12.onmicrosoft.com;,ADB - SharePoint Site Renewal,ADB - Do not allow External Sharing (SharePoint Site),ADB - SharePoint Site storage profile,,2025-12-05 15:58:01,,,,,,,Yes,No,,,,,,,,,,,,CSD,,,,CGAdoption,,,,,,,,,,,,,,,,,,,,,,,,,TestSite02,
Site,Hazelsc,,Active,Active,Not on hold,https://7rkd12.sharepoint.com/sites/hazelsc,ff058b9e-3c1e-4c70-b13d-caaae27f9cae,,,,HazelTest (Inactive),HazelTest@7rkd12.onmicrosoft.com,Alex Wilber;Bonnie Test;HazelTest (Inactive);Mihal,AlexW@7rkd12.onmicrosoft.com;BonnieTest@7rkd12.onmicrosoft.com;HazelTest@7rkd12.onmicrosoft.com;Mihal@7rkd12.onmicrosoft.com,HazelTest (Inactive),HazelTest@7rkd12.onmicrosoft.com,Bonnie Test,BonnieTest@7rkd12.onmicrosoft.com,,Asia-Pacific,Team site (no Microsoft 365 group),40,0.002,New and existing external users,,Not registered,,,Claimed,2025-06-05 10:37:21,,2026-05-08 09:00:00,,2026-07-29 22:30:47,In compliance,,,,,,,,,,,,,,No,,,,,,,,,,,,,,,,,,,,,,,,,,,,,,,,,,,,,,,,,,,
Site,doris530listexperience,,Active,Active,Not on hold,https://7rkd12.sharepoint.com/sites/org_csd_doris530listexperience,0876da4b-e74a-4a09-895a-b1f0dfb521b0,,,,,,Adele Vance;Admin ADB;Alex Wilber;Bonnie Test;HazelTest (Inactive);Leah Test;Ryan Test,AdeleV@7rkd12.onmicrosoft.com;Admin@7rkd12.onmicrosoft.com;AlexW@7rkd12.onmicrosoft.com;BonnieTest@7rkd12.onmicrosoft.com;HazelTest@7rkd12.onmicrosoft.com;LeahTest@7rkd12.onmicrosoft.com;RyanTest@7rkd12.onmicrosoft.com,Admin ADB,Admin@7rkd12.onmicrosoft.com,,,,Asia-Pacific,Team site (no Microsoft 365 group),40,0.002,New and existing external users,,Indexed,,,Claimed,2025-05-30 15:15:35,,2026-06-11 09:00:00,,2026-07-29 20:29:05,In compliance,,,ADB - SharePoint Site Renewal,ADB - Do not allow External Sharing (SharePoint Site),ADB - SharePoint Site storage profile,,,,,,,,,No,No,,,,,,,,,,,,CSD,,,,CGAdoption,,,,,,,,,,,,,,,,,,,,,,,,,doris530listexperience,
Site,Whatever,testing -nigel,Locked,Locked,Not on hold,https://7rkd12.sharepoint.com/sites/org_csd_whatever,4a293c6e-3b2d-4243-9040-737fdfd53745,,,,Leila Test,LeilaTest@7rkd12.onmicrosoft.com,Admin ADB;Alex Wilber;Bonnie Test;HazelTest (Inactive);Leah Test;Leila Test;Ryan Test,Admin@7rkd12.onmicrosoft.com;AlexW@7rkd12.onmicrosoft.com;BonnieTest@7rkd12.onmicrosoft.com;HazelTest@7rkd12.onmicrosoft.com;LeahTest@7rkd12.onmicrosoft.com;LeilaTest@7rkd12.onmicrosoft.com;RyanTest@7rkd12.onmicrosoft.com,Nigel test,Nigeltest@7rkd12.onmicrosoft.com,Leah Test,LeahTest@7rkd12.onmicrosoft.com,Whatever(Hub Site),Asia-Pacific,Team site (no Microsoft 365 group),1024,0.002,New and existing external users,,Indexed,,,Claimed,2025-05-27 11:55:55,,2026-06-10 09:00:00,2025-12-13 18:30:18,2026-07-29 22:19:59,Renewal Overdue,Nigel test;Bonnie Test;Leah Test,Nigeltest@7rkd12.onmicrosoft.com;BonnieTest@7rkd12.onmicrosoft.com;LeahTest@7rkd12.onmicrosoft.com,ADB - SharePoint Site Renewal,ADB - Allow External Sharing (SharePoint Site),ADB - SharePoint Site storage profile,,2025-12-13 18:30:25,,,,,,,Yes,Yes,,,,,,,,,,,,CSD,,,,CGAdoption,,,,,,,,,,,,,,,,,,,,,,,,,whatever,
Site,GAO Site,,Active,Active,Not on hold,https://7rkd12.sharepoint.com/sites/CSD_GAOSite,8ddf3070-3d8f-47f6-b01c-fbfcc3f52e41,,,,0331,0331@7rkd12.onmicrosoft.com,0331;ADB Test;Adele Vance;Admin ADB;Alex Test;Alex Wilber;All Company;Bonnie Test;Erin Test;HazelTest (Inactive);Leah Test;Lee Gu;Leila Test;Logan Test;Mihal;Nigel test,0331@7rkd12.onmicrosoft.com;ADBTest@7rkd12.onmicrosoft.com;AdeleV@7rkd12.onmicrosoft.com;Admin@7rkd12.onmicrosoft.com;AlexTest@7rkd12.onmicrosoft.com;AlexW@7rkd12.onmicrosoft.com;allcompany@7rkd12.onmicrosoft.com;BonnieTest@7rkd12.onmicrosoft.com;ErinTest@7rkd12.onmicrosoft.com;HazelTest@7rkd12.onmicrosoft.com;LeahTest@7rkd12.onmicrosoft.com;LeeG@7rkd12.onmicrosoft.com;LeilaTest@7rkd12.onmicrosoft.com;LoganTest@7rkd12.onmicrosoft.com;Mihal@7rkd12.onmicrosoft.com;Nigeltest@7rkd12.onmicrosoft.com,Bonnie Test,BonnieTest@7rkd12.onmicrosoft.com,,,GAO Site(Hub Site),Asia-Pacific,Team site (no Microsoft 365 group),40,1.627,New and existing external users,,Indexed,,,Claimed,2025-05-13 14:55:40,,2026-08-05 09:00:00,2027-01-27 09:00:00,2026-07-29 22:22:35,In compliance,,,ADB - SharePoint Site Renewal,ADB - Allow External Sharing (SharePoint Site),ADB - SharePoint Site storage profile,,,,,,,,,No,Yes,,,,,,,,,,,,CSD,,,,CGAdoption,,,,,,,,,,,,,,,,,,,,,,,,,GAO Site,
Site,Ada Test,,Locked,Locked,Not on hold,https://7rkd12.sharepoint.com/sites/CSD_AdaTest,4745cd1d-7805-42b9-98a9-b2083957d0dc,,,,Leila Test,LeilaTest@7rkd12.onmicrosoft.com,Admin ADB;Alex Wilber;Bonnie Test;Erin Test;HazelTest (Inactive);Leila Test;Ryan Test,Admin@7rkd12.onmicrosoft.com;AlexW@7rkd12.onmicrosoft.com;BonnieTest@7rkd12.onmicrosoft.com;ErinTest@7rkd12.onmicrosoft.com;HazelTest@7rkd12.onmicrosoft.com;LeilaTest@7rkd12.onmicrosoft.com;RyanTest@7rkd12.onmicrosoft.com,Bonnie Test,BonnieTest@7rkd12.onmicrosoft.com,,,,Asia-Pacific,Team site (no Microsoft 365 group),1024,0.003,New and existing external users,,Indexed,,,Claimed,2025-05-12 19:14:26,,2026-06-10 09:00:00,2025-11-29 10:35:38,2026-07-29 22:19:55,Renewal Overdue,Bonnie Test,BonnieTest@7rkd12.onmicrosoft.com,ADB - SharePoint Site Renewal,ADB - Allow External Sharing (SharePoint Site),ADB - SharePoint Site storage profile,,2025-11-29 10:35:46,,,,,,,Yes,Yes,,,,,,,,,,,,CSD,,,,CGAdoption,,,,,,,,,,,,,,,,,,,,,,,,,Ada Test,
Site,CSD_HotfixR11,,Locked,Locked,Not on hold,https://7rkd12.sharepoint.com/sites/CSD_HotfixR11,cb035d67-9657-4c33-a8e5-274be7ea7077,,,,Leila Test,LeilaTest@7rkd12.onmicrosoft.com,Admin ADB;Alex Wilber;Bonnie Test;HazelTest (Inactive);Leah Test;Leila Test;Ryan Test,Admin@7rkd12.onmicrosoft.com;AlexW@7rkd12.onmicrosoft.com;BonnieTest@7rkd12.onmicrosoft.com;HazelTest@7rkd12.onmicrosoft.com;LeahTest@7rkd12.onmicrosoft.com;LeilaTest@7rkd12.onmicrosoft.com;RyanTest@7rkd12.onmicrosoft.com,Bonnie Test,BonnieTest@7rkd12.onmicrosoft.com,,,,Asia-Pacific,Team site (no Microsoft 365 group),1024,0.020,New and existing external users,,Indexed,,,Claimed,2025-05-02 16:24:49,,2026-06-10 09:00:00,2025-12-26 10:44:26,2026-07-29 22:20:26,Renewal Overdue,Bonnie Test,BonnieTest@7rkd12.onmicrosoft.com,ADB - SharePoint Site Renewal,ADB - Allow External Sharing (SharePoint Site),ADB - SharePoint Site storage profile,,2025-12-26 10:44:30,,,,,,,Yes,Yes,,,,,,,,,,,,CSD,,,,CGAdoption,,,,,,,,,,,,,,,,,,,,,,,,,HotfixR11,
Site,CSD_Demo Division,,Active,Active,Not on hold,https://7rkd12.sharepoint.com/sites/CSD_DemoDivision,817e0de1-1292-47c1-ba06-3c0aae9829e2,,,,Leila Test,LeilaTest@7rkd12.onmicrosoft.com,Adele Vance;Admin ADB;Alex Test;Alex Wilber;Bonnie Test;HazelTest (Inactive);Leah Test;Leila Test;Logan Test;Mihal;Ryan Test,AdeleV@7rkd12.onmicrosoft.com;Admin@7rkd12.onmicrosoft.com;AlexTest@7rkd12.onmicrosoft.com;AlexW@7rkd12.onmicrosoft.com;BonnieTest@7rkd12.onmicrosoft.com;HazelTest@7rkd12.onmicrosoft.com;LeahTest@7rkd12.onmicrosoft.com;LeilaTest@7rkd12.onmicrosoft.com;LoganTest@7rkd12.onmicrosoft.com;Mihal@7rkd12.onmicrosoft.com;RyanTest@7rkd12.onmicrosoft.com,Bonnie Test,BonnieTest@7rkd12.onmicrosoft.com,,,,Asia-Pacific,Team site (no Microsoft 365 group),0,47.167,Not Allowed,,Indexed,,,Claimed,2025-04-26 12:18:49,,2026-08-10 09:00:00,2027-01-30 09:00:00,2026-08-07 05:30:43,In compliance,,,ADB - SharePoint Site Renewal,ADB - Allow External Sharing (SharePoint Site),ADB - SharePoint Site storage profile,,,,2030-04-07,,,,,No,Yes,,,,,,,,,,,,CSD,,,,CGAdoption,,,,,,,,,,,,,,,,,,,,,,,,,Demo Division,
Site,CSD_Demo People,,Locked,Locked,Not on hold,https://7rkd12.sharepoint.com/sites/CSD_DemoPeople,a15f2e0c-7bc0-4680-9298-95ffeb2d30a0,,,,Leila Test,LeilaTest@7rkd12.onmicrosoft.com,Admin ADB;Alex Test;Alex Wilber;Bonnie Test;HazelTest (Inactive);Leah Test;Leila Test;Logan Test;Ryan Test,Admin@7rkd12.onmicrosoft.com;AlexTest@7rkd12.onmicrosoft.com;AlexW@7rkd12.onmicrosoft.com;BonnieTest@7rkd12.onmicrosoft.com;HazelTest@7rkd12.onmicrosoft.com;LeahTest@7rkd12.onmicrosoft.com;LeilaTest@7rkd12.onmicrosoft.com;LoganTest@7rkd12.onmicrosoft.com;RyanTest@7rkd12.onmicrosoft.com,Bonnie Test,BonnieTest@7rkd12.onmicrosoft.com,,,,Asia-Pacific,Team site (no Microsoft 365 group),1024,0.008,New and existing external users,,Indexed,,,Claimed,2025-04-26 12:04:13,,2026-06-10 09:00:00,2025-11-26 11:17:32,2026-07-29 22:19:57,Renewal Overdue,Bonnie Test,BonnieTest@7rkd12.onmicrosoft.com,ADB - SharePoint Site Renewal,ADB - Allow External Sharing (SharePoint Site),ADB - SharePoint Site storage profile,,2025-11-26 11:17:39,,,,,,,Yes,Yes,,,,,,,,,,,,CSD,,,,CGAdoption,,,,,,,,,,,,,,,,,,,,,,,,,Demo People,
Site,Administrative Site Template,,Active,Active,Not on hold,https://7rkd12.sharepoint.com/sites/AdministrativeSiteTemplate,e3e03069-c57a-47bf-9c18-6246a31b7bba,,,,Leila Test,LeilaTest@7rkd12.onmicrosoft.com,Admin ADB;Alex Wilber;Bonnie Test;HazelTest (Inactive);Leah Test;Leila Test;Ryan Test,Admin@7rkd12.onmicrosoft.com;AlexW@7rkd12.onmicrosoft.com;BonnieTest@7rkd12.onmicrosoft.com;HazelTest@7rkd12.onmicrosoft.com;LeahTest@7rkd12.onmicrosoft.com;LeilaTest@7rkd12.onmicrosoft.com;RyanTest@7rkd12.onmicrosoft.com,Bonnie Test,BonnieTest@7rkd12.onmicrosoft.com,,,,Asia-Pacific,Team site (no Microsoft 365 group),40,0.002,New and existing external users,,Indexed,,,Claimed,2025-04-26 00:24:51,,2026-08-03 16:04:04,2026-03-08 18:17:53,2026-07-29 22:20:04,Renewal Overdue,Bonnie Test,BonnieTest@7rkd12.onmicrosoft.com,ADB - SharePoint Site Renewal,ADB - Allow External Sharing (SharePoint Site),ADB - SharePoint Site storage profile,,2026-03-08 18:17:59,,,,,,,Yes,Yes,,,,,,,,,,,,CSD,,,,CGAdoption,,,,,,,,,,,,,,,,,,,,,,,,,Administrative Site Template,
Site,People Management Site Template,,Active,Active,Not on hold,https://7rkd12.sharepoint.com/sites/PeopleManagementSiteTemplate,7d5228e9-83a7-492b-9ebf-d5dfc81e664a,,,,Leila Test,LeilaTest@7rkd12.onmicrosoft.com,Admin ADB;Alex Wilber;Bonnie Test;HazelTest (Inactive);Leah Test;Leila Test;Ryan Test,Admin@7rkd12.onmicrosoft.com;AlexW@7rkd12.onmicrosoft.com;BonnieTest@7rkd12.onmicrosoft.com;HazelTest@7rkd12.onmicrosoft.com;LeahTest@7rkd12.onmicrosoft.com;LeilaTest@7rkd12.onmicrosoft.com;RyanTest@7rkd12.onmicrosoft.com,Bonnie Test,BonnieTest@7rkd12.onmicrosoft.com,,,,Asia-Pacific,Team site (no Microsoft 365 group),40,0.002,New and existing external users,,Indexed,,,Claimed,2025-04-26 00:24:51,,2026-08-03 16:40:33,,2026-07-29 22:19:53,In compliance,,,,ADB - Allow External Sharing (SharePoint Site),ADB - SharePoint Site storage profile,,,,,,,,,No,Yes,,,,,,,,,,,,CSD,,,,CGAdoption,,,,,,,,,,,,,,,,,,,,,,,,,People Management Site Template,
Site,Blank Site Template,,Active,Active,Not on hold,https://7rkd12.sharepoint.com/sites/BlankSiteTemplate,82941353-efb8-4b6f-bd55-4b8d351e347c,,,,Admin ADB,Admin@7rkd12.onmicrosoft.com,Admin ADB;Alex Wilber,Admin@7rkd12.onmicrosoft.com;AlexW@7rkd12.onmicrosoft.com,Bonnie Test,BonnieTest@7rkd12.onmicrosoft.com,,,,Asia-Pacific,Team site (no Microsoft 365 group),40,0.002,New and existing external users,,Indexed,,,Claimed,2025-04-25 23:57:08,,2026-06-11 09:00:00,,2026-07-28 22:36:52,In compliance,,,,ADB - Allow External Sharing (SharePoint Site),ADB - SharePoint Site storage profile,,,,,2026-02-05 12:16:04,Admin@7rkd12.onmicrosoft.com,Admin ADB,,No,Yes,,,,,,,,,,,,CSD,,,,CGAdoption,,,,,,,,,,,,,,,,,,,,,,,,,Blank Site Template,
Site,app_edrms_data,,Active,Active,Not on hold,https://7rkd12.sharepoint.com/sites/app_edrms_data,16b7c15a-c172-4759-9f76-8c267e6d70d8,,,,Leila Test,LeilaTest@7rkd12.onmicrosoft.com,Admin ADB;Alex Test;Alex Wilber;Bonnie Test;Eddie Test;HazelTest (Inactive);Jason Test;Leah Test;Leila Test;Logan Test;QiRen Test;Ryan Test,Admin@7rkd12.onmicrosoft.com;AlexTest@7rkd12.onmicrosoft.com;AlexW@7rkd12.onmicrosoft.com;BonnieTest@7rkd12.onmicrosoft.com;Eddie@7rkd12.onmicrosoft.com;HazelTest@7rkd12.onmicrosoft.com;JasonTest@7rkd12.onmicrosoft.com;LeahTest@7rkd12.onmicrosoft.com;LeilaTest@7rkd12.onmicrosoft.com;LoganTest@7rkd12.onmicrosoft.com;QiRenTest@7rkd12.onmicrosoft.com;RyanTest@7rkd12.onmicrosoft.com,Bonnie Test,BonnieTest@7rkd12.onmicrosoft.com,John Rick D. Navoa,AdaLu@7rkd12.onmicrosoft.com,,Asia-Pacific,Team site (no Microsoft 365 group),40,0.037,Existing external users,,Indexed,,,Claimed,2025-04-25 20:18:12,,2026-08-10 09:00:00,2027-01-22 09:00:00,2026-07-28 22:34:14,Renewal canceled,,,ADB - SharePoint Site Renewal,ADB - Allow External Sharing (SharePoint Site),ADB - SharePoint Site storage profile,,,,,,,,,No,Yes,,,,,,,,,,,,CSD,,,,,,,,,,,,,,,,,,,,,,,,,,,,,DRMDemo4,
Site,CSD_DemoPeopleSite01,,Locked,Locked,Not on hold,https://7rkd12.sharepoint.com/sites/CSD_DemoPeopleSite01,fba33da6-dc6d-40c4-a840-f2612f3baf59,,,,Leila Test,LeilaTest@7rkd12.onmicrosoft.com,Admin ADB;Alex Wilber;Bonnie Test;HazelTest (Inactive);Leah Test;Leila Test;Logan Test;Ryan Test,Admin@7rkd12.onmicrosoft.com;AlexW@7rkd12.onmicrosoft.com;BonnieTest@7rkd12.onmicrosoft.com;HazelTest@7rkd12.onmicrosoft.com;LeahTest@7rkd12.onmicrosoft.com;LeilaTest@7rkd12.onmicrosoft.com;LoganTest@7rkd12.onmicrosoft.com;RyanTest@7rkd12.onmicrosoft.com,Bonnie Test,BonnieTest@7rkd12.onmicrosoft.com,Admin ADB,Admin@7rkd12.onmicrosoft.com,,Asia-Pacific,Team site (no Microsoft 365 group),1024,0.002,New and existing external users,,Indexed,,,Claimed,2025-04-24 12:48:35,,2026-06-10 09:00:00,2025-11-02 19:10:51,2026-07-29 22:19:49,Renewal Overdue,Bonnie Test,BonnieTest@7rkd12.onmicrosoft.com,ADB - SharePoint Site Renewal,ADB - Allow External Sharing (SharePoint Site),ADB - SharePoint Site storage profile,,2025-11-02 19:10:54,,,,,,,Yes,Yes,,,,,,,,,,,,CSD,,,,CGAdoption,,,,,,,,,,,,,,,,,,,,,,,,,DemoPeopleSite01,
Site,Wednesday-People,,Locked,Locked,Not on hold,https://7rkd12.sharepoint.com/sites/CSD_Wednesday-People,a4237736-788e-46ae-a693-c3ae00d6fdc9,,,,Leila Test,LeilaTest@7rkd12.onmicrosoft.com,Admin ADB;Alex Wilber;Bonnie Test;HazelTest (Inactive);Leah Test;Leila Test;Ryan Test,Admin@7rkd12.onmicrosoft.com;AlexW@7rkd12.onmicrosoft.com;BonnieTest@7rkd12.onmicrosoft.com;HazelTest@7rkd12.onmicrosoft.com;LeahTest@7rkd12.onmicrosoft.com;LeilaTest@7rkd12.onmicrosoft.com;RyanTest@7rkd12.onmicrosoft.com,Admin ADB,Admin@7rkd12.onmicrosoft.com,,,,Asia-Pacific,Team site (no Microsoft 365 group),1024,0.002,New and existing external users,,Indexed,,,Claimed,2025-04-23 18:58:44,,2026-06-10 09:00:00,2025-11-02 19:19:32,2026-07-29 22:19:54,Renewal Overdue,Bonnie Test,BonnieTest@7rkd12.onmicrosoft.com,ADB - SharePoint Site Renewal,ADB - Allow External Sharing (SharePoint Site),ADB - SharePoint Site storage profile,,2025-11-02 19:19:37,,,,,,,Yes,Yes,,,,,,,,,,,,CSD,,,,CGAdoption,,,,,,,,,,,,,,,,,,,,,,,,,Wednesday-People,
Site,CSD_423,,Locked,Locked,Not on hold,https://7rkd12.sharepoint.com/sites/CSD_423,43757c3c-c5f2-47a0-8a61-cd8b9f8952e0,,,,Leila Test,LeilaTest@7rkd12.onmicrosoft.com,Admin ADB;Alex Wilber;Bonnie Test;HazelTest (Inactive);Leah Test;Leila Test;Ryan Test,Admin@7rkd12.onmicrosoft.com;AlexW@7rkd12.onmicrosoft.com;BonnieTest@7rkd12.onmicrosoft.com;HazelTest@7rkd12.onmicrosoft.com;LeahTest@7rkd12.onmicrosoft.com;LeilaTest@7rkd12.onmicrosoft.com;RyanTest@7rkd12.onmicrosoft.com,Bonnie Test,BonnieTest@7rkd12.onmicrosoft.com,,,,Asia-Pacific,Team site (no Microsoft 365 group),1024,0.002,Existing external users,,Indexed,,,Failed,2025-04-23 12:47:11,,2026-06-10 09:00:00,2025-11-02 19:08:11,2026-07-29 22:19:54,Invalid,,,ADB - SharePoint Site Renewal,ADB - Allow External Sharing (SharePoint Site),ADB - SharePoint Site storage profile,,,,,,,,,No,Yes,,,,,,,,,,,,CSD,,,,CGAdoption,,,,,,,,,,,,,,,,,,,,,,,,,423,
Site,CSD_Site01,,Active,Active,Not on hold,https://7rkd12.sharepoint.com/sites/CSD_SiteA01,9d2d50ee-aeb3-46b3-aaef-eb5bd0f563de,,,,Leila Test,LeilaTest@7rkd12.onmicrosoft.com,Admin ADB;Alex Wilber;Bonnie Test;HazelTest (Inactive);Leah Test;Leila Test;Mihal;Ryan Test,Admin@7rkd12.onmicrosoft.com;AlexW@7rkd12.onmicrosoft.com;BonnieTest@7rkd12.onmicrosoft.com;HazelTest@7rkd12.onmicrosoft.com;LeahTest@7rkd12.onmicrosoft.com;LeilaTest@7rkd12.onmicrosoft.com;Mihal@7rkd12.onmicrosoft.com;RyanTest@7rkd12.onmicrosoft.com,Bonnie Test,BonnieTest@7rkd12.onmicrosoft.com,,,,Asia-Pacific,Team site (no Microsoft 365 group),40,0.002,New and existing external users,,Indexed,,,Claimed,2025-04-23 10:34:40,,2026-06-11 09:00:00,2026-12-11 09:00:00,2026-07-29 22:23:06,In compliance,,,ADB - SharePoint Site Renewal,ADB - Allow External Sharing (SharePoint Site),ADB - SharePoint Site storage profile,,,,2030-04-07,,,,,No,Yes,,,,,,,,,,,,,,,,CGAdoption,,,,,,,,,,,,,,,,,,,,,,,,,SiteA01,
Site,Test_RyanAdmin,Department of Health,Locked,Locked,Not on hold,https://7rkd12.sharepoint.com/sites/CSD_Test_TRA_Admin,2e5284cd-41f8-4ea3-8e40-8b2a022cbff2,,,,Leila Test,LeilaTest@7rkd12.onmicrosoft.com,Admin ADB;Alex Wilber;Bonnie Test;HazelTest (Inactive);Leah Test;Leila Test;Ryan Test,Admin@7rkd12.onmicrosoft.com;AlexW@7rkd12.onmicrosoft.com;BonnieTest@7rkd12.onmicrosoft.com;HazelTest@7rkd12.onmicrosoft.com;LeahTest@7rkd12.onmicrosoft.com;LeilaTest@7rkd12.onmicrosoft.com;RyanTest@7rkd12.onmicrosoft.com,ADBDRM Test03,,,,,Asia-Pacific,Team site (no Microsoft 365 group),1024,0.004,New and existing external users,,Indexed,,,Claimed,2025-04-08 15:40:19,,2026-06-10 09:00:00,2025-11-28 19:23:15,2026-07-29 22:19:57,Renewal Overdue,Bonnie Test;ADBDRM Test03,BonnieTest@7rkd12.onmicrosoft.com;,ADB - SharePoint Site Renewal,ADB - Do not allow External Sharing (SharePoint Site),ADB - SharePoint Site storage profile,,2025-11-28 19:23:23,,,,,,,Yes,No,,,,,,,,,,,,CSD,,,,CGAdoption,,,,,,,,,,,,,,,,,,,,,,,,,Test_TRA_Admin,
Site,Duckyduck_Test_DivSite,test Division Site,Locked,Locked,Not on hold,https://7rkd12.sharepoint.com/sites/CSD_Duck_Test,bf2afda6-b53a-42db-8724-db0ac72f1628,,,,Leila Test,LeilaTest@7rkd12.onmicrosoft.com,Admin ADB;Alex Wilber;Bonnie Test;HazelTest (Inactive);Leah Test;Leila Test;Ryan Test,Admin@7rkd12.onmicrosoft.com;AlexW@7rkd12.onmicrosoft.com;BonnieTest@7rkd12.onmicrosoft.com;HazelTest@7rkd12.onmicrosoft.com;LeahTest@7rkd12.onmicrosoft.com;LeilaTest@7rkd12.onmicrosoft.com;RyanTest@7rkd12.onmicrosoft.com,ADBDRM Test01,ADBDRMTest01@7rkd12.onmicrosoft.com,,,,Asia-Pacific,Team site (no Microsoft 365 group),1024,0.002,New and existing external users,,Indexed,,,Claimed,2025-04-08 15:40:14,,2026-06-10 09:00:00,2025-12-24 16:11:22,2026-07-29 22:19:52,Renewal Overdue,Bonnie Test;ADBDRM Test01,BonnieTest@7rkd12.onmicrosoft.com;ADBDRMTest01@7rkd12.onmicrosoft.com,ADB - SharePoint Site Renewal,ADB - Do not allow External Sharing (SharePoint Site),ADB - SharePoint Site storage profile,,2025-12-24 16:11:29,,,,,,,Yes,No,,,,,,,,,,,,CSD,,,,CGAdoption,,,,,,,,,,,,,,,,,,,,,,,,,Duck_Test,
Site,DRM-DIVSITE-Jas,DRM-DIVSITE-Jas,Locked,Locked,Not on hold,https://7rkd12.sharepoint.com/sites/CSD_DivSiteJas,4767cf2a-2318-4292-bef0-71af3fdaea05,,,,Leila Test,LeilaTest@7rkd12.onmicrosoft.com,Admin ADB;Alex Wilber;Bonnie Test;HazelTest (Inactive);Leah Test;Leila Test;Ryan Test,Admin@7rkd12.onmicrosoft.com;AlexW@7rkd12.onmicrosoft.com;BonnieTest@7rkd12.onmicrosoft.com;HazelTest@7rkd12.onmicrosoft.com;LeahTest@7rkd12.onmicrosoft.com;LeilaTest@7rkd12.onmicrosoft.com;RyanTest@7rkd12.onmicrosoft.com,ADBDRM Test05,ADBDRMTest05@7rkd12.onmicrosoft.com,,,Disivion Site - Jas(Hub Site),Asia-Pacific,Team site (no Microsoft 365 group),1024,0.002,New and existing external users,,Indexed,,,Claimed,2025-04-08 15:40:10,,2026-06-10 09:00:00,2025-10-08 15:50:18,2026-07-29 22:20:00,Renewal Overdue,ADBDRM Test05;Bonnie Test,ADBDRMTest05@7rkd12.onmicrosoft.com;BonnieTest@7rkd12.onmicrosoft.com,ADB - SharePoint Site Renewal,ADB - Allow External Sharing (SharePoint Site),ADB - SharePoint Site storage profile,,2025-10-08 15:50:23,,,,,,,Yes,Yes,,,,,,,,,,,,CSD,,,,CGAdoption,,,,,,,,,,,,,,,,,,,,,,,,,DivSite Jas,
Site,Test_Angee_People,Test. ,Locked,Locked,Not on hold,https://7rkd12.sharepoint.com/sites/CSD_TAP,9c5288cc-a6cd-4c9f-87dd-be5a10442a77,,,,Leila Test,LeilaTest@7rkd12.onmicrosoft.com,Admin ADB;Alex Wilber;Bonnie Test;HazelTest (Inactive);Leah Test;Leila Test;Ryan Test,Admin@7rkd12.onmicrosoft.com;AlexW@7rkd12.onmicrosoft.com;BonnieTest@7rkd12.onmicrosoft.com;HazelTest@7rkd12.onmicrosoft.com;LeahTest@7rkd12.onmicrosoft.com;LeilaTest@7rkd12.onmicrosoft.com;RyanTest@7rkd12.onmicrosoft.com,ADBDRM Test04,ADBDRMTest04@7rkd12.onmicrosoft.com,,,,Asia-Pacific,Team site (no Microsoft 365 group),1024,0.003,New and existing external users,,Indexed,,,Claimed,2025-04-08 15:39:40,,2026-06-10 09:00:00,2025-10-12 03:50:34,2026-07-29 22:19:54,Renewal Overdue,Bonnie Test;ADBDRM Test04,BonnieTest@7rkd12.onmicrosoft.com;ADBDRMTest04@7rkd12.onmicrosoft.com,ADB - SharePoint Site Renewal,ADB - Do not allow External Sharing (SharePoint Site),ADB - SharePoint Site storage profile,,2025-10-12 03:50:40,,,,,,,Yes,No,,,,,,,,,,,,CSD,,,,CGAdoption,,,,,,,,,,,,,,,,,,,,,,,,,TAP,
Site,CSD_qjlu_ada13,,Locked,Locked,Not on hold,https://7rkd12.sharepoint.com/sites/CSD_qjlu_ada13,383b294d-1590-4769-9a81-739cd3e742d8,,,,Leila Test,LeilaTest@7rkd12.onmicrosoft.com,Adele Vance;Admin ADB;Alex Wilber;Bonnie Test;HazelTest (Inactive);Leah Test;Leila Test;Logan Test;Ryan Test,AdeleV@7rkd12.onmicrosoft.com;Admin@7rkd12.onmicrosoft.com;AlexW@7rkd12.onmicrosoft.com;BonnieTest@7rkd12.onmicrosoft.com;HazelTest@7rkd12.onmicrosoft.com;LeahTest@7rkd12.onmicrosoft.com;LeilaTest@7rkd12.onmicrosoft.com;LoganTest@7rkd12.onmicrosoft.com;RyanTest@7rkd12.onmicrosoft.com,Bonnie Test,BonnieTest@7rkd12.onmicrosoft.com,,,,Asia-Pacific,Team site (no Microsoft 365 group),1024,0.002,New and existing external users,,Indexed,,,Failed,2025-04-07 16:09:33,,2026-06-10 09:00:00,2025-10-07 16:22:18,2026-07-29 22:19:59,Renewal Overdue,Bonnie Test,BonnieTest@7rkd12.onmicrosoft.com,ADB - SharePoint Site Renewal,ADB - Allow External Sharing (SharePoint Site),ADB - SharePoint Site storage profile,,2025-10-07 16:22:26,,,,,,,Yes,Yes,,,,,,,,,,,,CSD,,,,CGAdoption,,,,,,,,,,,,,,,,,,,,newsite-edit,,,,,qjlu_ada13,
Site,CSD_qjlu_ada12,,Locked,Locked,Not on hold,https://7rkd12.sharepoint.com/sites/CSD_qjlu_ada12,096347ff-dda5-46ad-8325-1271659825c1,,,,Leila Test,LeilaTest@7rkd12.onmicrosoft.com,Adele Vance;Admin ADB;Alex Wilber;Bonnie Test;HazelTest (Inactive);Leah Test;Leila Test;Ryan Test,AdeleV@7rkd12.onmicrosoft.com;Admin@7rkd12.onmicrosoft.com;AlexW@7rkd12.onmicrosoft.com;BonnieTest@7rkd12.onmicrosoft.com;HazelTest@7rkd12.onmicrosoft.com;LeahTest@7rkd12.onmicrosoft.com;LeilaTest@7rkd12.onmicrosoft.com;RyanTest@7rkd12.onmicrosoft.com,Bonnie Test,BonnieTest@7rkd12.onmicrosoft.com,,,,Asia-Pacific,Team site (no Microsoft 365 group),1024,0.002,New and existing external users,,Indexed,,,Claimed,2025-04-07 14:45:21,,2026-06-10 09:00:00,2025-10-07 14:58:41,2026-07-29 22:20:30,Renewal Overdue,Bonnie Test,BonnieTest@7rkd12.onmicrosoft.com,ADB - SharePoint Site Renewal,ADB - Allow External Sharing (SharePoint Site),ADB - SharePoint Site storage profile,,2025-10-07 14:58:46,,,,,,,Yes,Yes,,,,,,,,,,,,CSD,,,,CGAdoption,,,,,,,,,,,,,,,,,,,,newsite-edit,,,,,qjlu_ada12,
Site,UATTEST,,Locked,Locked,Not on hold,https://7rkd12.sharepoint.com/sites/CSD_ada06,6966372b-ac47-4f4a-8f7b-84ab206e217e,,,,Leila Test,LeilaTest@7rkd12.onmicrosoft.com,Adele Vance;Admin ADB;Alex Wilber;Bonnie Test;HazelTest (Inactive);Leah Test;Leila Test;Ryan Test,AdeleV@7rkd12.onmicrosoft.com;Admin@7rkd12.onmicrosoft.com;AlexW@7rkd12.onmicrosoft.com;BonnieTest@7rkd12.onmicrosoft.com;HazelTest@7rkd12.onmicrosoft.com;LeahTest@7rkd12.onmicrosoft.com;LeilaTest@7rkd12.onmicrosoft.com;RyanTest@7rkd12.onmicrosoft.com,Bonnie Test,BonnieTest@7rkd12.onmicrosoft.com,,,,Asia-Pacific,Team site (no Microsoft 365 group),1024,0.004,New and existing external users,,Indexed,,,Claimed,2025-04-07 11:41:34,,2026-06-10 09:00:00,2025-10-07 13:08:07,2026-07-29 22:19:58,Renewal Overdue,Bonnie Test,BonnieTest@7rkd12.onmicrosoft.com,ADB - SharePoint Site Renewal,ADB - Allow External Sharing (SharePoint Site),ADB - SharePoint Site storage profile,,2025-10-07 13:08:10,,,,,,,Yes,Yes,,,,,,,,,,,,CSD,,,,CGAdoption,,,,,,,,,,,,,,,,,,,,,,,,,ada06,
Site,Test_Ryan_People,,Locked,Locked,Not on hold,https://7rkd12.sharepoint.com/sites/CSD_RyanPeople,4f281f8f-8065-4e3d-ae1e-db775e0f66a5,,,,Leila Test,LeilaTest@7rkd12.onmicrosoft.com,Admin ADB;Alex Test;Alex Wilber;Bonnie Test;HazelTest (Inactive);Leah Test;Leila Test;Logan Test;Ryan Test,Admin@7rkd12.onmicrosoft.com;AlexTest@7rkd12.onmicrosoft.com;AlexW@7rkd12.onmicrosoft.com;BonnieTest@7rkd12.onmicrosoft.com;HazelTest@7rkd12.onmicrosoft.com;LeahTest@7rkd12.onmicrosoft.com;LeilaTest@7rkd12.onmicrosoft.com;LoganTest@7rkd12.onmicrosoft.com;RyanTest@7rkd12.onmicrosoft.com,Ryan Test,RyanTest@7rkd12.onmicrosoft.com,,,,Asia-Pacific,Team site (no Microsoft 365 group),1024,0.002,New and existing external users,,Indexed,,,Claimed,2025-04-03 15:39:12,,2026-06-10 09:00:00,2025-10-11 17:13:17,2026-07-29 22:19:52,Renewal Overdue,Bonnie Test;Ryan Test,BonnieTest@7rkd12.onmicrosoft.com;RyanTest@7rkd12.onmicrosoft.com,ADB - SharePoint Site Renewal,ADB - Do not allow External Sharing (SharePoint Site),ADB - SharePoint Site storage profile,,2025-10-11 17:13:23,,,,,,,Yes,No,,,,,,,,,,,,CSD,,,,CGAdoption,,,,,,,,,,,,,,,,,,,,,,,,,RyanPeople,
Site,Test_Ryan_Division,,Locked,Locked,Not on hold,https://7rkd12.sharepoint.com/sites/CSD_RyanDiv,71bd2d39-f07d-4ccf-a370-ae1a559df616,,,,Leila Test,LeilaTest@7rkd12.onmicrosoft.com,Admin ADB;Alex Test;Alex Wilber;Bonnie Test;HazelTest (Inactive);Leah Test;Leila Test;Logan Test;Ryan Test,Admin@7rkd12.onmicrosoft.com;AlexTest@7rkd12.onmicrosoft.com;AlexW@7rkd12.onmicrosoft.com;BonnieTest@7rkd12.onmicrosoft.com;HazelTest@7rkd12.onmicrosoft.com;LeahTest@7rkd12.onmicrosoft.com;LeilaTest@7rkd12.onmicrosoft.com;LoganTest@7rkd12.onmicrosoft.com;RyanTest@7rkd12.onmicrosoft.com,Ryan Test,RyanTest@7rkd12.onmicrosoft.com,,,,Asia-Pacific,Team site (no Microsoft 365 group),1024,0.002,New and existing external users,,Indexed,,,Claimed,2025-04-03 15:37:21,,2026-06-10 09:00:00,2025-12-23 19:47:56,2026-07-29 22:19:56,Renewal Overdue,Bonnie Test;Ryan Test,BonnieTest@7rkd12.onmicrosoft.com;RyanTest@7rkd12.onmicrosoft.com,ADB - SharePoint Site Renewal,ADB - Do not allow External Sharing (SharePoint Site),ADB - SharePoint Site storage profile,,2025-12-23 19:48:01,,,,,,,Yes,No,,,,,,,,,,,,CSD,,,,CGAdoption,,,,,,,,,,,,,,,,,,,,,,,,,RyanDiv,
Site,Test_Ryan_Admin,,Locked,Locked,Not on hold,https://7rkd12.sharepoint.com/sites/CSD_RyanAdmin,d70f4ec0-40ce-4f83-a1d9-3d033775ef53,,,,Leila Test,LeilaTest@7rkd12.onmicrosoft.com,Admin ADB;Alex Test;Alex Wilber;Bonnie Test;HazelTest (Inactive);Leah Test;Leila Test;Logan Test;Ryan Test,Admin@7rkd12.onmicrosoft.com;AlexTest@7rkd12.onmicrosoft.com;AlexW@7rkd12.onmicrosoft.com;BonnieTest@7rkd12.onmicrosoft.com;HazelTest@7rkd12.onmicrosoft.com;LeahTest@7rkd12.onmicrosoft.com;LeilaTest@7rkd12.onmicrosoft.com;LoganTest@7rkd12.onmicrosoft.com;RyanTest@7rkd12.onmicrosoft.com,Ryan Test,RyanTest@7rkd12.onmicrosoft.com,,,,Asia-Pacific,Team site (no Microsoft 365 group),40,0.003,New and existing external users,,Indexed,,,Claimed,2025-04-03 14:54:31,,2026-06-10 09:00:00,2026-03-04 16:52:08,2026-07-29 22:20:07,Renewal Overdue,Ryan Test;Bonnie Test,RyanTest@7rkd12.onmicrosoft.com;BonnieTest@7rkd12.onmicrosoft.com,ADB - SharePoint Site Renewal,ADB - Do not allow External Sharing (SharePoint Site),ADB - SharePoint Site storage profile,,2026-03-04 16:52:13,,,,,,,Yes,No,,,,,,,,,,,,CSD,,,,CGAdoption,,,,,,,,,,,,,,,,,,,,,,,,,RyanAdmin,
Site,ada04,,Locked,Locked,Not on hold,https://7rkd12.sharepoint.com/sites/CSD_ada04,aa213471-230c-44c2-80e4-530801c15de5,,,,,,Admin ADB;Alex Wilber;Bonnie Test;HazelTest (Inactive);Leah Test;Ryan Test,Admin@7rkd12.onmicrosoft.com;AlexW@7rkd12.onmicrosoft.com;BonnieTest@7rkd12.onmicrosoft.com;HazelTest@7rkd12.onmicrosoft.com;LeahTest@7rkd12.onmicrosoft.com;RyanTest@7rkd12.onmicrosoft.com,Bonnie Test,BonnieTest@7rkd12.onmicrosoft.com,,,,Asia-Pacific,Team site (no Microsoft 365 group),1024,0.002,New and existing external users,,Indexed,,,Claimed,2025-04-02 10:39:48,,2025-06-13 09:00:00,2025-12-11 10:48:21,2026-07-29 22:20:04,Invalid,,,ADB - SharePoint Site Renewal,ADB - Allow External Sharing (SharePoint Site),ADB - SharePoint Site storage profile,,,,,,,,,No,Yes,,,,,,,,,,,,CSD,,,,CGAdoption,,,,,,,,,,,,,,,,,,,,,,,,,ada04,
Site,CSD_ada03,,Locked,Locked,Not on hold,https://7rkd12.sharepoint.com/sites/CSD_ada03,88fd61ee-d5b1-41af-ae7a-52ba6be12093,,,,Leila Test,LeilaTest@7rkd12.onmicrosoft.com,Admin ADB;Alex Wilber;Bonnie Test;HazelTest (Inactive);Leah Test;Leila Test;Ryan Test,Admin@7rkd12.onmicrosoft.com;AlexW@7rkd12.onmicrosoft.com;BonnieTest@7rkd12.onmicrosoft.com;HazelTest@7rkd12.onmicrosoft.com;LeahTest@7rkd12.onmicrosoft.com;LeilaTest@7rkd12.onmicrosoft.com;RyanTest@7rkd12.onmicrosoft.com,Bonnie Test,BonnieTest@7rkd12.onmicrosoft.com,,,,Asia-Pacific,Team site (no Microsoft 365 group),40,0.003,New and existing external users,,Indexed,,,Claimed,2025-04-01 11:55:18,,2026-06-10 09:00:00,2026-02-25 18:55:13,2026-07-29 22:20:05,Renewal Overdue,Bonnie Test,BonnieTest@7rkd12.onmicrosoft.com,ADB - SharePoint Site Renewal,ADB - Allow External Sharing (SharePoint Site),ADB - SharePoint Site storage profile,,2026-02-25 18:55:17,,,,,,,Yes,Yes,,,,,,,,,,,,CSD,,,,CGAdoption,,,,,,,,,,,,,,,,,,,,,,,,,ada03,
Site,CSD_ada01,,Locked,Locked,Not on hold,https://7rkd12.sharepoint.com/sites/CSD_ada01,5a21782d-c8c8-449c-af3e-af985b42bdd7,,,,Leila Test,LeilaTest@7rkd12.onmicrosoft.com,Admin ADB;Alex Wilber;Bonnie Test;HazelTest (Inactive);Leah Test;Leila Test;Ryan Test,Admin@7rkd12.onmicrosoft.com;AlexW@7rkd12.onmicrosoft.com;BonnieTest@7rkd12.onmicrosoft.com;HazelTest@7rkd12.onmicrosoft.com;LeahTest@7rkd12.onmicrosoft.com;LeilaTest@7rkd12.onmicrosoft.com;RyanTest@7rkd12.onmicrosoft.com,Bonnie Test,BonnieTest@7rkd12.onmicrosoft.com,,,,Asia-Pacific,Team site (no Microsoft 365 group),40,0.004,New and existing external users,,Indexed,,,Claimed,2025-04-01 10:39:51,,2026-06-10 09:00:00,2026-02-25 18:55:03,2026-07-29 22:19:56,Renewal Overdue,Bonnie Test,BonnieTest@7rkd12.onmicrosoft.com,ADB - SharePoint Site Renewal,ADB - Allow External Sharing (SharePoint Site),ADB - SharePoint Site storage profile,,2026-02-25 18:55:08,,,,,,,Yes,Yes,,,,,,,,,,,,CSD,,,,CGAdoption,,,,,,,,,,,,,,,,,,,,,,,,,ada01,
Site,Deploy CSD_UATTEST_2,,Locked,Locked,Not on hold,https://7rkd12.sharepoint.com/sites/CSD_DeployCSD_UATTEST_2,bb45edb7-636d-4701-b9fe-05391415de08,,,,Leila Test,LeilaTest@7rkd12.onmicrosoft.com,Admin ADB;Alex Wilber;Bonnie Test;HazelTest (Inactive);Leah Test;Leila Test;Ryan Test,Admin@7rkd12.onmicrosoft.com;AlexW@7rkd12.onmicrosoft.com;BonnieTest@7rkd12.onmicrosoft.com;HazelTest@7rkd12.onmicrosoft.com;LeahTest@7rkd12.onmicrosoft.com;LeilaTest@7rkd12.onmicrosoft.com;RyanTest@7rkd12.onmicrosoft.com,Bonnie Test,BonnieTest@7rkd12.onmicrosoft.com,Admin ADB,Admin@7rkd12.onmicrosoft.com,,Asia-Pacific,Team site (no Microsoft 365 group),1024,0.004,New and existing external users,,Indexed,,,Claimed,2025-03-31 18:30:08,,2026-06-10 09:00:00,2025-10-02 16:09:08,2026-07-29 22:20:32,Renewal Overdue,Bonnie Test,BonnieTest@7rkd12.onmicrosoft.com,ADB - SharePoint Site Renewal,ADB - Allow External Sharing (SharePoint Site),ADB - SharePoint Site storage profile,,2025-10-02 16:09:15,,,,,,,Yes,Yes,,,,,,,,,,,,CSD,,,,CGAdoption,,,,,,,,,,,,,,,,,,,,,,,,,Deploy CSD_UATTEST_2,
Site,IT Operations,,Locked,Locked,Not on hold,https://7rkd12.sharepoint.com/sites/CSD_ITOp_1,0fcddb10-02b1-4aaf-809f-bcd1ba5d48da,,,,Leila Test,LeilaTest@7rkd12.onmicrosoft.com,Admin ADB;Alex Wilber;Bonnie Test;HazelTest (Inactive);Leah Test;Leila Test;Ryan Test,Admin@7rkd12.onmicrosoft.com;AlexW@7rkd12.onmicrosoft.com;BonnieTest@7rkd12.onmicrosoft.com;HazelTest@7rkd12.onmicrosoft.com;LeahTest@7rkd12.onmicrosoft.com;LeilaTest@7rkd12.onmicrosoft.com;RyanTest@7rkd12.onmicrosoft.com,ADB DRM Guest,,,,,Asia-Pacific,Team site (no Microsoft 365 group),1024,0.002,Not Allowed,,Indexed,,,Claimed,2025-03-27 12:15:30,,2026-06-10 09:00:00,2025-09-27 22:32:44,2026-07-29 22:19:55,Renewal Overdue,ADB DRM Guest;Bonnie Test,;BonnieTest@7rkd12.onmicrosoft.com,ADB - SharePoint Site Renewal,ADB - Do not allow External Sharing (SharePoint Site),ADB - SharePoint Site storage profile,,2025-09-27 22:32:49,,,2025-03-27 22:32:44,Admin@7rkd12.onmicrosoft.com,Admin ADB,,Yes,No,,,,,,,,,,,,CSD,,,,CGAdoption,,,,,,,,,,,,,,,,,,,,,,,,,IT Op_1,
Site,IT Governance and Compliance,,Locked,Locked,Not on hold,https://7rkd12.sharepoint.com/sites/CSD_IT_Gov-Compl,b236a2b8-10ce-41be-bb6b-fc64d8ad2978,,,,Leila Test,LeilaTest@7rkd12.onmicrosoft.com,Admin ADB;Alex Wilber;Bonnie Test;HazelTest (Inactive);Leah Test;Leila Test;Ryan Test,Admin@7rkd12.onmicrosoft.com;AlexW@7rkd12.onmicrosoft.com;BonnieTest@7rkd12.onmicrosoft.com;HazelTest@7rkd12.onmicrosoft.com;LeahTest@7rkd12.onmicrosoft.com;LeilaTest@7rkd12.onmicrosoft.com;RyanTest@7rkd12.onmicrosoft.com,ADB DRM Guest,,,,,Asia-Pacific,Team site (no Microsoft 365 group),1024,0.004,New and existing external users,,Indexed,,,Claimed,2025-03-27 11:24:30,,2026-06-10 09:00:00,2025-10-08 14:17:14,2026-07-29 22:19:46,Renewal Overdue,Bonnie Test;ADB DRM Guest,BonnieTest@7rkd12.onmicrosoft.com;,ADB - SharePoint Site Renewal,ADB - Allow External Sharing (SharePoint Site),ADB - SharePoint Site storage profile,,2025-10-08 14:17:21,,,,,,,Yes,Yes,,,,,,,,,,,,CSD,,,,CGAdoption,,,,,,,,,,,,,,,,,,,,,,,,,IT_Gov-Compl,
Site,AdministrativeSiteTemplate,,Active,Active,Not on hold,https://7rkd12.sharepoint.com/sites/CSD_leah,2a9fbea8-33b3-4b15-b48f-79c14628fc16,,,,Leila Test,LeilaTest@7rkd12.onmicrosoft.com,Admin ADB;Bonnie Test;HazelTest (Inactive);Leah Test;Leila Test;Ryan Test,Admin@7rkd12.onmicrosoft.com;BonnieTest@7rkd12.onmicrosoft.com;HazelTest@7rkd12.onmicrosoft.com;LeahTest@7rkd12.onmicrosoft.com;LeilaTest@7rkd12.onmicrosoft.com;RyanTest@7rkd12.onmicrosoft.com,Mihal,Mihal@7rkd12.onmicrosoft.com,John Rick D. Navoa,AdaLu@7rkd12.onmicrosoft.com,,Asia-Pacific,Team site (no Microsoft 365 group),40,0.003,New and existing external users,,Not registered,,,Claimed,2025-03-26 17:26:40,,2026-06-11 09:00:00,,2026-07-28 22:34:28,In compliance,,,,,,,,,,,,,,No,,,,,,,,,,,,,,,,,CGAdoption,,,,,,,,,,,,,,,,,,,,,,,,,,
Site,AdministrativeSiteTemplate,,Active,Active,Not on hold,https://7rkd12.sharepoint.com/sites/CSD_TestSite_01,93e21d90-22ac-4ecb-ad37-566f02c0a547,,,,Leila Test,LeilaTest@7rkd12.onmicrosoft.com,Admin ADB;Bonnie Test;Erin Test;HazelTest (Inactive);Leah Test;Leila Test;Ryan Test,Admin@7rkd12.onmicrosoft.com;BonnieTest@7rkd12.onmicrosoft.com;ErinTest@7rkd12.onmicrosoft.com;HazelTest@7rkd12.onmicrosoft.com;LeahTest@7rkd12.onmicrosoft.com;LeilaTest@7rkd12.onmicrosoft.com;RyanTest@7rkd12.onmicrosoft.com,Mihal,Mihal@7rkd12.onmicrosoft.com,John Rick D. Navoa,AdaLu@7rkd12.onmicrosoft.com,,Asia-Pacific,Team site (no Microsoft 365 group),40,0.003,New and existing external users,,Not registered,,,Claimed,2025-03-26 17:26:10,,2026-06-11 09:00:00,,2026-07-28 22:34:44,In compliance,,,,,,,,,,,,,,No,,,,,,,,,,,,,,,,,CGAdoption,,,,,,,,,,,,,,,,,,,,,,,,,,
Site,AdministrativeSiteTemplate,,Active,Active,Not on hold,https://7rkd12.sharepoint.com/sites/CSD_TestSite_Admin_James,a84198a5-b83b-4e0d-9d57-1ac34bc3a9aa,,,,Leila Test,LeilaTest@7rkd12.onmicrosoft.com,Admin ADB;Bonnie Test;HazelTest (Inactive);Leah Test;Leila Test;Ryan Test,Admin@7rkd12.onmicrosoft.com;BonnieTest@7rkd12.onmicrosoft.com;HazelTest@7rkd12.onmicrosoft.com;LeahTest@7rkd12.onmicrosoft.com;LeilaTest@7rkd12.onmicrosoft.com;RyanTest@7rkd12.onmicrosoft.com,Mihal,Mihal@7rkd12.onmicrosoft.com,John Rick D. Navoa,AdaLu@7rkd12.onmicrosoft.com,,Asia-Pacific,Team site (no Microsoft 365 group),40,0.004,New and existing external users,,Not registered,,,Claimed,2025-03-26 12:33:08,,2026-06-11 09:00:00,,2026-07-28 22:41:37,In compliance,,,,,,,,,,,,,,No,,,,,,,,,,,,,,,,,CGAdoption,,,,,,,,,,,,,,,,,,,,,,,,,,
Site,CSD AdminSite Jas,Create SharePoint Site for Testing,Locked,Locked,Not on hold,https://7rkd12.sharepoint.com/sites/CSD_DRM_AdminSite_JP,bd2365bd-ef18-4313-94ef-d2a133e5718b,,,,Leila Test,LeilaTest@7rkd12.onmicrosoft.com,Admin ADB;Alex Wilber;Bonnie Test;HazelTest (Inactive);Leah Test;Leila Test;Ryan Test,Admin@7rkd12.onmicrosoft.com;AlexW@7rkd12.onmicrosoft.com;BonnieTest@7rkd12.onmicrosoft.com;HazelTest@7rkd12.onmicrosoft.com;LeahTest@7rkd12.onmicrosoft.com;LeilaTest@7rkd12.onmicrosoft.com;RyanTest@7rkd12.onmicrosoft.com,ADBDRM Test02,ADBDRMTest02@7rkd12.onmicrosoft.com,ADBDRM Test03,,DRM_HubSite_Jas(Hub Site),Asia-Pacific,Team site (no Microsoft 365 group),1024,0.003,Not Allowed,,Indexed,,,Claimed,2025-03-21 16:49:22,,2026-06-10 09:00:00,2025-09-21 16:58:33,2026-07-29 22:19:53,Renewal Overdue,Bonnie Test;ADBDRM Test03;ADBDRM Test02,BonnieTest@7rkd12.onmicrosoft.com;;ADBDRMTest02@7rkd12.onmicrosoft.com,ADB - SharePoint Site Renewal,ADB - Do not allow External Sharing (SharePoint Site),ADB - SharePoint Site storage profile,,2025-09-21 16:58:39,,,,,,,Yes,No,,,,,,,,,,,,CSD,,,,CGAdoption,,,,,,,,,,,,,,,,,,,,,,,,,DRM_AdminSite_JP,
Site,DorisTEST,,Active,Active,Not on hold,https://7rkd12.sharepoint.com/sites/CWRD_DorisTEST,a15ce286-2a66-478e-a625-6f4e3035184e,,,,Leila Test,LeilaTest@7rkd12.onmicrosoft.com,Admin ADB;Alex Wilber;Bonnie Test;HazelTest (Inactive);Leah Test;Leila Test;Ryan Test,Admin@7rkd12.onmicrosoft.com;AlexW@7rkd12.onmicrosoft.com;BonnieTest@7rkd12.onmicrosoft.com;HazelTest@7rkd12.onmicrosoft.com;LeahTest@7rkd12.onmicrosoft.com;LeilaTest@7rkd12.onmicrosoft.com;RyanTest@7rkd12.onmicrosoft.com,Admin ADB,Admin@7rkd12.onmicrosoft.com,Bonnie Test,BonnieTest@7rkd12.onmicrosoft.com,,Asia-Pacific,Team site (no Microsoft 365 group),40,0.003,New and existing external users,,Indexed,,,Claimed,2025-03-20 17:05:39,,2026-07-10 09:00:00,2027-01-10 09:00:00,2026-07-29 00:23:03,Renewal Pending,Bonnie Test;Admin ADB,BonnieTest@7rkd12.onmicrosoft.com;Admin@7rkd12.onmicrosoft.com,ADB - SharePoint Site Renewal,ADB - Allow External Sharing (SharePoint Site),ADB - SharePoint Site storage profile,,2026-07-30 14:07:40,2026-08-30 14:07:41,,,,,,Yes,Yes,,,,,,,,,,,,CWRD,,,,CGAdoption,,,,,,,,,,,,,,,,,,,,,,,,,DorisTEST,
Site,ADB DRM Demo Test Division Site,ADB DRM Demo Test Division Site,Locked,Locked,Not on hold,https://7rkd12.sharepoint.com/sites/CSD_DemoDivisionSite,dab8dec8-85a0-4293-a34a-03910f4ea595,,,,Leila Test,LeilaTest@7rkd12.onmicrosoft.com,Admin ADB;Alex Wilber;Bonnie Test;HazelTest (Inactive);Leah Test;Leila Test;Ryan Test,Admin@7rkd12.onmicrosoft.com;AlexW@7rkd12.onmicrosoft.com;BonnieTest@7rkd12.onmicrosoft.com;HazelTest@7rkd12.onmicrosoft.com;LeahTest@7rkd12.onmicrosoft.com;LeilaTest@7rkd12.onmicrosoft.com;RyanTest@7rkd12.onmicrosoft.com,Ryan Test,RyanTest@7rkd12.onmicrosoft.com,,,,Asia-Pacific,Team site (no Microsoft 365 group),1024,0.002,New and existing external users,,Indexed,,,Claimed,2025-03-20 12:40:44,,2026-06-10 09:00:00,2025-10-03 18:56:46,2026-07-29 22:20:32,Renewal Overdue,Ryan Test;Bonnie Test,RyanTest@7rkd12.onmicrosoft.com;BonnieTest@7rkd12.onmicrosoft.com,ADB - SharePoint Site Renewal,ADB - Do not allow External Sharing (SharePoint Site),ADB - SharePoint Site storage profile,,2025-10-03 18:56:51,,,,,,,Yes,No,,,,,,,,,,,,CSD,,,,CGAdoption,,,,,,,,,,,,,,,,,,,,,,,,,DemoDivisionSite,
Site, ADB DRM Demo Test People Site 02, ADB DRM Demo Test People Site 02,Locked,Locked,Not on hold,https://7rkd12.sharepoint.com/sites/CSD_DemoPeopleSite02,783f21f2-25aa-4690-8791-d93098ac1c95,,,,Leila Test,LeilaTest@7rkd12.onmicrosoft.com,Admin ADB;Alex Wilber;Bonnie Test;HazelTest (Inactive);Leah Test;Leila Test;Logan Test;Ryan Test,Admin@7rkd12.onmicrosoft.com;AlexW@7rkd12.onmicrosoft.com;BonnieTest@7rkd12.onmicrosoft.com;HazelTest@7rkd12.onmicrosoft.com;LeahTest@7rkd12.onmicrosoft.com;LeilaTest@7rkd12.onmicrosoft.com;LoganTest@7rkd12.onmicrosoft.com;RyanTest@7rkd12.onmicrosoft.com,ADBDRM Test02,ADBDRMTest02@7rkd12.onmicrosoft.com,,,,Asia-Pacific,Team site (no Microsoft 365 group),1024,0.003,Not Allowed,,Indexed,,,Claimed,2025-03-20 12:34:54,,2026-06-10 09:00:00,2025-09-23 16:29:16,2026-07-29 22:19:53,Renewal Overdue,Bonnie Test;ADBDRM Test02,BonnieTest@7rkd12.onmicrosoft.com;ADBDRMTest02@7rkd12.onmicrosoft.com,ADB - SharePoint Site Renewal,ADB - Do not allow External Sharing (SharePoint Site),ADB - SharePoint Site storage profile,,2025-09-23 16:29:23,,,,,,,Yes,No,,,,,,,,,,,,CSD,,,,CGAdoption,,,,,,,,,,,,,,,,,,,,,,,,, DemoPeopleSite02,
Site, ADB DRM Demo Test Admin Site 02, ADB DRM Demo Test Admin Site 02,Locked,Locked,Not on hold,https://7rkd12.sharepoint.com/sites/CSD_DemoAdminSite02,cc8a7296-9513-4d94-8a9b-059af31f61dc,,,,Leila Test,LeilaTest@7rkd12.onmicrosoft.com,Admin ADB;Alex Wilber;Bonnie Test;HazelTest (Inactive);Leah Test;Leila Test;Logan Test;Ryan Test,Admin@7rkd12.onmicrosoft.com;AlexW@7rkd12.onmicrosoft.com;BonnieTest@7rkd12.onmicrosoft.com;HazelTest@7rkd12.onmicrosoft.com;LeahTest@7rkd12.onmicrosoft.com;LeilaTest@7rkd12.onmicrosoft.com;LoganTest@7rkd12.onmicrosoft.com;RyanTest@7rkd12.onmicrosoft.com,ADBDRM Test06,ADBDRMTest06@7rkd12.onmicrosoft.com,,,,Asia-Pacific,Team site (no Microsoft 365 group),1024,0.008,Not Allowed,,Indexed,,,Claimed,2025-03-20 12:22:12,,2026-06-10 09:00:00,2025-09-24 20:14:06,2026-07-29 22:20:31,Renewal Overdue,ADBDRM Test06;Bonnie Test,ADBDRMTest06@7rkd12.onmicrosoft.com;BonnieTest@7rkd12.onmicrosoft.com,ADB - SharePoint Site Renewal,ADB - Do not allow External Sharing (SharePoint Site),ADB - SharePoint Site storage profile,,2025-09-24 20:14:13,,,,,,,Yes,No,,,,,,,,,,,,CSD,,,,CGAdoption,,,,,,,,,,,,,,,,,,,,,,,,, DemoAdminSite02,
Site,ADB DRM Demo Test People Site,ADB DRM Demo Test People Site,Locked,Locked,Not on hold,https://7rkd12.sharepoint.com/sites/CSD_DemoPeopleSite,ee86fee5-d1b5-46ba-9d3f-a96623f8e40f,,,,Leila Test,LeilaTest@7rkd12.onmicrosoft.com,Admin ADB;Alex Wilber;Bonnie Test;Leah Test;Leila Test;Logan Test;Ryan Test,Admin@7rkd12.onmicrosoft.com;AlexW@7rkd12.onmicrosoft.com;BonnieTest@7rkd12.onmicrosoft.com;LeahTest@7rkd12.onmicrosoft.com;LeilaTest@7rkd12.onmicrosoft.com;LoganTest@7rkd12.onmicrosoft.com;RyanTest@7rkd12.onmicrosoft.com,ADBDRM Test07,,,,,Asia-Pacific,Team site (no Microsoft 365 group),1024,0.005,New and existing external users,,Indexed,,,Claimed,2025-03-19 17:50:40,,2026-06-10 09:00:00,2025-10-26 11:20:35,2026-07-29 22:19:56,Renewal Overdue,Bonnie Test;ADBDRM Test07,BonnieTest@7rkd12.onmicrosoft.com;,ADB - SharePoint Site Renewal,ADB - Do not allow External Sharing (SharePoint Site),ADB - SharePoint Site storage profile,,2025-10-26 11:20:41,,,,,,,Yes,No,,,,,,,,,,,,CSD,,,,CGAdoption,,,,,,,,,,,,,,,,,,,,,,,,,DemoPeopleSite,
Site,ADB DRM Demo Test Admin Site,ADB DRM Demo Test Admin Site,Locked,Locked,Not on hold,https://7rkd12.sharepoint.com/sites/CSD_DemoAdminSite,6fc3db2b-8910-4e3f-9a1f-2659a4415627,,,,Leila Test,LeilaTest@7rkd12.onmicrosoft.com,Admin ADB;Alex Test;Alex Wilber;Bonnie Test;Leila Test;Logan Test,Admin@7rkd12.onmicrosoft.com;AlexTest@7rkd12.onmicrosoft.com;AlexW@7rkd12.onmicrosoft.com;BonnieTest@7rkd12.onmicrosoft.com;LeilaTest@7rkd12.onmicrosoft.com;LoganTest@7rkd12.onmicrosoft.com,ADBDRM Test01,ADBDRMTest01@7rkd12.onmicrosoft.com,,,,Asia-Pacific,Team site (no Microsoft 365 group),1024,0.025,New and existing external users,,Indexed,,,Claimed,2025-03-19 17:48:03,,2026-06-10 09:00:00,2025-10-24 12:35:49,2026-07-29 22:20:26,Renewal Overdue,Bonnie Test;ADBDRM Test01,BonnieTest@7rkd12.onmicrosoft.com;ADBDRMTest01@7rkd12.onmicrosoft.com,ADB - SharePoint Site Renewal,ADB - Do not allow External Sharing (SharePoint Site),ADB - SharePoint Site storage profile,,2025-10-24 12:35:55,,,,,,,Yes,No,,,,,,,,,,,,CSD,,,,CGAdoption,,,,,,,,,,,,,,,,,,,,,,,,,DemoAdminSite,
Site,RyanTest250302,,Locked,Locked,Not on hold,https://7rkd12.sharepoint.com/sites/CSD_RyanTest250302,9eafcd7b-b1e1-4f85-88d6-30e9c89f8a6f,,,,Leila Test,LeilaTest@7rkd12.onmicrosoft.com,Admin ADB;Alex Wilber;Bonnie Test;Leila Test;Logan Test,Admin@7rkd12.onmicrosoft.com;AlexW@7rkd12.onmicrosoft.com;BonnieTest@7rkd12.onmicrosoft.com;LeilaTest@7rkd12.onmicrosoft.com;LoganTest@7rkd12.onmicrosoft.com,Ryan Test,RyanTest@7rkd12.onmicrosoft.com,,,,Asia-Pacific,Team site (no Microsoft 365 group),1024,0.004,New and existing external users,,Indexed,,,Claimed,2025-03-18 17:46:33,,2026-06-10 09:00:00,2026-01-22 12:00:19,2026-07-29 22:20:25,Renewal Overdue,Ryan Test;Bonnie Test,RyanTest@7rkd12.onmicrosoft.com;BonnieTest@7rkd12.onmicrosoft.com,ADB - SharePoint Site Renewal,ADB - Do not allow External Sharing (SharePoint Site),ADB - SharePoint Site storage profile,,2026-01-22 12:00:27,,,,,,,Yes,No,,,,,,,,,,,,CSD,,,,CGAdoption,,,,,,,,,,,,,,,,,,,,,,,,,RyanTest250302,
Site,RyanTest250301,,Locked,Locked,Not on hold,https://7rkd12.sharepoint.com/sites/CSD_RyanTest250301,099733fc-a252-49fc-8b76-0528f92caf3d,,,,Leila Test,LeilaTest@7rkd12.onmicrosoft.com,Admin ADB;Alex Wilber;Bonnie Test;Leila Test,Admin@7rkd12.onmicrosoft.com;AlexW@7rkd12.onmicrosoft.com;BonnieTest@7rkd12.onmicrosoft.com;LeilaTest@7rkd12.onmicrosoft.com,Leah Test,LeahTest@7rkd12.onmicrosoft.com,,,,Asia-Pacific,Team site (no Microsoft 365 group),1024,0.002,Existing external users,,Indexed,,,Claimed,2025-03-18 15:31:38,,2026-06-10 09:00:00,2025-09-18 15:39:54,2026-07-29 22:20:32,Renewal Overdue,Bonnie Test;Leah Test,BonnieTest@7rkd12.onmicrosoft.com;LeahTest@7rkd12.onmicrosoft.com,ADB - SharePoint Site Renewal,ADB - Allow External Sharing (SharePoint Site),ADB - SharePoint Site storage profile,,2025-09-18 15:39:57,,,,,,,Yes,Yes,,,,,,,,,,,,CSD,,,,CGAdoption,,,,,,,,,,,,,,,,,,,,,,,,,RyanTest250301,
Site,apptest,,Locked,Locked,Not on hold,https://7rkd12.sharepoint.com/sites/SARD_apptest,1f1ef48a-974d-4586-9f97-1e507e4354eb,,,,Leila Test,LeilaTest@7rkd12.onmicrosoft.com,Admin ADB;Alex Test;Alex Wilber;Bonnie Test;Leila Test,Admin@7rkd12.onmicrosoft.com;AlexTest@7rkd12.onmicrosoft.com;AlexW@7rkd12.onmicrosoft.com;BonnieTest@7rkd12.onmicrosoft.com;LeilaTest@7rkd12.onmicrosoft.com,Alex Wilber,AlexW@7rkd12.onmicrosoft.com,,,,Asia-Pacific,Team site (no Microsoft 365 group),1024,0.003,New and existing external users,,Indexed,,,Claimed,2025-03-17 17:46:40,,2026-06-10 09:00:00,2025-12-10 21:50:10,2026-07-29 22:20:28,Renewal Overdue,Alex Wilber;Bonnie Test,AlexW@7rkd12.onmicrosoft.com;BonnieTest@7rkd12.onmicrosoft.com,ADB - SharePoint Site Renewal,ADB - Allow External Sharing (SharePoint Site),ADB - SharePoint Site storage profile,,2025-12-10 21:50:16,,,,,,,Yes,Yes,,,,,,,,,,,,SARD,,,,CGAdoption,,,,,,,,,,,,,,,,,,,,,,,,,apptest,
Site,test01,,Locked,Locked,Not on hold,https://7rkd12.sharepoint.com/sites/CSD_test01,c8b8c55e-4b5f-4fb3-907a-ac4d3e8d0031,,,,Bonnie Test,BonnieTest@7rkd12.onmicrosoft.com,Admin ADB;Alex Wilber;Bonnie Test,Admin@7rkd12.onmicrosoft.com;AlexW@7rkd12.onmicrosoft.com;BonnieTest@7rkd12.onmicrosoft.com,Alex Wilber,AlexW@7rkd12.onmicrosoft.com,Adele Vance,AdeleV@7rkd12.onmicrosoft.com,,Asia-Pacific,Team site (no Microsoft 365 group),1024,0.002,Existing external users,,Indexed,,,Claimed,2025-03-16 19:29:17,,2026-06-10 09:00:00,,2026-07-29 22:19:56,In compliance,,,ADB - SharePoint Site Renewal,ADB - Allow External Sharing (SharePoint Site),ADB - SharePoint Site storage profile,,,,,,,,,No,Yes,,,,,,,,,,,,CSD,,,,CGAdoption,,,,,,,,,,,,,,,,,,,,,,,,,test01,
Site,UAT-Empty,,Locked,Locked,Not on hold,https://7rkd12.sharepoint.com/sites/CSD_UAT-Empty,b95d82d7-983f-40da-8071-e85fbd587036,,,,Bonnie Test,BonnieTest@7rkd12.onmicrosoft.com,Alex Wilber;Bonnie Test,AlexW@7rkd12.onmicrosoft.com;BonnieTest@7rkd12.onmicrosoft.com,Alex Wilber,AlexW@7rkd12.onmicrosoft.com,,,UATTEST1,Asia-Pacific,Team site (no Microsoft 365 group),1024,0.002,Existing external users,,Indexed,,,Claimed,2025-03-16 19:03:39,,2026-06-10 09:00:00,2025-09-16 19:10:22,2026-07-29 22:19:50,Renewal Overdue,Bonnie Test;Alex Wilber,BonnieTest@7rkd12.onmicrosoft.com;AlexW@7rkd12.onmicrosoft.com,ADB - SharePoint Site Renewal,ADB - Allow External Sharing (SharePoint Site),ADB - SharePoint Site storage profile,,2025-09-16 19:10:24,,,,,,,Yes,Yes,,,,,,,,,,,,CSD,,,,CGAdoption,,,,,,,,,,,,,,,,,,,,,,,,,UAT-Empty,
Site,UATTEST1,,Locked,Locked,Not on hold,https://7rkd12.sharepoint.com/sites/CSD_UATTEST1,c2b9e8a8-7dd8-42d6-b0ec-9bc00e6e9eec,,,,Bonnie Test,BonnieTest@7rkd12.onmicrosoft.com,Alex Wilber;Bonnie Test,AlexW@7rkd12.onmicrosoft.com;BonnieTest@7rkd12.onmicrosoft.com,Admin ADB,Admin@7rkd12.onmicrosoft.com,,,UATTEST1(Hub Site),Asia-Pacific,Team site (no Microsoft 365 group),1024,0.002,Existing external users,,Indexed,,,Claimed,2025-03-16 19:03:17,,2026-06-10 09:00:00,2025-09-16 19:09:46,2026-07-29 22:19:57,Renewal Overdue,Bonnie Test,BonnieTest@7rkd12.onmicrosoft.com,ADB - SharePoint Site Renewal,ADB - Allow External Sharing (SharePoint Site),ADB - SharePoint Site storage profile,,2025-09-16 19:09:53,,,,,,,Yes,Yes,,,,,,,,,,,,CSD,,,,CGAdoption,,,,,,,,,,,,,,,,,,,,,,,,,UATTEST1,
Site,UATTEST,,Locked,Locked,Not on hold,https://7rkd12.sharepoint.com/sites/CSD_UATTEST_2,2c132093-f421-4a42-9cdf-25bd1595d643,,,,Admin ADB,Admin@7rkd12.onmicrosoft.com,Adele Vance;Admin ADB;Alex Wilber;Bonnie Test,AdeleV@7rkd12.onmicrosoft.com;Admin@7rkd12.onmicrosoft.com;AlexW@7rkd12.onmicrosoft.com;BonnieTest@7rkd12.onmicrosoft.com,Admin ADB,Admin@7rkd12.onmicrosoft.com,,,,Asia-Pacific,Team site (no Microsoft 365 group),1024,0.006,Existing external users,,Not registered,,,Failed,2025-03-14 15:14:50,,2026-04-30 09:00:00,,2026-07-29 22:20:27,Invalid,,,,ADB - Allow External Sharing (SharePoint Site),,,,,,,,,,No,,,,,,,,,,,,,,CSD,,,,,,,UATTEST,,,,,,,,,,,,,,,,,,,,,,
Site,AdministrativeSiteTemplate,,Active,Active,Not on hold,https://7rkd12.sharepoint.com/sites/CSD_AdministrativeSiteTemplate_3,109a957a-4ba6-499b-a146-9c23bb909a73,,,,Admin ADB,Admin@7rkd12.onmicrosoft.com,Admin ADB;Alex Wilber,Admin@7rkd12.onmicrosoft.com;AlexW@7rkd12.onmicrosoft.com,Admin ADB,Admin@7rkd12.onmicrosoft.com,,,,Asia-Pacific,Team site (no Microsoft 365 group),40,0.003,New and existing external users,,Not registered,,,Claimed,2025-03-14 12:09:44,,2026-05-08 11:30:27,,2026-07-28 22:32:04,In compliance,,,,ADB - Allow External Sharing (SharePoint Site),,,,,,,,,,No,,,,,,,,,,,,,,CSD,,,,,,,AdministrativeSiteTemplate,,,,,,,,,,,,,,,,,,,,,,
Site,BlankSiteTemplate,,Active,Active,Not on hold,https://7rkd12.sharepoint.com/sites/CSD_BlankSiteTemplate_3,ee3b576e-c2ad-4938-a50c-be435e0db687,,,,Admin ADB,Admin@7rkd12.onmicrosoft.com,Admin ADB;Alex Wilber;Bonnie Test,Admin@7rkd12.onmicrosoft.com;AlexW@7rkd12.onmicrosoft.com;BonnieTest@7rkd12.onmicrosoft.com,Admin ADB,Admin@7rkd12.onmicrosoft.com,,,,Asia-Pacific,Team site (no Microsoft 365 group),40,0.002,New and existing external users,,Not registered,,,Claimed,2025-03-14 12:09:25,,2025-06-11 09:00:00,,2026-07-28 22:29:38,In compliance,,,,ADB - Allow External Sharing (SharePoint Site),,,,,,,,,,No,,,,,,,,,,,,,,CSD,,,,,,,BlankSiteTemplate,,,,,,,,,,,,,,,,,,,,,,
Site,PeopleManagementSiteTemplate,,Active,Active,Not on hold,https://7rkd12.sharepoint.com/sites/CSD_PeopleManagementSiteTemplate_3,a1cfd593-c0a1-4d34-a870-3f0213a6cfef,,,,Admin ADB,Admin@7rkd12.onmicrosoft.com,Adele Vance;Admin ADB;Alex Wilber;Bonnie Test,AdeleV@7rkd12.onmicrosoft.com;Admin@7rkd12.onmicrosoft.com;AlexW@7rkd12.onmicrosoft.com;BonnieTest@7rkd12.onmicrosoft.com,Admin ADB,Admin@7rkd12.onmicrosoft.com,,,,Asia-Pacific,Team site (no Microsoft 365 group),40,0.003,New and existing external users,,Not registered,,,Claimed,2025-03-14 12:09:21,,2025-07-16 09:00:00,,2026-07-28 22:37:01,In compliance,,,,ADB - Allow External Sharing (SharePoint Site),,,,,,,,,,No,,,,,,,,,,,,,,CSD,,,,,,,PeopleManagementSiteTemplate,,,,,,,,,,,,,,,,,,,,,,
Site,CSD_00A,,Active,Active,Not on hold,https://7rkd12.sharepoint.com/sites/CSD_00A_2,038ec509-7fd8-454b-93cf-cb7aec3cc186,,,,Admin ADB,Admin@7rkd12.onmicrosoft.com,Admin ADB;Alex Wilber,Admin@7rkd12.onmicrosoft.com;AlexW@7rkd12.onmicrosoft.com,Bonnie Test,BonnieTest@7rkd12.onmicrosoft.com,Admin ADB,Admin@7rkd12.onmicrosoft.com,,Asia-Pacific,Team site (no Microsoft 365 group),40,0.004,New and existing external users,,Not registered,,,Claimed,2025-03-06 17:02:42,,2026-06-11 09:00:00,,2026-07-29 22:28:36,In compliance,,,,ADB - Allow External Sharing (SharePoint Site),,,,,,,,,,No,,,,,,,,,,,,,,CSD,,,CGAdoption,,,,00A,,,,,,,,,,,,,,,,,,,,,,
Site,manage filesedit,,Active,Active,Not on hold,https://7rkd12.sharepoint.com/sites/CSD_managefiles_3,7fadbef2-fea0-43cc-9b5c-934a27054f15,,,,Admin ADB,Admin@7rkd12.onmicrosoft.com,Admin ADB;Alex Wilber,Admin@7rkd12.onmicrosoft.com;AlexW@7rkd12.onmicrosoft.com,Bonnie Test,BonnieTest@7rkd12.onmicrosoft.com,Admin ADB,Admin@7rkd12.onmicrosoft.com,,Asia-Pacific,Team site (no Microsoft 365 group),40,0.005,New and existing external users,,Not registered,,,Claimed,2025-01-21 20:33:17,,2026-06-11 09:00:00,,2026-07-28 22:32:04,In compliance,,,,ADB - Allow External Sharing (SharePoint Site),,,,,,,,,,No,,,,,,,,,,,,,,CSD,,,CGAdoption,,,,manage files,,,,,,,,,,,,,,,,,,,,,,
Site,manage files2edit,,Active,Active,Not on hold,https://7rkd12.sharepoint.com/sites/CSD_managefiles_2,aada76bf-57c9-44fa-9e6a-42c62ac0bf0a,,,,Admin ADB,Admin@7rkd12.onmicrosoft.com,Admin ADB;Alex Wilber,Admin@7rkd12.onmicrosoft.com;AlexW@7rkd12.onmicrosoft.com,Bonnie Test,BonnieTest@7rkd12.onmicrosoft.com,Admin ADB,Admin@7rkd12.onmicrosoft.com,,Asia-Pacific,Team site (no Microsoft 365 group),40,0.002,New and existing external users,,Not registered,,,Claimed,2025-01-21 20:26:21,,2026-06-11 09:00:00,,2026-07-28 22:36:58,In compliance,,,,ADB - Allow External Sharing (SharePoint Site),,,,,,,,,,No,,,,,,,,,,,,,,CSD,,,CGAdoption,,,,manage files,,,,,,,,,,,,,,,,,,,"1. manage design document for CSD 
2. manage use case excel",,,
Site,Test02,,Active,Active,Not on hold,https://7rkd12.sharepoint.com/sites/CSD_Test02_2,5b2d7167-42b7-4ebc-8b8e-8f9a490085d3,,,,Admin ADB,Admin@7rkd12.onmicrosoft.com,Admin ADB;Alex Wilber,Admin@7rkd12.onmicrosoft.com;AlexW@7rkd12.onmicrosoft.com,Bonnie Test,BonnieTest@7rkd12.onmicrosoft.com,Admin ADB,Admin@7rkd12.onmicrosoft.com,,Asia-Pacific,Team site (no Microsoft 365 group),40,0.002,New and existing external users,,Not registered,,,Claimed,2025-01-15 12:59:46,,2026-06-11 09:00:00,,2026-07-28 22:32:07,In compliance,,,,ADB - Allow External Sharing (SharePoint Site),,,,,,,,,,No,,,,,,,,,,,,,,CSD,,,CGAdoption,,,,Test02,,,,,,,,,,,,,,,,,,,,,,
Site,TestSC01,,Active,Active,Not on hold,https://7rkd12.sharepoint.com/sites/CSD_Site01_2,64b8107f-8daf-4e63-8a2a-186435e8aa2f,,,,Mihal,Mihal@7rkd12.onmicrosoft.com,Admin ADB;Alex Wilber;Mihal,Admin@7rkd12.onmicrosoft.com;AlexW@7rkd12.onmicrosoft.com;Mihal@7rkd12.onmicrosoft.com,Bonnie Test,BonnieTest@7rkd12.onmicrosoft.com,Admin ADB,Admin@7rkd12.onmicrosoft.com,,Asia-Pacific,Team site (no Microsoft 365 group),40,0.002,New and existing external users,,Not registered,,,Claimed,2025-01-15 12:53:09,,2026-06-11 09:00:00,,2026-07-28 22:41:39,In compliance,,,,ADB - Allow External Sharing (SharePoint Site),,,,,,,,,,No,,,,,,,,,,,,,,CSD,,,CGAdoption,,,,Site01,,,,,,,,,,,,,,,,,,,,,,
Site,A01,,Active,Active,Not on hold,https://7rkd12.sharepoint.com/sites/CSD_Site01,5909d971-9d93-4035-a204-8cb2bbc18e70,,,,Admin ADB,Admin@7rkd12.onmicrosoft.com,Admin ADB;Alex Wilber,Admin@7rkd12.onmicrosoft.com;AlexW@7rkd12.onmicrosoft.com,Bonnie Test,BonnieTest@7rkd12.onmicrosoft.com,Admin ADB,Admin@7rkd12.onmicrosoft.com,ADB-CommonUse,Asia-Pacific,Team site (no Microsoft 365 group),40,0.011,New and existing external users,,Not registered,,,Claimed,2025-01-10 14:45:25,,2026-06-12 10:41:09,,2026-07-28 22:34:13,In compliance,,,,ADB - Allow External Sharing (SharePoint Site),,,,,,,,,,No,,,,,,,,,,,,,,CSD,,,CGAdoption,,,,Site01,,,,,,,,,,,,,,,,,,,,,,
Site,001,,Archived,Deleted,Not on hold,https://7rkd12.sharepoint.com/sites/001,dceb3ad9-58e0-4dbb-8945-52b9d8c85af9,,,,Bonnie Test,BonnieTest@7rkd12.onmicrosoft.com,Bonnie Test,BonnieTest@7rkd12.onmicrosoft.com,Bonnie Test,BonnieTest@7rkd12.onmicrosoft.com,,,,Asia-Pacific,Team site (no Microsoft 365 group),1024,0.002,Not Allowed,,Not registered,,,Failed,2025-01-10 11:54:22,,2025-01-10 11:54:33,,2025-05-15 01:17:27,Invalid,,,,ADB - Do not allow External Sharing (SharePoint Site),,,,,,,,,,No,,,,,,,,,,,,,,,,,,,,,,,,,,,,,,,,,,,,,,,,,,,
Site,ASD,,Active,Active,Not on hold,https://7rkd12.sharepoint.com/sites/ASD,4123aaf0-7c68-409b-b9a7-bbec338fd92b,,,,Alex Wilber,AlexW@7rkd12.onmicrosoft.com,Admin ADB;Alex Wilber;Mihal,Admin@7rkd12.onmicrosoft.com;AlexW@7rkd12.onmicrosoft.com;Mihal@7rkd12.onmicrosoft.com,Bonnie Test,BonnieTest@7rkd12.onmicrosoft.com,Admin ADB,Admin@7rkd12.onmicrosoft.com,,Asia-Pacific,Team site (no Microsoft 365 group),40,0.002,New and existing external users,,Not registered,,,Claimed,2025-01-10 11:39:06,,2026-06-11 09:00:00,,2026-07-28 22:29:39,In compliance,,,,ADB - Do not allow External Sharing (SharePoint Site),,,,,,,,,,No,,,,,,,,,,,,,,,,,CGAdoption,,,,,,,,,,,,,,,,,,,,,,,,,,
Site,CSD_Site,,Active,Active,Not on hold,https://7rkd12.sharepoint.com/sites/CSD_Site,6cf5da2e-e653-4bbf-a028-1c479ded2f8c,,,,Admin ADB,Admin@7rkd12.onmicrosoft.com,Admin ADB;Alex Wilber;Erin Test,Admin@7rkd12.onmicrosoft.com;AlexW@7rkd12.onmicrosoft.com;ErinTest@7rkd12.onmicrosoft.com,Bonnie Test,BonnieTest@7rkd12.onmicrosoft.com,Admin ADB,Admin@7rkd12.onmicrosoft.com,CSD Hub Site,Asia-Pacific,Team site (no Microsoft 365 group),40,0.095,Anyone,,Not registered,,,Claimed,2025-01-10 11:16:57,,2026-06-11 09:00:00,,2026-07-28 22:39:34,In compliance,,,,ADB - Allow External Sharing (SharePoint Site),,,,,,,,,,No,,,,,,,,,,,,,,,,,CGAdoption,,,,,,,,,,,,,,,,,,,,,,,,,,
Site,[TEST] DRM Backend Site,,Active,Active,Not on hold,https://7rkd12.sharepoint.com/sites/csd_000008,b9f0d5f0-f03d-4446-a69b-88b365087983,,,,Admin ADB,Admin@7rkd12.onmicrosoft.com,Admin ADB;Alex Wilber;ITAdmin1;ITAdmin2;Leila Test;Mihal,Admin@7rkd12.onmicrosoft.com;AlexW@7rkd12.onmicrosoft.com;;LeilaTest@7rkd12.onmicrosoft.com;Mihal@7rkd12.onmicrosoft.com,Bonnie Test,BonnieTest@7rkd12.onmicrosoft.com,Admin ADB,Admin@7rkd12.onmicrosoft.com,CSD Hub Site,Asia-Pacific,Team site (no Microsoft 365 group),40,0.080,New and existing external users,,Indexed,,,Claimed,2025-01-06 10:50:10,,2026-06-11 09:00:00,2026-06-12 09:00:00,2026-07-28 22:34:18,Renewal Overdue,Bonnie Test,BonnieTest@7rkd12.onmicrosoft.com,CSD Site Renewal,ADB - Do not allow External Sharing (SharePoint Site),ADB Department Site Storage,,2026-05-04 16:59:13,,,,,,,Yes,,,,,,,,,,,,,,CSD,,,CGAdoption,,,,,,,,,,,,,,,,,,Bonnie Test,BonnieTest@7rkd12.onmicrosoft.com,,,,,,,
Site,PRJ_S_DPM,,Active,Active,Not on hold,https://7rkd12.sharepoint.com/sites/PRJ_S_DPM,aaaeff4c-463e-4f91-9efc-caed42087c79,,,2024-SP-AllowExt,Admin ADB,Admin@7rkd12.onmicrosoft.com,Admin ADB,Admin@7rkd12.onmicrosoft.com,Bonnie Test,BonnieTest@7rkd12.onmicrosoft.com,Admin ADB,Admin@7rkd12.onmicrosoft.com,,Asia-Pacific,Team site (no Microsoft 365 group),40,0.077,New and existing external users,,Indexed,,,Claimed,2025-01-06 10:03:28,2025-04-16 10:03:28,2026-06-11 09:00:00,2026-09-11 09:00:00,2026-07-29 22:30:43,Renewal Overdue,Admin ADB;CITest11;CITest110;CITest109;Adele Vance,Admin@7rkd12.onmicrosoft.com;;AdeleV@7rkd12.onmicrosoft.com,New-Site Collection Renewal,,,,2026-07-01 10:13:36,,2026-10-01,2025-12-07 19:38:08,BonnieTest@7rkd12.onmicrosoft.com,Bonnie Test,,Yes,,,,,,,,Sovereign Operations Projects,,,,,,,,,CGAdoption,,,Yes,,,,,,,,,,,,Bonnie Test,BonnieTest@7rkd12.onmicrosoft.com,,,,,,,,,,
Microsoft Team,testa,testa,Active,Active,Not on hold,https://7rkd12.sharepoint.com/sites/testa,7538daa7-0cc1-4f2b-9f20-be1cb964b2f0,testa@7rkd12.onmicrosoft.com,Public,,Adele Vance;Admin ADB;Bonnie Test,AdeleV@7rkd12.onmicrosoft.com;Admin@7rkd12.onmicrosoft.com;BonnieTest@7rkd12.onmicrosoft.com,,,Bonnie Test,BonnieTest@7rkd12.onmicrosoft.com,Adele Vance,AdeleV@7rkd12.onmicrosoft.com,,,Team site,25600,0.002,New and existing external users,On,Not registered,,,Claimed,2024-12-27 11:16:29,,2026-04-24 09:00:00,,2026-08-14 14:17:45,In compliance,,,,,,,,,,,,,Manually assigned,No,,,,,,,,,,,,,,,,,,,,,,,,,,,,,,,,,,,,,,,,,,,
Site,CSD_BonnieTest1223-1,,Active,Active,Not on hold,https://7rkd12.sharepoint.com/sites/csd_000007,21893160-06ac-4607-a7d2-9f2d73082f15,,,,ITAdmin1,,Admin ADB;Alex Wilber;ITAdmin1;ITAdmin2;Mihal,Admin@7rkd12.onmicrosoft.com;AlexW@7rkd12.onmicrosoft.com;;Mihal@7rkd12.onmicrosoft.com,Bonnie Test,BonnieTest@7rkd12.onmicrosoft.com,Admin ADB,Admin@7rkd12.onmicrosoft.com,CSD Hub Site,Asia-Pacific,Team site (no Microsoft 365 group),40,0.002,New and existing external users,,Indexed,,,Claimed,2024-12-23 16:07:51,,2026-06-11 09:00:00,2026-06-12 09:00:00,2026-07-28 22:31:59,Renewal Overdue,Bonnie Test,BonnieTest@7rkd12.onmicrosoft.com,CSD Site Renewal,ADB - Do not allow External Sharing (SharePoint Site),ADB Department Site Storage,,2026-05-04 16:59:37,,,,,,,Yes,,,,,,,,,,,,,,CSD,,,CGAdoption,,,,,,,,,,,,,,,,,,,,,,,,,,
Site,[TEST] CSD Team Site,,Active,Active,Not on hold,https://7rkd12.sharepoint.com/sites/csd_000006,094d65d7-bd44-406c-8770-c0cde9d0ee00,,,,Admin ADB,Admin@7rkd12.onmicrosoft.com,ADB Test;Adele Vance;Admin ADB;Alex Test;Alex Wilber;Bonnie Test;CITest124;Erin Test;ITAdmin1;ITAdmin2;Leila Test,ADBTest@7rkd12.onmicrosoft.com;AdeleV@7rkd12.onmicrosoft.com;Admin@7rkd12.onmicrosoft.com;AlexTest@7rkd12.onmicrosoft.com;AlexW@7rkd12.onmicrosoft.com;BonnieTest@7rkd12.onmicrosoft.com;Opus-CSD@7rkd12.onmicrosoft.com;ErinTest@7rkd12.onmicrosoft.com;;LeilaTest@7rkd12.onmicrosoft.com,Admin ADB,Admin@7rkd12.onmicrosoft.com,Bonnie Test,BonnieTest@7rkd12.onmicrosoft.com,CSD Hub Site,Asia-Pacific,Team site (no Microsoft 365 group),40,0.034,New and existing external users,,Indexed,,,Claimed,2024-12-05 12:35:03,,2026-07-01 11:53:51,2026-07-02 11:53:51,2026-07-28 22:29:35,Renewal Overdue,Bonnie Test,BonnieTest@7rkd12.onmicrosoft.com,CSD Site Renewal,ADB wide,ADB Department Site Storage,,2024-12-06 12:42:07,,2026-12-01,,,,,Yes,,,,,,,,,,,,,,CSD,,,,,,,,,,,,,,,,,,,,,Bonnie Test,BonnieTest@7rkd12.onmicrosoft.com,,,,,,,
Site,CSD_Test Site 1,,Active,Active,Not on hold,https://7rkd12.sharepoint.com/sites/csd_000005,64ba75ee-eff7-40e2-95e5-2fa6f384b471,,,,Admin ADB,Admin@7rkd12.onmicrosoft.com,Admin ADB;Alex Wilber;Erin Test;ITAdmin1;ITAdmin2,Admin@7rkd12.onmicrosoft.com;AlexW@7rkd12.onmicrosoft.com;ErinTest@7rkd12.onmicrosoft.com;,Bonnie Test,BonnieTest@7rkd12.onmicrosoft.com,,,CSD Hub Site,Asia-Pacific,Team site (no Microsoft 365 group),40,0.014,New and existing external users,,Indexed,,,Claimed,2024-12-03 16:38:32,,2025-11-24 09:00:00,2025-11-25 09:00:00,2026-07-28 22:37:11,Renewal Overdue,Bonnie Test,BonnieTest@7rkd12.onmicrosoft.com,CSD Site Renewal,ADB wide,ADB Department Site Storage,,2024-12-06 18:52:01,,2026-12-01,,,,,Yes,,,,,,,,,,,,,,CSD,,,,,,,,,,,,,,,,,,,,,Bonnie Test,BonnieTest@7rkd12.onmicrosoft.com,,,,,,,
Site,CSD_DT01,,Active,Active,Not on hold,https://7rkd12.sharepoint.com/sites/csd_000004,23948f2f-8dd2-4a0f-866a-2554b6f1a144,,,,Admin ADB,Admin@7rkd12.onmicrosoft.com,Admin ADB;Alex Wilber;ITAdmin1;ITAdmin2;Leila Test,Admin@7rkd12.onmicrosoft.com;AlexW@7rkd12.onmicrosoft.com;;LeilaTest@7rkd12.onmicrosoft.com,Admin ADB,Admin@7rkd12.onmicrosoft.com,,,CSD Hub Site,Asia-Pacific,Team site (no Microsoft 365 group),40,0.005,New and existing external users,,Indexed,,,Claimed,2024-12-02 15:27:16,,2026-06-12 09:00:00,2026-06-13 09:00:00,2026-07-28 22:39:25,Renewal Overdue,Bonnie Test,BonnieTest@7rkd12.onmicrosoft.com,CSD Site Renewal,ADB wide,ADB Department Site Storage,,2024-12-04 15:31:21,,2026-12-01,,,,,Yes,,,,,,,,,,,,,,CSD,,,,,,,,,,,,,,,,,,,,,Alex Wilber,AlexW@7rkd12.onmicrosoft.com,,,,,,,
Microsoft Team,BonnieTeam2,BonnieTeam2,Active,Active,Not on hold,https://7rkd12.sharepoint.com/sites/BonnieTeam2,4ba8ed9c-606a-403d-95e2-6b3e00cea42e,BonnieTeam2@7rkd12.onmicrosoft.com,Private,,Bonnie Test,BonnieTest@7rkd12.onmicrosoft.com,,,Bonnie Test,BonnieTest@7rkd12.onmicrosoft.com,,,,,Team site,1024,0.001,Existing external users,Off,Indexed,,,Claimed,2024-11-27 17:44:25,,2026-04-24 09:00:00,2027-04-24 09:00:00,2026-08-14 14:17:41,Renewal Overdue,Bonnie Test,BonnieTest@7rkd12.onmicrosoft.com,Teams Renewal,ADB wide (Team),Team Site Storage,,2025-11-01 17:54:31,,2026-11-01,2024-11-28 11:30:36,BonnieTest@7rkd12.onmicrosoft.com,Bonnie Test,Manually assigned,Yes,,,,,,,,,,,,,,CSD,,,,,,,,,,,,,,,,,,,,,Bonnie Test,BonnieTest@7rkd12.onmicrosoft.com,,,,,,,
Microsoft Team,BonnieTeam1,BonnieTeam1,Active,Active,Not on hold,https://7rkd12.sharepoint.com/sites/BonnieTeam1,520825a9-6d87-4ec2-b244-9c6edcefce7a,BonnieTeam1@7rkd12.onmicrosoft.com,Public,,Bonnie Test,BonnieTest@7rkd12.onmicrosoft.com,,,Bonnie Test,BonnieTest@7rkd12.onmicrosoft.com,,,,,Team site,1024,0.001,Existing external users,On,Indexed,,,Failed,2024-11-27 16:24:07,,2026-04-28 09:00:00,2027-04-28 09:00:00,2026-08-14 14:17:42,Renewal Overdue,Bonnie Test,BonnieTest@7rkd12.onmicrosoft.com,Teams Renewal,Known External Stakeholders (Teams),Team Site Storage,,2025-11-01 16:34:11,,2026-11-01,2024-11-28 11:25:28,BonnieTest@7rkd12.onmicrosoft.com,Bonnie Test,Manually assigned,Yes,,,,,,,,,,,,,,CSD,,,,,,,,,,,,,,,,,,,,,Bonnie Test,BonnieTest@7rkd12.onmicrosoft.com,,,,,,,
Site,SCD BonnisSC4,,Active,Active,Not on hold,https://7rkd12.sharepoint.com/sites/csd_000003,0e366282-2391-47b1-b395-88bf8280fc04,,,,Admin ADB,Admin@7rkd12.onmicrosoft.com,Adele Vance;Admin ADB;Alex Wilber;ITAdmin1;ITAdmin2,AdeleV@7rkd12.onmicrosoft.com;Admin@7rkd12.onmicrosoft.com;AlexW@7rkd12.onmicrosoft.com;,Bonnie Test,BonnieTest@7rkd12.onmicrosoft.com,,,CSD Hub Site,Asia-Pacific,Team site (no Microsoft 365 group),40,0.003,New and existing external users,,Indexed,,,Claimed,2024-11-27 13:57:58,,2025-11-24 09:00:00,2025-11-25 09:00:00,2026-07-28 22:34:17,Renewal Overdue,Bonnie Test,BonnieTest@7rkd12.onmicrosoft.com,CSD Site Renewal,ADB wide,ADB Department Site Storage,,2024-12-14 16:59:44,,2026-11-01,2024-11-29 18:07:21,BonnieTest@7rkd12.onmicrosoft.com,Bonnie Test,,Yes,,,,,,,,,,,,,,CSD,,,,,,,,,,,,,,,,,,,,,Bonnie Test,BonnieTest@7rkd12.onmicrosoft.com,,,,,,,
Site,SCDBonnieSC3,,Active,Active,Not on hold,https://7rkd12.sharepoint.com/sites/csd_000002,89b916b1-f373-488d-aba6-198bf582a49d,,,,Admin ADB,Admin@7rkd12.onmicrosoft.com,Admin ADB;Alex Wilber;Bonnie Test,Admin@7rkd12.onmicrosoft.com;AlexW@7rkd12.onmicrosoft.com;BonnieTest@7rkd12.onmicrosoft.com,Bonnie Test,BonnieTest@7rkd12.onmicrosoft.com,,,CSD Hub Site,Asia-Pacific,Communication site,40,0.003,New and existing external users,,Indexed,,,Claimed,2024-11-27 13:05:49,,2025-11-24 09:00:00,2025-11-25 09:00:00,2026-07-28 22:41:38,Renewal Overdue,Bonnie Test,BonnieTest@7rkd12.onmicrosoft.com,CSD Site Renewal,ADB wide,ADB Department Site Storage,,2025-01-15 17:37:14,,2026-11-01,,,,,Yes,,,,,,,,,,,,,,CSD,,,,,,,,,,,,,,,,,,,,,BonnieEndUser,BonnieEndUser@7rkd12.onmicrosoft.com,,,,,,,
Site,SCDBonnieSC2,,Locked,Locked,Not on hold,https://7rkd12.sharepoint.com/sites/csd_000001,f27a844f-e5d2-4609-9961-40d02076d022,,,,Admin ADB,Admin@7rkd12.onmicrosoft.com,Admin ADB,Admin@7rkd12.onmicrosoft.com,Bonnie Test,BonnieTest@7rkd12.onmicrosoft.com,BonnieEndUser,BonnieEndUser@7rkd12.onmicrosoft.com,CSD Hub Site,Asia-Pacific,Team site (no Microsoft 365 group),1024,0.001,Not Allowed,,Indexed,,,Failed,2024-11-27 12:10:55,,2026-06-12 09:00:00,2024-11-30 18:24:02,2026-07-29 22:20:06,Invalid,,,CSD Site Renewal,ADB wide,ADB Department Site Storage,,,,2026-11-01,2024-11-29 18:24:02,BonnieTest@7rkd12.onmicrosoft.com,Bonnie Test,,No,,,,,,,,,,,,,,CSD,,,,,,,,,,,,,,,,,,,,,,,,,,,,,
Site,SCDBonnie Test SC,,Active,Active,Not on hold,https://7rkd12.sharepoint.com/sites/csd_000000,b197f46c-ee26-4e79-8b1b-e5af2dfa1ad4,,,,Admin ADB,Admin@7rkd12.onmicrosoft.com,Admin ADB;Alex Wilber;Bonnie Test,Admin@7rkd12.onmicrosoft.com;AlexW@7rkd12.onmicrosoft.com;BonnieTest@7rkd12.onmicrosoft.com,Bonnie Test,BonnieTest@7rkd12.onmicrosoft.com,BonnieEndUser,BonnieEndUser@7rkd12.onmicrosoft.com,,Asia-Pacific,Team site (no Microsoft 365 group),40,0.002,New and existing external users,,Indexed,,,Claimed,2024-11-27 11:09:13,,2025-11-24 09:00:00,2025-11-25 09:00:00,2026-07-29 22:25:18,Renewal Overdue,Bonnie Test,BonnieTest@7rkd12.onmicrosoft.com,CSD Site Renewal,ADB wide,ADB Department Site Storage,,2024-11-30 18:23:29,,2026-11-01,2024-11-29 18:23:21,BonnieTest@7rkd12.onmicrosoft.com,Bonnie Test,,Yes,,,,,,,,,,,,,,CSD,,,,,,,,,,,,,,,,,,,,,,,,,,,,,
Site,grp_csd_sample,,Active,Active,Not on hold,https://7rkd12.sharepoint.com/teams/grp_csd_sample,0bde023d-1113-4fa0-beae-e599d973b402,,,,,,Alex Wilber;Leila Test;Savannah Test,AlexW@7rkd12.onmicrosoft.com;LeilaTest@7rkd12.onmicrosoft.com;Savannah@7rkd12.onmicrosoft.com,Admin ADB,Admin@7rkd12.onmicrosoft.com,Diego Siciliani,DiegoS@7rkd12.onmicrosoft.com,,Asia-Pacific,Team site (no Microsoft 365 group),40,0.012,Existing external users,,Indexed,,,Claimed,2024-11-21 14:50:06,,2026-04-21 09:00:00,2027-04-21 09:00:00,2026-07-29 22:19:50,In compliance,,,ADB Renewal,ADB - Allow External Sharing (SharePoint Site),ADB - SharePoint Site storage profile,,,,2026-11-01,2026-08-10 10:33:20,BonnieTest@7rkd12.onmicrosoft.com,Bonnie Test,,No,,,,,,,,,,,,,,,,,CGAdoption,EDRMS Project Site,,,,,,,,,,,,,,,,,Alex Wilber,AlexW@7rkd12.onmicrosoft.com,,,,,,,
Site,test2,test,Active,Active,Not on hold,https://7rkd12.sharepoint.com/teams/grp_csd_test2,f4887626-d09e-41b1-8338-77915264896e,,,,,,Alex Wilber;Leila Test;Mihal;Savannah Test,AlexW@7rkd12.onmicrosoft.com;LeilaTest@7rkd12.onmicrosoft.com;Mihal@7rkd12.onmicrosoft.com;Savannah@7rkd12.onmicrosoft.com,Admin ADB,Admin@7rkd12.onmicrosoft.com,Diego Siciliani,DiegoS@7rkd12.onmicrosoft.com,,Asia-Pacific,Team site (no Microsoft 365 group),40,0.010,Existing external users,,Indexed,,,Claimed,2024-11-20 22:41:17,,2026-06-11 09:00:00,2027-06-11 09:00:00,2026-07-29 20:33:56,In compliance,,,ADB Renewal,ADB - Allow External Sharing (SharePoint Site),ADB - SharePoint Site storage profile,,,,2026-11-01,2026-08-10 10:33:22,BonnieTest@7rkd12.onmicrosoft.com,Bonnie Test,,No,,,,,,,,,,,,,,,,,CGAdoption,EDRMS Project Site,,,,,,,,,,,,,,,,,Admin,Admin@7rkd12.onmicrosoft.com,,,,,,,
Site,PRJ_S_0101,for project 0101,Active,Active,Not on hold,https://7rkd12.sharepoint.com/sites/PRJ_S_0101,d020c5f8-a569-4d56-9264-c711bada62d8,,,2024-SP-AllowExt,Alex Wilber,AlexW@7rkd12.onmicrosoft.com,Alex Wilber,AlexW@7rkd12.onmicrosoft.com,Alex Wilber,AlexW@7rkd12.onmicrosoft.com,Admin ADB,Admin@7rkd12.onmicrosoft.com,,Asia-Pacific,Team site (no Microsoft 365 group),40,0.002,New and existing external users,,Not registered,,,Claimed,2024-11-19 16:59:22,2025-02-27 16:59:22,2026-07-23 09:00:00,2026-10-23 09:00:00,2026-07-29 22:30:56,In compliance,,,New-Site Collection Renewal,,,,,2026-02-03 17:09:29,,,,,,Yes,,,,,,,,Sovereign Operations Projects,,,,,,,,,,,,Yes,,,,,,,,,,,,Diego Siciliani,DiegoS@7rkd12.onmicrosoft.com,,,,,,,,,,
Site,PRJ_S_Example_NoExternal,,Active,Active,Not on hold,https://7rkd12.sharepoint.com/sites/PRJ_S_Example_NoExternal,aba2511e-60cf-4a12-a1a6-ba9fb113f570,,,2024-SP-Noexternal,Alex Wilber,AlexW@7rkd12.onmicrosoft.com,Alex Wilber,AlexW@7rkd12.onmicrosoft.com,Alex Wilber,AlexW@7rkd12.onmicrosoft.com,Admin ADB,Admin@7rkd12.onmicrosoft.com,,Asia-Pacific,Team site (no Microsoft 365 group),40,0.002,New and existing external users,,Indexed,,,Claimed,2024-11-18 21:54:35,2025-02-26 21:54:35,2025-03-28 15:05:12,2025-06-28 15:05:12,2026-07-28 22:29:39,Renewal Overdue,CITest110;CITest109;Admin ADB;Adele Vance;CITest11,;Admin@7rkd12.onmicrosoft.com;AdeleV@7rkd12.onmicrosoft.com,New-Site Collection Renewal,,,,2026-08-01 22:04:40,,2026-11-01,2025-03-28 15:08:29,Admin@7rkd12.onmicrosoft.com,Admin ADB,,Yes,,,,,,,,Sovereign Operations Projects,,,,,,,,,,,,No,,,,,,,,,,,,CITest95,CITest95@7rkd12.onmicrosoft.com,,,,,,,,,,
Site,PRJ_S_Example,,Active,Active,Not on hold,https://7rkd12.sharepoint.com/sites/PRJ_S_Example,c3a49ba9-867e-4ee2-b73f-3abe8efb70da,,,2024-SP-AllowExt,Alex Wilber,AlexW@7rkd12.onmicrosoft.com,Alex Wilber,AlexW@7rkd12.onmicrosoft.com,Alex Wilber,AlexW@7rkd12.onmicrosoft.com,Admin ADB,Admin@7rkd12.onmicrosoft.com,,Asia-Pacific,Team site (no Microsoft 365 group),40,0.002,New and existing external users,,Indexed,,,Claimed,2024-11-18 21:54:04,2025-02-26 21:54:04,2025-03-28 15:05:39,2025-06-28 15:05:39,2026-07-29 22:20:12,Renewal Overdue,Admin ADB;CITest11;CITest109;CITest110;Adele Vance,Admin@7rkd12.onmicrosoft.com;;AdeleV@7rkd12.onmicrosoft.com,New-Site Collection Renewal,,,,2026-08-01 22:04:11,,2026-11-01,,,,,Yes,,,,,,,,Sovereign Operations Projects,,,,,,,,,,,,Yes,,,,,,,,,,,,Adele Vance,AdeleV@7rkd12.onmicrosoft.com,,,,,,,,,,
Site,PRJ_N_Example,,Active,Active,Not on hold,https://7rkd12.sharepoint.com/sites/PRJ_N_Example,dd73b6f7-2a39-4533-970c-aff55d7bf85d,,,2024-NP-Allowexternal,Alex Wilber,AlexW@7rkd12.onmicrosoft.com,Alex Wilber,AlexW@7rkd12.onmicrosoft.com,Alex Wilber,AlexW@7rkd12.onmicrosoft.com,Admin ADB,Admin@7rkd12.onmicrosoft.com,,Asia-Pacific,Team site (no Microsoft 365 group),40,0.002,New and existing external users,,Indexed,,,Claimed,2024-11-18 21:53:09,2025-02-26 21:53:09,2025-03-28 15:05:43,2025-06-28 15:05:43,2026-07-28 22:31:50,Renewal Overdue,CITest110;Admin ADB;CITest109;Adele Vance;CITest11,;Admin@7rkd12.onmicrosoft.com;AdeleV@7rkd12.onmicrosoft.com,New-Site Collection Renewal,,,,2026-08-01 22:03:14,,2026-11-01,,,,,Yes,,,,,,,,Nonsovereign Operations Projects,,,,,,,,,,,,Yes,,,,,,,,,,,,Allen,allen@7rkd12.onmicrosoft.com,,,,,,,,,,
Site,PRJ_N_Example_NoExternal,,Active,Active,Not on hold,https://7rkd12.sharepoint.com/sites/PRJ_N_Example_NoExternal,fb8c2879-8a07-4c0c-bca6-a4122d2a7be0,,,2024-NP-Noexternal,Alex Wilber,AlexW@7rkd12.onmicrosoft.com,Alex Wilber,AlexW@7rkd12.onmicrosoft.com,Alex Wilber,AlexW@7rkd12.onmicrosoft.com,Admin ADB,Admin@7rkd12.onmicrosoft.com,,Asia-Pacific,Team site (no Microsoft 365 group),40,0.002,New and existing external users,,Indexed,,,Claimed,2024-11-18 21:52:04,2025-02-26 21:52:04,2025-03-28 15:05:48,2025-06-28 15:05:48,2026-07-28 22:31:57,Renewal Overdue,CITest110;Adele Vance;CITest109;CITest11;Admin ADB,;AdeleV@7rkd12.onmicrosoft.com;Admin@7rkd12.onmicrosoft.com,New-Site Collection Renewal,,,,2026-08-01 22:02:08,,2026-11-01,,,,,Yes,,,,,,,,Nonsovereign Operations Projects,,,,,,,,,,,,No,,,,,,,,,,,,Admin,Admin@7rkd12.onmicrosoft.com,,,,,,,,,,
Site,PRJ_N_Sample,,Active,Active,Not on hold,https://7rkd12.sharepoint.com/sites/PRJ_N_Sample,375b2f47-21d5-4134-99ae-e7f4119066d3,,,2024-NP-Allowexternal,Alex Wilber,AlexW@7rkd12.onmicrosoft.com,Alex Wilber,AlexW@7rkd12.onmicrosoft.com,Alex Wilber,AlexW@7rkd12.onmicrosoft.com,Admin ADB,Admin@7rkd12.onmicrosoft.com,,Asia-Pacific,Team site (no Microsoft 365 group),40,0.002,New and existing external users,,Indexed,,,Claimed,2024-11-18 21:33:44,2025-02-26 21:33:44,2025-03-28 15:05:50,2025-06-28 15:05:50,2026-07-29 22:23:12,Renewal Overdue,Adele Vance;Admin ADB;CITest110;CITest11;CITest109,AdeleV@7rkd12.onmicrosoft.com;Admin@7rkd12.onmicrosoft.com;,New-Site Collection Renewal,,,,2026-08-01 21:43:48,,2026-11-01,,,,,Yes,,,,,,,,Nonsovereign Operations Projects,,,,,,,,,,,,Yes,,,,,,,,,,,,Allen,allen@7rkd12.onmicrosoft.com,,,,,,,,,,
Site,PRJ_N_04,,Active,Active,Not on hold,https://7rkd12.sharepoint.com/sites/PRJ_N_04,f0d59a98-8918-4c59-95f8-b2fafb9e6ce0,,,2024-NP-Noexternal,Alex Wilber,AlexW@7rkd12.onmicrosoft.com,Alex Wilber,AlexW@7rkd12.onmicrosoft.com,Alex Wilber,AlexW@7rkd12.onmicrosoft.com,Admin ADB,Admin@7rkd12.onmicrosoft.com,,Asia-Pacific,Team site (no Microsoft 365 group),40,0.002,New and existing external users,,Indexed,,,Claimed,2024-11-18 21:22:59,2025-02-26 21:22:59,2025-03-28 15:07:10,2025-06-28 15:07:10,2026-07-28 22:31:45,Renewal Overdue,Adele Vance;CITest109;Admin ADB;CITest11;CITest110,AdeleV@7rkd12.onmicrosoft.com;;Admin@7rkd12.onmicrosoft.com,New-Site Collection Renewal,,,,2026-08-01 21:33:02,,2026-11-01,,,,,Yes,,,,,,,,Nonsovereign Operations Projects,,,,,,,,,,,,No,,,,,,,,,,,,Adele Vance,AdeleV@7rkd12.onmicrosoft.com,,,,,,,,,,
Site,PRJ_S_03,,Active,Active,Not on hold,https://7rkd12.sharepoint.com/sites/PRJ_S_03,f12ec1b8-0aa6-4b37-97be-616332bf6df6,,,2024-SP-Noexternal,Alex Wilber,AlexW@7rkd12.onmicrosoft.com,Alex Wilber,AlexW@7rkd12.onmicrosoft.com,Alex Wilber,AlexW@7rkd12.onmicrosoft.com,Admin ADB,Admin@7rkd12.onmicrosoft.com,,Asia-Pacific,Team site (no Microsoft 365 group),40,0.002,New and existing external users,,Indexed,,,Claimed,2024-11-18 21:05:24,2025-02-26 21:05:24,2025-03-28 15:06:38,2025-06-28 15:06:38,2026-07-28 22:34:37,Renewal Overdue,CITest110;CITest109;Adele Vance;Admin ADB;CITest11,;AdeleV@7rkd12.onmicrosoft.com;Admin@7rkd12.onmicrosoft.com,New-Site Collection Renewal,,,,2026-08-01 21:15:27,,2026-11-01,,,,,Yes,,,,,,,,Sovereign Operations Projects,,,,,,,,,,,,No,,,,,,,,,,,,Adele Vance,AdeleV@7rkd12.onmicrosoft.com,,,,,,,,,,
Site,PRJ_N_03,,Active,Active,Not on hold,https://7rkd12.sharepoint.com/sites/PRJ_N_03,bf9e8676-3fbe-4312-840f-fcb8808178dd,,,2024-NP-Allowexternal,Alex Wilber,AlexW@7rkd12.onmicrosoft.com,Alex Wilber,AlexW@7rkd12.onmicrosoft.com,Alex Wilber,AlexW@7rkd12.onmicrosoft.com,Admin ADB,Admin@7rkd12.onmicrosoft.com,,Asia-Pacific,Team site (no Microsoft 365 group),40,0.002,New and existing external users,,Indexed,,,Claimed,2024-11-18 20:45:05,2025-02-26 20:45:05,2025-03-28 15:06:46,2025-06-28 15:06:46,2026-07-29 22:19:46,Renewal Overdue,Admin ADB;Adele Vance;CITest109;CITest110;CITest11,Admin@7rkd12.onmicrosoft.com;AdeleV@7rkd12.onmicrosoft.com;,New-Site Collection Renewal,,,,2026-08-01 20:55:08,,2026-11-01,,,,,Yes,,,,,,,,Nonsovereign Operations Projects,,,,,,,,,,,,Yes,,,,,,,,,,,,Admin,Admin@7rkd12.onmicrosoft.com,,,,,,,,,,
Site,PRJ_N_01,,Active,Active,Not on hold,https://7rkd12.sharepoint.com/sites/PRJ_N_01,6fcdb967-5377-4dac-b9ae-5c0e7a67f256,,,2024-NP-Allowexternal,Alex Wilber,AlexW@7rkd12.onmicrosoft.com,Adele Vance;Alex Wilber,AdeleV@7rkd12.onmicrosoft.com;AlexW@7rkd12.onmicrosoft.com,Alex Wilber,AlexW@7rkd12.onmicrosoft.com,Admin ADB,Admin@7rkd12.onmicrosoft.com,,Asia-Pacific,Team site (no Microsoft 365 group),40,0.002,Anyone,,Indexed,,,Claimed,2024-11-18 20:30:36,2025-02-26 20:30:36,2025-03-28 15:07:24,2025-06-28 15:07:24,2026-07-28 22:34:40,Renewal Overdue,Admin ADB;CITest11;Adele Vance;CITest110;CITest109,Admin@7rkd12.onmicrosoft.com;;AdeleV@7rkd12.onmicrosoft.com,New-Site Collection Renewal,,,,2026-08-01 20:40:38,,2026-11-01,,,,,Yes,,,,,,,,Nonsovereign Operations Projects,,,,,,,,,,,,Yes,,,,,,,,,,,,Diego Siciliani,DiegoS@7rkd12.onmicrosoft.com,,,,,,,,,,
Site,PRJ_N_02,,Active,Active,Not on hold,https://7rkd12.sharepoint.com/sites/PRJ_N_02,6b9b3ea7-03cb-424a-80e4-fe62b86103b3,,,2024-NP-Noexternal,Alex Wilber,AlexW@7rkd12.onmicrosoft.com,Adele Vance;Alex Wilber,AdeleV@7rkd12.onmicrosoft.com;AlexW@7rkd12.onmicrosoft.com,Alex Wilber,AlexW@7rkd12.onmicrosoft.com,Admin ADB,Admin@7rkd12.onmicrosoft.com,,Asia-Pacific,Team site (no Microsoft 365 group),40,0.002,Anyone,,Indexed,,,Claimed,2024-11-18 20:29:27,2025-02-26 20:29:27,2025-11-27 09:00:00,2026-02-27 09:00:00,2026-07-29 22:19:40,Renewal Overdue,CITest109;CITest110;CITest11;Admin ADB;Adele Vance,;Admin@7rkd12.onmicrosoft.com;AdeleV@7rkd12.onmicrosoft.com,New-Site Collection Renewal,,,,2026-08-01 20:39:29,,2026-11-01,,,,,Yes,,,,,,,,Nonsovereign Operations Projects,,,,,,,,,,,,No,,,,,,,,,,,,Admin,Admin@7rkd12.onmicrosoft.com,,,,,,,,,,
Site,PRJ_S_02,,Active,Active,Not on hold,https://7rkd12.sharepoint.com/sites/PRJ_S_02,ab5bc0d8-9ebd-4d07-ae7a-4aae63346a63,,,2024-SP-Noexternal,Admin ADB,Admin@7rkd12.onmicrosoft.com,ADBDRM Test05;Admin ADB,ADBDRMTest05@7rkd12.onmicrosoft.com;Admin@7rkd12.onmicrosoft.com,Alex Wilber,AlexW@7rkd12.onmicrosoft.com,Admin ADB,Admin@7rkd12.onmicrosoft.com,,Asia-Pacific,Team site (no Microsoft 365 group),40,0.004,New and existing external users,,Not registered,,,Claimed,2024-11-18 20:28:02,2025-02-26 20:28:02,2026-07-07 17:59:35,2026-10-07 17:59:35,2026-07-28 22:36:54,In compliance,,,New-Site Collection Renewal,,,,,,,,,,,Yes,,,,,,,,Sovereign Operations Projects,,,,,,,,,,,,No,,,,,,,,,,,,Admin,Admin@7rkd12.onmicrosoft.com,,,,,,,,,,
Site,PRJ_S_01,,Active,Active,Not on hold,https://7rkd12.sharepoint.com/sites/PRJ_S_01,ac3ffcc0-f5cd-43a7-bf8a-1bc17cfa4c91,,,2024-SP-AllowExt,Alex Wilber,AlexW@7rkd12.onmicrosoft.com,Alex Wilber,AlexW@7rkd12.onmicrosoft.com,Alex Wilber,AlexW@7rkd12.onmicrosoft.com,Admin ADB,Admin@7rkd12.onmicrosoft.com,CDL360,Asia-Pacific,Team site (no Microsoft 365 group),40,0.002,New and existing external users,,Indexed,,,Claimed,2024-11-18 20:27:19,2025-02-26 20:27:19,2025-03-28 15:07:02,2025-06-28 15:07:02,2026-07-29 18:40:47,Renewal Overdue,CITest110;Admin ADB;Adele Vance;CITest11;CITest109,;Admin@7rkd12.onmicrosoft.com;AdeleV@7rkd12.onmicrosoft.com,New-Site Collection Renewal,,,,2026-08-01 20:37:21,,2026-11-01,,,,,Yes,,,,,,,,Sovereign Operations Projects,,,,,,,,,,,,Yes,,,,,,,,,,,,Diego Siciliani,DiegoS@7rkd12.onmicrosoft.com,,,,,,,,,,
Site,PRJ_S_10,test,Active,Active,Not on hold,https://7rkd12.sharepoint.com/sites/PRJ_S_10,9e0f18cf-cee2-4499-ba8c-edc866d6a120,,,2024-SP-AllowExt,Admin ADB,Admin@7rkd12.onmicrosoft.com,Admin ADB,Admin@7rkd12.onmicrosoft.com,Alex Wilber,AlexW@7rkd12.onmicrosoft.com,Admin ADB,Admin@7rkd12.onmicrosoft.com,,Asia-Pacific,Team site (no Microsoft 365 group),40,0.002,New and existing external users,,Not registered,,,Claimed,2024-11-18 14:34:50,2025-02-26 14:34:50,2026-05-08 09:00:00,2026-08-08 09:00:00,2026-07-29 22:23:01,In compliance,,,New-Site Collection Renewal,,,,,2026-02-03 14:44:58,,,,,,Yes,,,,,,,,Sovereign Operations Projects,,,,,,,,,,,,Yes,,,,,,,,,,,,,,,,,,,,,,,
Site,PRJ_S_8,,Active,Active,Not on hold,https://7rkd12.sharepoint.com/sites/PRJ_S_8,1c55e3c2-d92a-4773-9a47-f788df876dcc,,,2024-SP-AllowExt,Alex Wilber,AlexW@7rkd12.onmicrosoft.com,Alex Wilber,AlexW@7rkd12.onmicrosoft.com,Alex Wilber,AlexW@7rkd12.onmicrosoft.com,Admin ADB,Admin@7rkd12.onmicrosoft.com,,Asia-Pacific,Team site (no Microsoft 365 group),40,0.002,New and existing external users,,Indexed,,,Claimed,2024-11-17 21:26:11,2025-02-25 21:26:11,2025-03-28 15:06:02,2025-06-28 15:06:02,2026-07-29 22:22:50,Renewal Overdue,CITest11;Admin ADB;Adele Vance;CITest110;CITest109,;Admin@7rkd12.onmicrosoft.com;AdeleV@7rkd12.onmicrosoft.com,New-Site Collection Renewal,,,,2026-08-01 21:36:14,,2026-11-01,,,,,Yes,,,,,,,,Sovereign Operations Projects,,,,,,,,,,,,Yes,,,,,,,,,,,,,,,,,,,,,,,
Site,PRJ_N_8,,Active,Active,Not on hold,https://7rkd12.sharepoint.com/sites/PRJ_N_8,b4c16dc0-4cd0-4ad2-b728-f6989e36d8ff,,,2024-NP-Noexternal,Alex Wilber,AlexW@7rkd12.onmicrosoft.com,Alex Wilber,AlexW@7rkd12.onmicrosoft.com,Alex Wilber,AlexW@7rkd12.onmicrosoft.com,Admin ADB,Admin@7rkd12.onmicrosoft.com,,Asia-Pacific,Team site (no Microsoft 365 group),40,0.002,New and existing external users,,Indexed,,,Claimed,2024-11-17 21:25:23,2025-02-25 21:25:23,2025-03-28 15:07:16,2025-06-28 15:07:16,2026-07-29 22:22:53,Renewal Overdue,Adele Vance;Admin ADB;CITest11;CITest109;CITest110,AdeleV@7rkd12.onmicrosoft.com;Admin@7rkd12.onmicrosoft.com;,New-Site Collection Renewal,,,,2026-08-01 21:35:26,,2026-11-01,,,,,Yes,,,,,,,,Nonsovereign Operations Projects,,,,,,,,,,,,No,,,,,,,,,,,,,,,,,,,,,,,
Site,PRJ_N_7,,Active,Active,Not on hold,https://7rkd12.sharepoint.com/sites/PRJ_N_7,390681d4-c809-497b-9a03-a44b3b938c96,,,2024-NP-Noexternal,Alex Wilber,AlexW@7rkd12.onmicrosoft.com,Alex Wilber,AlexW@7rkd12.onmicrosoft.com,Alex Wilber,AlexW@7rkd12.onmicrosoft.com,Admin ADB,Admin@7rkd12.onmicrosoft.com,,Asia-Pacific,Team site (no Microsoft 365 group),40,0.002,New and existing external users,,Not registered,,,Claimed,2024-11-17 21:11:21,2025-02-25 21:11:21,2025-03-28 15:07:32,2025-06-28 15:07:32,2026-07-28 22:31:56,In compliance,,,New-Site Collection Renewal,,,,,,,,,,,Yes,,,,,,,,Nonsovereign Operations Projects,,,,,,,,,,,,No,,,,,,,,,,,,,,,,,,,,,,,
Site,PRJ_N_6,,Active,Active,Not on hold,https://7rkd12.sharepoint.com/sites/PRJ_N_6,d5057cba-b3c6-493d-a8ef-6510b43a5a5b,,,2024-NP-Allowexternal,Alex Wilber,AlexW@7rkd12.onmicrosoft.com,Alex Wilber,AlexW@7rkd12.onmicrosoft.com,Alex Wilber,AlexW@7rkd12.onmicrosoft.com,Admin ADB,Admin@7rkd12.onmicrosoft.com,,Asia-Pacific,Team site (no Microsoft 365 group),40,0.002,New and existing external users,,Indexed,,,Claimed,2024-11-17 21:10:44,2025-02-25 21:10:44,2025-03-28 15:06:06,2025-06-28 15:06:06,2026-07-28 22:34:34,Renewal Overdue,Adele Vance;CITest110;CITest109;Admin ADB;CITest11,AdeleV@7rkd12.onmicrosoft.com;;Admin@7rkd12.onmicrosoft.com,New-Site Collection Renewal,,,,2026-08-01 21:20:47,,2026-11-01,,,,,Yes,,,,,,,,Nonsovereign Operations Projects,,,,,,,,,,,,Yes,,,,,,,,,,,,,,,,,,,,,,,
Site,PRJ_S_5,Allow external,Active,Active,Not on hold,https://7rkd12.sharepoint.com/sites/PRJ_S_5,82597536-61e9-4fa8-be8b-92cd8374b959,,,2024-SP-AllowExt,Alex Wilber,AlexW@7rkd12.onmicrosoft.com,Alex Wilber,AlexW@7rkd12.onmicrosoft.com,Alex Wilber,AlexW@7rkd12.onmicrosoft.com,Admin ADB,Admin@7rkd12.onmicrosoft.com,,Asia-Pacific,Team site (no Microsoft 365 group),40,0.002,New and existing external users,,Not registered,,,Claimed,2024-11-17 21:08:42,2025-02-25 21:08:42,2025-03-28 15:07:38,2025-06-28 15:07:38,2026-07-28 22:32:06,In compliance,,,New-Site Collection Renewal,,,,,,,,,,,Yes,,,,,,,,Sovereign Operations Projects,,,,,,,,,,,,Yes,,,,,,,,,,,,,,,,,,,,,,,
Site,PRJ_S_4,TEST,Active,Active,Not on hold,https://7rkd12.sharepoint.com/sites/PRJ_S_4,3b77574e-79bf-4efd-a74b-58a0e0d455c6,,,2024-SP-Noexternal,Alex Wilber,AlexW@7rkd12.onmicrosoft.com,Alex Wilber,AlexW@7rkd12.onmicrosoft.com,Alex Wilber,AlexW@7rkd12.onmicrosoft.com,Admin ADB,Admin@7rkd12.onmicrosoft.com,,Asia-Pacific,Team site (no Microsoft 365 group),40,0.003,New and existing external users,,Indexed,,,Claimed,2024-11-17 20:30:41,2025-02-25 20:30:41,2025-03-28 15:07:20,2025-06-28 15:07:20,2026-07-28 22:34:43,Renewal Overdue,Admin ADB;CITest110;CITest11;Adele Vance;CITest109,Admin@7rkd12.onmicrosoft.com;;AdeleV@7rkd12.onmicrosoft.com,New-Site Collection Renewal,,,,2026-08-01 20:40:44,,2026-11-01,,,,,Yes,,,,,,,,Sovereign Operations Projects,,,,,,,,,,,,No,,,,,,,,,,,,,,,,,,,,,,,
Site,PRJ_S_3,allow external,Active,Active,Not on hold,https://7rkd12.sharepoint.com/sites/PRJ_S_3,258067e1-da97-43ce-8b01-dabf7b7678fe,,,2024-SP-AllowExt,Alex Wilber,AlexW@7rkd12.onmicrosoft.com,Alex Wilber,AlexW@7rkd12.onmicrosoft.com,Alex Wilber,AlexW@7rkd12.onmicrosoft.com,Admin ADB,Admin@7rkd12.onmicrosoft.com,,Asia-Pacific,Team site (no Microsoft 365 group),40,0.002,New and existing external users,,Indexed,,,Claimed,2024-11-17 19:43:46,2025-02-25 19:43:46,2025-03-28 15:07:42,2025-06-28 15:07:42,2026-07-29 22:25:50,Renewal Overdue,Admin ADB;CITest11;CITest109;CITest110;Adele Vance,Admin@7rkd12.onmicrosoft.com;;AdeleV@7rkd12.onmicrosoft.com,New-Site Collection Renewal,,,,2026-08-01 19:53:50,,2026-11-01,,,,,Yes,,,,,,,,Sovereign Operations Projects,,,,,,,,,,,,Yes,,,,,,,,,,,,,,,,,,,,,,,
Site,HR_Dubai,HR site for city Dubai,Active,Active,Not on hold,https://7rkd12.sharepoint.com/sites/HR_Dubai,6a14acf2-72bd-4584-ad41-d6aa9f4b9e51,,,2024-NP-Allowexternal,Alex Wilber,AlexW@7rkd12.onmicrosoft.com,Admin ADB;Alex Wilber;Bonnie Test,Admin@7rkd12.onmicrosoft.com;AlexW@7rkd12.onmicrosoft.com;BonnieTest@7rkd12.onmicrosoft.com,Alex Wilber,AlexW@7rkd12.onmicrosoft.com,Admin ADB,Admin@7rkd12.onmicrosoft.com,,Asia-Pacific,Team site (classic experience),40,0.021,New and existing external users,,Indexed,,,Claimed,2024-10-03 19:40:11,,2026-06-26 09:00:00,2026-09-26 09:00:00,2026-07-29 22:26:03,Renewal Overdue,Admin ADB;CITest110;Adele Vance;CITest109;CITest11,Admin@7rkd12.onmicrosoft.com;;AdeleV@7rkd12.onmicrosoft.com,New-Site Collection Renewal,,,,2026-07-01 19:50:14,,2026-10-01,,,,,Yes,,,,,,,,,,,,,,,,,CGAdoption,,,,,,,,,,,,,,,,,,,,,,,,,,
Site,HR_Beijing,HR site for Beijing office,Active,Active,Not on hold,https://7rkd12.sharepoint.com/sites/HR_Beijing,0fc4e75b-ee22-4062-ba3b-446597634d80,,,2024-NP-Allowexternal,Alex Wilber,AlexW@7rkd12.onmicrosoft.com,Adele Vance;Alex Wilber,AdeleV@7rkd12.onmicrosoft.com;AlexW@7rkd12.onmicrosoft.com,Alex Wilber,AlexW@7rkd12.onmicrosoft.com,Admin ADB,Admin@7rkd12.onmicrosoft.com,HR_Beijing(Hub Site),Asia-Pacific,Document Center,40,0.008,New and existing external users,,Indexed,,,Claimed,2024-07-04 11:43:20,,2026-06-11 09:00:00,2026-09-11 09:00:00,2026-07-28 22:36:57,Renewal Overdue,CITest110;Adele Vance;CITest11;CITest109;Admin ADB,;AdeleV@7rkd12.onmicrosoft.com;Admin@7rkd12.onmicrosoft.com,New-Site Collection Renewal,,,,2026-07-01 11:53:22,,2026-10-01,2024-10-04 16:31:33,AlexW@7rkd12.onmicrosoft.com,Alex Wilber,,Yes,,,,,,,,,,,,,,,,,CGAdoption,,,,,,,,,,,,,,,,,,,,,,,,,,
Site,HR_Singapore,"This is the personal space of Doris Han. You can use this space to create lists, document libraries to store, organize, and share information with others.",Active,Active,Not on hold,https://7rkd12.sharepoint.com/sites/HR_Singapore,5fddd02f-0529-458c-9dca-fc856373a1dd,,,2024-NP-Allowexternal,Admin ADB,Admin@7rkd12.onmicrosoft.com,Adele Vance;Admin ADB;Alex Wilber;Lynne Robbins,AdeleV@7rkd12.onmicrosoft.com;Admin@7rkd12.onmicrosoft.com;AlexW@7rkd12.onmicrosoft.com;LynneR@7rkd12.onmicrosoft.com,Admin ADB,Admin@7rkd12.onmicrosoft.com,,,,Asia-Pacific,Document Center,40,0.006,Anyone,,Not registered,,,Unclaimed,2024-07-04 11:43:20,,2026-06-11 09:00:00,2026-09-11 09:00:00,2026-07-29 22:22:33,In compliance,,,New-Site Collection Renewal,,,,,,,,,,,No,,,,,,,,,,,,,,,,,CGAdoption,,,,,,,,,,,,,,,,,,,,,,,,,,
Site,HR_HongKong,HR site for new office in Hongkong,Active,Active,Not on hold,https://7rkd12.sharepoint.com/sites/HR_HongKong,99a285c0-001f-4503-b8f8-e568f3f05552,,,2024-NP-Allowexternal,Admin ADB,Admin@7rkd12.onmicrosoft.com,Adele Vance;Admin ADB;Alex Wilber;Bonnie Test;Leila Test,AdeleV@7rkd12.onmicrosoft.com;Admin@7rkd12.onmicrosoft.com;AlexW@7rkd12.onmicrosoft.com;BonnieTest@7rkd12.onmicrosoft.com;LeilaTest@7rkd12.onmicrosoft.com,Admin ADB,Admin@7rkd12.onmicrosoft.com,,,,Asia-Pacific,Document Center,40,0.008,New and existing external users,,Indexed,,,Unclaimed,2024-07-04 11:43:10,,2026-06-11 09:00:00,2026-09-11 09:00:00,2026-07-29 22:25:19,Renewal Overdue,CITest109;CITest11;Admin ADB;Adele Vance;CITest110,;Admin@7rkd12.onmicrosoft.com;AdeleV@7rkd12.onmicrosoft.com,New-Site Collection Renewal,,,,2026-07-01 11:53:12,,2026-10-01,,,,,Yes,,,,,,,,,,,,,,,,,CGAdoption,,,,,,,,,,,,,,,,,,,,,,,,,,
Site,HR_Shanghai,HR site for new Shanghai office,Active,Active,Not on hold,https://7rkd12.sharepoint.com/sites/HR_Shanghai,18da3199-2dc8-4c87-934f-1536078bc9b6,,,2024-NP-Allowexternal,Alex Wilber,AlexW@7rkd12.onmicrosoft.com,Adele Vance;Alex Wilber;Bonnie Test;Leila Test,AdeleV@7rkd12.onmicrosoft.com;AlexW@7rkd12.onmicrosoft.com;BonnieTest@7rkd12.onmicrosoft.com;LeilaTest@7rkd12.onmicrosoft.com,Admin ADB,Admin@7rkd12.onmicrosoft.com,Adele Vance,AdeleV@7rkd12.onmicrosoft.com,,Asia-Pacific,Document Center,40,0.005,New and existing external users,,Indexed,,,Unclaimed,2024-07-04 11:43:10,,2026-06-11 09:00:00,2026-09-11 09:00:00,2026-07-28 22:41:42,Renewal Overdue,CITest110;CITest109;Adele Vance;Admin ADB;CITest11,;AdeleV@7rkd12.onmicrosoft.com;Admin@7rkd12.onmicrosoft.com,New-Site Collection Renewal,,,,2026-07-01 11:53:16,,2026-10-01,2024-10-04 16:23:43,AlexW@7rkd12.onmicrosoft.com,Alex Wilber,,Yes,,,,,,,,,,,,,,,,,CGAdoption,,,,,,,,,,,,,,,,,,,,,,,,,,
Site,Documents,"This is the personal space of MOD Administrator. You can use this space to create lists, document libraries to store, organize, and share information with others.",Active,Active,Not on hold,https://7rkd12.sharepoint.com/sites/Documents,8eca0cd1-6e94-4309-830c-3124888e62b5,,,2024-NP-Allowexternal,Admin ADB,Admin@7rkd12.onmicrosoft.com,Adele Vance;Admin ADB;Joni Sherman,AdeleV@7rkd12.onmicrosoft.com;Admin@7rkd12.onmicrosoft.com;JoniS@7rkd12.onmicrosoft.com,Admin ADB,Admin@7rkd12.onmicrosoft.com,Joni Sherman,JoniS@7rkd12.onmicrosoft.com,,Asia-Pacific,Document Center,40,0.284,New and existing external users,,Indexed,,,Unclaimed,2024-07-04 11:42:46,,2026-07-01 17:50:49,2026-10-01 17:50:49,2026-07-29 01:34:03,In compliance,,,New-Site Collection Renewal,,,,,,,2024-10-18 15:15:47,AlexW@7rkd12.onmicrosoft.com,Alex Wilber,,No,,,,,,,,,,,,,,,,,,,,,,,,,,,,,,,,,,,,,,,,,,,
Site,Project B,,Active,Active,Not on hold,https://7rkd12.sharepoint.com/sites/ProjectB,85ebe6aa-57a3-4eb0-b415-9c2dfdc3b079,,,2024-NP-Allowexternal,Admin ADB,Admin@7rkd12.onmicrosoft.com,Admin ADB,Admin@7rkd12.onmicrosoft.com,Admin ADB,Admin@7rkd12.onmicrosoft.com,,,,Asia-Pacific,Team site (no Microsoft 365 group),40,0.002,New and existing external users,,Indexed,,,Unclaimed,2024-07-04 11:42:21,,2026-07-23 09:00:00,2026-10-23 09:00:00,2026-07-29 01:27:24,Renewal Overdue,CITest110;Admin ADB;CITest11;CITest109;Adele Vance,;Admin@7rkd12.onmicrosoft.com;AdeleV@7rkd12.onmicrosoft.com,New-Site Collection Renewal,,,,2026-07-01 11:52:25,,2026-10-01,,,,,Yes,,,,,,,,,,,,,,,,,,,,,,,,,,,,,,,,,,,,,,,,,,,
Site,Project A,,Active,Active,Not on hold,https://7rkd12.sharepoint.com/sites/ProjectA,dc564c33-2cfe-4feb-b328-459d86b9db07,,,2024-NP-Allowexternal,Admin ADB,Admin@7rkd12.onmicrosoft.com,Admin ADB,Admin@7rkd12.onmicrosoft.com,Admin ADB,Admin@7rkd12.onmicrosoft.com,,,,Asia-Pacific,Team site (no Microsoft 365 group),40,0.024,New and existing external users,,Indexed,,,Unclaimed,2024-07-04 11:42:21,,2026-07-23 09:00:00,2026-10-23 09:00:00,2026-07-29 01:33:52,Renewal Overdue,CITest109;CITest11;Admin ADB;Adele Vance;CITest110,;Admin@7rkd12.onmicrosoft.com;AdeleV@7rkd12.onmicrosoft.com,New-Site Collection Renewal,,,,2026-07-01 11:52:25,,2026-10-01,,,,,Yes,,,,,,,,,,,,,,,,,,,,,,,,,,,,,,,,,,,,,,,,,,,
